:020000040000FA
:1000000048530020D9220000D9800000C5220000FA
:10001000C5220000C5220000C5220000C522000044
:100020000000000000000000000000003D2400006F
:10003000C522000000000000A9230000C522000026
:1000400051260000512600005126000051260000D4
:1000500051260000512600005126000051260000C4
:1000600051260000512600005126000051260000B4
:1000700051260000512600005126000051260000A4
:100080005126000051260000512600005126000094
:100090005126000051260000512600005126000084
:1000A0005126000051260000512600005126000074
:1000B0005126000051260000512600005126000064
:1000C0005126000051260000512600005126000054
:1000D0005126000051260000512600005126000044
:1000E0005126000051260000512600005126000034
:1000F0005126000051260000512600005126000024
:100100005126000051260000512600005126000013
:100110005126000051260000512600005126000003
:1001200051260000512600005126000051260000F3
:1001300051260000512600005126000051260000E3
:100140005126000053B94AB9002908BF00281CBF36
:100150004FF0FF314FF0FF3000F00CB8ADF1080C5C
:100160006DE904CE00F008F8DDF804E0DDE90223D3
:1001700004B07047704700BF2DE9F04786468C46B3
:100180000846089E154674461946002B40F0C1806B
:100190008542B2FA82F245D94AB1C2F1200300FA8F
:1001A00002FC954094402EFA03F343EA0C0C4FEA0C
:1001B000154EA8B2230CBCFBFEF80EFB18CC08FBB6
:1001C00000F943EA0C43994528D9EB1808F1FF37A9
:1001D00004D2994502D9A8F102072B44A3EB0903E5
:1001E000A4B2B3FBFEFC0EFB1C330CFB00F044EA94
:1001F0000344A04214D92C190CF1FF3304D2A042BD
:1002000002D9ACF102032C44241A43EA07401EB180
:10021000D440002334607360BDE8F0874746DDE7D3
:100220006346F1E792BB431B01214FEA154EAFB283
:10023000200CB3FBFEFC0EFB1C330CFB07F840EA62
:100240000343984561D9EB180CF1FF3004D298456F
:1002500002D9ACF102002B44A3EB0803A4B2B3FB18
:10026000FEFC0EFB1C330CFB07F744EA0344A742D9
:100270004DD92C190CF1FF3304D2A74202D9ACF1AD
:1002800002032C44E41B43EA0040C0E7C2F1200310
:100290009540944020FA03F12EFA03F34FEA154EED
:1002A0009040AFB20343B1FBFEFC0EFB1C10190CD7
:1002B0000CFB07F841EA0041884522D969180CF186
:1002C000FF3004D2884502D9ACF102002944A1EBE9
:1002D00008019BB2B1FBFEFC0EFB1C110CFB07F7E7
:1002E00043EA01439F420ED9EB180CF1FF3104D2CF
:1002F0009F4202D9ACF102012B44DB1B41EA0041D1
:1003000093E76046E3E76146F7E76046A4E76346A4
:10031000B8E7834206D916B9002108467CE7C6E94A
:1003200000E0F9E7B3FA83F78FB9834201D372454E
:1003300008D8BEEB020460EB030301209C461EB903
:10034000002169E73846FAE7C6E9004CF8E7C7F14B
:10035000200CBB400EFA07F522FA0CF42EFA0CF131
:10036000BA401C4320FA0CF3B8404FEA1449014349
:100370001FFA84FEB3FBF9F809FB18300B0C08FBDD
:100380000EFA43EA00439A4540D9E31808F1FF30DA
:1003900004D29A4502D9A8F102002344A3EB0A0330
:1003A00089B2B3FBF9F809FB183308FB0EFE41EAEA
:1003B00003418E452CD9611808F1FF3304D28E45D4
:1003C00002D9A8F10203214443EA0040A1EB0E0147
:1003D000A0FB02984145CE46434602D306D14D4587
:1003E00004D20138B9EB020E68EB0403002EA7D04B
:1003F000B5EB0E0261EB030101FA0CFC22FA07F3E4
:10040000F9404CEA0303C6E9003199E74046C5E7E5
:100410004346D9E730B53B4B3B4A4921C3F8002658
:100420003A48C3F8042687B0C3F80826C3F80C2658
:10043000C3F81026C3F81426C3F81826C3F81C26E0
:1004400007F09CFD07F034F900F0E8FA054603A830
:1004500000F088FD0446284600F0F0FA2C4B1B689B
:10046000A34205D045212B4807F088FD07F07EFA0E
:100470004921059A284807F081FD039927484B7DBB
:100480000A7DC98A0091492107F078FD4921244855
:1004900007F074FD4FF48031002003F073FB044635
:1004A00020B145211F4807F069FDFEE702A99DF82C
:1004B000100000F03DF8029A059B1B4D1344039A6F
:1004C000128913442B6003F045FB01F0A5F801F0FD
:1004D00075F801F08FF884F30B8884F30A882B6891
:1004E0001B6883F3088884F31488BFF36F8FBFF30E
:1004F0006F8F2B685B68984745210C4807F03EFDDD
:10050000FEE700BF008001503546526EF69C0000A9
:10051000080000200F9D0000329D0000619D00003A
:100520007F9D0000A49D000008040020D79D0000CE
:10053000024608B538B105480023452107F01EFDE5
:100540006FF0150008BD0860FCE700BFFA9D0000D1
:1005500021B1012906D06FF015007047044B53F804
:1005600030007047024B03EBC0035868704700BF70
:10057000B89800002DE9F04F9B468B4BDBB0154639
:10058000DDE965891E6807460C4600F0E1FF01229F
:10059000864B3AA8C3F8002505F0A6FFB8F1000F76
:1005A00007D0B9F1000F04DD4A4641463AA807F0EA
:1005B000CAFB4FF0000823896289D4F80CA01344C9
:1005C0009A44C2455FD80DA93AA805F0FFFF002262
:1005D000764BC3F80025C3F80025679B23B1202282
:1005E00018460DA907F0C1FD00232A4600932146B5
:1005F0004FF6FF7307A807F05CF88046002853D138
:10060000294638460C9C07F071F9A0424CD34FF0B4
:10061000FF34DFF8A4B1DFF894A10DF1160305AAA9
:1006200006A907A807F093F800283DDB40F0B28048
:10063000069907A807F0D7F850B94FF6FF71BDF833
:1006400016005B4A32F8023B8B422DD09842F9D11A
:10065000BDF81670102F31D0222F78D0012FDCD1A9
:10066000BDF81430202B1FD8284606993AAA07F067
:10067000A0FC0446C0B99DF81430202B02933CD94D
:100680004FF0FF34C9E7649BAAEB0809994528BFDE
:1006900099465A464B464146284607F08AFC30B1F7
:1006A0000022424BC3F800253F4B1E6875E04A46C6
:1006B00059463AA807F047FBC84482E7BDF81470D2
:1006C000202FF1D13B46284606993AAA07F071FC43
:1006D0000028E9D100F0A2F93A4680463AA90DA8CF
:1006E00000F0F6F80746404600F0A8F9DBF80030C5
:1006F000BB42D9D14FF001088FE72E4ADFF8BC90FA
:1007000013680393039B9C42BADA00F021FFCAF8F6
:1007100000751DA805F0E8FED9F804201DA8126890
:1007200059F8081B07F00FFB15A91DA805F04EFF8F
:100730000022CAF80025CAF80025029A3AA915A88D
:1007400007F003FD00283FF468AF0134DAE7631CCB
:100750003FF463AF174B1B689C4291DABDF814302D
:10076000802BA1D8284606993AAA07F022FC002837
:100770009AD100F053F9E4B207462021BDF81430B5
:100780003AAA00940DA800F01BF80646384600F07F
:1007900055F975E7B8F1000F86D000F047F93046FB
:1007A0005BB0BDE8F08F00BF040000200000845063
:1007B000C89C0000C098000008000020C4980000F9
:1007C0002DE9F04796B017461E469DF878203B4B22
:1007D000814653F8321003EBC2035B68019118683D
:1007E000DFF8E8800144302302AA01A8D8F80050BD
:1007F00007F037FA002858D1DDE901431C442146AF
:1008000006AB03AA01A807F054FA00284DD1049AB8
:10081000072A4AD12A49059807F097FC002844D1B5
:10082000079A082A41D12749089807F08EFC00282A
:100830003BD1214602AA01A807F027FAA8BBDDE9AF
:1008400001A30AEB030294422FD1412B2DD13E4448
:100850003023314603AA02A8029707F002FA1A4D84
:10086000E0B9DDE9023213449E4217D3324602A9B1
:1008700006A806F0C6FF88B9324602A90EA806F0FF
:10088000C0FF58B99AF80030042B07D120234846FE
:1008900006AA0AF1010100F073FE60B1D8F8003039
:1008A0002D68AB4218BFD8F8005000F0BFF82846BA
:1008B00016B0BDE8F0872B68F2E700BFC4980000CF
:1008C000299E0000209E0000080000200400002057
:1008D00070B5094B04461D680023934205D1074BB0
:1008E0001D6800F0A3F8284670BDE65CC85C86422F
:1008F000F7D10133F1E700BF040000200800002019
:10090000094A40000B7852F820108B4209D0013080
:1009100052F82000834214BF4FF0FF304FF4407074
:1009200070474FF440707047CC9800001FB55823B3
:1009300003FB0100046A1023A1686A4620461039AF
:1009400007F037FB034640B122784521064807F0FF
:1009500015FB0024204604B010BD10226846034950
:1009600007F0F3FBF6E700BF319E0000E69C0000B5
:100970002DE9F3471E46836805468B420C46174611
:1009800043D95B1A934240D386B36A4606F075FE9C
:1009900000283CDB013FDDF800803C441D4FDFF8C0
:1009A00078906A462146284606F067FE00282EDB2E
:1009B000DDE9004A28465246214607F024FB00287C
:1009C00025DBC7F80096C7F80496C7F80896C7F85D
:1009D0000C96C7F81096C7F81496C7F81896C7F87B
:1009E0001C966EB1444512D9013CDAE7511E2144F0
:1009F0006A4606F042FE002809DBDDF80080CDE7FC
:100A00005444A04503D30134CBE74FF0FF3002B08C
:100A1000BDE8F087008001503546526E024B1868E1
:100A2000421C1A60704700BF0C040020024A136881
:100A3000013B1360704700BF0C040020034B1B6890
:100A4000834201D006F092BF704700BF0C04002023
:100A500073B50D46002104462846CDE9001106F085
:100A6000D9FF28B323681A4EB34203D1204601AA06
:100A700006F03EFFE36AB34204D16A4601212046F4
:100A800006F036FFDDE90032934288BF0193019BF7
:100A9000AB60019A2946204600F064FC0D4B1A68B1
:100AA000002A03DD57210C4807F068FA02B070BD38
:100AB00001462046FFF73AFF064605F1080106F019
:100AC000F8FEAB683046019307F072FAE1E700BF29
:100AD0003DB8F396701800205D9E00002DE9FF4799
:100AE0002C2606FB0106D6F820A0044650461746E1
:100AF0000D4607F0A4FA731EF21C13F8011F814281
:100B000026D19A42F9D1B5B15146204606F0C5FF2B
:100B1000FB79042B0AD12046216A06F0BEFF02466B
:100B200048B949212B4807F029FA04E0002003F0D6
:100B3000BDF80428EFD0284B1C68FFF777FF20464C
:100B400004B0BDE8F087254B1C6835E0244A3EE040
:100B50002C236B43E1180869C206D4D4E258214B18
:100B60009A42F0D1CA680B899B18ECD24A89D218F4
:100B7000E9D2DAF808309A42E5D240F60C6707402D
:100B8000E1D1FFF74BFF8046FFF748FF4FF480733A
:100B900081465246314600932046134BCDE90277F9
:100BA0000197FFF7E7FC04464846FFF747FFFFF7CA
:100BB0003DFF4046FFF742FF0C4B1B68A342BCD0F1
:100BC000002DC3D00121504606F062FF084A45219E
:100BD0000848A8E79E9E00000000002004000020B6
:100BE0008C9E00003DB8F396F02000200800002005
:100BF000949E0000DD9E00002DE9F84F8846914646
:100C00009A460026DFF870B0194C1A4D0B9B9E4295
:100C100001D300200FE00B9B40469F1BB7F5806F70
:100C200028BF4FF48067144A3B4606EB0A0107F0E1
:100C3000C0F910B10120BDE8F88F0A993B465A4629
:100C40004846711807F0CAF90028F3D1C4F80056D5
:100C50003E44C4F80456C4F80856C4F80C56C4F808
:100C60001056C4F81456C4F81856C4F81C56CDE7EC
:100C7000008001503546526E100400202DE9F041ED
:100C80000E460021AE4B0446436203F5006388B074
:100C900003650846FFF75CFC04F120010546C0B27D
:100CA00001F08AF848B100232A46452101900093BB
:100CB000A44807F063F906F059FE01210020FFF770
:100CC00047FC04F14C010546C0B201F075F850B183
:100CD00001232A464521019000939A48002307F0FA
:100CE0004DF906F043FE204606F069FE054668B958
:100CF00000222046114606F04CFE054608B30022AD
:100D00005721914807F03AF90123A1E04FF480728E
:100D100057218E4807F032F901239D4284F858305C
:100D2000E6D194F85830042B8DF8173000F29380F8
:100D3000012B00F2978000F0AA80FF2384F858303E
:100D4000A5E0204600F01AFA0028DDD004A806F03D
:100D500058FE0146204606F0D4FE18B12A46572117
:100D60007B48CFE704A806F055FE80F0010104AAF5
:100D70002046C9B206F00DFE02460028BFD104A8E5
:100D800006F048FE054660BB204604A9FFF760FE5A
:100D90009DF8173084F85830033B012B06D82846BD
:100DA00000F010F910B1FF2384F858309DF8173087
:100DB000023B022B0BD8002000F0EEF838B1FF23E5
:100DC00084F858304521634807F0D8F8FEE794F8D6
:100DD0005830FF2BF6D000222046114606F0D9FDF0
:100DE00092E79DF81770012F1FD1104602F05EFFA9
:100DF000831E022B054615D8FFF710FE39468046A4
:100E000004AA2046FFF76AFE07464046FFF716FE93
:100E1000514B1B689F4205D0504B1D68AF4214BF19
:100E20000525012584F858507BE7FFF7F7FD0121E0
:100E3000074604AA2046FFF751FE05463846FFF74D
:100E4000FDFD454B1B689D4214BF05239DF81730DF
:100E500084F8583065E7052B7FF46FAF002000F071
:100E6000B1F811E0204604A9FFF7F2FD94F85830DC
:100E7000DA1E012A34D8002000F0A4F800287FF4FC
:100E80005CAF002000F088F800287FF456AF94F89B
:100E90005830FF2B05D145212E4807F06FF806F09A
:100EA00065FD002294F858302D4F012B03921AD083
:100EB0001146204606F06DFDA8B13D6810220021C4
:100EC0000DEB020007F05CF9E06C07F071F8206AA6
:100ED00007F06EF8FFF7AAFD284608B0BDE8F081DC
:100EE000022BD4D1CDE7FFF799FD002280461146B1
:100EF0002046FFF7F3FD05464046FFF79FFDDFF86C
:100F00005880D8F800309D42D7D13B689D42D4D05C
:100F1000124B1B689D42D0D0039B01330393039B6C
:100F2000012B01D006F022FD206A06F0A4FB3071EF
:100F3000236A5B683460D8F80050B360BEE700BF36
:100F400010080020059F0000949F0000529F0000A1
:100F5000C09F0000EA9F0000080000200000002061
:100F60000400002070B50B4E04466022002130467C
:100F700007F006F9FFF752FD214605463046FFF718
:100F80007DFE04462846FFF759FDFFF74FFD20463A
:100F900070BD00BF1018002013B5094B01A913F84C
:100FA000300000F009FF48B9019807F078FF0446C7
:100FB000019806F0FDFF204602B010BD0124FAE7BB
:100FC000D49800001FB50F4B01A913F8300000F0B2
:100FD000F3FEA8B9019802A902F012FE044668B90E
:100FE0009DF80B30032B03D1019807F026FF044630
:100FF000019806F0DDFF204604B010BD0124F7E79C
:101000000124F8E7D49800002DE9F34106460C4688
:1010100017461D460BB9002121E0184606F0FAFCE0
:1010200001460028F7D13046FFF780FC18B90120AF
:1010300002B0BDE8F08101A906F03BFC0028F6D122
:101040000199304606F08EFD736A59686B79012B61
:1010500018D1002CDFD12B68834298BF00212C23AC
:1010600003FB04663A462023306A06F0A2FF0028FC
:10107000DDD1002DDCD038680D4BC01A18BF4FF001
:10108000FF30D5E7022BC6D12B68012B05D983424F
:10109000C1D8B4FA84F46409BDE7BCD1002CDED019
:1010A000012CB8D12C79023C18BF0124B3E700BF52
:1010B0003DB8F3962DE9F04F07460C4685B0014642
:1010C00000201646FFF71CFC051E51DB3846E46D78
:1010D00006F0E4FB5FFA84F94FF0000A4FF0010BD1
:1010E0004FF0FF346B1E09FB03089DB9BAF1010FE5
:1010F00003DD4521204806F041FF631C06D0FF2C8C
:101100002ADC40F2011301343460B380284605B074
:10111000BDE8F08F6B1E00934146012338460DF168
:101120000F0206F046FF031E019323DB012238461F
:101130000DF10F0107F01CFE019B40B15B4501D092
:101140000AF1010A9B46009DA8EB0908CDE7B4F11E
:10115000FF3F08BF2C46F5E70223A4F580747371A6
:10116000631004F001040133013433603471CDE7BE
:101170000725CBE70125C9E7F69F0000F8B5866A89
:10118000456D0446AE4208D06B1CB34205D05721D2
:10119000174806F0F3FE0020F8BDB6F5807F19D998
:1011A00057211448F5E7626A02EBC3025768226DC3
:1011B00002EBC3025268BA4202D057210E48E8E758
:1011C00001339D42EFD1204606F0D8FD28B95721C2
:1011D0000A48DEE700231F46F3E7AE4205D9636AFB
:1011E00003EBC5035B68BB42E7D10120D4E700BF36
:1011F00019A0000051A0000080A00000ACA00000D9
:1012000010B588B0044604A9006A02F0F9FC9DF804
:101210001020012A40D0254B2549032A08BF0B4640
:101220009DF81320492102929DF812202148019235
:101230009DF811200092204A06F0A0FEE06C06A95D
:1012400002F0DEFC9DF81820012A27D0174B184920
:10125000032A08BF0B469DF81B20492102929DF8E6
:101260001A20144801929DF819200092134A06F0A2
:1012700085FE9DF81030012B12D19DF81230032B02
:101280000ED19DF81830012B0AD00D48492106F0E7
:1012900075FE022008B010BD0A4BC1E7094BDAE722
:1012A0000948492106F06AFE0020F3E7E5A00000A6
:1012B000EEA0000002A10000F4A0000043A1000085
:1012C00053A10000E9A0000072A1000070B54B68B6
:1012D00014461E4A03F0FF23934206460D4686B08D
:1012E0002FD10B68012B2CD1204604A902F088FCD9
:1012F0009DF81020012A26D0154B1649032A08BF55
:101300000B469DF81320492102929DF812201248A5
:1013100001929DF811200092104A06F02FFE9DF8D0
:101320001030032B0DD12146304606F0B6FB204687
:1013300007F083FD2046A96806F0C9FA204602F0AE
:101340003FFC06B070BD064BDBE700BF00010004A8
:10135000E5A00000EEA0000002A1000043A10000F3
:10136000E9A000002DE9F04F1646054687B00C466F
:101370006E48492106F002FE3146284606F0F2FB8F
:101380006B6A824620465E6806F044FBE8B1E86D71
:1013900006F063FA0023AF6A013F3344984201D953
:1013A000013FFAE7BA4510D35721614806F0E6FD40
:1013B00007FB06F357210AFB06625E4806F0DEFDD6
:1013C0000123E37107B0BDE8F08FEB6C21461A46AC
:1013D000284603932F6AFFF779FF6379012B4AD1DF
:1013E000D046DFF854B141E02268C2F10103534412
:1013F000984539D86B6A012A196853F8380003EB0D
:10140000C80353F8083CA0EB0109A3EB01030493C4
:101410000FD1E368022B08D03946284606F03DFB81
:1014200022463946284606F04DFB2846039906F029
:1014300034FB0023324649463846FFF799FA049BAD
:101440003A4639462846CDE90096FFF7D5FB2146B6
:10145000284606F0ECFA23680133236020B1DBF85C
:1014600000300133CBF8003008F1FF38B8F1000F3D
:10147000BAD10123236002234FF001086371C245F2
:10148000A0D3236898454ED36A6A4FEAC80352F83E
:101490003810083BD2F800B00491D1582A6DD058CA
:1014A0001368A0EB03092379012B3AD1A1EB0B01BF
:1014B0000023324638460591FFF75AFA05994B4604
:1014C0003A460091284603990196FFF795FB21467D
:1014D000284606F0ACFA0223237118B1164A1368A5
:1014E000013313600023324649460398FFF740FA60
:1014F000049B3946A3EB0B03039A2846CDE90096DB
:10150000FFF77AFB2146284606F091FA236801335B
:1015100023600123237130B1074A1368013313603C
:1015200001E0022BDED008F10108A8E789A1000044
:10153000B2A10000E1A10000701800200A4619B114
:10154000024B00211B681847704700BF0C000020A9
:1015500070B5094D2B780BB1002070BD0126074CEA
:10156000C4F8006505F062F818B92E70C4F80005DB
:10157000F2E74FF0FF30F0E7F02100200000845048
:101580002DE9F041ACB01F4606460C461546FFF764
:10159000DFFF0123DFF820802A46C8F80035214606
:1015A0003346009703A807F071FF0023C8F8003501
:1015B0002CB0BDE8F08100BF00008450BFF36F8FF6
:1015C00072B600234FF0FF30094A03F120010133C6
:1015D000102B42F82100F8D100234FF0FF30044ACD
:1015E00003F160010133102B42F82100F8D170475C
:1015F00000E100E0002318460649D1F89020C2F32C
:101600000722934200DB7047C1F89830C1F8A00070
:101610000133F6E700ED00E04FF0FF3301212DE943
:10162000F04300253A4A3B4E51603B4FC2F84833E5
:10163000DFF8EC80C2F8083302F58052516085B0C3
:10164000C2F84833C2F808334FF0FF3956F8044B5C
:1016500044F30730C4F8089300F010FF01236360DF
:1016600000236846C4F84C31D4F84C21C4F810313A
:10167000D4F81021C4F84431D4F84421C4F800351A
:10168000D4F80C250092D4F814250192D4F808253A
:101690000292D4F81025C4F80C950392C4F814955E
:1016A000C4F80895C4F8109550F8041B4A1C0DD0D6
:1016B00001F01F02490926D107EB8202D2F800127D
:1016C00001EA080141F00201C2F800120133042BC3
:1016D000EAD180220021A01806F052FD80220021CC
:1016E00004F5C07006F04CFD5DB14FF0FF330B4ABE
:1016F000C2F808354FF05022C2F8083305B0BDE8F3
:10170000F0830125A0E70023803253F82230FFDE6A
:1017100000400150E0980000002584500070015006
:10172000F0F8FCFF014B1B68184700BF10000020B9
:10173000014B1860704700BF1000002007B50B4632
:10174000002102460091034800F006F803B05DF85E
:1017500004FB00BF251700002DE9F04F82464FF033
:1017600000098DB01D46531E01910393039B5878C9
:101770005C1C252819D100204FF0FF381E46444636
:1017800003460236029031780396392955D81F292D
:1017900014D8002900F0EF8101992520D047019944
:1017A0003078D04709F10209E0E7002800F0E38132
:1017B0000199D04709F101090394D7E7A1F120026B
:1017C000192AE9D801A757F822F000BF3518000000
:1017D00099170000991700003518000099170000AC
:1017E000B51800009917000099170000991700001C
:1017F0009917000001190000351800009917000022
:1018000015190000C118000099170000CF1800003A
:10181000EF180000EF180000EF180000EF180000AC
:10182000EF180000EF180000EF180000EF1800009C
:10183000EF18000008460136A5E7582900F0EB80B4
:10184000A1F16302D7B2172FA6D8172AA4D801A7EF
:1018500057F822F0BD1A00003B190000991700004C
:1018600099170000991700001B1900003B19000090
:1018700099170000991700001B1900009917000024
:101880009917000099170000F1190000991700003E
:1018900099170000911A0000991700003B190000E9
:1018A0009917000099170000F1190000991700001E
:1018B0001B19000025200199D04709F1010955E7BE
:1018C000029A4FF0000802F0FE020292B3E7002CE9
:1018D0000DDAB8F1000F0DDA029A002A00F0438108
:1018E0000A2224EAE47402FB0414303CA3E7B8F1B2
:1018F000000FF5DB0A2202FB0812A2F130089AE77A
:10190000B8F1000F55F8042B80F22F81002A80F2E5
:101910002E815442022202928DE7682903D1682B5E
:1019200006D1482387E76C2902D16C2B00F0218176
:10193000002B7FF431AF0B467DE77A2B06D175295A
:1019400055F8046B14D14FF0000B0CE06C2BF6D063
:101950004C2BF4D1073525F00703752903F1080551
:10196000D3E9006B06D120283BD1854F013C09E02B
:101970004FEAE67BBBF1000FF5DA7642814F6BEB65
:101980004B0B013C0DF12D030593002304933046CE
:1019900059460A220023FEF7D5FB059BB446303298
:1019A00003F8012D5A460593049BBCF10A0F8B46A0
:1019B00072F1000203F1FF3106460491E7D2C3F150
:1019C000010B30330DEB0306B8F1000FA6F104064E
:1019D0006DDA029BD9077DD4A8EB0B03A4EB0B04B3
:1019E00013E02B280ABF684F684F04F1FF34C9E7A2
:1019F00070290FD155F8042B0023FAB96FF00403B6
:101A00004FF0050B614F624E053C029A920770D46D
:101A1000A04666E078216C2B03D1002355F8042BF7
:101A200008E04C2BF9D1073525F007031D465B680C
:101A300055F8082B232825D1880621D5554F023C7F
:101A4000002601F06001A1F1390B0DF12D0E02F01D
:101A50000F01092988BF594430310EF8011D102AA1
:101A60004FEA121141EA03714FEA131C73F10003AC
:101A700006F1FF3008D2C6F1010B06F13003A1E7F1
:101A8000454FDCE7414FDBE706460A466346DEE7A3
:101A900055F8046B304606F051FBB8F1000F834651
:101AA00002DB4045A8BFC3464FF00008374FA8EB04
:101AB0000B03002B92DDA4EB0804A6E755F8043BCA
:101AC0004FF0010B8DF81830304F4FF0FF33013CD1
:101AD00006AE9AE7A046EAE7029320200199D04794
:101AE000029BB8F10108F7D524EAE472013C914465
:101AF000A41AB84606E0049302920199D047029ACC
:101B0000049B9046424612F8010B0028F3D11A4676
:101B1000013A15D5002BACBFC7EB03077F425B46EC
:101B2000013B15D5BBF1000FA8BF5F4426464F44CB
:101B3000013E14D5002CA8BF3F1907EB080915E694
:101B40000493029230200199D047049B029ADFE768
:101B50000293019916F8010BD047029BE0E7019927
:101B60002020D047E4E70122D5E6904663E61446FC
:101B700061E64C235FE648460DB0BDE8F08F00BF3C
:101B80006FA200006DA2000071A200005C9E000028
:101B900079A2000073A2000076A200002DE9F047B0
:101BA000058B04462807904611D4022905F0070545
:101BB00040F0CC80204606F008F978B10138218B3E
:101BC000042811D8DFE800F0C2106D8595000129C6
:101BD0000CBF45F0100545F02005258388F31188DA
:101BE000BFF36F8FBDE8F08701F0070AAA4500F048
:101BF000A5800027B9463E46A368002B00F0BC80B4
:101C000041F00801218388F31188BFF36F8FA16829
:101C1000002900F0BA800D68002900F0B680334634
:101C200052462046D1F80480C047002D76D02B685C
:101C300029461D46F0E701F007035A1F012A1BD869
:101C4000002221F00701062B276889B2C4E900228F
:101C500009D13B4603E0628B013262831B68002B93
:101C6000F9D141F002012046218306F0AEF80028A8
:101C70007AD041F0200176E0042B0AD121F007014F
:101C800089B22046218306F0A0F810B141F020016E
:101C90002183218B01F0070AAA454FD00027B946BE
:101CA000AAE7236921F0070141F00601062DD3F8C8
:101CB000009021832DD1B9F1000F3FD041F00801F0
:101CC000218388F31188BFF36F8F20463949C847B5
:101CD00029E021F00701236941F0040189B2042DB4
:101CE000D3F804902183E6D000274FF0040A3E4643
:101CF00082E721F00701236941F0050189B2052D32
:101D0000D3F808902183D6D000274FF0050A3E462D
:101D100072E700274FF0060A3E466DE72B4687E73D
:101D2000B9F1000FD1D1EFF31188202383F312888A
:101D3000BFF36F8F238B23F008032383258BEA06E1
:101D40002ED525F01003238305F007056669218B46
:101D5000002EBFF670AF00232768C4E9003321F0DE
:101D6000070141F001012183218B4FF0000901F0AF
:101D7000070AAA457FF440AF002F9CD041F008012C
:101D8000218388F31188BFF36F8F002FC8D03D687F
:101D9000394633465246204606F043F82F46F4E7CC
:101DA000AB067FF51BAF25F02003238305F0070565
:101DB00000E700BF4F7E000070B5104B0D461C6859
:101DC000B4B10F4B196800238B4202DB6FF00100A6
:101DD00070BD224612F8106B864202D014460133C1
:101DE000F2E7E06807F0C0F928B100202C60EFE7C7
:101DF0006FF00C00ECE76FF01200E9E71400002030
:101E0000E898000010B5436888B0029383680C46D8
:101E1000CDE9033200230A68C068CDE906230549ED
:101E200001AA059306F06AFA079808B9059B236092
:101E300008B010BD4D80000008B5054805F0AEFFA4
:101E4000044805F0ABFFBDE80840034805F0A6BF15
:101E50007FA20000B0A20000E3A20000014804F04D
:101E60005BB800BFDC99000038B5044618B90F4BC9
:101E70000F485B6898476168B1F5683F10D0B1F5CD
:101E8000680F0DD00B4DA9420AD011F4686120688B
:101E900007D00146084807F0C0F9002323606560B9
:101EA00038BD142206F06CF9F9E700BFCC00002021
:101EB00011A300002C5F5CA9741D002008B500B3BD
:101EC0004368B3F5683F0CD101220368D3E8EF1FE4
:101ED000002903D1C3E8E02F0028F7D10DD100205D
:101EE00008BD094A93420AD000684FF0FF324FF014
:101EF000FF3303F031F90028F1D00448F0E704483B
:101F0000EEE76FF4E040EBE72C5F5CA9E98FFFFFA1
:101F1000EA8FFFFF08B5B8B14368B3F5683F0CD14D
:101F200000220368D3E8EF1F012903D1C3E8E02FA3
:101F30000028F7D10BD1002008BD074A934208D0F2
:101F4000006803F081F9F6E76FF4E040F4E7034836
:101F5000F2E70348F0E700BF2C5F5CA9E98FFFFFC1
:101F6000EA8FFFFF10B5044618B91D4B1D485B688A
:101F700098476368B3F5683F2FD0B3F5680F2CD04E
:101F8000194A934219D1236803BB4FF0FF324FF037
:101F9000FF332146154803F0B1F808B923681BB98F
:101FA0000F4B13485B68984714220021206806F005
:101FB000E7F84FF46863636008E0B3F5683F0DD855
:101FC0003A2B03D040F6BA629342DED1206807F084
:101FD0006EF9636843F03A03636010BD054AF3E7A6
:101FE000CC00002011A300002C5F5CA9741D002010
:101FF00037A300003A00003A08B5064940231422EE
:10200000054807F0FCF8BDE808400449044803F01F
:10201000F5BF00BF74180020741D0020E499000073
:10202000F899000030BFFFF7FDBF00BF054B9A696C
:102030009B689A421FBF044A536843F08053536021
:10204000704700BFE81E002000ED00E0154B9A6AC3
:1020500012F0007F9A6A14BF1E201D2012F0807FAC
:102060009A6A18BF1F2012F4801F9A6A18BF0220B4
:1020700012F4002F9A6A18BF212012F4802F9A6A56
:1020800018BF222012F4003F9A6A18BF232012F4CE
:10209000803F9A6A18BF24206FEA02426FEA124218
:1020A0009A62704700ED00E010B5194B0246986A3D
:1020B0009C6A10F4805F14BF1720162014F4006F80
:1020C0009C6A18BF1820A40509D5986B986A00046B
:1020D00004D51AB19A6A22F400429A6219200C4B74
:1020E0009A6A12F4806F9A6A18BF1A20D2050CD42B
:1020F0009B6A13F4005F18BF1C20054A936A43F4DF
:102100007F43936200230B7010BD1B20F5E700BFD7
:1021100000ED00E010B51C4B0246986A9C6A10F076
:10212000100F14BF1120102014F0080F9C6A18BF64
:102130001220A40709D5586B986A000604D51AB175
:102140009A6A22F080029A6213200F4B9A6A12F068
:10215000010F9A6A18BF142012F0200F9A6A18BF54
:102160001520D40658BF9B6A074B9A6A920642BF55
:102170005A6A22F400525A629A6A42F0FF029A6244
:1021800000230B7010BD00BF00ED00E070B5444BA4
:1021900006465B6800259CB0C3F3080385F31188ED
:1021A000BFF36F8F02F07F40B0F17F4F11D102F08B
:1021B0000C0008280DD010074CBF0E460125002248
:1021C000033B8DF80720032B05D8DFE803F01E5CE6
:1021D00060592E46F3E700249DF807309BB968222A
:1021E000314602A805F0C1FF099B002D53D0C3F36F
:1021F000080222B96FEA53236FEA4323099320466A
:1022000002A905F05FFF1CB070BD254BDA6A91078B
:10221000E1D4DA6A002ADEDBDA6A5200DBD55A69D9
:10222000B16942F480725A61BFF34F8FBFF36F8F71
:102230005A6931F8021C22F480725A61BFF34F8F41
:10224000BFF36F8F4DF60272914209D09A6AD2B2F3
:1022500042B101200DF10701FFF75CFF0446BBE727
:102260003468B9E79A6A12F47F4F05D001200DF166
:102270000701FFF719FFF1E79B6AB3F5803FAAD387
:10228000FFF7E4FEEAE700200DF10701E4E7002094
:102290000DF10701EDE723F4FF7323F00103ADE730
:1022A00000ED00E0064B5A6942F010025A615A698B
:1022B00042F480625A615A6922F008025A617047FA
:1022C00000ED00E0EFF30880EFF3098101B57246FD
:1022D000FFF75CFF01BD00BF002080F31488BFF34F
:1022E0006F8F002080F30A8880F30B880F4880F3FB
:1022F000088801F099FD00200D490860BFF34F8F59
:1023000000F01AF8202080F311880A484FF4006189
:10231000401880F30988EFF314800221084380F30A
:102320001488BFF36F8F00F0EFF8000048530020CF
:1023300094ED00E00822002072B6002383F3138896
:102340004FF0FF300C4A03F120010133102B42F80B
:102350002100F8D100234FF0FF30074A03F160015C
:102360000133102B42F82100F8D162B6BFF34F8F32
:10237000BFF36F8F704700BF00E100E0084B9B6820
:1023800083420BD1EFF3058343B1064B5A6842F009
:1023900080525A605A6A22F400425A6203F002BB29
:1023A000E81E002000ED00E022498A6882F8BDE0C6
:1023B0004FF030001044EFF3098C80E8F01F1EF05E
:1023C000100F03D102F17C0080EC108A202080F3F2
:1023D0001288BFF36F8F184F4FF000668A698A60CA
:1023E0003E6092F9BDE0506F0023536780F311887F
:1023F0001EF0100F03D00023E1EE103A03E002F1CB
:102400007C0090EC108AEFF3148323F0040383F331
:102410001488BFF36F8F02F1300090E8F01F8CF347
:10242000098802F1000004B505F061FEBDE8044032
:1024300070470000E81E002004ED00E01EF0040FCD
:102440000CBFEFF30880EFF30980816911F8021CDB
:102450000229FFD001B5724605F03AFE01BD00BF6A
:1024600040B2002807DB01234109034A00F01F00A6
:10247000834042F82130704700E100E040B200287C
:102480000CDB01220649430900F01F008240203383
:1024900041F82320BFF34F8FBFF36F8F704700BF0A
:1024A00000E100E0054B420953F82220012300F02F
:1024B0001F0003FA00F01040704700BF00E100E089
:1024C00040B2002801F10101ACBF00F16040064BB1
:1024D0004FEA4111C9B2ABBF00F5614000F00F00F7
:1024E00080F800131954704714ED00E0044B054ABE
:1024F00023F07F039360BFF34F8FBFF36F8F70475D
:102500000000000000ED00E008B5FFF7EFFF104B02
:10251000D3F8882022F47002C3F88820D3F88820EA
:1025200042F4A002C3F888204FF04042C3F834229E
:10253000BFF34F8FBFF36F8F0023E1EE103A02F02D
:1025400027FD03F055FB00F077F802F061FD00BFB6
:1025500000ED00E042F8203C009B0D4942F81C3C95
:10256000019B21F0010142F8183C029B42F8081C33
:1025700042F8143C4FF0807342F8043C0023436758
:102580004FF47D43203A0265C0F8BC30704700BF6D
:10259000B77D0000104B9B6883421AD1EFF3058092
:1025A000B8B9EFF31181202282F31288BFF36F8F45
:1025B0001A7B22F002021A73EFF3148323F0040350
:1025C00083F31488BFF36F8F81F31188BFF36F8F8C
:1025D00070476FF015007047E81E00200E46154644
:1025E000002300B5E1EE103AEFF3148323F0040367
:1025F00083F31488BFF36F8FBFF36F8F084B98601E
:10260000436E83F30B882C4686F309880020054B24
:1026100098472046002100220023034C204700BF9A
:10262000E81E0020F7800000B77D00001022014B5B
:102630001A61704700ED00E0002320210348C21812
:102640000133412B82F80013F9D1704700E100E01B
:1026500008B5EFF30583064A103B02EBC30152F8BD
:10266000330049688847BDE80840FFF7DFBC00BF7A
:102670000C960000014B1860704700BF3800002026
:102680000122024B0020C3F8402570470090035000
:1026900020B1034B800143F001031847704700BF8E
:1026A000B0980000084B70B5C31A0D4607499B103F
:1026B000044659434022064805F077FD2B46014663
:1026C0002046BDE870401847A41D0020B76DDBB65A
:1026D0004C950000402373B50B4C0093041B0B4634
:1026E0000D460A49A41061430646094A094805F007
:1026F00087FD011E05DA30462B4602B0BDE870406A
:10270000184702B070BD00BFA41D0020B76DDBB636
:10271000698200004C95000010B5EFF3118420236E
:1027200083F31288BFF36F8F074A136823F0020107
:10273000DB07116002D4012006F03BFC84F3118812
:10274000BFF36F8F10BD00BFF41D002070B50022D5
:10275000012104460520FFF7B3FE0F4801F094FC69
:102760000E4B984215D101F09FFC26690C4930466A
:1027700005F07BFB00280BDB012535642469084943
:1027800004F11C0005F071FB002801DB0020E5646A
:1027900070BD6FF00400FBE7A12800000000AD0B46
:1027A000089A00001FB500220123CDE902236B46E1
:1027B000084ACDF800D0CDF804D005F04EFD002831
:1027C00005DB4FF480420023684602F0C1FD05B0EE
:1027D0005DF804FB898200000C22104B014602FBCD
:1027E0000033002030B4D3E90E529863EFF3118028
:1027F000202484F31288BFF36F8F1C6C04F0C00494
:1028000044F002041C6480F31188BFF36F8F1DB184
:102810002B4630BC0248184730BC7047A41D00202E
:102820004C95000010B4EFF31182202383F312883B
:10283000BFF36F8F1848016841F002040460C807B5
:1028400008D482F31188BFF36F8F01205DF8044B29
:1028500001F03EBC4FF05021D1F80C04D1F80C141B
:10286000C907EED5EFF3118083F31288BFF36F8FA2
:102870000A490B6C03F0C00343F002030B6480F3BE
:102880001188BFF36F8F82F31188BFF36F8F002021
:102890005DF8044BFFF7A0BFF41D0020A41D00202D
:1028A00010B1012804D07047034B1B6C5B0701D1AA
:1028B000FFF792BF704700BFA41D00202DE9F04133
:1028C000012207463649D1E8EF3FC1E8E02F002852
:1028D000F9D133B9334934484B60CB608A6005F095
:1028E000D7FA7B1E012B2BD8012F07D14FF0502395
:1028F000D3F81C3403F00303022B21D006F0EAFCCA
:102900000546F8B9294B1B78E3B14FF0502302225A
:102910000646C3F808234FF05024DFF89480D4F81B
:102920001824D4F81834D20315D503F00303022B6E
:1029300001D0012F0FD16DB386F31188BFF36F8FD4
:10294000BDE8F081EFF31186202383F31288BFF3F3
:102950006F8F0125DFE7C5B1304605F0E0FBD4F805
:102960001835DBB2012BDAD1D4F80421002AD6D0F5
:102970000022C4F80421D4F804210222C4F8182546
:102980002022C8F88021A360C9E70021212006F099
:1029900011FDE4E74FF050230222C3F80423CFE7F0
:1029A000A01D0020901D0020C01D0020032200203B
:1029B00000E100E008B5074806F0D6FB38B106484C
:1029C000FFF758FE0448FEF7B3FE002008BD6FF085
:1029D0001200FBE78C950000DD2900000A2838B5BD
:1029E0000446074D04D1AB680D2128465B68984723
:1029F000AB6803485B68E1B29847204638BD00BF2A
:102A00008C950000024B0B6001231360704700BFE0
:102A1000F81D0020004870472C9A000010B50122D4
:102A20000648114606F04AFC06F02AFB044C2060DA
:102A300006F023FB6060002010BD00BF001E0020D8
:102A4000F81D002070B50C46154606F016FB294609
:102A50000646204605F087FC08B3B4FBF6F306FBF8
:102A60001343E3B9B5FBF6F306FB1353BBB9AE4210
:102A700001D9002070BD4FF0FF324FF0FF330948FD
:102A800002F066FC06F0F9FA0646204601F03CFF2B
:102A9000AD1B3444F9D1034802F026FCE9E76FF09E
:102AA0001500E7E7001E0020F8B50E46194630462F
:102AB00017461C4605F057FC08B346EA040515F016
:102AC00003051CD1A4B14FF0FF324FF0FF330D4886
:102AD00002F03EFC24F00304A54206EB050009D1F8
:102AE000094AD2F80034DB07FBD5064802F0FCFBAC
:102AF0000020F8BD795901F025FF0435ECE76FF0AF
:102B00001500F6E7001E00200090035000487047B3
:102B1000689A00002DE9F34743680F1E05461646E4
:102B2000D3F818907DDBBB184B457AD847EA0204EE
:102B3000C4F30B04002C74D1006905F047FC214656
:102B4000284605F0A3FC4FF0FF3A0446002E45D17D
:102B50000121284605F09AFC002C08BF044628698C
:102B600005F032FC204602B0BDE8F08780462E4BCF
:102B70005A7882B10AFA02F137EA01010BD1012138
:102B80009140B14207D8B8F1000F1ED098F801105B
:102B9000914238BF98460134042C03F10203E7D177
:102BA000B8F1000F13D00023812298F800102846B6
:102BB000CDE900333B4605F00FFC012398F80120D6
:102BC000044693401F44F61A21E09846E3E76FF06D
:102BD00015040121284605F059FCC0E7002CF8D166
:102BE0002346CDE9004480220621284605F0F4FB67
:102BF00004460028EDD1B145B8D10346CDE9000027
:102C00008022C721284605F0E7FB00260446002C59
:102C1000DFD140F267620023284605F065FC0446D8
:102C200094E76FF015049DE79EA30000430970B57B
:102C300007D10B4B596821B101250C68094E85401D
:102C400001B970BD8A682A4002D030464B68984767
:102C50001CB1236821461C46F2E72346FAE700BF71
:102C6000281E00206C9500002DE9F04340F2063547
:102C70004668D00648BF0320337B02EA050558BFEB
:102C8000C2F3401087B001F01F07B5F5837F1446EB
:102C900047EA43178DF8030041D00FD8062D18D00E
:102CA00007D8B5B1022D3CD06FF0150007B0BDE8D4
:102CB000F083B5F5807FF7D101250AE040F20222CA
:102CC000954230D0B5F5407F2FD0B5F5007FEBD1E0
:102CD000022522032BD5012372688B409360326951
:102CE00062BB07F01F037F0975D13D4A84F4803130
:102CF00002EB8302D2F80032C1F30041C4F3404436
:102D000023F4E16344EA410423F007031C4344EA4B
:102D1000800444EA0524C2F800420020C6E70725E3
:102D2000D7E70425D5E70525D3E70325D1E76303D6
:102D300041BF012372688B40D360D0E7103639461B
:102D400030460DF1020201F08BFC14F4403F804646
:102D50000CD13946304606F086F9224B9845DCD135
:102D600030469DF8021001F0BBFCD6E74FF0000999
:102D700001AB3946304603AACDE90439CDE90199C2
:102D8000CDF80C9001F03AFB164B98428CD114F41C
:102D9000003315D09DF8033084F48034C4F300442C
:102DA0008DF80E3039464B46304603AA8DF80C504C
:102DB0008DF80D4001F0D6FB0A4B9842CDD073E759
:102DC000CDE9043339460DF10303304603AA0393DA
:102DD00001F014FBF0E7803352F82330FFDE00BF30
:102DE000002584500000AD0B38B545682B69B3B1A0
:102DF0001035284601F06AFC044680B90146284691
:102E000001F040FC084B98420BD122462846074966
:102E100001F020FC224605210D20FFF751FB002088
:102E200038BD6FF00400FBE70000AD0B2D2C000057
:102E3000F0B51646426801F01F04107B87B044EAE3
:102E40004014106900286DD0B6F5001F02F110057E
:102E500006D12146284606F008F9002007B0F0BD4B
:102E60000027B6F5800F01A80197476037D1B3F16D
:102E7000007F14BF052304238DF804300023CDE91F
:102E80000403039393680DF1030723FA01F111F092
:102E9000010139D1B6F1A07F36D104F01F036209D8
:102EA00003F1800344D1244A52F82330DB072BD4AA
:102EB0003A462146284601F0D3FB204B984219D0D0
:102EC00002972146284603AA01F098FA1C4B984223
:102ED0002BD101222146284601F012FCBDE7B3F1B7
:102EE000C06F05D0B3F1007F14BF01230223C3E7F5
:102EF0000323C1E73946284601F0FAFB104B9842FC
:102F0000DED06FF00B00A9E73A462146284601F0D3
:102F1000A7FB0B4B9842D4D128469DF8031001F033
:102F2000DFFBCEE76FF0850098E76FF0150095E7BF
:102F300051F82330FFDE00BF002584500400AD0BA4
:102F40000000AD0B2DE9F04740F2FF16594FDFF8B6
:102F500068C1DFF868E100EB8101814202D1002005
:102F6000BDE8F087046814F4804FC4F3C325C4F3AC
:102F7000080340F08C80240EB34208BF4FF0FF33AB
:102F80007D5D192C00F28680DFE804F00D13191C1A
:102F90001F251C848484843660848484848484848F
:102FA000848463787B7EC2F80C355C1C5BD1043072
:102FB000D3E7C2F814355C1CF9D000245CE0C2F8F9
:102FC0000835F2E7C2F81035F5E75C1CC2F80835A1
:102FD000EDD0002404E05C1CC2F80C35E7D00124DD
:102FE0005FEA531859D14FF00109DFF8CC8009FA94
:102FF00003FAC8F80CA008E0C2F80835002DDAD1B1
:103000005C1CD4D000240625A146D0F800A00AF408
:103010000048B8F1000F1CBF4FF00009012403F075
:103020001F085B093FD10CEB8808D8F80032CAF3BF
:10303000412A03EA0E0343EA8A0343EA052343EAEB
:10304000090343EA4403C8F80032B0E7C2F80C357C
:10305000D4E7C2F86035B3F1FF3F0468A7D0C4F3EA
:103060000044002CBBD05C091AD10124DFF8488051
:1030700004FA03F9C8F80890A146C6E7C2F8643517
:10308000E9E7C2F86835E6E7C2F86C35E3E76FF0C8
:10309000150065E76FF0850062E70023DB60FFDE67
:1030A00000239B60FBE7002308F1800853F82830D9
:1030B000F5E700BFB2A3000000258450F0F8FCFF44
:1030C0002DE9F04104460D46476806F003F94FF03C
:1030D000200888B9264B1B7873B16426606805F018
:1030E00081FCF0B9012005F004FF013EF6D100217A
:1030F000212006F05FF9F0E7EFF31186314688F3FF
:103100001288BFF36F8F606805F06CFCA8B986F376
:103110001188BFF36F8FEFE786F31188BFF36F8FCE
:10312000E5E7EFF31186314688F31288BFF36F8F1E
:10313000606805F057FC0028EED0BB6900201D70C8
:103140006368BA691B68C3F844250122C3F848259F
:10315000C3F82001D3F82041C3F85801D3F858012F
:103160009A6081F31188BFF36F8FBDE8F08100BFD3
:1031700003220020F8B50546002201210820FFF7B0
:103180009FF90820FFF76CF96C680121E06805F0F1
:103190005AFC6B681A682369C2F82435617D237D67
:1031A0000B43A17D0B43C2F86C356E68D6E9004332
:1031B00013F0010342D02F6907F1080000F05EFF11
:1031C0002D4B984254D1387A04F10C0204F59071D9
:1031D00005F091FE387A012707FA00F000F048FF69
:1031E0000823C4F80035B369C4F844350023C4F893
:1031F0004835A760D4F85831002BFBD00026C4F81E
:1032000000656B683146D86805F01DFC6D68314675
:10321000E8682C6805F017FC0823C4F800352A7A02
:1032200052B9EB69C4F834350123C4F83835C4F811
:103230001021D4F8102123600020F8BD0822C4F822
:103240000025B269C4F84425C4F848350123A360B9
:10325000D4F82031002BFBD00023C4F82031D4F85F
:1032600020310123E3604FF48073C4F80433C1E7D5
:103270006FF00400E1E700BF0000AD0B2DE9FF4156
:1032800005690646AA6CD0F804802B6D002A35D15A
:10329000002B53D0B8F83040686C9C4228BF1C46C5
:1032A000EF6CEB6C53B12A6D42B107F06042B2F1A2
:1032B000005F03D0082C28BF08246F6E6A6CAC65D1
:1032C0001AB1AA6C002A18BF224601921BB12B6DBD
:1032D000002B18BF23460090002269464046039306
:1032E000029701F0E7FC184B984229D06FF00401D7
:1032F000304604B0BDE8F04105F0A1BC696CEF6C4C
:103300000846B8F83040ABB1934228BF13469C4200
:1033100028BF1C460029C4D001F06043B3F1005F10
:10332000BFD0082C28BF0824286E224604F01DFFB9
:10333000286EB6E7944228BF1446EBE71946D7E754
:1033400004B0BDE8F08100BF0000AD0B2DE9F04FE7
:103350008DB001934368054602938B8804699804F5
:10336000884691462DD44FF0FF324FF0FF3304F1E1
:10337000100001F0EDFFC4F80480D5F804B0D5F8D2
:1033800010A0DBF8083003939AF85D3023B1DAF827
:103390000030984500F0A180B8F804E01EF4006FFA
:1033A00016D06FF0850623689B8813F4005304D170
:1033B000636004F1100001F097FF30460DB0BDE8E6
:1033C000F08FA369002BCED163689942CBD1D4E7AB
:1033D0001EF0090F02D06FF01506E4E7CEF3451397
:1033E000082BF8D1D8F800C08D4B9C45F3D904AE1A
:1033F0000BF10C070FCF0FC697E80F0086E80F0000
:10340000039B634528BF63469C46864B9C4511D26F
:10341000854B9C454AD8854B9C4549D8844B9C4557
:1034200048D8844B9C4547D88349844B844A8C4573
:1034300088BF13461EF0020F09930EF004033DD01F
:10344000002B14BF032302238DF82830CEF3001382
:103450008DF82930DBF80030D3F80825511C10D046
:103460001EF0020F02F01F004FF0010375494FEAF2
:103470005212CEF3400625D1002A40F0CB80834083
:10348000CB609AF85D302BB1584601F0D7FB002392
:103490008AF85D302B4658466B4A04A901F09AFB26
:1034A0006A4B984214D06FF004067CE7684BC1E782
:1034B000684BBFE7684BBDE7684BBBE7003B18BFF5
:1034C0000123C1E7002A40F0A78083408B60D8E742
:1034D0000123CAF800808AF85D30012384F85C304B
:1034E000029B996B4A1C03D003F13C0000F0E8F802
:1034F000B9F1000F68D1C4F834900023A36304F13C
:10350000480204F1380104F1340005F0B0FA019BDF
:103510006064002B60D1E3630023236404F1500254
:1035200004F1400104F13C0005F0A1FA002601215C
:103530003246E0642663204605F0E1FA2846FFF7AC
:103540009DFE32463346A06B83424DD1002319467F
:10355000266CB1424FD19A4238BF1A4627464FF4E3
:10356000FA534FF0000803FB02F657F8203B4FF4E4
:10357000004C1B684146B6FBF3F640F2E730C83614
:103580004FF47A720023E6FB0C01FCF7DBFD0246E8
:103590000B46384601F0DCFE024618B9266B16F1E0
:1035A000740F2FD10298C4F8588001F047FB6FF0D8
:1035B0007301284684F85D8005F041FB384601F030
:1035C000EDFE6FF07306EEE6D9F800306363002B72
:1035D00093D0D9F8043091E7019B1B68E363002B7B
:1035E0009AD0019B5B6898E7616B01EBC301496866
:1035F00001330A44A8E7E06B00EBC10040680131E9
:103600000344A6E7002E3FF4CEAE0146286905F03C
:1036100076FAC8E6F660FFDE00239B60FBE700BF9A
:1036200047E8010000127A00FF083D007F841E0079
:103630003F420F001FA107008FD0030048E80100A0
:1036400090D0030000258450618C00000000AD0B79
:1036500000093D0080841E0040420F0020A10700A9
:103660000123F0B587B08DF80230022300248DF8D5
:1036700004306B4403930F4601AB0DF10301049337
:1036800005460291059401F033F80C4B064698422A
:103690000FD13946284603AA00F0B0FEB0420BD045
:1036A00028469DF8031001F01BF86FF0040007B0E6
:1036B000F0BD6FF01200FAE72046F8E70000AD0B0E
:1036C0002DE9F0410D46064605F0D1FC00220746E3
:1036D0002946304601F014F86B0905F01F0429D182
:1036E000174B03EB8404D4F80022164B134043F02D
:1036F0000C03C4F8003205F018FB80463368DB5930
:103700007BB100273046294605F0AFFCD4F80022F3
:103710000C4B3846134043F00403C4F80032BDE8B4
:10372000F08105F002FBA0EB08000628E6D96FF057
:103730007307E7E70023803453F82430FFDE00BF2F
:1037400000258450F0F8FCFF0123834070B5DC4372
:103750000B4AD2E8EF1F01EA0405C2E8E65F002E3B
:10376000F7D14FF4803282400648C0F80823BFF3F7
:103770005F8FBFF36F8F0B4214BF0120002070BD1D
:10378000441E00200050015070B40E4922F07F46C4
:10379000D1E90034D01AC31844F10004C1E900345F
:1037A000A6F50013B3F5400F09D2074B1B681A0AA0
:1037B0001B069C19054B42F10005C3E9004570BC8E
:1037C00002F0F2BA98010020481E0020A00100205B
:1037D000D9B101230D4A8340D2E8EFCF4CEA030C64
:1037E000C2E8E1CF0029F7D14FF48033084A834083
:1037F000C2F80433074BD3E8AF3FC340DB0742BFF7
:103800004FF40012044BC3F800217047441E0020FF
:1038100000500150401E002000E100E00D4B1868F0
:10382000010A0006BFF35F8F0B4BD3F8043518185D
:1038300041F10001B3F5801F0AD2084BD3E9002300
:10384000904271EB030303D210F1807041F100014B
:10385000704700BF481E002000500150A00100200A
:103860002DE9F04F85B016461F4604469DF840A04E
:10387000FFF76AFF0190FFF7D1FFB04271EB07033A
:1038800052D23B4B301A67EB0101984271F10001B3
:103890004DD2384B03EB0413D3E902239F4208BFF8
:1038A000964258D04FF48038334908FA04F820463D
:1038B00026F07F4BC1F8488305F02BFA4FF003093F
:1038C000584604F15005AD00ADB205F1502504F5A0
:1038D000A87305F580350293029A20F07F4341F8E2
:1038E0002230C1F84483D1F80435244AC01A033881
:1038F00020F07F4090422ED9286868B1D1F8043575
:10390000A3EB0B0020F07F40B0F5000F039322D90A
:10391000204605F0FEF9039BBAF1000F07D109EB31
:10392000030009F10109D7E7BAF1000F09D06FF0E0
:10393000150520460199FFF74BFF284605B0BDE865
:10394000F08F01230E4AA340D2E8EF0F1843C2E8DC
:10395000E10F0029F8D107490E982301C8500F9BA9
:1039600001EB04120025C2E902675360E1E700BFE2
:10397000010080008801002000500150FDFF7F0001
:10398000401E00207FB500254FF0FF304FF0FF3183
:10399000194C1A4B0226C4F80833C4F84833184BA4
:1039A000C4F80855C3E902014FF480334FF4001204
:1039B000C4F80433134B0121C4F804631520C3F881
:1039C00080212A46FEF77CFD1520FEF749FD0123E4
:1039D0000D4AA360236013600C4B0D4A00932846E8
:1039E0000023CDE90155FFF73BFF3046FEF766FFA8
:1039F000284604B070BD00BF0050015003000F0006
:103A00008801002000E100E0441E0020893700000A
:103A1000FFFF7F002DE9F7432E4BD3F804239007D7
:103A20000BD5D3F8042142B10022C3F804212A4A5D
:103A3000D3F80431136801331360264AD2F80433F3
:103A4000D90326D5254BD3E8EF1F21F00100C3E8A9
:103A5000E40F002CF7D1CB0702D4D2F84031C3B128
:103A600000251C4CC4F84051D4F84031FFF7D6FE75
:103A7000EFF31182202383F31288BFF36F8F184B6B
:103A8000D3E90267B042B94106D282F31188BFF38D
:103A90006F8F03B0BDE8F0834FF0FF38D3E900101B
:103AA0004FF0FF391D60C3E902894FF48033C4F839
:103AB0004833C4F84051D4F8403182F31188BFF341
:103AC0006F8F0029E5D0009032463B462846884754
:103AD000DFE700BF00500150481E0020401E0020BC
:103AE0008801002030B5431C124C85B005D08442BB
:103AF000A8BF0446012CB8BF0124FFF78FFE0E4B70
:103B00000C4DD3E90013401AB0F5000F0FD2221864
:103B1000AA4228BF2A46002052180849CDE90100D0
:103B2000009143F10003FFF79BFE05B030BD2A462C
:103B3000F1E700BFFFFF7F009801002089370000F8
:103B400008B5FFF76BFE024B1B68C01A08BD00BF2B
:103B500098010020012310B5074C15206360FEF783
:103B60008DFC4FF40012054BC4F80833C4F84833F9
:103B7000034BC3F8802110BD0050015003000F001B
:103B800000E100E040EA0103C3F30E0330B58BB956
:103B900040F21515094CC90BC0F3C730994201D149
:103BA000002030BDC218D2B202F5C07244F82250D3
:103BB0000133F3E76FF01500F3E700BF003000506A
:103BC00030B5816885B0103921F00704054604F04E
:103BD00036FA10220146684604F0D2FA10226846EE
:103BE000064904F0C2FA10236A462146284604F02A
:103BF000F5F9003818BF012005B030BDE69C000083
:103C000030B50D46816887B0102302AA10390446EA
:103C100004F0CFF9002802DA012007B030BD1022ED
:103C2000204602A905F0A4F800283AD110221E4926
:103C300002A804F08AFA00280CBF012302232B708B
:103C4000204605F081F8012301460DF107022046C8
:103C500004F0AFF90028DFDB9DF80730204603F0C1
:103C60000F021B096A702B7101220DF1070105F08B
:103C70007FF810B96B78042B03D901236B700023F4
:103C80002B71A2682046183A22F00702083AA91CB4
:103C900005F081F80028BFD12046E91C05F0D4F8D2
:103CA000BBE70323CBE700BFE69C0000F0B5354F30
:103CB00085B046000546694657F8260005F0CAF863
:103CC000044610B1FF2005B0F0BD013657F82600BC
:103CD00002A905F0BFF8012837D12A4649212A4810
:103CE00004F04CF9294B8DF80C40029300229DF80A
:103CF00000609DF80870264C3146207805F02AF8BF
:103D000050B33946607805F025F828B3A378042B22
:103D100003D09DF8031099421ED1E378042B03D001
:103D20009DF80B10994217D12379042B10D1627999
:103D3000022A1DD1174B18482A46492104F01EF9C2
:103D40006079831E022BBED9BCE70028CED0B9E72C
:103D50009DF802109942EAD00132032A04F10604C8
:103D6000CAD10E482A46492104F008F90120AAE7E1
:103D7000032A05D00A4B0B49042A08BF0B46DAE791
:103D8000094BD8E7349B0000F0A3000003010303B4
:103D900085A40000D2A300003BA400005FA40000A3
:103DA000D7A30000E9A30000CDA3000008B5EFF3FE
:103DB0001083012B0C4A07D1126ABFF34F8F511C9D
:103DC0004A424A41104608BD05F071F800B172B68A
:103DD000126ABFF34F8F531C5A425A4105F067F8DD
:103DE0000028EFD062B6EDE70080FF0008B5EFF3E2
:103DF0001083012B0B4A06D1D269BFF34F8F02F01B
:103E00000102104608BD05F052F800B172B6D26941
:103E1000BFF34F8F02F0010205F049F80028F0D0FF
:103E200062B6EEE70080FF0010B505F040F830B153
:103E30004FF050230022C3F81421C3F8182105F0D5
:103E400045F828B10122644BC3F8382AC3F8782515
:103E50004FF47F02D2F83031D2F83421BFF34F8FC4
:103E6000C3F30B03092B05D1012A1EBF01225A4BB4
:103E7000C3F8782505F02AF818B10E22574BC3F87D
:103E8000E42E05F014F830B10022534BC3F80C2790
:103E90000122C3F810270022D30003F57F03D3F8D3
:103EA0000013BFF34F8F013108D0D3F80013013254
:103EB000D3F80433B2F5807F0B60EDD1EFF31084BB
:103EC000FFF794FF00284DD0BFF34F8F444BD3F83A
:103ED0000024012AFBD1C3F80425D3F80024012AC9
:103EE000FBD1012C03D004F0E2FF00B172B6FFF762
:103EF0007DFF58B13B4AD36923F00103D361BFF37F
:103F00004F8F374AD2F80034012BFBD1FFF74EFF19
:103F100068B1344A136A23F0FF0343F020031362AD
:103F2000BFF34F8F2E4AD2F80034012BFBD1012C66
:103F300003D004F0BCFF00B162B60022284BC3F8E6
:103F40000425D3F80024012AFBD1BFF34F8F264963
:103F5000264BCA6802F4E0621343CB60BFF34F8F75
:103F600000BFFDE7FFF722FF0028ADD11E4AD2F8BF
:103F70008C3043F44063C2F88C304FF47F03D3F8A5
:103F80003021D3F83431BFF34F8FC2F30B02092A2B
:103F900016D1013B022B02D8154AD35C83B11148DC
:103FA000144903680E4A8B420CBF5A230023C2F8FF
:103FB000103EC36A8B420CBF5A230023C2F8003E56
:103FC000094AD2F8883043F47003C2F88830BFF34E
:103FD0004F8FBFF36F8F10BD0040005000A0035003
:103FE000009003500080FF0000ED00E00400FA059F
:103FF00097A40000FA50FA5030B50468ACB1B4FA96
:1040000084F30122C3F11F03DBB29A4024EA0202C7
:10401000D0E8EF5FA54204D1C0E8EC2FBCF1000F5F
:10402000F6D1EAD102480B7030BD0248FCE700BF70
:104030000000AD0B0200AD0B10B50368CB40DB07F1
:1040400010D401238B40026843EA0201D0E8EF4F0D
:10405000944204D1C0E8EC1FBCF1000FF6D1F2D1BC
:10406000014810BD0148FCE70000AD0B0400AD0B9A
:10407000014BC3F804057047007001500146014828
:1040800000F0B6B8A4000020044B1A7922B901222E
:1040900018601A7102487047024870474C1E002091
:1040A0000000AD0B0C00AD0B08B5084B1B6833B11D
:1040B0000520FEF7F7F910B90520FEF7D1F94FF00A
:1040C00050230122C3F8182508BD00BF4C1E002054
:1040D00010B510B1012847D010BD4FF05023D3F8D0
:1040E0001814D3F81824C90322D502F00303022BB5
:1040F00005D0012B02D0002004F004FF01234FF073
:1041000050220220C2F8183508224FF48273002191
:1041100003F1502319601C68012402F1502214603D
:10412000164A126822B34FF05023C3F80403D3E7B2
:10413000D3F81424D207E1D5D3F81C2402F00302EB
:10414000013A012AD7D80D4A12681AB10222C3F8DF
:104150000423C1E7D3F80421002AFBD00022C3F8CE
:104160000421D3F80431B7E700224FF48073CEE77F
:104170001A68002AFCD019601B68ADE74C1E0020AD
:10418000F8B54FF0502301250026D3F80443174F0C
:1041900004B9F8BDB4FA84F0C0F11F00830003F540
:1041A00080739BB203F1502305FA00F21968D2B272
:1041B00024EA02040029EBD01E601B684FF0502354
:1041C000022AC3F808230DD1D3F81814D3F8181411
:1041D00001F00301012905D1C3F81825C3F8042310
:1041E0009960D5E73B68C0B29847D1E74C1E0020E4
:1041F0000079024B03EB0010FFF7FEBEAC0000207D
:10420000036803F01F025B090260024818BF002028
:10421000704700BF0025845070B5C3B20C4C083302
:1042200034F813300546DA050E4607D5C3F34323A9
:1042300004EBC302526854F833309847A3682BB19B
:1042400031462846E268BDE87040184770BD00BF9F
:10425000541E0020024611F0010004D003490B6AED
:1042600013600B6203B90020704700BF0025845023
:1042700010B4134AC0B2083032F81030D9051CD53A
:10428000C3F3432123F4F85322F81030002002F145
:104290000E0434F8023F13F4807F03D0C3F34323AA
:1042A00099420AD001302028F3D1002342F831305E
:1042B00004485DF8044BFFF7BFBE5DF8044B704740
:1042C000541E0020AC1E0020F0B50446002001253D
:1042D000064601F1A05101F55151104A89008A4268
:1042E0000BD10F4BD3F87C2132B10022C3F87C21D3
:1042F000D3F87C3140F00040F0BD02F13043A3F52B
:1043000051439B0805FA03F31C4204D0176817B108
:104310001660176818430432E1E700BF00D100506F
:1043200000D00050064BC0B2083033F810008306AE
:1043300043BF400B800000F580704FF4BE707047A3
:10434000541E0020CBB2024608460D49083331F80E
:104350001330990611D599070FD4012110685B0B12
:104360009940C0F80813126802EB8303D3F81025B4
:1043700022F00302C3F810257047002104F064BE48
:10438000541E0020F7B5194ECDB2083536F8153059
:104390000746DB070C4626D5FFF7D4FF36F8153065
:1043A0009A0608D55A0B3B6803EB82030022C3F838
:1043B0001025C3F810252046FFF75AFF002301A857
:1043C00026F815300194FFF71BFF019B00EB8300DB
:1043D000D0F80022064B134043F00203C0F800322D
:1043E000044803B0F0BD0448FBE700BF541E0020A2
:1043F000F0F8FCFF0000AD0B0400AD0B2DE9FF4110
:10440000136807460C461646FBB1DFF84881CDB26B
:10441000083538F8152002F02202222A22D0002284
:104420002046CDE900228DF80E208DF80F200DF1E9
:104430000E010DF10F0204F0BEFD38F8153023F027
:10444000020343F0010328F81530736863B393F84F
:1044500000C058683F4AE3B2083332F813108D07A2
:1044600002D5C8B13C4822E021F02001C904C90CA2
:1044700022F8131080B1BCF1030FF3D870683D68C7
:10448000406890F800E005EB8E05BCF1000F11D1FB
:10449000C5F810C5C5F810C532F8131021F01C017D
:1044A00041EA8C0122F81310B3684BBB2B4804B0CF
:1044B000BDE8F081D5F8108541EA4E3128F00308B7
:1044C000C5F810853D6841F0200105EB8E05D5F853
:1044D000100522F8131020F4473020F44070C5F87E
:1044E00010052002D5F8107500F4F85040EA0C4091
:1044F0003843C5F8100502EB4E00A0F85C40CBE74E
:104500002046D3E90067FFF7B3FE002ECED0114D51
:10451000D5E90023964203D19F4201D1002209E050
:104520000F480DF10F01FFF767FD0C4B9842BED10C
:104530009DF80F20E4B205EBC20308345F6035F844
:10454000143045F8326043EA422343F4807325F87F
:104550001430ABE7541E00200400AD0B0000AD0B7F
:10456000AC1E00202DE9FF4107460C461E4612B343
:10457000DFF8D480CDB2083538F81530980701D46B
:10458000990621D413F01C0F02D05378012B1BD0B5
:1045900001238DF80F3000232046CDE900230DF1D3
:1045A0000F01931C013204F006FD38F8153043F07A
:1045B000030328F81530002E44D0234DE1B2083112
:1045C00035F81120930703D4204804B0BDE8F081EA
:1045D000002096F800E03B6822F02002D20403EBB2
:1045E0008E03D20CC3F8100525F81120C3F810056E
:1045F00096F801C04FEA8E08BCF1000F22D038684F
:10460000B6784044D0F810354FEA0C4C23F4981398
:1046100023F4F853C0F81035230203F4F8530CF4D4
:10462000403C3605D0F8107543EA0C0306F48016BA
:10463000334342EA4E323B4342F02002C0F8103589
:1046400025F811200248C0E7541E00200400AD0BDD
:104650000000AD0B014BC3E902127047541E00204D
:10466000054BC9B2083133F81130990643BF5B0BD3
:104670000248137002487047541E00200000AD0B22
:104680000400AD0B70B50E4C064694F86C50A5B9FD
:104690004022294604F1100003F072FD3068C0F892
:1046A0007C51D0F87C3140F30730FDF7D9FE01236F
:1046B000044884F86C30A36570BD0348FCE700BF74
:1046C000541E00200000AD0B0C00AD0B034B93F803
:1046D0006C00003818BF0120704700BF541E002036
:1046E0000079024B03EB8000FFF7A6BCBC00002062
:1046F0000079024B03EB8000FFF77EBCBC0000207A
:1047000073B5CBB20C462149083331F81330016838
:104710009D0619D513F0020616D15B0B9C0004F51B
:1047200080754E51495901682144D1F8104544F033
:104730000104C1F810452AB10122016802FA03F30D
:10474000C1F8043302B070BDD1F80423C3F382036F
:10475000002AA4BF4FF00042C1F80423042B11D05B
:10476000052B11D001A80194FFF74AFD019A0369B6
:10477000D34003F00103991C204602B0BDE870400D
:1047800004F062BC0321F7E70221F5E7541E002084
:104790002DE9F3474F4B0821D3F80403C0B240F092
:1047A0000040FFF791FD051E16DA0023012168463F
:1047B00000930127FFF74EFDDFF81C81009999B99E
:1047C0004FF00040FFF780FD01216846FFF742FDF2
:1047D0000028F3D125F0004501243E4E3E4F002D28
:1047E00063D102B0BDE8F08791FAA1F4B4FA84F481
:1047F000E00804F1080338F8139004F007021DF8EC
:10480000003007FA02F223EA02030DF8003001A893
:104810000194FFF7F5FC019B4FEA9901803350F8B2
:104820002360C9F3820A4B07D146C6F3014621D55E
:1048300020465146FFF7F0FC01A80194FFF7E0FC89
:10484000019BF6B2803350F82330C3F301439E42FC
:1048500007D10021204604F0F7FB3146204604F042
:10486000F3FB01A80194FFF7CBFC019B07FA03F3CC
:104870000362A3E7022E0CD10321204604F0E4FBDF
:104880000AF00503012BECD149462046FFF7C4FC92
:10489000E7E70221204604F0D7FBBAF1030FF3D07B
:1048A000032EDED1BAF1020FEDE795FAA5F3B3FAC4
:1048B00083F304FA03F225EA020503F5A27256F81F
:1048C000221007EB4303B3F85C00C1F30141FFF78B
:1048D000A3FC84E700D00050541E00200022034BAC
:1048E000C3F88425C3F80425704700BF0090035027
:1048F000044AD2F80834DB07FBD50160BFF35F8FB1
:10490000704700BF0090035008B5C0F30B0383B994
:104910000222094BC3F88425C3F804254FF0FF3267
:104920000260D3F80024D207FBD5FFF7D7FF034876
:1049300008BD0348FCE700BF009003500000AD0B2A
:104940000A00AD0B012208B5054BC3F88425C3F856
:104950000425FFF7CDFFBDE80840FFF7BFBF00BF4C
:1049600000900350430904D10123034A834093601C
:10497000704700239B60FFDE002584500C4B98425B
:1049800013D00AD80B4B98420FD00B4B98420CD047
:104990000A4BC31A584258417047094B984204D0F9
:1049A000084B984201D0084BF3E70120704700BF45
:1049B00040420F0090D0030020A1070048E801000A
:1049C00000093D0000127A0080841E00431C14D0B0
:1049D00000F01F0340090BD1084A02EB8302D2F812
:1049E0000012074B0B4043F00203C2F8003270473D
:1049F0000022803352F82330FFDE704700258450B8
:104A0000F0F8FCFF430904D10123034A8340D3603B
:104A100070470023DB60FFDE0025845038B5144664
:104A2000421C054616D0012902D1A3B1FFF79AFF17
:104A300005F01F036D0911D10B4A41EA840402EB12
:104A40008303D3F80002094A0240144344EA4101B7
:104A5000C3F8001238BDFFF7D5FFE9E70022803325
:104A600052F82330FFDE00BF00258450F0F8FCFF31
:104A70002DE9F843504B4D6906469D420C4690F88F
:104A8000049000F0848077D84C4B9D4200F08280E7
:104A90004B4B9D4200F081804A4B9D420CBF4FF032
:104AA00000754FF080452422DFF82481E07E02FB70
:104AB0000983997F60F3000199773379217C02FBA8
:104AC00003839A7F61F341029A77E77EEFB9237EF1
:104AD0003A46012B94BF0023012301212068FFF7F0
:104AE0009DFF3B463A4601216068FFF797FF3B4632
:104AF0003946A27EA068FFF791FF237C3A46012148
:104B0000E06883F00103FFF789FF242303FB098397
:104B1000E2681A62217C9A7F61F341029A77277FCB
:104B2000A07C217E637E326847B9D4E900C7A468BF
:104B3000C2F808C5C2F80C75C2F81045003B18BF92
:104B400001230229C2F8C005C2F824552BD003293D
:104B50002CD0012901D143F00203C2F8543524229C
:104B60003379534358F803301BB33068BDE8F8433A
:104B700040F30730FDF774BC134B9D4210D0134B2C
:104B80009D420CBF4FF000454FF080458BE74FF042
:104B9000805588E74FF0806585E74FF0006582E734
:104BA0004FF000557FE743F00403D6E743F00603D8
:104BB000D3E7BDE8F88300BF40420F0090D0030068
:104BC00020A1070048E8010080841E0000127A003E
:104BD000C41E00202DE9F8430746242597F80480D9
:104BE000124C05FB08F504EB05091E4699F81C302C
:104BF000C3B999B14869FFF7C1FEA8B138466251FF
:104C0000C9F80460FFF734FF242303FB08440023A2
:104C10006377012306482377BDE8F8836251C9F81A
:104C20000460F1E70348F7E70348F5E7C41E0020F6
:104C30000000AD0B0C00AD0B0400AD0B2DE9F041F5
:104C4000044606790068194D40F30730FDF716FC5D
:104C500024237343EB5853B12368154A06EBC6016E
:104C6000C3F80823206805EB810104F05FFA23688C
:104C7000242404FB0654D3F80805D3F80C75D3F8A4
:104C80001085A37FDB070AD4FFF7A0FE4046FFF79D
:104C90009DFE3846FFF79AFE206AFFF797FE242311
:104CA00003FB065500232B77BDE8F081C41E0020CE
:104CB0005201080024232DE9F0430779534D7B432B
:104CC0009046EA180E46517F814685B0002940F093
:104CD0009B80EB5823B118F0140F04BF01235377C6
:104CE000242496E80F0004FB075404F10C0C8CE814
:104CF0000F00206A421C04D0A37F9B071AD5FFF740
:104D000031FE3368D9F8004023B103F06043B3F1BA
:104D1000005F06D1B36883B103F06043B3F1005F75
:104D20000BD02423002203FB075339485A7705B0E0
:104D3000BDE8F083FFF766FEE3E718F0010318BF54
:104D40000123C4F8503518F0020318BF0123EC46C4
:104D5000C4F8403596E80F008CE80F00039BC4F8B8
:104D60004405C4F84815C4F83425C4F83835002380
:104D7000C4F81831D4F818310723C4F800352423B7
:104D80007B4318F0080F05EB03021DD10121E85801
:104D9000216158B9D4F81831002BFBD0624640216C
:104DA000204604F085F924237B43EA18EB5813BB13
:104DB000106A461C13D107EBC707204605EB870195
:104DC00004F0B4F91348B2E7EB58A3B9106A411CD8
:104DD000F8D0937F9A070BD5FFF714FEF2E7937F85
:104DE0009B0702D5FFF70EFEE5E7FFF7BBFDE2E705
:104DF000FFF7B8FDE6E7402318F0040F14BFC4F82E
:104E00000833C4F80433DDE7034890E7C41E0020EC
:104E10000A00AD0B0000AD0B0B00AD0B10B540212F
:104E20000F4A104804F044F9C8B10F4C206A421CE4
:104E300004D0A37F9B070FD5FFF7E4FD637F1BB171
:104E40000949084804F072F9002323720748D4E99D
:104E50000031BDE810401847FFF784FDEEE710BDB4
:104E6000D01E002000B00050C41E0020CC1E002028
:104E700038B5EFF31185202383F31288BFF36F8FCA
:104E8000064B9C6804F083F985F31188BFF36F8F9C
:104E90002046BDE83840FDF771BA00BFE81E00208B
:104EA00038B50A4B53F82040013053F82050A54242
:104EB00000D838BD606830B1037FDB0701D404F04F
:104EC00069F90834F3E723689847FAE73C9B000048
:104ED000012270B5294B032086B01A70FFF7E0FF5E
:104EE000FCF7AAFF0420FFF7DBFF254C254D2646E3
:104EF000AE4204F1300410D300F05AFC204C224E94
:104F0000AC4226D300F068FCFBF784FA1F4A137BFF
:104F100023F00103137306B070BD54F80C3C0593E5
:104F200054F8103C049354F8143C039354F8183C80
:104F3000029354F81C3C019354F8203C009354E92C
:104F40000A2354E90C0100F063FA54F8303C5E6522
:104F5000CDE7D4E90A23B3F1FF3F08BFB2F1FF3F29
:104F600005D052EA0301206803D100F0F1FC30348F
:104F7000C6E73146183000F085FEF8E7032200202E
:104F80001498000014980000AD93000068020020FF
:104F900008B50348034A0021121A04F012F908BDAB
:104FA0008801002008220020C02370B5134E012282
:104FB00003FB0066002386B0CDE904230F22019392
:104FC000CDE9023218234FF4A0720D4D0D4903FBB9
:104FD0000055044602FB00110B4B3046009500F0D3
:104FE00017FA737B2C7423F004037373074B01349B
:104FF00003EBC423EE606B6006B070BDA801002017
:10500000E81E0020082A00208992000008220020C3
:10501000BFB50020FFF744FF274B03F5006282F382
:10502000088883F30A880024E023244D244F85F860
:105030002230EC772C766C76AC7685F820406B6A63
:1050400043F4E0236B6285F82340FDF72BF9FDF76D
:10505000EDFA4FF0FF331B48AB62EB6200F008FA49
:1050600004F081F80120FFF71BFF0220164DFFF727
:1050700017FF00F0E5FB154B15499D61154B4FF4EB
:105080002052059301232846CDE90343CDE901448D
:105090003B46009400F0BCF906466A7B284622F0A5
:1050A00004026A7304F056F92046FFF77DFF3A4682
:1050B00031462846FDF792FA0822002000ED00E074
:1050C000D14E00002803002068020020E81E0020C6
:1050D000482B00209AA40000002038B5054C064D4E
:1050E000AC4200D338BD204604F06FF80028F9DB4D
:1050F0001C34F5E7380100203801002073B50C4658
:10510000EFF31181202585F31288BFF36F8FC568F7
:105110005DB125602B68C360836901338361002022
:1051200081F31188BFF36F8F11E052EA030603D1B8
:105130006FF00B002560F3E7CDE90023024608304D
:1051400000F07CFA18B9034B9B681B69236002B01E
:1051500070BD00BFE81E00202DE9F341044617464C
:105160001E46EFF31188202383F31288BFF36F8F5D
:10517000C368334A7BB180689168884219D057EA86
:10518000060318D188F31188BFF36F8F6FF00F00FB
:1051900002B0BDE8F081916891F90E100133E3602F
:1051A00093682161A36088F31188BFF36F8F00209B
:1051B000EEE72169F2E791F90E1090F90E306FF0E9
:1051C0007E029942A8BF19469142B8BF11468B4250
:1051D0002DDD04F064F8054622464146CDE900760F
:1051E000184800F02BFA0028E1D0EFF311862023B5
:1051F00083F31288BFF36F8FA068D0B12368216951
:105200009C420AD04BB193F90E309942A8BF19467F
:105210006FF07E039942B8BF194604F040F840B1E0
:105220003146084800F09EFA6FF00A00B0E700250A
:10523000D2E7002DF4D186F31188BFF36F8FF3E727
:10524000E81E002004220020F8B583680546002BE4
:105250003FD0234A926893423ED1C368012B03D9C1
:10526000013BC3600020F8BDEFF31187202383F3D7
:105270001288BFF36F8F0169806804F010F82C6802
:10528000AC4207D10023C5E9023387F31188BFF38D
:105290006F8FE7E7002CF5D0D4E9003200261360C9
:1052A0005A60637BC4E9006623F002036373A6605F
:1052B00004F1180004F0BCF8AC6094F90E302046FC
:1052C0002B61A66704F046F83946064800F04AFA12
:1052D000C8E76FF01500C6E74FF0FF30C3E700BF27
:1052E000E81E00200422002070B5EFF31186202371
:1052F00083F31288BFF36F8F0468A0421AD0CCB139
:10530000D4E90032002513605A60637BC4E900557C
:1053100023F002036373A56004F1180004F088F819
:105320002046A56704F016F83146BDE870400748EE
:1053300000F018BAD0E902329A4218BF01338360F4
:1053400086F31188BFF36F8F70BD00BF0422002069
:1053500013B5EFF31181202484F31288BFF36F8F0C
:10536000846844B1013C846081F31188BFF36F8F7E
:10537000002002B010BD52EA030406D181F3118867
:10538000BFF36F8F6FF00F00F3E7CDE90023024604
:10539000014800F053F9ECE7042200202DE9F04128
:1053A0000546EFF31187202383F31288BFF36F8F35
:1053B00000236FF00A081E462C68A54216D0ACB137
:1053C000D4E9003213605A60637BC4E9006623F0BD
:1053D00002036373A66004F1180004F029F8204664
:1053E000C4F8788003F0B6FF0123E5E70022AA6045
:1053F0002BB13946BDE8F041044800F0B3B987F35A
:105400001188BFF36F8FBDE8F08100BF0422002038
:105410002DE9FF410E9E00F1580506730426C0E9F0
:1054200016550025044646730D9EC0E90655867341
:10543000D61D0C9A26F00706C0E919168560C573BB
:10544000C56602920B9A01EB060801920A9A009235
:105450004246FDF77FF8054B65659B6803B11B6FFE
:105460004046236704B0BDE8F08100BFE81E00207D
:1054700040F2011383810023C0E919330367014B14
:1054800098607047E81E00206FF00A01084A936890
:105490009967084958674B6843F080534B60002375
:1054A00083F31188BFF36F8F9368986F704700BFC5
:1054B000E81E002000ED00E070B590F90D20437B60
:1054C000002A36DBD90634D11B4C63F07F03224619
:1054D000437352F81C3F216A934207D1C0E900216F
:1054E0000860206211E09942F8D01B68002BF5D0CB
:1054F00090F90E5093F90E60B542F4D0AE42F2DD51
:105500005968C0E9003108605860E569954200D0EB
:1055100005B9E568A3685A7BD20604D1DA897F2AE7
:1055200001D9AA6932B1AB4202D0284600F008FB8B
:10553000A56170BDA361FCE7E81E002038B590F9B5
:105540000D200146002A437B04DA03F07F034373F6
:1055500003F0C6FE0D4D2A4652F81C4FAB6894422C
:1055600000D004B9EC688B4207D05A7BD20604D134
:10557000DA897F2A01D9A2692AB1A34202D0204642
:1055800000F0DEFA2346AB6138BD00BFE81E002004
:10559000B3F1FF3F08BFB2F1FF3F03D0024918301B
:1055A00000F070BB704700BFAD93000070B590F97C
:1055B0000D200146002A437B04DA03F07F03437386
:1055C00003F08EFE1C4C4B7B224663F07F034B7333
:1055D00052F81C3F206A934207D1C1E900200160C4
:1055E000216211E09842F8D01B68002BF5D091F9A8
:1055F0000E5093F90E60B542F4D0AE42F2DD586819
:10560000C1E9003001605960E569A368954200D0A6
:1056100005B9E5688B4207D05A7BD20604D1DA89F6
:105620007F2A01D9AA692AB1AB4202D0284600F0EC
:1056300087FA2B46A36170BDE81E0020F8B5DDE9AE
:1056400006670D4B0C46986811460C4A1060EFF344
:105650001182202282F31288BFF36F8F9D68284643
:1056600003F050FE284632463B46FFF791FF2046A6
:10567000BDE8F840FFF708BFE81E00200C1F00201F
:10568000F8B50446EFF31187202383F31288BFF3A4
:105690006F8F437B49B203F01F02002A0CBF012623
:1056A000002639D103F07F032D4D437303F018FE1C
:1056B0002A46437B817363F07F03437352F81C3F98
:1056C000934227D1286AC4E9002004602C620FE0CD
:1056D0009842F8D01B68002BF5D093F90EC06145B5
:1056E000F6D08C45F4DD5968C4E900310C605C608B
:1056F000EC69944200D004B9EC68AB689C4202D0DB
:10570000204600F01DFAAC6187F31188BFF36F8F5C
:105710003046F8BD286ADEE79B071ED5856803F092
:10572000DFFD81732B689D4209D16B68C4E900538A
:105730001C606C60E8E76A689342F6D01B68002B37
:10574000F3D093F90E209142F5D08A42F3DD5A68E6
:10575000C4E9003214605C60D6E78173D4E700BF0F
:10576000E81E002049B9EFF3058030B9054B9A696E
:105770009B689A4201D0FFF787BE81F31188BFF37F
:105780006F8F7047E81E0020034648B9EFF305828B
:1057900032B9064A91699268914201D0FFF774BE0E
:1057A00083F31188BFF36F8F704700BFE81E00209E
:1057B000EFF31181202383F31288BFF36F8F054B22
:1057C0009A68D37B013BD37381F31188BFF36F8F4A
:1057D000704700BFE81E002070B5EFF3118620234C
:1057E00083F31288BFF36F8F144DAB68DA7B0132FD
:1057F000DA732A4652F81C4F944200D004B9EC6880
:105800005A7BD20604D1DA897F2A01D9A2692AB14A
:10581000A34202D0204600F093F92346AB6186F301
:105820001188BFF36F8FEFF31180202383F3128869
:10583000BFF36F8FBDE87040FFF7A6BFE81E0020E2
:10584000024B03F11C02C3E907227047E81E002047
:1058500070B5EFF31186202383F31288BFF36F8FA7
:105860001B4CA168206A0B68814214BF1A460022B3
:1058700049680B605960A368216A2AB9154AC3E9CF
:1058800000210B6023620CE093F90E0092F90E5098
:10589000A84218D0854216DD5168C3E900210B608B
:1058A0005360E5690B4B9D4200D005B9E568A368DC
:1058B0009D4202D0284600F043F9A5613046BDE87C
:1058C0007040FFF7E1BD8A42D8D01268D5E700BF2B
:1058D000E81E0020041F0020F8B550EA0103064628
:1058E0000C4603D1FFF7B4FF0020F8BDEFF311879A
:1058F000202383F31288BFF36F8F124D124BA868D9
:105900001860FFF71BFEA868234632460F4918307F
:1059100000F0B8F9AA680446537B384643F0040304
:105920005373FFF7B1FDAB68D3E90A23B3F1004F1E
:1059300008BF002AD8D103F0A3FD201A20EAE070A6
:10594000D3E700BFE81E00200C1F0020AD9300002D
:1059500038B50446EFF31185202383F31288BFF393
:105960006F8F437B5B070FD5183003F061FD637BBE
:10597000204623F004036373FFF79EFD2946BDE82C
:1059800038400448FFF7EEBE85F31188BFF36F8FF0
:1059900038BD00BF04220020014B9868704700BF4B
:1059A000E81E00202DE9F8430446077BEFF311853C
:1059B000202383F31288BFF36F8F437B190705D52C
:1059C00085F31188BFF36F8FBDE8F883D90943F0E1
:1059D00008025DD14273A36813B1204603F088FC2E
:1059E00004F1180003F024FDA66D04F15808B04539
:1059F00011D04FF0000976B1304603F079FC06F182
:105A0000180003F015FD3046C6F87890FFF754FDF6
:105A1000A66DB045EFD1DFF8C880D8F808309C42B9
:105A20003ED1EFF30589B9F1000918BF4FF0010924
:105A3000D8F81C60284A964200D00EB9D8F80C60FD
:105A4000B34202D0304600F07BF82046C8F8186018
:105A5000FCF7A0FDB9F1000F02D02048FFF708FDC8
:105A6000D8F808309C4231D1EFF3058373BB227B19
:105A7000D20718D42846FFF707FDFB07A4D500235B
:105A800083F31188BFF36F8F0423184602DF9BE76F
:105A900003F07F0343F00803437303F021FC9AE70C
:105AA0004FF00009C4E785F31188BFF36F8F83F3CC
:105AB0001188BFF36F8F0423184602DFEFF31180C4
:105AC000202383F31288BFF36F8FD4E785F3118807
:105AD000BFF36F8FD1E700BF041F00202803002011
:105AE000E81E00200122044BC01A044BC01058438A
:105AF000034B1A54704700BFE8030020ABAAAAAAC0
:105B000004220020C3897F2B12D80A4B1B6863B183
:105B1000094B90F90E201B689A4209DB437BDB0698
:105B200006D1064BC31A18BF012303F001007047CA
:105B30000023FAE7C0000020101F0020A801002069
:105B400070B50E4B0E4C1E7C054606EB460304EB6F
:105B5000C304204603F06CFC00220A4B28469A55E9
:105B6000FFF7D0FF48B1084B2046BDE870401A68E7
:105B70000649013AD31700F085B870BDE81E002031
:105B8000E803002004220020C0000020E55A0000A5
:105B900038B5EFF31185202383F31288BFF36F8F9D
:105BA000104B114A9C681068A04206D1FFF7C8FF4D
:105BB00085F31188BFF36F8F38BD00211B7C116006
:105BC0000A4AD35C002BF3D02046FFF79BFF002846
:105BD000EED0637BDB0602D12046FFF7E7FC2046D0
:105BE000E4E700BFE81E00200C1F00200422002074
:105BF000074808B5074A0849121A03F0E4FABDE855
:105C000008400648064A0749121A03F0DCBA00BFEA
:105C10000000002088010020A0A400000000002057
:105C200000000020A0A40000024B1868984208BFA2
:105C300000207047C4000020034B1B680BB9FDF720
:105C40007FBF0020704700BF141F002030B570B127
:105C50000B4B5B6898420AD0036843B1D3E9042137
:105C6000D0E90445121941EB0501C3E90421D0E94B
:105C7000003213605A600023C0E9003330BD00BF1A
:105C8000C4000020B3F1FF3F08BFB2F1FF3F2DE990
:105C9000F84F0446994615461F467BD08160EFF3C6
:105CA0001188202383F31288BFF36F8F013279F1BB
:105CB000FF33DFF8ECA020DBFFF7BEFFDAE90027B7
:105CC000013549F100092D1849EBE07306464FF004
:105CD0000109C4E90453AD1843EB0707FFF7A4FF1C
:105CE0000346DFF8C0E0DEF804A0EBB9C4E900EA3F
:105CF000CAF80040CEF8044028E06FF00103DAE96A
:105D000000125B1A4FF0FF3161EB02025B1B62EB8A
:105D10000902012B72F10001BCBF012300224FF0E8
:105D20000009C0E90432D9E7D3E9041CD4E904200E
:105D30008A4270EB0C0B24DA891A5A686CEB00006B
:105D4000C3E90410C4E9003214605C60FFF76CFF23
:105D500084420ED1114B1B685BB9B9F1000F02D11F
:105D6000FFF76AFF0646304603F04BFB0021FDF7C4
:105D7000B9FE88F31188BFF36F8F28463946BDE816
:105D8000F88F521A60EB0C009A45C4E90420ADD09C
:105D90001B68AAE700252F46EFE700BF141F00206D
:105DA00000040020C40000202DE9F047EFF3118526
:105DB000202383F31288BFF36F8F254F4FF0000825
:105DC00038604FF00009FFF72FFF224E3B68D6E9FD
:105DD000001E4FEAE37C50B1D0E90442A3427CEBC1
:105DE000020A19DAE41A62EB0C02C0E90442002448
:105DF0005B184EEB0C022046C6E900323C6003F013
:105E000000FB2146FDF76EFE85F31188BFF36F8F0F
:105E1000BDE8F047FFF7BCBE61184EEBE473C0E984
:105E20000489C6E90013FFF711FF85F31188BFF35A
:105E30006F8F83689847EFF31185202383F31288CF
:105E4000BFF36F8F3B681B1B3B60FFF7EDFEBDE7A9
:105E5000141F00200004002010B5EFF3118420234C
:105E600083F31288BFF36F8FFFF7E6FE0346054A00
:105E7000D2E90001181841EBE37184F31188BFF3F4
:105E80006F8F10BD0004002010B50A4C23681BB1B1
:105E900001232360002010BD00F0EAF80028F7D0AD
:105EA0000138062803D8044B53F8200010BD0348DE
:105EB00010BD00BF181F0020549B0000FE8FFFFF85
:105EC000BFF34F8F0549064BCA6802F4E0621343E3
:105ED000CB60BFF34F8F00BFFDE700BF00ED00E0D8
:105EE0000400FA0530B44FF0FE320025074B084C91
:105EF00008494968C3F80024C3F80424C3F80824F7
:105F0000C3F80C24C4F8005530BC08470010845076
:105F100000008450CC000020024BD0E90012C3E9FD
:105F200000127047CC00002010B5044650B16368E1
:105F300013F0685F05D0064A934202D000236260E6
:105F4000236010BD034B04485B689847EFE700BF30
:105F50002C5F5CA9CC000020709B0000C8B1436896
:105F60000D4A934213D013F0685F0ED0012350E81E
:105F7000002F194640E8001C9CF0000FF7D1012AC1
:105F8000F5D0BFF35F8F0020704704487047044886
:105F900070476FF4E04070472C5F5CA9E98FFFFF0A
:105FA000EA8FFFFF034680B1426809498A420AD05E
:105FB00012F0685F05D0BFF35F8F002210461A60B1
:105FC000704704487047044870476FF4E0407047DA
:105FD0002C5F5CA9E98FFFFFEA8FFFFF10B5044635
:105FE00020B10023034A2360626010BD0248FFF71E
:105FF00079FFF6E73A00003A989B00002DE9F0415E
:10600000174C4768066867608768C068A760E060EB
:1060100026600868134B144D18604868D5F818219D
:106020005860886812F0685F9860C8680969D8602D
:10603000196112D000230D4A05F58A70C5F8143194
:10604000C5F8B831C5F81821C5F8BC21B047236898
:1060500005F5DC70BDE8F0411847BDE8F08100BFF0
:10606000E8000020D4000020301F00202C5F5CA935
:1060700038B500F02FF820B1032400F063F8204673
:1060800038BD00F031F898B900F0ACF898B90F4D70
:10609000D5F828391B0EF02B08D1D5F8242A0C4B43
:1060A0009A420AD0072400F017F8E6E70624FAE738
:1060B0000424204638BD0024F5E7012000F092F8C2
:1060C00004460028F7D1C5F80C0AD8E70010845020
:1060D0000000E0200020704700207047014BC3F80B
:1060E000040A70470010845010B5114800F048F8B9
:1060F00000B110BD0F4800F043F80028F9D10E4C54
:10610000204600F03DF80028F3D10C4B0C481C60F1
:1061100000F036F801460028EBD100F02DF80446D7
:1061200008B1204610BD00F03FF82046FAE700BF56
:106130002801002024010020200100201801002057
:106140001C01002008B5084800F024F8074800F0BA
:1061500021F8074800F01EF8064800F01BF8BDE8DB
:10616000084000F00BB800BF2801002024010020E7
:10617000200100201C01002000207047704700BF54
:1061800008B5034B02681B6810689847002008BDDB
:10619000E800002008B5034B02685B681068984768
:1061A000002008BDE800002070B5094C094D2069A9
:1061B000AB68984718B1084B08485B6898470021BE
:1061C000074AEB6811602069BDE87040184700BFBE
:1061D000D4000020E8000020CC000020BC9B000080
:1061E0002C1F0020F8B51A4D1A4E0446B2682869D3
:1061F0009047E8B9184F3B684CB1A3B1012B19D0B7
:10620000013B3B602869F36898470020F8BD43B91B
:106210000121124AC2F800151149D1F81029002AAB
:10622000FBD101333B60F368286998470020F8BD33
:106230000C48F8BD0A4AD2F81039002BFBD1074AA6
:106240006FF07E40C2F80035FFF748FF3B68D7E7A4
:10625000D4000020E80000202C1F00200000845003
:1062600000108450E98FFFFF30B10268034B0448EF
:106270009A4208BF0020704702487047DD55AABB0C
:106280008208F0007108F00038B50D460446B0B140
:10629000A0220021043003F012F995B1082229460A
:1062A00004F1640003F011F9082205F1200104F162
:1062B000840003F00AF90020034B236038BD034833
:1062C000FCE70348FAE700BFDD55AABB7108F00000
:1062D0008308F0002DE9F74305460E46994611461E
:1062E000FFF7C2FF0446002840F08480002E00F033
:1062F0008580002900F08480B9F1200F40F0828071
:1063000005F14404082205F10408204603F0DDF8F5
:1063100005F1240708223146404603F0D6F806F17D
:1063200020010822384603F0D0F802A941F8049D64
:106330004FF4807003F0BDF8002865D14FF48073EE
:10634000324A0121136093600823314A00F034FB84
:106350000121052308462F4A00F02EFB0823424660
:1063600001211C2000F028FB08233A4601210320CC
:1063700000F022FB224608230121022000F01CFB32
:106380000823254A01211A2000F016FB0523234A81
:1063900001211B2000F010FB0823214A01211420B9
:1063A00000F00AFB08231F4A0121152000F004FB1E
:1063B000082305F164020121162000F0FDFA0823EC
:1063C00005F184020121172000F0F6FA0823164A8D
:1063D00001210B2000F0F0FA00F04AFB044601987E
:1063E00000F0D8FA114B002C18BF1C46A4212846F7
:1063F00003F067F8204603B0BDE8F0830C4CF9E7E2
:106400000C4CF7E70C4CF5E7084CEFE79010845084
:106410001C9C0000949C0000DC9B0000809C000001
:10642000409C0000609C0000FC9B00008408F00081
:106430007608F0008008F0008108F000C2690C4B7B
:106440001A60826943F8042C426943F8082C0269F7
:1064500043F80C2CC26843F8102C826843F8142CC3
:10646000426843F8182C026843F81C2C704700BFA0
:106470005C1684500C4B1B68C3610C4B1B6883611A
:106480000B4B1B6843610B4B1B6803610A4B1B687A
:10649000C3600A4B1B688360094B1B684360094B50
:1064A0001B680360704700BF5C1684505816845008
:1064B00054168450501684504C16845048168450FC
:1064C000441684504016845030B10268034B04488F
:1064D0009A4208BF0020704702487047DD55AABBAA
:1064E0000202F0000002F00038B5044668B1051D54
:1064F0007021284602F0E5FF28462022044902F0D8
:10650000DCFF0020034B236038BD0348FCE700BFDD
:10651000A89C0000DD55AABB0002F0002DE9F04365
:1065200085B015466F46274B04460E460FCB87E8CD
:106530000F002DB94FF00009484605B0BDE8F083C3
:106540002046FFF7C1FF81460028F5D1231D0193A6
:10655000636AA3BB236F8BB1C3F14008A84528BF72
:10656000A84604F1300031461844424602F0A5FF27
:10657000236F464443442367A5EB0805226F402A56
:1065800006D104F13001384600F0B4FB0023236744
:1065900005F03F0835F03F0505D031462A4638461C
:1065A00000F0A8FB2E44B8F1000FC3D0424631469C
:1065B00004F1300002F081FFC4F87080BCE7DFF81E
:1065C0000890B9E7A09800000C02F0002DE9FF4107
:1065D00004466F46134B0E460FCB87E80F0020464C
:1065E000FFF772FF8046B0B9CEB1636A251D0195F1
:1065F0003BB90123226F636204F13001384600F099
:1066000079FB2B46043E243453F8042B12BAA342E0
:1066100046F8042FF8D1404604B0BDE8F081DFF819
:106620000880F8E7A09800000502F000084B1B68FE
:106630001B0EF02B08D1074B1A68074B9A4205D165
:106640000020064B186070470520704706207047F1
:1066500028198450241A84500000E0200C1A845019
:10666000002230B5134640F6FC754900023802F1AD
:10667000A15404F5823490424FEA840402F10102ED
:10668000CABF236025605B181E2AF0D1034A13603D
:106690000B445360024B034A1A6030BD781084509B
:1066A0008410845020F80F001E4B30B51A4685B078
:1066B000196800910099CC07FAD500F1A15000F5B6
:1066C00082308000016813680193019BD807FAD5D6
:1066D000154B164C186820231F3090FBF3F0144D17
:1066E0000138002810DA00230130400153B14FF087
:1066F0000042A0F12001134204D1013888424FEA40
:106700005202F8D105B030BD13680393039BDB0739
:10671000FAD5431823602B680293029B002BE3D128
:106720000138DEE7B4108450AC108450E41084507B
:10673000DC108450F0B51D6885B001F01F040DB960
:106740001F2C28D1174D2E462F680197019FFF0758
:10675000FAD500F1A15000F582308000006835685C
:106760000395039DED07FAD51F2C00EB611018BFB0
:10677000C9430D4D18BF01F01F0128600B48006888
:10678000029002981CBF00FA01F111604FF0000165
:1067900008BF1060196010684300C00F136005B097
:1067A000F0BD00BFB4108450E4108450DC1084505D
:1067B0000C4B890118603F3020F03F00403058609A
:1067C00099600948D9601961596199611C3382B097
:1067D000196002680192019AD207FAD5196002B0D5
:1067E000704700BF90108450B410845038B5A0F1A9
:1067F0002003B3F5426F05462CD88F2826D800F128
:10680000470300F16604DB064FEA541400D001345C
:1068100064013F34A409013411B1A1421AD30C46DA
:106820004FF48050E300B0FBF3F0202828BF202075
:1068300002B110600122084B21461A60FFF710FFD9
:1068400028462146FFF7B4FF002038BD00F11F04A1
:106850006409DDE70148F8E71C1884502221F000A4
:10686000464BF0B51D4689B01C680194019CE407B5
:10687000FAD5434B002413449B001A680B181E2BB7
:1068800088BFC0F11E011F320B1852095343B3F5E4
:10689000806F84BF4FF48061B1FBF2F1274688BF5F
:1068A000091ADFF8E4E000F1A150DFF8E0C000F5DC
:1068B0008230A14233DC2B680493049BDB07FAD5BA
:1068C000304B1B68296805910599CF07FAD52E4CE6
:1068D0002E49236000231E46934203F1010040D15C
:1068E0001946002620F0010228488A423CD829682F
:1068F00006910699CE07FAD52549096828680790B8
:106900000798C007FAD5216000210C461F488B422A
:106910002DD100201D499A422CD809B0F0BD2B681A
:106920000293029BDB07FAD503199B001B682E68B4
:106930000396039EF607FAD5CEF800300023934263
:1069400003F1010306D1164623F00103B34204D834
:106950000134AEE7CCF80070F1E7CCF800700136F6
:10696000F4E70E600346B7E706600131BDE7046057
:106970000131CCE708600133CDE700BFB41084508B
:10698000240421147C108450D4108450D8108450D6
:106990007810845008B540B1202801464FF0070216
:1069A00028BF20210020FFF75BFF0022014B1A6067
:1069B00008BD00BF1C188450F0B5294D85B02C4689
:1069C0002E680096009EF607FAD500F1A15000F55A
:1069D000823080000568206801900198C707FAD5C9
:1069E0002048214F056002EB8306B24229D10027DF
:1069F0005A1C1D4E22F001029A4227D823680293A6
:106A0000029BDE07FAD5194B0B449B001B681F3312
:106A10005B099A4213D2216803910399C907FAD5F9
:106A200000211544056008469B1A0F4A8B4210D876
:106A300000205A1C0C4922F001029A420CD805B0E1
:106A4000F0BD52F804CBC7F800C0CEE73760013381
:106A5000D2E710600131E9E708600133EDE700BFDC
:106A6000B4108450D4108450D810845024042114BD
:106A70002DE9F041814BA0B01D68986820331E4677
:106A80001A680192019AD707FAD57D4B7D4A1A60A0
:106A900032680292029AD407FAD57B4A1A607B4A7E
:106AA0001446116803910399C907FAD5784A116809
:106AB000C1F3402137680497049FFF07FAD5754F4B
:106AC0001F6027680597059FFF07FAD517680029FB
:106AD00000F0CF80B90540F1CC803168069106996D
:106AE000CF07FAD56C491960216807910799C90742
:106AF000FAD51168C1F3402137680897089FFF074E
:106B0000FAD5664F1F6027680997099FFF07FAD5D6
:106B10001268002900F0AF80910540F1AC80326826
:106B20000A920A9AD207FAD5564A1A6032680B922C
:106B30000B9AD707FAD55A4A1A6031680C910C990A
:106B4000CC07FAD55749196031680D910D99C907DD
:106B5000FAD55549196031680E910E99CF07FAD5CB
:106B60005249196031680F910F99CC07FAD55049F5
:106B70001960504B1E46196810911099C907FAD533
:106B80003F4C4D4B236033681193119BDB07FAD5C3
:106B90004A4B236033681293129BDF07FAD5484BA8
:106BA00023603A4B9846196813911399C907FAD58F
:106BB000324F386033681493149BDB07FAD5226098
:106BC00033681593159BD807FAD53E4B236033687D
:106BD0001693169BD907FAD53B4B2360336817935E
:106BE000179BDA07FAD5394B236033681893189B43
:106BF000DB07FAD5364B236033681993199BD80706
:106C0000FAD5344B236033681A931A9BD907FAD507
:106C1000314B236033681B931B9BDA07FAD52F4B4C
:106C2000236000F01DFC08BBD8F800301C931C9BAF
:106C3000DB07F9D53D6033681D931D9BD907FAD555
:106C4000274B236033681E931E9BDA07FAD5254B2A
:106C50002360D8F800301F931F9BDB07F9D50C4B3E
:106C60001B6813F4805F204B08BF184620B0BDE8B6
:106C7000F0811E48FAE71E48F8E700BF90108450E4
:106C80008010845000100251C01F7229B41084502B
:106C900088108450C0CF0129C01F0E29C03F002991
:106CA00040010249003184A800001649400108A1B2
:106CB00080440888B0108450C044708880077A41AE
:106CC000C0077E4100006A498006164940006E49AF
:106CD0000002002100822021408220218082242184
:106CE00040A161A100C861510308F1000108F10051
:106CF0000208F100324B2DE9F74F80469246994643
:106D000044681A68002AFCD12E4B9B461A68002A58
:106D1000FCD14FF0FF30019100F094FC802000F096
:106D200097FC01230720284A284DA2F59E722B606C
:106D3000C2F83C011360636A254F264E3B60A36A8C
:106D400020463360D8F8003042F8043CD8F80830C8
:106D500098470199D9F80030002BFBD1BAF1000F08
:106D600020D104221C4B1A60D9F80030002BFBD133
:106D7000DBF800A0BAF1000FFAD1D8F80C302046A9
:106D800098473B6863623368A362144BC3F800A062
:106D9000C3F844A1D9F80030002BFBD12B6003B01D
:106DA000BDE8F08F236A4020012B04BF0B4A13601B
:106DB0000B4B1960C3F804A000F050FCD4E700BFEF
:106DC00010198450201C84500019845018188450C5
:106DD000CC178450D0178450C81784508416845020
:106DE000281C8450544B10B5194698B01A6801926B
:106DF000019AD207FAD5514B514A1A600A68029299
:106E0000029AD407FAD54F4A1A600A680392039A85
:106E1000D007FAD54C4818600A680492049AD20741
:106E2000FAD54A4A1A600A680592059AD407FAD533
:106E3000474A1A600A680692069AD207FAD5454A66
:106E40001A600A680792079AD407FAD5424A1A606C
:106E50000A680892089AD207FAD5404A1A600A6866
:106E60000992099AD407FAD53D4A1A600A680A922B
:106E70000A9AD207FAD53B4A1A600A680B920B9A13
:106E8000D407FAD5384A1A600A680C920C9AD207CD
:106E9000FAD5364A1A600A680D920D9AD407FAD5C7
:106EA000334A1A600A680E920E9AD207FAD5314A0E
:106EB0001A600A680F920F9AD407FAD52E4A1A6000
:106EC0000A681092109AD207FAD52C4A1A601A4B07
:106ED00019461C681194119CE407FAD5174B1860E9
:106EE000086812901298C407FAD51A600A681392BB
:106EF000139AD007FAD5124A1A600A681492149AA3
:106F0000D207FAD51E4A1A600A681592159AD40754
:106F1000FAD51C4A1A600A681692169AD007FAD552
:106F2000194A1A600A681792179AD207FAD5174AAF
:106F30001A6018B010BD00BFB0108450801084508B
:106F40000093652100043190409665900083612193
:106F500000C3302100C3649000816190004610217D
:106F6000008111210041442100C320290C4610C892
:106F70000086312100C3602140C128294096652147
:106F80000013319040962529594614C840043249CF
:106F9000494B10B5194694B01A680092009AD2076E
:106FA000FAD5464B464A1A600A680192019AD407FC
:106FB000FAD5444A1A600A680292029AD007FAD5B2
:106FC000414818600A680392039AD207FAD53F4AEB
:106FD0001A600A680492049AD407FAD53C4A1A60E7
:106FE0000A680592059AD207FAD53A4A1A600A68E1
:106FF0000692069AD407FAD5374A1A600A680792A9
:10700000079AD207FAD5354A1A600A680892089A90
:10701000D407FAD5324A1A600A680992099AD20747
:10702000FAD5304A1A600A680A920A9AD407FAD541
:107030002D4A1A600A680B920B9AD207FAD52B4A8E
:107040001A600A680C920C9AD407FAD5284A1A607A
:107050000A680D920D9AD207FAD5264A1A600A6874
:107060000E920E9AD407FAD5234A1A600A680F9234
:107070000F9AD207FAD5214A1A600F4B19461C689D
:107080001094109CE407FAD50C4B18600868119016
:107090001198C407FAD51A600A681292129AD0079A
:1070A000FAD5174A1A600A681392139AD207FAD5CA
:1070B000144A1A6014B010BDB0108450801084506F
:1070C0008090652100040990409665908080612140
:1070D000802008218020649000816190004610216A
:1070E000008111210041442180202029024610C83E
:1070F00000860921802060214021282940966521B1
:1071000040962529594614C8504B10B51C4696B0D8
:107110001A680192019AD207FAD54D4B4D4A1A606E
:1071200022680292029AD207FAD54B4A1A604B4A59
:1071300042EA804022680392039AD207FAD5186087
:1071400022680492049AD007FAD5454A1A60A2F53B
:10715000800242EA814122680592059AD207FAD557
:10716000196022680692069AD007FAD53D4A1A603D
:1071700022680792079AD107FAD53B4A1A6022681B
:107180000892089AD207FAD5384A1A6022680992FA
:10719000099AD007FAD5364A1A6022680A920A9AE2
:1071A000D107FAD5334A1A6022680B920B9AD2079C
:1071B000FAD5314A1A6022680C920C9AD007FAD597
:1071C0002E4A1A6022680D920D9AD107FAD52C4AE0
:1071D0001A6022680E920E9AD207FAD5294A1A60CE
:1071E00022680F920F9AD007FAD5274A1A602168B1
:1071F00010911099C907FAD51A60144B1A461968EC
:1072000011911199C807FAD5114B204919601168DD
:1072100012911299C907FAD51D4919601168139185
:107220001399CC07FAD50B49196011681491149978
:10723000C807FAD517491960116815911599C9073A
:10724000FAD5154A1A6016B010BD00BFB0108450B0
:10725000801084504004419000862929D81001C82C
:10726000401441904014212940146521003440907D
:1072700000310C90C0400C90C030202940960D90F9
:1072800000416090031645C800861121004160212D
:10729000594644C84014459040142D90264870B576
:1072A000054688B004680094009CE607FAD5234C94
:1072B00023480460234C44EA83432C680194019CD6
:1072C000E407FAD50360930143EA824242F0104496
:1072D00044F4C0442B680293029BDE07FAD5046095
:1072E0002B680393039BDB07FAD5174B03608B01D5
:1072F00043EA814141F0104343F4C0432E680496B1
:10730000049EF607FAD503602B680593059BDE07FC
:10731000FAD5046041F058412B680693069BDC07C0
:10732000FAD5016042F058422B680793079BDB07B0
:10733000FAD5026008B070BDB0108450C021022997
:10734000801084508071009880611890354B8EB009
:1073500019461A680092009AD207FAD5324B334A7E
:107360001A600A680192019AD007FAD5304A1A6069
:107370000A680292029AD207FAD52E4A1A600A685F
:107380000392039AD007FAD52B4A1A600A6804922E
:10739000049AD207FAD5294A1A600A680592059A12
:1073A000D007FAD5264A1A600A680692069AD207CA
:1073B000FAD5244A1A600A680792079AD007FAD5C4
:1073C000214A1A600A680892089AD207FAD51F4A19
:1073D0001A600A680992099AD007FAD51C4A1A60FD
:1073E0000A680A920A9AD207FAD51A4A1A600868F5
:1073F0000B900B98C007FAD51A600A680C920C9A89
:10740000D007FAD5144A1A600A680D920D9AD2076D
:10741000FAD5124A0E211A6000200D230F220EB059
:10742000FFF73CBFB0108450801084508043012986
:1074300040633921807001298020542100D134908B
:10744000C0403490C0302029C0530D900041389086
:10745000832308C880E3102100413821CF4308C8A6
:1074600001232DE9F04192B0CDE90333624B1D4673
:107470001A680592059AD207FAD5604B604C2360D2
:10748000604B19461A680692069AD707FAD55E4BE2
:107490001A68D60400F1A8802A680792079AD007D4
:1074A000FAD55A4A22600A680892089AD207FAD591
:1074B0001E68C6F30036002E40F098801220FFF7B9
:1074C000F3F807461320FFF7EFF887428CBF12202E
:1074D0001320FFF7E9F8471EFFF738FF03AB01AAB7
:1074E00039461220FFF726F904AB804602AA394636
:1074F0001320FFF71FF900EB4800022832D00328C1
:107500003ED0012874D12B680993099BDB07FAD57B
:107510003F4B23602B680A930A9BD807FAD53D4B53
:1075200023602B680F930F9BD907FAD53A4B236042
:107530002B681093109BDA07FAD5384B23602B6821
:107540001193119BDB07FAD5354B2360013F25D5FD
:107550001023192218210020FFF7A0FE304612B098
:10756000BDE8F0812B680B930B9BD907FAD52D4B07
:1075700023602B680C930C9BDA07FAD52A4BCFE7D4
:107580002B680D930D9BDB07FAD5284B23602B68E6
:107590000E930E9BD807FAD5254BC1E703AB01AA82
:1075A00039461220FFF7C6F804AB044602AA394652
:1075B0001320FFF7BFF810EB440402D1FFF712FCD1
:1075C000C4E7FFF7E5FC022C08D0032C09D0012CFE
:1075D00010D117211620FFF797FDB7E715211420CA
:1075E000F9E70F210E20F6E7124EB7E7124EB5E786
:1075F000124EB3E7124EB1E7B010845000084A5162
:1076000080108450B41084508810845000084E516B
:1076100000065A4940065E490004424100144249AE
:1076200040042E49000652494006564900063A4990
:1076300040063E490608F1000708F1000408F10081
:107640000508F100014B1860704700BF081A84500C
:10765000014B1860704700BF041A8450034A136836
:107660001842FCD0024A106018467047001A845035
:10767000081A845070470020704730B5002904462E
:10768000154685B011DB83688B420ED96368C068EC
:10769000194401AA00F02EFE28B96268019B9B1ACA
:1076A0002B60029B6B6005B030BD6FF02100FAE7E4
:1076B00070472DE9F7430E4617469946044628B908
:1076C0004FF0FF38404603B0BDE8F0830029F7D003
:1076D000002AF5D0CB680D8938461D44042329467D
:1076E0000DEB030200F065FC80460028E8D146F669
:1076F0000812BDF804107389914225D1BDF8061017
:107700009942DDD1042338460DEB0302294400F0F1
:1077100050FC0028D4D146F60713BDF804209A4245
:10772000CED1C4E900679DF82830A4F80890A37270
:107730007389BDF806202B44E360738913442B44FE
:10774000043563612561BDE7002BE4D0B8E72DE97E
:10775000F3410E4617461D46044620B94FF0FF3050
:1077600002B0BDE8F0810368002BF7D04368002B1E
:10777000F4D04FF6FF78D4E904239A4216D2236856
:107780005B8923B1E368934204BF0433236104237C
:10779000216960680DEB030200F00BFC0028DDD1CD
:1077A000A37A2BB1D4E903329A4201D30120D7E75F
:1077B0002389BDF80610434501F1040203D0BDF84A
:1077C00004C09C450BD115B1BDF804302B80236952
:1077D000043333603980236913442361C0E723698C
:1077E00013442361C7E748B103683BB143682BB139
:1077F000C068884294BF0020012070474FF0FF30DE
:10780000704773B50C46064611460223204601AA6E
:1078100000F027FA0546E8B9019A1F2A0ED9A2F10D
:107820002001304620222368194400F09EFC236882
:10783000019A13442360284602B070BD0146C2F18C
:107840002002304600F09CFC019A2168C2F1200021
:107850003044EAE76FF00205EDE74FF44073584318
:107860003030704773B50C460546164600F0E0FB15
:10787000A04203D9284600F0DBFB04464FF44073D6
:10788000A9686A46303903FB14112846FFF7F5FE54
:107890000028A4BF009B336002B070BD10B5044641
:1078A00000F0C6FB4FF44072A368303B02FB10307F
:1078B00010BD70B50D46044601F046FA2A46A0F107
:1078C000080104232046BDE8704000F072BB13B5E8
:1078D0000446019101F038FA0423A0F108010DEBF0
:1078E0000302204601F073FA02B010BD00F057B950
:1078F0002C232DE9F34103FB0105EB682E89D5F814
:1079000020801E4404231746314640460DEB0302F7
:1079100000F04FFB044620B10124204602B0BDE830
:10792000F08146F60813BDF804206D899A421AD1F9
:10793000BDF806309D4201D00324EEE70423404603
:107940000DEB0302A91900F034FB0028E4D146F640
:107950000713BDF804209A42EED1BDF80610294461
:1079600031443960D9E7002DF1D0E5E7FFF7FEBFDC
:10797000FFF7FCBFFFF7FABFFFF7F8BFFFF7F6BF4F
:10798000FFF7F4BFFFF7F2BFFFF7F0BFFFF7EEBF5F
:10799000704770B513460E46154600210246044650
:1079A000F9F732FB50B92B460121204604F12C0295
:1079B000F9F72AFB10B1002E08BF002070BD37B5C3
:1079C0004FF480750446426A01A90420019500F035
:1079D0005FFB58B9019B0A20226DA36201A90195A2
:1079E00000F056FB054628B1092500E00125284690
:1079F00003B030BD019B206A636500F019FBE065B0
:107A0000F5E70123036003F1012343600023C0E98C
:107A1000023370474379012B07D10368012B04D14E
:107A20000079431E58425841704700207047F7B50F
:107A3000056A074628460E46FFF730FFF96D0446F3
:107A4000304600F099F80444284600F0F1FA074661
:107A5000284600F0F4FA08220146684600F090FB40
:107A600033796A468DF8003021463B46284600F0BF
:107A7000B5FA003818BF012003B0F0BD10B41AB138
:107A80005DF8044BF8F774BF10465DF8044B70477F
:107A9000002382681946FFF7F1BF13B50C4601AA0F
:107AA000C16D2046FFF7DEFE002809DB0199A268C0
:107AB00001232046521AFFF7E1FFC00F02B010BDAC
:107AC0000120FBE737B515460C46C06C6946FCF74C
:107AD00097F8E979012903D00022204601F0CEF978
:107AE0009DF80330012B02D1204601F0A6F9A968C8
:107AF0002046FFF7ECFE2046FCF762F8002003B0BA
:107B000030BD73B50C460646F9F77AFBE06010B35A
:107B1000022823D1356A224631462846F9F7CAFAA7
:107B2000D0B9284601F010F9012301460DF10702F2
:107B3000284600F03EFA98B9012228460DF10701C7
:107B400001F016F910B101238DF807309DF80730C8
:107B500003F00F03E371002002B070BD0720FBE7C4
:107B60000120F9E7436A00205A68034613448B4218
:107B700000F10100FAD3704710B543790279012B67
:107B800006BF00230C460B0202F1FF3201FB023359
:107B9000026818BF4C00013A04FB023010BD10B55A
:107BA0000446C06DFFF759FE636A5B685A1E0244C3
:107BB00059421140A26A013A5A43501A626D534326
:107BC0005B1A984228BF184610BD70B50368CD1ADD
:107BD000002D02DC6FF05F0070BD93F900601C782F
:107BE000002E0ADB5C1C04601B7813600368C91A52
:107BF00013688B42EED80020EEE704F07F04013CCE
:107C0000032C2BD8DFE804F0020A1421012DE1D067
:107C10005B781360036802330360E7E7022DD9DD68
:107C2000B3F801305BBA9BB2136003680333F3E728
:107C3000032DCFDD9C785D782402DB7844EA05448F
:107C40002343136003680433E6E7042DC2DDD3F851
:107C500001301BBA136003680533DDE76FF0630082
:107C6000BAE770B404680E1B002E07DD26789E422A
:107C700008D10134046070BCFFF7A7BF6FF05F004C
:107C800070BC70476FF06100FAE738B50323044613
:107C9000FFF7E7FF18B9136813B96FF0670038BD35
:107CA000013B136023681A78002AF6D10133236060
:107CB000F5E72DE9F34190461F4601AA302305461A
:107CC0000E46FFF7CEFF0446F0B92B68F61A002ED9
:107CD00034DD42461B78284642F8043B2E68019B5F
:107CE0001E4431460623FFF7BCFF044660B92B68EB
:107CF000D8F80420C8F808309918B142296007D193
:107D00000C213846F9F71AFC204602B0BDE8F08194
:107D10009B5C3A4642F8043B2B68314601332846C7
:107D20002B60FFF752FF60B92B687A68BB60134481
:107D3000B34218BF6FF065042B60E5E76FF05F0496
:107D4000E2E70446E0E7F8B5B1F1005F0546144606
:107D500000AF10D26E46D31D23F00703ADEB030D29
:107D6000684600F002FA694622462846FEF7D6FB2E
:107D7000B546BD46F8BDFEF7D1FBFAE710B5036A7C
:107D80000446D8688368DB689847E36CD8688368E2
:107D9000DB689847012010BD002070470FB407B57D
:107DA00004A951F8040B0191F9F7C8FC03B05DF880
:107DB00004EB04B07047044608B5084611461A465D
:107DC000A047FDF7E9FDFAF7D9FA038B13F0070393
:107DD00005D10368002B0CBF002003207047022B45
:107DE00005D1408BB0FA80F0400980007047012B2C
:107DF00005D10368002B0CBF002005207047002030
:107E0000704710B50C4600B111B96FF0150010BDE8
:107E1000081D00F094F80028F9D1A368032BF6D9C7
:107E2000F3E72DE9F0410D4607461946281D904617
:107E30001E4600F095F8044638B1334642462946BE
:107E40003846A446BDE8F0416047BDE8F08110B473
:107E5000EFF31182202484F31288BFF36F8F416106
:107E60005DF8044B0121F9F799BE38B50C4605467B
:107E700058B151B10B6843B14B6833B11C2200219A
:107E800000F07EF900202C6138BD6FF01500FBE793
:107E900070B505460E46FFF7B4FF041E14DBEFF382
:107EA0001182202383F31288BFF36F8F4FF6FF7187
:107EB0006B8B2C8B8B4204F0070407D182F3118863
:107EC000BFF36F8F6FF00A04204670BD022C0CD1F7
:107ED00001336B8382F31188BFF36F8F0023224637
:107EE00031462846FFF79DFFEEE7062C14D8DFE861
:107EF00004F004131313041A0400002333606B68A6
:107F00003BB9C5E90066ACB902212846F9F746FE3F
:107F1000DAE71E606E60F6E782F31188BFF36F8FB9
:107F20006FF00404D0E782F31188BFF36F8F6FF016
:107F30008504C9E782F31188BFF36F8FC4E7034656
:107F400058B1426802F00302012A03D0032A04D187
:107F5000026812B10020986070476FF015007047FA
:107F60004268034602F00302032A4FF000028160D8
:107F700014BF104600685A60704770470FB407B5C9
:107F800004A951F8040B0191F9F7D8FB03B05DF88F
:107F900004EB04B07047002908DB8068884205D9EB
:107FA000401A904234BF00200120704700207047E3
:107FB000704770B516461A4605460C46FFF7EBFFAC
:107FC00048B16968E8682144826814683246A4466A
:107FD000BDE8704060476FF0150070BD70B5164683
:107FE0001A4605460C46FFF7D6FF48B16968E868AF
:107FF0002144826854683246A446BDE87040604718
:108000006FF0150070BD10B50B460446FFF7C3FFB7
:1080100040B16168E068194483689B682BB1BDE892
:10802000104018476FF0150010BD6FF05700FBE7C8
:1080300008B5C0688368DB689847006808BD08B564
:10804000C0688368DB689847407908BD70B54C68A4
:108050000368A34201D2012070BD8A682244934282
:1080600001D30020F8E74E69D1E90325B54203D3D7
:108070006FF00B038B61F4E71B1B42F8353043684C
:10808000086902EBC00253600B6901330B61E2E740
:1080900037B50C46C0B201A91546F9F78DFE002888
:1080A0000CDB019850B121462A46F9F7ABFE044695
:1080B0000198FFF77DFF204603B030BD6FF0150437
:1080C000F9E7FEE7012801D1EFF30583FCF7D0BE05
:1080D00001460068FFF7F6BF08B5F9F7A3FFBDE852
:1080E0000840F9F7A3BF00210120FFF7EBBF436E63
:1080F00083F30B88704761B662B680F31188BFF3D3
:108100006F8F704772B6002383F31188BFF36F8FB0
:10811000BFF34F8F30BF62B6BFF36F8F704772B639
:10812000002383F31188BFF36F8FBFF34F8F20BFFE
:1081300080F31188BFF36F8F62B67047034600204B
:108140001A5C02B970470130FAE710B55AB101392B
:10815000841810F8012B11F8013FA04201D09A4277
:10816000F7D0D01A10BD1046FCE710B5431E0A44E4
:10817000914200D110BD11F8014B03F8014FF7E710
:108180000346C9B20244934200D1704703F8011B71
:10819000F9E74FF0FF3070470C220369C9B201FBC9
:1081A0000233186C00F00700704770B5C9B203695C
:1081B000EFF31185202484F31288BFF36F8F0C2610
:1081C00006FB0134246C14F0C00408D0A24206D08F
:1081D00085F31188BFF36F8F4FF0FF3070BD012220
:1081E00071430B441A6485F31188BFF36F8F4368A2
:1081F0000B445B6898470020F0E78022FFF7D5BF6B
:10820000F8B5069F0469C9B2EFF31186202585F3FE
:108210001288BFF36F8F0C2569430C44256C05F061
:10822000070CBCF1010F0BD1276486F31188BFF353
:108230006F8FC4E90E2343685B5898470020F8BD50
:1082400005F0C005AF4286F31188BFF36F8F0CBFF6
:108250006FF077004FF0FF30F1E713B58024009402
:10826000FFF7CEFF02B010BD10B41C240069CBB2E2
:1082700003FB040000215DF8044B10470020FBF7CE
:1082800027BF002000F095BE1046FDF72DB82DE960
:10829000F3411C460023904682682360A3600D468C
:1082A0005369694601AA9847019B5A1E019223B956
:1082B0006FF0150002B0BDE8F0810098A268476831
:1082C0002168676085B9A8EB02030668B34228BF3E
:1082D000334603FB07111A442160A26002689A42E8
:1082E00006D808300090DFE76B1AB3FBF7F3ECE732
:1082F0000020DFE713460022FFF7C9BF2DE9F04752
:108300000024836886B0884691465B6902AA01A969
:108310009847A2462546029BAB4202D806B0BDE86C
:10832000F0870026019F07EBC5077B6804933A6836
:108330000AEB0603B24202D89A460135EBE74946FA
:108340000394059303A8C0470028E7D0049B013697
:108350001C44ECE710B50C4600F08CFE0023C4E989
:108360000003184610BD38B505460C4600F082FEE5
:10837000002D07DBA84205D9401B84428CBF00209A
:10838000012038BD0020FCE770B50D46194628468F
:1083900016461C46FFF7E7FF38B124B122462946AE
:1083A0003046FFF7E2FE002070BD6FF01500FBE7DE
:1083B00043681C330B60012313607047436800203F
:1083C0009B69C1E900307047FCF78EBF4FF0FF3268
:1083D0004FF0FF33FCF7BCBFF0B58FB08DF8001045
:1083E0000121DDE914744668D0F810C00020CDE901
:1083F0000717CDE90B17D107CDE9094002F0800539
:10840000CDF801008DF80500CDF818D00D9411D5E8
:108410009CF814201BBA0493D30720D5042204A986
:108420000DF10100FFF7A1FE079B043307930B9B9F
:1084300004330B9306AB0293311D0AABE5B1002C5C
:1084400014BF02220122CDE90323022305933068E1
:1084500083681C68002302AAA0470FB0F0BD032266
:108460000DF111010DF10100FFF77FFE079B0333B2
:1084700007930B9B0333DCE70122CDE9032302239F
:108480000593306883681C6804ABE4E7002373B588
:108490000D1E466814BF04210621CDE90033802259
:1084A0000446FFF799FF96F830309B0609D540B98E
:1084B0003DB90346CDE90000802298212046FFF710
:1084C0008BFF02B070BD1FB5012301930DF10F03A7
:1084D0000093002305211A46FFF77EFF08B99DF897
:1084E0000F0005B05DF804FB2DE9FF410646154677
:1084F0001C4601270DF10F08002305211A463046BE
:10850000CDE90087FFF768FF40B99DF80F30DB0722
:1085100004D52846214600F04DFFEDE704B0BDE844
:10852000F0812DE9F3471F4643680D1E064690462D
:108530009B695CDBEA199A4259D80069FFF746FF4C
:1085400000213046FFF7A2FF0446002844D18146AF
:108550002FB901213046FFF799FF044640E0B7F5F7
:10856000807FBA4628BF4FF4807A2A4605EB0A037B
:10857000002D03F1FF334FEA1323B8BF05F1FF02CB
:10858000B3EB222F08D06B42DBB25FFA85FA58BFFB
:10859000C3F1000ACAF5807A002380220621304602
:1085A000CDE90099FFF718FF0446A8B92B468122B0
:1085B00002213046CDE9008AFFF70EFF044658B984
:1085C000012200233046FFF78FFFA7EB0A0704467E
:1085D000D04455440028BBD001213046FFF756FF58
:1085E0003069FFF7F1FE204602B0BDE8F0876FF07A
:1085F0001504F8E7F7B51E4643680D1E04461746F6
:108600009B6914DBAA199A4211D80069FFF7DEFEB4
:108610002B46012203212046CDE90076FFF7DCFE40
:1086200005462069FFF7D0FE284603B0F0BD6FF085
:108630001505F9E7F7B54468054694F830309A0710
:1086400044D5076900F020FF4FF47A76A0FB06328C
:1086500006FB0122DB0B43EA42433A699B1A13D41F
:10866000628DA68D9B1AB3420EDA4FF4004740F29A
:10867000E7300021F61A4FF47A720023E6FB070177
:10868000F7F760FD00F096FE94F8303013F0040325
:108690001CD18022AB212846CDE90033FFF79CFE98
:1086A000A8B994F830309B0710D540F2E7314FF469
:1086B00000450E460146E48D4FF47A72E5FB0461F5
:1086C00000233046F7F73EFD00F074FE002003B0B3
:1086D000F0BD2DE9FF41044600694FF0FF32012152
:1086E00000F0ECFD6668306800F03EFD28B96FF0E0
:1086F0001205284604B0BDE8F081F06818B100F01A
:1087000033FD0028F3D02069FFF760FE2046FFF715
:1087100091FF002803DA2069FFF756FEE7E72046BD
:10872000FFF7D1FE051E40F38C80E80700F183803F
:108730002069FFF749FE2069FFF748FE4FF0030864
:10874000002303AF1A469F212046CDF804800097EE
:10875000FFF742FE05462069FFF736FE002DC6D121
:108760003846424606F12401FFF7EFFC0746002891
:1087700040F0A48096F8283073B32069FFF726FEF6
:108780002046FFF7A0FE051E21DD96F82830802246
:1087900025EA030506213B462046CDE900778DF802
:1087A0000B50FFF719FE03460028B4D101210DF14B
:1087B0000B020092204680220191FFF70DFE002857
:1087C000A9D1002200232046FFF78EFE054620692E
:1087D000FFF7FAFD002D8AD196F827506B1EDBB209
:1087E000FD2B35D92069FFF7F1FD636893F8303030
:1087F000990772D500238022B9212046CDE90033A4
:10880000FFF7EAFD0546002869D16368256993F8FA
:1088100030309B0755D42846FFF7D6FD2069FFF777
:10882000D5FD2046FFF706FF05462069FFF7CCFD82
:1088300005EAE5755DE7002200232046FFF754FEB8
:1088400005462069FFF7C0FD002DBFF674AF4EE767
:1088500015F00B0F3FF44BAF2069FFF7B7FD15F094
:10886000080319D00123802201930DF10B0300931B
:10887000172100238DF80B202046FFF7ADFD03469E
:108880002069002B7FF448AF037D43F0010303759B
:108890002069FFF799FDA5E7AA0705D400238022E8
:1088A000B721CDE90033E7E7802206212046CDE954
:1088B0000033FFF791FD0028F0D02CE76FF015058D
:1088C00017E700F0E1FD4FF47A72A0FB020302FB10
:1088D0000131C00B40EA4140286120699CE72069D2
:1088E000FFF772FD002D99DA15F1860F96D000E79B
:1088F000436800205B681B690B607047436802EAAD
:1089000001005B6821EA020198600020D96070478D
:10891000436800205B6899607047436800205B688B
:10892000D960704743685A68536821EA03000B40D6
:1089300090600020D360704710B503695868F8B1A3
:10894000884219D19C680868A142586000D198609B
:10895000002008602AB15A680A609A68596002B912
:108960009960002010E0814206D108682060986874
:108970008142EDD19C60EBE7044600680028F2D10B
:10898000002AE8D16FF0150010BD30B543681360C0
:10899000057A446804EBC504A34202D36FF00100DA
:1089A00030BD5C798C4201D00833F0E70020F7E756
:1089B00043681B68D3F88004C3F88004704742689A
:1089C0001368D3F8100150B10020D26912780A70F0
:1089D000C3F81001D3F8102101221A6070474FF03C
:1089E000FF30704702680346D2F8580140B95B680F
:1089F000DB0706D4D2F82001003818BF01207047E9
:108A00000120704743681B68D3F80423D20517D5AB
:108A1000D3F82021A2B1EFF31182202181F3128833
:108A2000BFF36F8FD3F8201131B10021C3F82011AB
:108A3000D3F820110121D96082F31188BFF36F8F21
:108A4000D3F85831704713B501AA0446FFF79DFFCC
:108A5000002805DB019B226819791868FAF772FA79
:108A600002B010BD002201210B20F9F729BD10B57D
:108A70000B6813B91846136005E003685C681CB105
:108A800014600368186810BD083303600B68013B6D
:108A90000B60EDE713B501AA0446FFF776FF002847
:108AA00005DB019B226819791868FAF74BFA02B0C6
:108AB00010BD03460A4619790123006803FA01F143
:108AC00003691B68194218BF82F0010212B1836862
:108AD000DB68184783681B69FBE738B5056944689C
:108AE00095F85D302BB12046FCF7A8F8002385F8F7
:108AF0005D300121606BFFF7CDFF002038BD10B560
:108B000004460068D0B18368C3B149B1012108307F
:108B1000FFF7CFFF23681869BDE8104000F01FBBC6
:108B200012B98388DB0409D4006900F018FB2068BF
:108B30000021BDE810400830FFF7BBBF10BD10B5E5
:108B4000012200210446FFF7DAFFA36933B963600D
:108B500004F11000BDE81040FCF7C6BB10BD10B515
:108B6000006903688B4206D190F85C4034B9FFF786
:108B7000E6FF204610BD6FF01500FBE76FF00F0019
:108B8000F8E72DE9F8434468066905460021606B63
:108B9000FFF780FF002822DBA16B481C16D10127BC
:108BA000E36A9847B4680834D6E9023203EBC2039B
:108BB000A4F10802934214D83046FFF7C0FF6B6857
:108BC0000021586BFFF766FF002008E004F13C002D
:108BD000FAF746FD10F1130F01D0411DDFD1BDE8BA
:108BE000F88354F8080C00F0BFFA28B354F8080CC6
:108BF00014F8041C34F8023CD0F810E0DA0754BF33
:108C000043F4B01383F4D013DEF800C023F48012D1
:108C100007FA01F8DB074CBF48EA0C032CEA08030B
:108C2000D0F80890CEF80030D9F8003098470028E6
:108C300004F10804B8DAD2E76FF01200CFE738B5D4
:108C400005690446296305F12000FCF74DFB00226D
:108C500085F85C2020691146BDE83840FFF74FBF1A
:108C600038B502780346002A52D10C69A26D32B998
:108C7000606D6FF07301BDE83840FFF7E0BFE06C56
:108C800040B1216D31B1DB6823B1834202D0616E06
:108C9000FFF76BFAA36CA56D9BB19D4211D85B1BCE
:108CA000A3644BBB636B04F1480208336363A36B9B
:108CB00004F13801013BA36304F13400FFF7D7FE50
:108CC0006064236D9BB19D4211D85B1B2365CBB9BA
:108CD000E36B04F150020833E363236C04F14001B9
:108CE000013B236404F13C00FFF7C1FEE064606DCA
:108CF000BDE83840FAF7C2BA636C002BE1D02B44D0
:108D00006364DEE7E36C002BF1D02B44E364EEE711
:108D100038BD002200F150039B009BB203F15023A9
:108D200003F580331A601B68704708B5FAF776FDC3
:108D300008BDFDF7A9B808B5F9F790F8F9F75CF99F
:108D4000BDE80840FDF7A0B88068183820F007009B
:108D500010387047042809D0052803D1481E18BFD1
:108D600001207047431A584258417047012070470C
:108D700038B515460C4661B15AB1FFF760F9214686
:108D8000254411F8013B834203D1A942F9D10120C6
:108D900038BD0020FCE738B50C46012311462246B9
:108DA0000546FFF706F900280FDB01222146284679
:108DB000FFF7DEFF38B92378012B14BF022301230C
:108DC0000020237038BD0323FAE70120FAE72DE9DC
:108DD000F7431D4606460F469046FFF729F96C1EDD
:108DE000044440420440082C1AD83046FFF727F9C3
:108DF00081462A4641466846FFF7B7F94946621B55
:108E00000DEB0500FFF7BCF923466A4639463046AC
:108E1000FFF7E4F8003818BF012003B0BDE8F08385
:108E20004FF0FF30F9E707B501238DF8042001AAC0
:108E3000FFF7CDFF03B05DF804FB8168012218390C
:108E400021F00701FFF7EFBF8268183A22F007020E
:108E5000FFF7A1BF13B50C46C0B201A9F8F7ACFFEC
:108E600050B921460198FAF7CBFE04460198FFF766
:108E70009FF8204602B010BD0124FAE713B541EA7D
:108E8000021104468DF80710FFF75EFF012301462B
:108E90000DF107022046FFF79AFF02B010BD81686E
:108EA0000122183921F007010839FFF7BCBF4FF440
:108EB0007F03D3F83001D3F83431BFF34F8FC0F3C1
:108EC0000B00A0F109035842584170474FF47F024C
:108ED000D2F83031D2F83401BFF34F8FC3F30B0314
:108EE000092B03D1431E5842584170470020704758
:108EF000004700F034B940F00040C1F88000C2F8EB
:108F000080007047F7B50646F8B101281BD104224E
:108F10004FF4807301464FF050200025C0F808132D
:108F2000012142F210744FF05027034402441160B3
:108F30001D608E421B688DF8071008BF0DF10705F4
:108F400046B1012E23D003B0F0BD0C224FF4827342
:108F50000221E0E7D7F8183403F480333DB9002B41
:108F6000F1D00120FFF7C5FF013CF3D1EBE7D7F8C3
:108F7000182402F003022A70002BE4D09DF80700A9
:108F80000128E0D1FFF7B5FF013CD9D1DBE7D7F8E5
:108F90000C3403F480333DB9002BD4D00120FFF70B
:108FA000A8FF013CF3D1CEE7D7F80C2402F0010270
:108FB000E1E7FFF7A7BFF7B51646DDE908470190DF
:108FC00001A81D46FBF71CF9019BB6F1000C18BF68
:108FD0004FF0010C00EB83000B1E18BF0123002D86
:108FE00043EA4C0314BF4FF00C0C4FF0000C002C64
:108FF00043EA0C0314BF4FF4E06C4FF0000C002F59
:1090000043EA0C0314BF4FF4403C4FF0000CD0F87F
:10901000002243EA0C0322EA030301B109780EB1EE
:109020003678760019430DB12D78AD0031430CB17F
:109030002478240229430FB13F783F040C433C437A
:10904000C0F8004203B0F0BD1FB50DF10F0301934E
:1090500000238DF80F101A4619460093FFF7ABFF57
:1090600005B05DF804FBFBF78DB9FBF76BB908465B
:10907000FBF758B94FF4801070474FF48050704799
:109080004FF48070704770B50126A2F58074A40873
:1090900006FA04F4054614EA010008D0A85830B1D5
:1090A00000213046A950AA581A6822431A6070BDA0
:1090B00000232DE9F34104460D460193904601AB90
:1090C0004FF4A672FFF7DFFF4FF482722946204665
:1090D000FFF7D9FF4FF48C72074629462046FFF769
:1090E000D2FF064630B1B8F1000F1DD017B13E4691
:1090F000D4F83C354FF488722946204601ABFFF77F
:10910000C2FF30B1B8F1000F03D016B90FB1D4F8D7
:109110003C354FF490722946204601ABFFF7B3FF70
:10912000019802B0BDE8F0814646E3E770B54B7F99
:1091300004460D467BB101236426436100220221CF
:109140002046FFF7B5FF20B90120FFF7D2FE013E10
:10915000F4D100236B770023C4F8003570BD08B14B
:10916000F9F796BA7047704740B1C368587810F065
:1091700001001EBF1878B0FA80F040097047EFF385
:109180001183202383F31288BFF36F8FFEE708B5A6
:10919000FFF7F5FF10B54369044633B90020E268D4
:1091A000537843F00103537010BD98470028F5D061
:1091B0000028B8BF4042FF28A8BFFF20E36818700E
:1091C000EDE7FEF7DDBFFEF7D0BF4169836843EAF4
:1091D000010212F003020FD1C2600269013A01FBE1
:1091E000023382689A4201D900207047C2681A602F
:1091F0004269C3609B1AF4E76FF01500704710B521
:10920000C0E904320023816083610446FFF7DDFF7B
:109210000028A8BFC4E9004410BD2DE9F04105466F
:109220000F46EFF31188202383F31288BFF36F8F6B
:10923000C668F6B90468A0421BD0D4B1D4E90032A4
:1092400013605A60637BC4E9006623F00203637312
:10925000A66004F1180000F0EBF82046A66727612D
:1092600000F078F8414605F10800BDE8F041FCF750
:1092700079BA3E60AB69EF60013BAB6188F311885E
:10928000BFF36F8FBDE8F081202408B5EFF31183A1
:1092900084F31288BFF36F8FFEF734FFF6E790F97F
:1092A0000E308B4201D0FCF7EBB90020704703462B
:1092B0000020C3E90033C3E9020070473AB18A4293
:1092C00005D3C0E90212C0E90000002070476FF02A
:1092D00015007047EFF30580003818BF0120704774
:1092E000D0E9003213605A600023C0E900337047B0
:1092F00008B5FFF7F5FF437B23F002034373002318
:10930000836008BD38B504460D46FCF717F9637B4A
:1093100043F002036373E5B1A5602B689D4209D158
:109320006B68C4E900531C606C6012E06A689A4282
:10933000F6D01B68002BF3D094F90E2093F90E1091
:109340008A42F3D09142F1DD5A68C4E900321460D8
:109350005C6038BD10B5EFF31184202383F31288CD
:10936000BFF36F8FFCF7A8F884F31188BFF36F8FFA
:1093700010BD014610B5EFF31184202383F312884A
:10938000BFF36F8F437B13F0280F0AD183680BB1B3
:10939000FFF7AEFF4B7B084623F004034B73FCF74B
:1093A0008BF884F31188BFF36F8F10BD012118383B
:1093B000FFF7DFBF38B504460D46FCF78DFAB5F16F
:1093C000FF3F08BFB4F1FF3F0246204618D00020FF
:1093D0004FF47A7447F6FF730146C2FB0431B3F5CC
:1093E000004F71F100020BD36FF400429A4243F632
:1093F000FF728A4132BF6FF00040D80B40EA414013
:1094000038BD08B50246FCF70FFC70B1D0E9043155
:109410009B1A61EBE272B3F1004F72F1000104DAC2
:10942000002AACBF1846002008BD6FF00040FBE7E3
:10943000024638B5EFF31185202383F31288BFF37A
:109440006F8F0368CBB1FCF7EFFB04461046FCF7C7
:10945000FDFB00224FF000438442C0E9042306D103
:10946000FCF7EAFBFFF7CDFF0021FAF73BFB0020FA
:1094700085F31188BFF36F8F38BD6FF01500F7E7E4
:1094800008B5FCF7E9FC08BDFCF7E6BC2DE9F041A6
:10949000069F044615461E46FCF7F6FE38B93B46C5
:1094A000324629462046BDE8F041FCF713BFBDE82F
:1094B000F0810A460021FDF799B9FEF756BEFEF786
:1094C0005FBE0A460021FEF75BBE01EB8202043854
:1094D0008A4201D10020704752F8043D1BBA40F87F
:1094E000043FF5E7946CFF7F010000008126000037
:1094F00000000000000000004C950000D950000062
:1095000000000000000000006C950000338D00009A
:1095100000000000000000008C950000B52900004C
:10952000000000008539000000000000378D0000B9
:109530000000000000000000CC95000000000000CA
:10954000AC95000000000000EC95000064A3000052
:10955000149A0000709800002C010020A41D002027
:109560004D2700000000000000000000A6A300003E
:10957000709A00004498000032010020281E00204C
:10958000E92D00000000000000000000BAA3000068
:10959000889A00008C98000034010020341E0020BE
:1095A0007531000000000000000000007BA30000F7
:1095B00000000000149800002E01002000000000B0
:1095C0001D2A00000000000000000000C4A30000ED
:1095D000C49A000068980000360100203C0000207A
:1095E000838B0000DB8A00000000000092A30000D3
:1095F000349A00002C98000030010020101E00203A
:10960000D386000000000000000000000000000001
:10961000E780000000000000E7800000000000007C
:10962000E780000000000000E7800000000000006C
:10963000E780000081410000F18E00000000000082
:10964000E780000000000000E78000008C9500002B
:10965000058A000000000000E78000000000000014
:10966000E78000001D4E0000F18E000000000000A9
:10967000E780000091470000F18E0000000000002C
:10968000E780000000000000E7800000000000000C
:10969000E780000000000000E780000000000000FC
:1096A000E780000000000000E780000000000000EC
:1096B000E780000000000000153A000000000000F4
:1096C000E780000000000000E780000000000000CC
:1096D000E780000000000000E780000000000000BC
:1096E000E780000000000000E780000000000000AC
:1096F000E780000000000000E7800000000000009C
:10970000E780000000000000E7800000000000008B
:10971000E780000000000000E7800000000000007B
:10972000E780000000000000E7800000000000006B
:10973000E780000000000000E7800000000000005B
:10974000E780000000000000E7800000000000004B
:10975000E780000000000000E7800000000000003B
:10976000E780000000000000E7800000000000002B
:10977000E780000000000000E7800000000000001B
:10978000E780000000000000E7800000000000000B
:10979000E780000000000000E780000000000000FB
:1097A000E780000000000000E780000000000000EB
:1097B000E780000000000000E780000000000000DB
:1097C000E780000000000000E780000000000000CB
:1097D000E780000000000000E780000000000000BB
:1097E000E780000000000000E780000000000000AB
:1097F000E780000000000000E7800000000000009B
:10980000E780000000000000E7800000000000008A
:10981000E780000089830000A92A0000452A000093
:10982000152A000055830000052A0000F585000078
:1098300023850000152B00000D2B0000BD830000C8
:10984000B1830000692C0000F1880000FD88000051
:10985000118900001B89000025890000312E0000BD
:1098600039890000000000004D3300005F8B0000CC
:10987000A5270000FB8100005B82000000000000C3
:10988000998100000000000000000000BF89000076
:10989000C1300000B1890000F29D0000030000000B
:1098A00002000000000000003D640000756400003C
:1098B0000338FDD870470000040000000A000000D3
:1098C0000100000012A20000DC980000040000006B
:1098D0000A000000040000000A0000005B00000015
:1098E00000800050009000500F00000000000000B9
:1098F0000000000000002000EC95000001000000C6
:109900000000000000C00000AC9500000200000054
:1099100000C0000000400000AC9500000300000003
:109920000000010000020000AC95000004000000EF
:109930000000010000000700AC95000005000000D9
:109940000000010000800000AC950000060000004F
:109950000002010000FE0600AC95000007000000B8
:1099600000020100007E0000AC950000080000002D
:109970000080010000800600AC9500000900000096
:109980000080010000800600AC9500000A00000085
:109990000000080000000700AC9500000B0000006C
:1099A00000000F0000800000AC9500000C000000DB
:1099B00000800F0000600000AC9500000D0000006A
:1099C00000800F0000600000AC9500000E00000059
:1099D00000E00F0000200000AC9500000000000037
:1099E000C38000003000002028000020200000205C
:1099F0000000000018000020651F0000691E000024
:109A0000BD1E0000151F0000D5260000A526000081
:109A10000000000025280000192700006FA30000A7
:109A20007D8200008382000075A300000400000016
:109A300000FF0000CC950000406BED070001000026
:109A40006C950000040001000000000000002000F0
:109A50002000000000000100EF401800000001009D
:109A600000000100020000000100000000FF0000F3
:109A7000FFFFFFFF00258450FFFF000000000000F3
:109A800000D00050000000000080005001000000E5
:109A900000000000A89A00000000D60100000000AD
:109AA000F2210020F121002000800050B49A000033
:109AB00001000000BC9A0000020000000B00000042
:109AC0000A00000100B000500000000000127A00FF
:109AD000000000000000000000000000FFFFFFFF8A
:109AE0000000FF0000000000000000010100000075
:109AF000658A0000FF1F00000C9B0000FFFFFFFFB6
:109B000000000000000000000000000000B0005055
:109B1000189B000001000000209B000003000000D3
:109B20000600000407000005050000066C95000013
:109B300004000100040000000A000000EC94000092
:109B4000EC940000249500002C9500004C9500003A
:109B50004C950000FF8FFFFFFF8FFFFFFE8FFFFF81
:109B6000FE8FFFFFFD8FFFFFFC8FFFFFFC8FFFFFCE
:109B70006D757465785F667265652063616C6C6590
:109B8000642077697468204E554C4C207061726176
:109B90006D6574657200000043616E277420696E04
:109BA000697469616C697A65206D757465782C20BB
:109BB000776173204E554C4C0D0A0000436F756C55
:109BC00064206E6F74206C6F636B20706F776572AA
:109BD0002073617665206D7574657800FFFFFFFF67
:109BE000FFFFFFFFFFFFFFFF00000000000000007D
:109BF0000000000001000000FFFFFFFFFCFFFFFF6F
:109C0000FFFFFFFFFFFFFFFF00000000000000005C
:109C10000000000001000000FFFFFFFF512563FC72
:109C2000C2CAB9F3849E17A7ADFAE6BCFFFFFFFFD7
:109C3000FFFFFFFF00000000FFFFFFFF000000002C
:109C400096C298D84539A1F4A033EB2D817D0377D6
:109C5000F240A463E5E6BCF847422CE1F2D1176B71
:109C6000F551BF376840B6CBCE5E316B5733CE2B44
:109C7000169E0F7C4AEBE78E9B7F1AFEE242E34F73
:109C8000FFFFFFFF7F0000008000000000000000D9
:109C900000000000FFFFFFFF7F00000080000000C9
:109CA000000000000000000067E6096A85AE67BB9F
:109CB00072F36E3C3AF54FA57F520E518C68059BAE
:109CC000ABD9831F19CDE05B010002001000110029
:109CD0001200200021002200230024003000310067
:109CE00032003300FFFF77C295F360D2EF7F355229
:109CF000500F2CB6798025633A20537461727469D1
:109D00006E6720626F6F746C6F616465720A002504
:109D1000633A20556E61626C6520746F2066696ECF
:109D20006420626F6F7461626C6520696D61676544
:109D30000A0025633A20426F6F746C6F616465722C
:109D400020636861696E6C6F616420616464726530
:109D50007373206F66667365743A20307825780ACD
:109D60000025633A20496D616765207665727369E5
:109D70006F6E3A207625642E25642E25640A002510
:109D8000633A204A756D70696E6720746F2074683D
:109D90006520666972737420696D61676520736CF4
:109DA0006F740A0025633A2050726F7465637420E3
:109DB0006D6375626F6F7420666C61736820666195
:109DC000696C65642C2063616E63656C20737461DB
:109DD000727475702E0A0025633A204E657665729E
:109DE0002073686F756C64206765742068657265A0
:109DF0000A006D6375626F6F740025633A20696EA7
:109E000076616C696420666C617368204944202522
:109E1000643B2065787065637465642025640A007E
:109E20002A8648CE3D030107002A8648CE3D02011E
:109E30000025633A204661696C656420746F207266
:109E4000656164207374617475732066726F6D2030
:109E500025642C206572722025640A0A0025633A65
:109E6000202564207374617475732077726974653A
:109E7000206661696C7320706572666F726D696EC1
:109E8000672074686520737761700A007072696D6D
:109E9000617279007365636F6E6461727900256326
:109EA0003A20436C656172656420696D6167652065
:109EB0002564207072696D61727920736C6F7420F3
:109EC000747261696C65722064756520746F2073AB
:109ED0007475636B207265766572740A0025633A47
:109EE00020496D61676520696E207468652025735F
:109EF00020736C6F74206973206E6F742076616CB0
:109F00006964210A0025633A204661696C65642012
:109F1000746F206F70656E20666C6173682061726B
:109F200065612049442025642028696D61676520AA
:109F3000256420736C6F74202564293A2025642CD5
:109F40002063616E6E6F7420636F6E74696E7565E9
:109F50000A0025633A204661696C65642072656178
:109F600064696E6720736563746F72733B20424F40
:109F70004F545F4D41585F494D475F534543544FE0
:109F800052533D2564202D20746F6F20736D616CDA
:109F90006C3F0A0025633A204661696C6564207253
:109FA000656164696E6720696D61676520686561D8
:109FB000646572733B20496D6167653D25750A00D4
:109FC00025633A204661696C656420726561646945
:109FD0006E6720626F6F74207374617475733B20B9
:109FE000496D6167653D25750A0025633A207061FA
:109FF0006E6963210A0025633A20446574656374C1
:10A00000656420696E636F6E73697374656E742026
:10A01000737461747573210A0025633A2043616E7D
:10A020006E6F7420757067726164653A206E6F742C
:10A03000206120636F6D70617469626C6520616D71
:10A040006F756E74206F6620736563746F72730A28
:10A050000025633A2043616E6E6F742075706772DD
:10A060006164653A206D6F726520736563746F7209
:10A0700073207468616E20616C6C6F7765640A0090
:10A0800025633A2043616E6E6F742075706772614C
:10A0900064653A206E6F742073616D65207365632B
:10A0A000746F72206C61796F75740A0025633A20B1
:10A0B00043616E6E6F7420757067726164653A20DB
:10A0C000736C6F742077726974652073697A657335
:10A0D00020617265206E6F7420636F6D70617469AA
:10A0E000626C650A0062616400676F6F6400756E80
:10A0F000736574005072696D61727920696D616772
:10A10000650025633A2025733A206D616769633DD8
:10A1100025732C20737761705F747970653D30789A
:10A1200025782C20636F70795F646F6E653D3078A1
:10A1300025782C20696D6167655F6F6B3D307825F0
:10A14000780A005365636F6E6461727920696D618E
:10A1500067650025633A20426F6F7420736F7572D4
:10A1600063653A207072696D61727920736C6F74E7
:10A170000A0025633A20426F6F7420736F75726313
:10A18000653A206E6F6E650A0025633A205374614C
:10A190007274696E672073776170207573696E677A
:10A1A000206D6F766520616C676F726974686D2EC3
:10A1B0000A0025633A204E6F7420656E6F756768DC
:10A1C000206672656520737061636520746F20720C
:10A1D000756E207377617020757067726164650AAF
:10A1E0000025633A20726571756972656420256483
:10A1F00020627974657320627574206F6E6C7920AB
:10A2000025642061726520617661696C61626C65AC
:10A210000A003059301306072A8648CE3D0201064F
:10A22000082A8648CE3D030107034200042ACB409A
:10A230003CE8FEED5BA44995A1A91DAEE8DBBE1983
:10A2400037CD14FB2F245737E5953988D994B9D6E3
:10A250005AEBD7CDD5308AD6FE48B24A6A810EE590
:10A26000F07D8B6834CC3A6AFC538EFAC12D002005
:10A27000002B00307800305800286E696C29002AC5
:10A280002A2A20426F6F74696E67204D4355626FB2
:10A290006F742076322E312E302D6465762D396222
:10A2A00034616534636263396532202A2A2A0A00E0
:10A2B0002A2A2A205573696E67206E524620436F02
:10A2C0006E6E6563742053444B2076332E312E31ED
:10A2D0002D653261393766653235373861202A2A73
:10A2E0002A0A002A2A2A205573696E67205A657047
:10A2F000687972204F532076342E312E39392D66ED
:10A300006638663063353739656562202A2A2A0A3D
:10A31000006D757465785F696E69742063616C6C3B
:10A3200065642077697468204E554C4C20706172CA
:10A33000616D6574657200436F756C64206E6F7437
:10A3400020616C6C6F63617465206D757465782035
:10A350006265666F726520696E697469616C697A9D
:10A36000696E6700636C6F636B4035303030006836
:10A3700066636C6B006C66636C6B00666C61736823
:10A380002D636F6E74726F6C6C6572403339303050
:10A390003000773235713132386A76403000D8106B
:10A3A000200C000000006770696F4038343235308F
:10A3B000300000010203040506077561727440381D
:10A3C0003030300073706940623030300070657238
:10A3D0006D0074657374004255473B2063616E27BE
:10A3E000742068617070656E0072657665727400C5
:10A3F00025633A205365636F6E6461727920696DDD
:10A40000616765206F6620696D61676520706169AD
:10A4100072202825642E2920697320756E7265616B
:10A42000636861626C652E20547265617420697482
:10A4300020617320656D7074790A0025633A2049A4
:10A440006D61676520696E6465783A2025642C200B
:10A450005377617020747970653A2025730A00255E
:10A46000633A20496D61676520696E6465783A20BA
:10A4700025642C205377617020747970653A206EC2
:10A480006F6E650A00040104030402040104010460
:10A49000030104030401040000016D61696E000002
:10A4A00088EACD1F55555515AAAAAA1A8181000020
:10A4B000997D0000EC9800004C0100203A0000005B
:10A4C000600100203A000000380100203A0000003E
:10A4D000740100203A000000938100000000000099
:10A4E000000000002C9B0000010000004C00002038
:10A4F0004C00002000000000010000005C00002073
:10A500005C000020000000000100000000000000CE
:10A51000000000000000000000000000000000003B
:10A52000000000000000000000000000000000002B
:10A53000CC9500000000000000000000FB2100207E
:10A54000F32100200070015000000000FFFF000018
:10A550003F000000FFFF00003F000000FF00000080
:10A5600090020000C4000020C40000200000000091
:10A57000C15E000010010020080100200001002041
:10A5800000000000F8000020DD5F0000295F0000EF
:10A590005D5F0000A55F00001C1F00203A00003A2C
:10A5A000201F00203A00003A241F00203A00003A01
:10A5B000281F00203A00003A20010020E40000207B
:10A5C000DC000020D8000020D400002000000000A3
:10A5D00000000000000000003801002038010020C9
:10A5E00000000000000000000E0000004C010020F0
:10A5F0004C01002000000000000000000E000000E0
:10A600006001002060010020000000000000000048
:10A610000E00000074010020740100200000000002
:0CA62000000000000E00000015E015E036
:020000040001F9
:100000003DB8F396000000000002000080380300B5
:1000100000000000020000000000000000000000DE
:10002000FFFFFFFFFFFFFFFFFFFFFFFFFFFFFFFFE0
:10003000FFFFFFFFFFFFFFFFFFFFFFFFFFFFFFFFD0
:10004000FFFFFFFFFFFFFFFFFFFFFFFFFFFFFFFFC0
:10005000FFFFFFFFFFFFFFFFFFFFFFFFFFFFFFFFB0
:10006000FFFFFFFFFFFFFFFFFFFFFFFFFFFFFFFFA0
:10007000FFFFFFFFFFFFFFFFFFFFFFFFFFFFFFFF90
:10008000FFFFFFFFFFFFFFFFFFFFFFFFFFFFFFFF80
:10009000FFFFFFFFFFFFFFFFFFFFFFFFFFFFFFFF70
:1000A000FFFFFFFFFFFFFFFFFFFFFFFFFFFFFFFF60
:1000B000FFFFFFFFFFFFFFFFFFFFFFFFFFFFFFFF50
:1000C000FFFFFFFFFFFFFFFFFFFFFFFFFFFFFFFF40
:1000D000FFFFFFFFFFFFFFFFFFFFFFFFFFFFFFFF30
:1000E000FFFFFFFFFFFFFFFFFFFFFFFFFFFFFFFF20
:1000F000FFFFFFFFFFFFFFFFFFFFFFFFFFFFFFFF10
:10010000FFFFFFFFFFFFFFFFFFFFFFFFFFFFFFFFFF
:10011000FFFFFFFFFFFFFFFFFFFFFFFFFFFFFFFFEF
:10012000FFFFFFFFFFFFFFFFFFFFFFFFFFFFFFFFDF
:10013000FFFFFFFFFFFFFFFFFFFFFFFFFFFFFFFFCF
:10014000FFFFFFFFFFFFFFFFFFFFFFFFFFFFFFFFBF
:10015000FFFFFFFFFFFFFFFFFFFFFFFFFFFFFFFFAF
:10016000FFFFFFFFFFFFFFFFFFFFFFFFFFFFFFFF9F
:10017000FFFFFFFFFFFFFFFFFFFFFFFFFFFFFFFF8F
:10018000FFFFFFFFFFFFFFFFFFFFFFFFFFFFFFFF7F
:10019000FFFFFFFFFFFFFFFFFFFFFFFFFFFFFFFF6F
:1001A000FFFFFFFFFFFFFFFFFFFFFFFFFFFFFFFF5F
:1001B000FFFFFFFFFFFFFFFFFFFFFFFFFFFFFFFF4F
:1001C000FFFFFFFFFFFFFFFFFFFFFFFFFFFFFFFF3F
:1001D000FFFFFFFFFFFFFFFFFFFFFFFFFFFFFFFF2F
:1001E000FFFFFFFFFFFFFFFFFFFFFFFFFFFFFFFF1F
:1001F000FFFFFFFFFFFFFFFFFFFFFFFFFFFFFFFF0F
:10020000F80B00209108010065090100D55D01008F
:10021000F55D0100155E0100555E0100355E0100CF
:10022000000000000000000000000000512E01004E
:100230006509010000000000650901006509010071
:10024000000000000000000000000000B5360100C2
:10025000000000006509010000000000000000002F
:1002600065090100650901006509010065090100D2
:100270000000000065090100650901006509010031
:100280006509010065090100000000000000000090
:100290006509010065090100000000000000000080
:1002A0006509010000000000000000006509010070
:1002B0006509010065090100650901006509010082
:1002C0006509010065090100650901006509010072
:1002D0006509010000000000650901000000000040
:1002E0006509010000000000650901000000000030
:1002F000650901000000000000000000000000008F
:10030000000000006509010000000000000000007E
:1003100000000000000000000000000000000000DD
:10032000000000006509010000000000000000005E
:1003300000000000000000000000000000000000BD
:100340006509010000015F5F02000000FE0B000074
:10035000E12E010080060000000000000000000007
:100360000000000000000000000000000100FFC3CA
:10037000000000C4201200200000000001015F5FA7
:10038000030100001F010000B10601000000000091
:10039000000000000100000001000000000000005B
:1003A000000000000000000000000000000000004D
:1003B0000000000070000000946201008000000056
:1003C000000F000001000000F104010001015F5F67
:1003D000040100001F0100001F08010000000000D0
:1003E000000000000000000001000000000000000C
:1003F00000000000000000000000000000000000FD
:10040000000000009F62010040000000050700009E
:10041000010000000B070100FFFFFFFFFFFFFFFFD0
:1004200038B50025054C29462046D4F80024C4F8E8
:10043000045405F078FDC4F8005438BD200C0020A9
:1004400037B511460022CDE9002242680346402A12
:10045000046845D1228D150A032D17D0012D37D000
:1004600022482468D0F80404AA1ECDE90040082AD6
:1004700039D8DFE802F0050B0F14191E23283000CD
:100480006A46184600F037F903B030BD184600F050
:1004900020F9F9E76A46184600F01EF9F4E76A46C3
:1004A000184600F013F9EFE76A46184600F017F90E
:1004B000EAE76A46184600F015F9E5E76A46184685
:1004C00000F013F9E0E76A46184600F011F9DBE79F
:1004D00000F014F9D8E76A46184600F013F9D3E79C
:1004E0006FF08000D0E76FF08500CDE7200C002092
:1004F0002DE9F04F05680446A3B0002D40F0B1800F
:100500002022294602A805F00EFD12AF202229461E
:100510000AA805F008FD40222946384605F003FDEB
:10052000E26904F11C039846B2B10426E26A04F1C0
:100530002C03EAB10425EEB96FF08306304623B0F0
:10054000BDE8F08F002EF1D053F8041D3246013E75
:100550000029F7D01646E9E70326F5E7002DEAD093
:1005600053F8041D2A46013D0029F7D01546E2E75D
:100570000325F5E740233A460021606805F010FDA9
:100580004028D9D1CDE902700127DFF8DCA00DF1B8
:10059000080904F1100BBE421FD10AAF38460021F2
:1005A000314A08EB8509D2F80034C84533D109B186
:1005B000C2F80034A3683146C2F8043402A82B46BE
:1005C0000AAAFFF73DFF4FF000080646454507F130
:1005D00008073DD1FFF724FFB0E75BF8043F1A1D81
:1005E00021D8DAF80004D91C21F00301C0F580629B
:1005F000914218D8014400EB0A02CAF8001460685E
:100600003946019205F0CCFC019AC9F80C0001377B
:1006100049F8082FBFE758F804EF1EF1040F07D977
:1006200009B1C2F80034FFF7FBFE6FF08C0685E7D6
:100630000EF1030C2CF0030CC3F5806AD44500F1D5
:100640000800EDD8D11840E9021E63440121ACE74F
:10065000414657E90223606805F0B7FC08F101083C
:10066000B4E76FF0850669E7200C002008B5282262
:100670000021024805F057FC002008BD281000208A
:1006800010B5044C0F222046034905F027FC2046F4
:1006900010BD00BF511000202208010008B5012143
:1006A000024803F0B7FB002008BD00BF5010002037
:1006B00008B5FFF7DBFF40B9FFF7E2FFFFF7EEFFFA
:1006C00018B9BDE8084003F02FBC08BD6FF08500E5
:1006D00070476FF0850070476FF0850070476FF0CE
:1006E000850070476FF0850070476FF08500704798
:1006F0006FF0850070476FF085007047D1E9000109
:1007000003F0D6BB6FF085007047F0B5036805466F
:10071000B3F57D7FA7B007D040F2F532934207D002
:100720006FF0850027B0F0BD01F00EFD0020F9E765
:1007300000243C22214607A8CDE90244CDE9044427
:10074000069405F0F0FB3C22214617A8169405F00C
:10075000EAFBEA69019405F11C0302B30426EA6A84
:1007600005F12C033AB30424731E012B52D8012C3B
:1007700050D80423002168680DEB030205F010FC3B
:1007800004281AD06FF08000CCE7002EE7D053F891
:10079000041D3246013E0029F7D01646DFE7032646
:1007A000F5E7002CE0D053F8041D2246013C002957
:1007B000F7D01446D8E70324F5E7022E16D16E6968
:1007C000402E29D806AF33463A460121686805F025
:1007D000E7FB8642D6D1CDE9027602A944B922468A
:1007E000019801F0C3FC044620469BE70021F5E791
:1007F0002B6A402BC6D816AACDE90423019804AA77
:1008000001F0B4FCDDE9042304460021686805F02A
:10081000DCFBE9E7012085E76FF0890082E7002033
:1008200070474D62656420544C5320332E362E346D
:1008300000000000000000000000000000000000B8
:100840000832000001000000293A0100013A0100CD
:10085000407C01008010002047000000407C010027
:10086000200C002000000000407C0100000C002053
:10087000000000009C110020C2050000200C002098
:1008800018010000000C00200800000002F040BD2C
:1008900008B572B6002383F31488BFF36F8F83F318
:1008A0000A8883F30B88BFF35F8F254B5A6A22F4C3
:1008B00080325A62D3F8942022F00102C3F89420C7
:1008C000BFF34F8FBFF36F8F1E4A9A6000F058F846
:1008D0001D4B83F309881D4B83F30A8883F30B8830
:1008E0001B4B15A1D1E90001C3E9000100F0EEF8AE
:1008F000184B19498B4212D30020184B18498B42D0
:1009000018D303F0A5F8186850F82240586840F84A
:100910002240013298688242F5D30C33EAE7002284
:10092000F8E71C6844F8220001325C68A242F8D360
:100930000833E4E70022F8E7A5EDF5FEA5EDF5FEA6
:1009400000ED00E000020100F80B00200004002090
:10095000F80B002050080100740801007408010021
:100960008C080100EFF30880EFF309812DE9F00F07
:100970006B46724600F094F908B0FFF787FFFEE778
:1009800038B572B6002383F3138883F311884FF0D0
:10099000FF30274A03F120010133102B42F82100D8
:1009A000F8D100234FF0FF34214A03F160010133F5
:1009B000102B42F82140F8D1012200251D4B294679
:1009C0005A60C3F84843C3F8084303F580535A609C
:1009D000C3F84843C3F80843A3F55043C3F8005590
:1009E0008022C3F80843144805F09DFA2946802266
:1009F000124805F098FA124B2946C3F80055802298
:100A0000C3F808430F4805F08EFA802229460E48A5
:100A100005F089FA0D4BC3F808454FF05023C3F891
:100A2000084362B6BFF34F8FBFF36F8F38BD00BF6F
:100A300000E100E0004001508080005080810050C3
:100A40000090005080900050809100500070015044
:100A500008B5EFF31083012B0C4A07D1126ABFF3DC
:100A60004F8F511C4A424A41104608BD01F064FCB8
:100A700000B172B6126ABFF34F8F531C5A425A41EB
:100A800001F05AFC0028EFD062B6EDE70080FF00CD
:100A900008B5EFF31083012B0B4A06D1D269BFF3DF
:100AA0004F8F02F00102104608BD01F045FC00B175
:100AB00072B6D269BFF34F8F02F0010201F03CFC25
:100AC0000028F0D062B6EEE70080FF00694A10B55A
:100AD000D2F8D03043F00203C2F8D03001F02CFC41
:100AE00030B14FF050230022C3F81421C3F818216D
:100AF00001F031FC28B101225F4BC3F8382AC3F85A
:100B000078254FF47F02D2F83031D2F83421BFF388
:100B10004F8FC3F30B03092B05D1012A1EBF0122FE
:100B2000554BC3F8782501F016FC18B10E22534B33
:100B3000C3F8E42E01F000FC30B100224E4BC3F8A4
:100B40000C270122C3F810270022D30003F57F03EE
:100B5000D3F80013BFF34F8F013108D0D3F800133F
:100B60000132D3F80433B2F5807F0B60EDD1EFF39F
:100B70001084FFF78DFF00284DD0BFF34F8F404BFF
:100B8000D3F80024012AFBD1C3F80425D3F80024AC
:100B9000012AFBD1012C03D001F0CEFB00B172B6CB
:100BA000FFF776FF58B1374AD36923F00103D361C9
:100BB000BFF34F8F324AD2F80034012BFBD1FFF73D
:100BC00047FF68B12F4A136A23F0FF0343F0200365
:100BD0001362BFF34F8F2A4AD2F80034012BFBD1A6
:100BE000012C03D001F0A8FB00B162B60022244B17
:100BF000C3F80425D3F80024012AFBD1BFF34F8F9B
:100C00001C49214BCA6802F4E0621343CB60BFF376
:100C10004F8F00BFFDE7FFF71BFF0028ADD1154A3E
:100C2000D2F88C3043F44063C2F88C304FF47F0329
:100C3000D3F83021D3F83431BFF34F8FC2F30B0216
:100C4000092A16D1013B022B02D8104AD35C83B18A
:100C50000C480F4903680A4A8B420CBF5A230023F1
:100C6000C2F8103EC36A8B420CBF5A230023C2F85D
:100C7000003E10BD00ED00E00040005000A0035019
:100C8000009003500080FF000400FA05F2360100D6
:100C9000FA50FA507C22014905F020B9BC18002016
:100CA00038B51D46384B394C5B68C3F308032360E5
:100CB000EFF3038363655306C4E90120E16039D58E
:100CC00002F00C020C2A08BF0846014620612022CF
:100CD0002F4805F003F925B1202229462D4805F0BB
:100CE000FDF8294B9A6AA265D96AE165986B20667E
:100CF00002F400406066586BA06602F08000E06677
:100D00009A62D962D3F8E42023482267D3F8E81026
:100D1000616702F04001A167C3F8E4200E2101F0F1
:100D20002CFB2268D31E042B22D8DFE803F00F151A
:100D3000181B1E00EFF39483990704D5130702D5FF
:100D4000EFF38980C1E7EFF38880BEE70C211348F9
:100D5000BDE8384001F011BB12211148F8E70B2122
:100D60001048F5E70D211048F2E70E210F48EFE794
:100D70000F2A98BF1421BDE8384089BF25210C48AF
:100D80000C48103A01F058BC00ED00E0BC180020FF
:100D9000D0180020F0180020F536010003370100BC
:100DA0000F370100213701002C37010039370100CE
:100DB000473701005B3701002DE9F34106460F4636
:100DC0000C4DD5F82C80C04710F00104FBD13946FA
:100DD00030466B69984740B9C047C307FCD42B6ABB
:100DE000019302B0BDE8F0411847204602B0BDE8CB
:100DF000F08100BF8037010010B5094C0020A368C6
:100E00009847236902209847A46A06490120A04711
:100E100001211520A0470122034B1A6010BD00BF1D
:100E20008037010040420F0038190020064B82B085
:100E30001868002382B262F30F03000C60F31F43B3
:100E4000184602B0704700BFC0370100014B186957
:100E5000704700BF80100020014B5869704700BFE9
:100E60008010002010B5044C204600F009FF00203F
:100E700084F8200010BD00BF8010002038B50C4D54
:100E80000C4695F8203013B94FF0FF3038BD0A46B4
:100E90000146284600F086FF064B984205D00B3BE2
:100EA0009842F1D100206C61F0E76FF00100EDE7AE
:100EB000801000200B00AD0BF0B51B4E054696F8D8
:100EC00020300C4691B01BB94FF0FF3011B0F0BD8F
:100ED00000F06043B3F1005F21D100230A460146D0
:100EE000304600F0EFFB114B98421AD00B3B984272
:100EF000EAD1346111E0A71B402F28BF4027A91970
:100F00003A46684604F0EAFF39466846FFF7D4FFE0
:100F10000028DBD14036B442EDD80020D6E70026C9
:100F2000F9E76FF00100D1E7801000200B00AD0B56
:100F3000C3B2012B10B540F096804DF6C023994204
:100F400070D028D8B1F5615F6FD011D8B1F5965F38
:100F50006DD008D8B1F5966F6BD0B1F5166F6BD028
:100F60006FF007005DE0B1F5165FF9D1454B33E056
:100F700047F61223994262D007D8B1F5964F61D057
:100F8000B1F5E14FECD1404B26E0B1F5164FE7D17A
:100F90004FF41D0320E03D4B994255D011D8B1F5D7
:100FA000E13F54D007D8B1F5614F53D0B1F5963F2A
:100FB000D6D1374B10E0B1F5613FD1D14FF06C7312
:100FC0000AE0B1F5612F48D0324B994248D0B1F5D3
:100FD000E12FC5D14FF0E86310F4E06F46D110F473
:100FE000404103D0B1F5804F43D1102110F440525D
:100FF00003D0B2F5805F3FD10E2210F4403003D011
:10100000B0F5403F3BD10120234C20766276E3616E
:10101000A1760A4324681043C4F82435C4F86C054B
:10102000002010BD4FF46503D6E71C4BD4E71C4BE2
:10103000D2E74FF49E23CFE74FF41D23CCE74FF4C4
:101040000003C9E7174BC7E74FF08063C4E74FF0D1
:10105000EB73C1E74FF46B03BEE74FF07063BBE780
:101060004FF08053B8E76FF00300DAE76FF0080045
:10107000D7E76FF00A00D4E76FF00900D1E76FF00F
:101080000B00CEE70050270000C0750090D0030091
:1010900000903A0140420F008010002000F03A001A
:1010A00000B0130000A04E0010B58EB02422002125
:1010B00005A804F038FF4FF0FF33CDE90133CDE947
:1010C00003334FF0EB730B930723104C01A8D4E9C3
:1010D00002128DF8363001F06EF9014600222046EA
:1010E00000F03AFA0A4B98420DD10C9B0020238362
:1010F0001B0CA3760B9BC4E90400E361012384F875
:1011000020300EB010BD6FF00100FAE78010002013
:101110000000AD0B7FB500250C46C0F808511646FF
:10112000D0F80821D0F8002222F02002C0F80022D6
:10113000104AC0F8082301F08FF9A560256104F179
:101140004C03D3E8EF1F21F47F0121F47041C3E881
:10115000E21F002AF5D110222946684604F0E3FE7A
:10116000042368468DF800300196D4E900139847AF
:1011700004B070BD10020A0000F01F03400909D13D
:10118000074A02EB8303D3F80012064A0A40C3F869
:10119000002270470022803352F82330FFDE00BF68
:1011A00000258450F0F8FCFF2DE9F04F804690F8C0
:1011B00004A05020664F0E4600FB0A70416885B0BF
:1011C00049B113F0020304D0836B002B00F0B2800E
:1011D0000123009300E000914FF0500909FB0A73CE
:1011E000DB6CD90600F1A6804FF0010BB318029317
:1011F000029BB34200F0A78006F06043039398F887
:101200000450D8F8004009FB05739A6B9AB9039B08
:10121000B3F1005F40F09980019200F005FE09FBF8
:101220000572D16C204601F0010101F0E3F828B904
:1012300000F002FEE3E701230193EEE7516C334631
:101240000029BCBFD4F84C155164019A42B109FB86
:1012500005713078D1E90E23D054D1E90E32134410
:101260001BB1C4F84435C4F848B50022C4F82021A5
:10127000D4F82011C4F85821D4F85811C4F85021DA
:10128000D4F850210822C4F80025009AE2B14FF4A6
:101290008003C4F80433C4F808B000F0CDFD502337
:1012A00003FB0A72516800294BD1D26C120748D552
:1012B00003FB0A734C33D3E8EF1F21F00801C3E8A6
:1012C000E21F002A36D0F6E7C4F808B0019300F018
:1012D000B3FD09FB0572D16C019B01F001012046B1
:1012E000019301F087F88446019BD4F84C05D4F8AB
:1012F0004425BCF1000F0DD19342F0D005EB8505DC
:1013000007EB0515D1B100F08FFD2946204601F00D
:10131000B5F8C2E705EB8505934207EB0515F1D15A
:101320000028EFD100F080FD2946204601F0A6F804
:1013300000F082FD074805B0BDE8F08FC4F80CB09E
:10134000E1E7013654E70448F5E70448F3E700BF56
:101350003C1900200800AD0B0000AD0B0400AD0BE4
:10136000430904D10123034A83409360704700235B
:101370009B60FFDE0025845000F01F0340090BD165
:10138000084A02EB8302D2F80012074B0B4043F0ED
:101390000303C2F8003270470022803352F8233032
:1013A000FFDE00BF00258450F0F8FCFF2DE9F84374
:1013B00091F8303005460C4690F804800F6853BB16
:1013C0005023DFF85091781C03FB0893DE6C46F045
:1013D0000072DA6404D03846FFF7C2FFFFF7CCFF93
:1013E0006068411C01D0FFF7C7FE94F82C30012B38
:1013F00011D1502303FB0893E06846F02066421C9D
:10140000DE6401D0FFF7B8FEA068431C03D0FFF7ED
:10141000A7FFFFF7B1FF94F82F0038B950223D4BDA
:1014200002FB0833DA6C42F08072DA6494F82CC064
:1014300094F82D1094F82E202B68D4F828E041EA77
:101440000C010A43E668D4E90198C3F824E5C3F81F
:101450006C2550B9BCF1010FC3F80C75C3F8149595
:1014600004BFC3F80885C3F81065D3F8682503F2F4
:101470006458012A08BFDA60D3F86425012A13D121
:10148000082149F64046244FC3F8001547F00107EC
:101490005A60D8F800309BBB2B68D3F88024C3F87F
:1014A00080240022C3F8002500212B6894F8322004
:1014B000C3F81011D3F81001C3F82011D3F820019C
:1014C000C3F82411D3F82401C3F84411D3F844011C
:1014D000C3F85811D3F8581143F307335201002BC6
:1014E000D2B212DB0D49C81880F800230122580936
:1014F00003F01F0302FA03F341F82030BDE8F8833C
:101500004020B847013EC4D1C6E7054903F00F03A8
:10151000CA54F3E73C190020D037010000E100E095
:1015200014ED00E000F01F0340090BD1084A02EB64
:101530008302D2F80012074B0B4043F00203C2F8BB
:10154000003270470022803352F82330FFDE00BFA4
:1015500000258450F0F8FCFF2DE9F3479046502217
:1015600090F80490514C02FB09FA04EB0A070D466F
:1015700097F848100646002940F0858009EB89005D
:1015800004EB001004F0CFFC2B69AA6944F80A3080
:101590006B69BB6302B1013A502303FB0943DA6371
:1015A0002A6A042A81BFEA699A610022DA6195F801
:1015B0003130B8F1000F37D083F001073F0233B16B
:1015C000502303FB0943DA6C42F00102DA64502332
:1015D00003FB09440123C4F8048084F848303468CC
:1015E000D4F84C2112BB29463046FFF7DFFE082213
:1015F000002334688DF80730C4F800250DF1070288
:10160000C4F84425C4F8483501230A25A360E360E3
:10161000D4F85831002B38D1254B402043F001033A
:101620009847013DF4D128E04746C8E708224FF02B
:101630006409C4F8002563601D4B43F0010AD4F827
:101640004431F3B9D4F82431DBB94FF42070D047DA
:10165000B9F10109F3D14B460022C4F84C21D4F86A
:101660004C11C4F81021D4F81011C4F84421D4F856
:101670004411C4F80025002BB5D10E4802B0BDE8D6
:10168000F0870123E8E70C48F8E70023C4F820318D
:101690009845D4F82021C4F80035084B08BF002332
:1016A0001F4333680648C3F80473E7E73C1900207A
:1016B000D03701000100AD0B0C00AD0B10020A0089
:1016C0000000AD0B2DE9F04784460F469E461646B6
:1016D0000579002A51D04FF0500ADFF8AC80D0F8DD
:1016E00000900AFB058ADAF8044074B96BB9DAF89D
:1016F0002C50002D43D1CAF82C20FFF755FD04468D
:10170000CAF82C502046BDE8F0871EF0030F07D022
:10171000734632463946BDE8F0476046FFF744BDA0
:1017200007F06043B3F1005F4FF0500414D104FBA5
:10173000058400F079FBE26A1AB1144C00F07CFBDE
:10174000E0E7C4E90A7605EB8505484608EB051194
:1017500000F09FFE0E4CF1E704FB0584A36B83B100
:1017600000F062FBE36A002BE7D1E36C012243F057
:101770000203C4E90A76E364E5E7064CC2E7034CDA
:10178000C0E7054CBEE700BF3C1900200B00AD0BC5
:101790000000AD0B0600AD0B0A00AD0B2DE9F843C0
:1017A00050230679284D046803FB0653D4F80473CC
:1017B000DA6AC4F8087322B92448C4F80473BDE88F
:1017C000F88306EB860005F14C024FEA001802EBA5
:1017D0000012D2E8EFCF4CF0080CC2E8E0CF0028AE
:1017E000F7D10122E26031B3D96C01EA020949461E
:1017F000204600F0FFFD0028FAD000F015FBB9F1FB
:10180000000F1CD1D4F8203153B10123E360D4F888
:101810005831002BFBD0204605EB080100F02EFECE
:1018200000F00AFB0023C4F82031D4F82021502214
:1018300002FB0655EB620648C4F80473BFE7D4F810
:101840005831002BE7D1EBE73C1900200500AD0B28
:101850000000AD0B2DE9F84390F804804A4E08EBE8
:1018600088073F0107F14C0504683544D5E8EF3F90
:1018700043F48052C5E8E02F0028F7D1DA047FD482
:101880004B0705D5502303FB08639B69002B79D0D8
:101890003E4B3744C4F808330823C4F8003500230E
:1018A000C4F81031D4F81021C4F84C31D4F84C21CC
:1018B000C4F844310A03D4F844318B0303F4804361
:1018C00002F400524903134301F400410B43D5E8ED
:1018D000EF2F1A43C5E8E12F0029F8D14FF0500946
:1018E00009FB0869D9F80830EBB9D9F8043093B985
:1018F000502303FB0863DB6CD8043FD5D5E8EF3FEA
:1019000023F47F0323F47043C5E8E23F002AF5D1B6
:101910001F48BDE8F8830321384600F078FDD9F868
:101920000830002BE4D0D4F80433590713D55023E2
:1019300003FB08635A6872B1DB6C1A030BD5D5E858
:10194000EF3F23F40023C5E8E23F002AF7D1062148
:10195000384600F05CFD502303FB0863DB6CDB04BE
:101960000CD5D4F84C310BB901232360502303FB71
:101970000866736813B1054BC4F804330548C8E71B
:101980000548C6E70548C4E73C19002010020A00D4
:101990000200AD0B0000AD0B0B00AD0B0800AD0B52
:1019A0002DE9F84F502390F804905B4E046803FB38
:1019B00009631746DA6CD4F804A350038846C4F8C8
:1019C00008A300F1A38001F06041B1F1005F40F095
:1019D0009F80996859B15B68002B40F08380D4F8F0
:1019E000101100297ED0C4F81031D4F810315025E0
:1019F00005FB0965EA6909EB890BC5E902874FEA2E
:101A00000B1B002A49D0974235D84FF000093A46BF
:101A1000A9694046C5E9029904F060FAEA69A86933
:101A2000D21BC119EA6104F023FA6B6823B93B4861
:101A3000C4F804A3BDE8F88FEB6C5E44990414D598
:101A4000374B5B44D3E8EF1F41F48021C3E8E21F2A
:101A5000002AF7D13A464146304600F0E9FC4A46B2
:101A600031462046FFF756FBE1E73A46414630460D
:101A700000F0DEFCDBE74046A96904F02FFAEB69D1
:101A80006B620023EB61264B5B44D3E8EF1F41F40C
:101A90000021C3E8E21F002AF7D1502303FB0963AA
:101AA000586ADA689968DB6C121A0144C4F8341574
:101AB000C4F83825DA04BAD5194B5B44D3E8EF1FD4
:101AC00021F48021C3E8E21F002AF7D1012323601B
:101AD000D4F84431002BAAD00023C4F84431D4F800
:101AE0004431A4E7502303FB0966336993B95304D7
:101AF000C4F83485C6E90487C4F8387597D5D4F896
:101B0000003243F02003C4F8003290E705488FE725
:101B100005488DE705488BE73C1900200000AD0B18
:101B2000881900200500AD0B0A00AD0B0B00AD0BB2
:101B300050232DE9F0414E4D90F80480046803FBDA
:101B40000853D86CD4F8007200F48220B0F5805F9E
:101B500005D009B10022DA614648BDE8F081D4F829
:101B60000463C4F8086309B9BB0652D44FF4A11149
:101B7000D4F8003223F02003C4F80032502303FBD2
:101B800008574C37D7E8EF0F0843C7E8EC0FBCF114
:101B9000000FF7D122B903FB08535B68002B63D118
:101BA000354BC4F8083301236360D4F84431002B6B
:101BB000FBD00023C4F84C31D4F84C21C4F81031C8
:101BC000D4F81021C4F84431D4F84421502202FB47
:101BD0000852D16C11F400411ED1D161204600F0B1
:101BE0003BFC502303FB08550023AB602B61D7E877
:101BF000EF3F23F47F0323F47043C7E8E23F002A5A
:101C0000F5D126F4202626F404761C48C4F8046393
:101C1000A3E74FF48031B1E79269C4F84C31D4F8AE
:101C20004C11C4F834250522C4F83825C4F8103105
:101C3000D4F810310123E362D4F81031002BFBD02B
:101C40000023C4F81031D4F81031D4F84C210AB173
:101C5000D4F83C25502303FB0853DA610023C4F871
:101C60004C31D4F84C31B9E701236360CDE700BFB4
:101C70003C1900200500AD0B10020A000000AD0B5E
:101C80002DE9F8432F4A03680679C3F8082343F384
:101C90000733002B04460DDB01215A0903F01F0313
:101CA000994002F12003284A42F82310BFF34F8FD6
:101CB000BFF36F8F012220461146FFF739FF012144
:101CC0002046FFF76BFD50212279204D236801FB50
:101CD0000252D46CD3F80C05E201D3F81495D3F872
:101CE0000875D3F8108509D54FF0FF32C3F80C25DD
:101CF000C3F81425C3F80825C3F81025A30116D589
:101D0000411C01D0FFF70EFCB9F1FF3F02D048465D
:101D1000FFF708FC22010AD5B8F1FF3F02D0404688
:101D2000FFF700FC7B1C02D03846FFF7FBFB50237B
:101D3000002203FB0653DA6483F848205A60BDE8AA
:101D4000F88300BF10034A0000E100E03C190020C6
:101D500010B5502402790E4B04FB02335B689BB92B
:101D60000368D3F80025082A05D011B1D3F83C3513
:101D70000B60084810BDD3F810213AB111B1D3F867
:101D80003C350B600448F5E70448F3E70448F1E705
:101D90003C1900200C00AD0B0000AD0B0800AD0B92
:101DA0000B00AD0B2DE9F34105461646FFF7F8FD94
:101DB000184B0446984226D10321284695F8048002
:101DC000FFF748FD144FB84201D0A0421FD1502266
:101DD000124B02FB08335B68ABB90193284601A99B
:101DE000FFF7B6FFB842F9D00D4B98420AD0019BDD
:101DF000B34207D301222846114602B0BDE8F041A4
:101E0000FFF796BE074C204602B0BDE8F0810446BD
:101E1000F9E700BF0000AD0B0B00AD0B3C19002033
:101E20000C00AD0B0800AD0B72B6024A136801330B
:101E3000136070478C190020034A1368013B13603C
:101E400003B962B6704700BF8C190020003A18BF72
:101E50000122003918BF012103688900074841EABF
:101E60004201186359605A6842F001025A60BFF398
:101E70004F8FBFF36F8F0020704700BF04AAFF0091
:101E80000722024BC3F80423704700BF0030005004
:101E9000084BD3F80801D3F80021003818BF0120FF
:101EA00080000AB140F00100D3F804310BB140F0DA
:101EB00002007047003000500022074BC3F8002199
:101EC000D3F80011C3F80421D3F80411C3F8082192
:101ED000D3F80831704700BF0030005000231720AE
:101EE0000C49012B03F1010201D81346F9E703F570
:101EF000C073202A41F823001346F2D10023172093
:101F0000044A03F5E0710133202B42F82100F8D197
:101F1000704700BF0030005010B59DF80840C00B5E
:101F200043EA0423064CC90B43EA0213884200D952
:101F300010BDC2B202F5C07244F822300130F5E79C
:101F40000030005010B59DF8084000F1604043EAB1
:101F5000042301F16041074C400B490B43EA021393
:101F6000884200D910BDC2B202F5E07244F82230B6
:101F70000130F5E700300050C0F30E03C3F5004315
:101F8000B3FA83F3C3F11B03064AC0F3C730DBB2D5
:101F900040F4807043F48073C2F80005C2F8043541
:101FA000704700BF00300050430301481844704799
:101FB000FF1FF81F054BC0F30730090241F0300145
:101FC00000F5007043F82010704700BF003000504B
:101FD000044BC0F30730090200F5007043F82010ED
:101FE000704700BF0030005008B5FFF751FF044BA9
:101FF000162118600348BDE8084000F0BEB900BFD4
:10200000D81F0020D63701000C22014903F066BF1B
:10201000D81F002010B501F032FB044690B901F042
:10202000E3FF044680B90A4A2E21D368094823F009
:1020300008031B041B0C43F0BF6343F40033D3605D
:1020400000F09BF9204610BD45F22354FAE700BF8B
:1020500000ED00E0EC370100024B1860024B00205D
:1020600019607047E81F0020E41F00201FB5274CAF
:10207000426923685A6282699A62C269DA62026AB4
:102080001A63426A5A63826A9A63C26ADA63026BAB
:102090001A64426B5A60826B9A60C26BDA60026C9F
:1020A0001A61426C5A61826C9A61C26CDA61026D8B
:1020B0001A62826D5A65C26D9A65026FDA65026EA8
:1020C0001A66826E5A66426F9A66EFF388825A6485
:1020D000EFF389829A644268DA64EFF394821A65B6
:1020E000026801A81A67FFF78FFF2368019ADA6672
:1020F00001221A70064B1C686408640020462146C1
:102100002246234603F0DFFF04B010BDE81F002085
:10211000E41F002000B5A1B001A8FEF7BBFD029BA3
:1021200063B15B060AD4019B23F00203052B05D1A2
:10213000044B1B6813B101A8FFF798FF21B05DF8AD
:1021400004FB00BFE41F0020BFF34F8F0549064B7F
:10215000CA6802F4E0621343CB60BFF34F8F00BF45
:10216000FDE700BF00ED00E00400FA0503462DE99D
:10217000F04F084687B01146042B78D8DFE803F00B
:102180000308770D510007B0BDE8F04F00F076B8B6
:1021900007B0BDE8F04F00F038BA4368082B03D011
:1021A000022007B0BDE8F08F4B68042BF8D14FF048
:1021B000FF33D0F80080D1F800A0D8F80410CAF896
:1021C00000300029ECD026233C22012001F0A9F99F
:1021D00004460028E4D1D8F80030DFF898B0DFF8E2
:1021E000989003AF5BF8045B99E807001D4487E80B
:1021F00007000C2239462846019303F054FF019B47
:10220000064600B91DB90134072CEBD1C8E73C22C2
:102210002946D8F8040003F061FECAF800600020E7
:10222000BFE74368082BBBD14E68042EB8D14FF0EE
:10223000FF3304680D6821682B600029B0D0636803
:10224000002BADD026237422012001F06AF900286A
:10225000A6D1232332460120616801F062F90028EB
:102260009ED1D4E90001FFF7F7FE2860D7E70320ED
:1022700097E700BF1C38010038380100F8B5436803
:102280000C2B01D00220F8BD4B68042BFAD14FF083
:10229000FF3304680D6821682B600029F2D0A26822
:1022A000002AEFD00623012001F03BF90028E9D1F4
:1022B00061681F4ED6E90037994230D3A2681F44A7
:1022C00001EB020CBC452AD803F17F4303F5004320
:1022D000B3F5805F20681FD20A43930725D1154BC1
:1022E0009C4522D8091AA2680B1812B90020286050
:1022F000C9E7EFF31082012A08D11B68BFF34F8FA3
:1023000040F8043BA368043BA360ECE772B61B688B
:10231000BFF34F8F62B6F3E703F0E0FDE6E701306D
:10232000042806F10806C5D1ACE70320ABE700BFDF
:10233000443801000090FF004FF47F03D3F83001D0
:10234000D3F83431BFF34F8FC0F30B00A0F1090372
:102350005842584170474FF47F02D2F83031D2F8DA
:102360003401BFF34F8FC3F30B03092B03D1431E7B
:1023700058425841704700207047FEF71DBD0120AC
:1023800070476FF003007047002382B001930198FB
:1023900002B070476FF003007047002382B00193D2
:1023A000019802B07047022814BF6FF003000020AC
:1023B0007047FEF781BD70B540F2FF1501EB820258
:1023C000914200D170BD51F8044BC4F30803640C72
:1023D000AB4208BF4FF0FF33032CF1D8DFE804F025
:1023E000020406080360EBE74360E9E78360E7E780
:1023F000C360E5E70346D0F8580130B931B9D3F8E6
:102400002001003818BF012070470120704730B507
:1024100004460D4685B010220021684603F083FD76
:10242000D4E9001368468DF80050984705B030BDD8
:102430007FB504460E46154600211022684603F07B
:1024400072FD012368468DF80030CDE90165D4E9BD
:102450000013984704B070BD10B50446FFF7E4FCC4
:10246000D4F8583133B1D4F8043313F4800308BFDF
:10247000C4F80035BDE81040FFF7DEBCD0F8583195
:1024800033B1CB6CC3F30032DB0458BFC0F8002576
:10249000704770B5CE6C0D4606F001010446FFF79B
:1024A000A9FF38B94FF4800346F00406EE64C4F87F
:1024B000043370BDD5E90A365AB1296CEA6B761A35
:1024C000964228BF164619443246A86B03F006FD13
:1024D000AB6B4FF0FF326A641BB1C4F84435C4F8EB
:1024E00048650023C4F82031D4F82021C4F85831BD
:1024F000D4F85821C4F85031D4F850310823C4F826
:1025000000354FF48003C4F804330123A360D0E7FF
:102510004B6830B513F01F052DD102680C681068A8
:10252000C0F30720844226D25068556094600C7C2A
:1025300023F01F0304F001041C438B7CDB0003F039
:1025400018031C434B7C5B0003F006032343D3605A
:102550008B68013B23F01F04CB685B0003F00E0384
:10256000234343F0010313615060BFF34F8FBFF368
:102570006F8F284630BD0120FCE7036800205A68B1
:10258000C9B258609960D86018615A60704770B5D8
:102590000546002403681E68C6F30726B44201D12D
:1025A000002070BD21462846FFF7E7FF0134F5E71C
:1025B000C0037047C00300F5FF407F307047002024
:1025C00070471F2070474FF40040704700F57F4070
:1025D000C03040037047402070475F2070474FF481
:1025E000005070470020704708B5FFF793FD72B6A2
:1025F00020BFFDE7034610B10020187070474AF273
:10260000C530704700207047704743680C2B01D0DD
:10261000022070474B68042BFAD10B680121026835
:10262000196011680131F3D1022190681960002806
:10263000EED118607047000030B50C46154685B0E5
:1026400038B139B1FFF799FE041E03DA204605B010
:1026500030BD044640F60D23ADF80E3009230B497A
:1026600001A805F00F028A5C2D091A54013B012BC9
:10267000F7D147F630030C21ADF80430FFF77DFEAB
:102680000028B4BF04462418E0E700BF6438010006
:1026900007B51A4B83F30A88194800F0DBFF48B1ED
:1026A00000F036FE00F008FC00F0D6F8002003B081
:1026B0005DF804FBFFF7AEFC0028F1D121211148A1
:1026C000FFF75BFEFFF78EFF0028E9D10DF1070051
:1026D000FFF790FF0028E3D19DF807301BB1FFF70B
:1026E00091FF0028DCD1FFF78FFF00F019FF3521A3
:1026F0000548FFF742FE00F0A7FDD3E700040020E5
:1027000090190020743801009538010030B5094C4B
:10271000024661680023084640B105686D6895422D
:1027200005D11BB1826860609A60816030BD03464C
:102730008068F1E7141A002038B504462AB10B6806
:102740009B68DB0512D5002038BD0B4B1D680DB909
:1027500000F0DEFD00222B68996934338A4203D0F1
:1027600053F8040FA04204D19142ECD16FF0FC0069
:10277000EAE70132F2E700BF1C1A002070B50446F8
:102780000E461546002130220C3003F0CCFB064BE0
:1027900020461B68A6606360656100F0A5FE00230B
:1027A0002061236070BD00BF1C1A0020034B186815
:1027B00010B1006800B14068704700BF1C1A0020CB
:1027C000064B10B51C680CB900F0A2FD23689B688D
:1027D00013F4406F14BF0120002010BD1C1A00200C
:1027E0002DE9F843904607460C46FFF7E9FF0246FD
:1027F00024B96FF080042046BDE8F8836300F8D563
:10280000144B04F01F0153F82150002DF1D02B6818
:1028100029465868FFF790FFB0B9C4F3072128464E
:1028200000F078FD04460028E3D1EFF3108972B67A
:1028300000F067FE064689F3108840B142462946FB
:10284000FFF79CFF3E60D6E76FF08104D3E76FF09F
:102850008204D0E7941900202DE9F04100F050FEE9
:102860000023134E134F73607B6000F0E5FADFF82E
:102870004880304600F022F80446A0B13946802353
:10288000424600F0A1F80546204600F079FD206898
:10289000211D00F03DFB08B100F03AFD294620461D
:1028A00000F076FAE5E7BDE8F04100F087BA00BF36
:1028B000201A0020141A002094190020F8B50546AB
:1028C00008B900F025FD3B4E346814F1310F6ED885
:1028D000394B196804F130038B4268D2E369A2696D
:1028E00003EB83030E321344226A02EB42021344C9
:1028F000626AC2EBC20213449B00E31801D2994200
:1029000001D200F005FD23682C4A1B0C1B049342E6
:1029100001D000F0FDFC2388B3F5817F01D300F0E6
:10292000F7FC6368002B01DA00F0F2FCD4E90A231B
:102930009A4201DD00F0ECFCA36813F4406F22D151
:102940001F4A176807F1200313601E4A126893425A
:1029500001D900F0DDFCE369A26903EB83030E32C9
:102960001344226A3C6002EB42021344626AC2EBE7
:10297000C2021344326802EB83026B683260FB616F
:102980006F603846F8BD6F68002FD9D03B689A68F1
:1029900012F4406F09D0E16A9A6A914205DBA26A9B
:1029A000DB6A9A4201DC00F0B3FCFF69ECE7002728
:1029B000E7E700BFAC100020D438010000005F5FE3
:1029C000A8100020D03801002DE9F74F0F4690469F
:1029D0000646009300B109B900F09AFCD6F800A0B1
:1029E000DAF818200AF1380303EB820BDAF81C40FE
:1029F000204B1D6854B10C2202FB04541C601E4B7A
:102A00001B689C4201D900F083FC2C4625464FF000
:102A10000009DAF81C204A4500D91CB9002003B08F
:102A2000BDE8F08F142303FB09B20023C5E900269B
:102A30009268AB60930516D5B8F1000F02D0009BE9
:102A4000802B03D0019200F063FC019A12F0E00F9A
:102A5000D0B202D158F820201AB1019000F058FCF1
:102A6000019848F820507A6809F10109AA607D6050
:102A70000C35CEE7A4100020CC3801002DE9F04F32
:102A800093B000935E4B0746D3F800B00BB2002B17
:102A90000D461646C1F30269C1F3024A04DA6FF02B
:102AA000800013B0BDE8F08F8B42C36001D10020DD
:102AB000F7E709EB0A03042BF1D8CC0F64014FEAC6
:102AC000C90831464246DBF8040044F0020300F036
:102AD00028FD01460028E2D1202202A803F023FAB3
:102AE0004246314602A84FEACA0603F0F7F93246D9
:102AF0000099DBF8040044F0060300F012FD804664
:102B00000028CCD1014620220AA803F00CFA324654
:102B100000990AA802AE03F0E1F9334608F1010872
:102B2000C14514D91A46C4460DE0D2F808E0D16870
:102B300018687144884203D2596808448645AED368
:102B40000CF1010C0832CC45EFD10833E6E715F063
:102B5000006F18BF20241022002107F11C0003F091
:102B6000E2F907F118081022002107F12C0003F008
:102B7000DAF908EB890944F00203C84512D1202C88
:102B800027D1002D02DBC5F3C0456C0107F12805F4
:102B90000AAE05EB8A0A44F0060455451BD1009B9A
:102BA000FB6784E77268DBF8040056F8081B0193A2
:102BB00000F0B7FC00287FF472AF56F8042C019B9C
:102BC00048F8042F56F8082CC8F83000C8F8202020
:102BD000D3E70024DAE77268234656F8081BDBF8CF
:102BE000040000F09EFC00287FF459AF56F8043C26
:102BF00045F8043F56F8083C28642B63CDE700BF36
:102C00001C1A00202DE9F0411F461A4B0D461646AE
:102C1000D3F8008000F090FB044608B900F078FB80
:102C2000E368002B01DA00F073FB032D01D900F0FB
:102C30006FFB04EB8504E569E36CED1A16D00623FF
:102C40003A463146D8F8040000F06BFC08B100F0B9
:102C50005FFBBD4228BF3D46E36CE16B2A46194449
:102C6000304603F03BF9E36C2B44E3642846BDE8AF
:102C7000F08100BF1C1A00202DE9F0411D461A4BBF
:102C80000F461646D3F8008000F056FB044608B9FC
:102C900000F03EFBE368002B01DA00F039FB032F64
:102CA00001D900F035FB04EB8704E36AE26E9B1A5E
:102CB000AB4201D200F02CFB02232A463146D8F861
:102CC000040000F02EFC08B100F022FBE36EE06D82
:102CD0002A463146184403F001F9E36E00202B44E4
:102CE000E366BDE8F08100BF1C1A00202DE9F04129
:102CF00005464FF001080E4E0E4B37685C681CB954
:102D000028463760BDE8F0812268936813F40070AC
:102D10000CD16369012B09D0D368346023B1984783
:102D2000002801DA00F0F4FAC4F81480E469E6E758
:102D30001C1A0020201A002070B50446D0B1836808
:102D4000C3B11A68B2B15D68A5B10C4BA8616869DE
:102D50001D6020B92B68DB684BB901236B61A36848
:102D600004F10C001B68BDE870401B6918479847C8
:102D70000028F2DA6FF0800070BD00BF1C1A00203E
:102D80004268024B08461A60704700BF1C1A0020B8
:102D90000022036810B5C0E905229A68044612F4BF
:102DA000406F07D0120503D5D3E90A0100F034F8CB
:102DB000014B1C6010BD00BF1C1A002038B5124B1F
:102DC0001B681C68A36813F4406F01D100F0A0FADF
:102DD00000F05EF9226B23690C49134423F00703CA
:102DE000A3F1080543E9021185F30988073222F0AF
:102DF000070282F30B88BFF36F8F054BE26805492A
:102E000000F06BFC002038BD1C1A0020A5EDF5FE7B
:102E1000F80B0020ED2C0100014BC3E900017047C5
:102E2000281A0020034BD3E900308342C8BF00209A
:102E3000704700BF281A002008B500F01DF9034BA9
:102E4000986000F01FF980F3888808BD00ED02E06B
:102E5000EFF308807146EFF30982EFF30B830CB4B4
:102E600006B400F011FA8646009900F0080001F05F
:102E70000801401A02DC12DB04B070471EF0200388
:102E80001CBF2DE9F00FBDF1080D0A4C2546264662
:102E90002746A046A146A246A34630B4704704B0D8
:102EA00030BC1EF020031CBF1DF1080DBDE8F00F63
:102EB00004B07047A5EDF5FE084BDA6882F07F425A
:102EC00082F47F0242F48042DA6000221A765A7657
:102ED000DA76DA77602283F82220704700ED00E08E
:102EE000009A0A4B9A420FD10122904301460246B2
:102EF0000346044605460646074680468146824606
:102F00008346844686460447FEE70000A5EDF5FEAD
:102F10002DE9F041044618B943F6DA30BDE8F081F6
:102F20000029F9D08368002513F4406F14BF0123F2
:102F30000023134F43F00203DFF848800B6000F1D9
:102F40003806236AAB4201D80020E7E71421A369C1
:102F5000E26906EB830301FB02330C226A439918F2
:102F60008968090709D59B58BB4201D04345D3D195
:102F7000186810B10121FFF71DF80135E1E700BF26
:102F8000BC100020B410002070B5324C86B032481E
:102F9000FFF7FDFA236801255A1C01932F4B22608D
:102FA000DA681B694FF44076039300232A4801A98D
:102FB00002920495ADF814608DF81630FFF7A8FA68
:102FC00018B143F6DA3006B070BD23688DF81600EC
:102FD0005A1C0193224B20480293224B01A9CDE9B0
:102FE00003352260ADF81460FFF792FA0028E8D1AB
:102FF00023688DF816005A1C01931B4B1648029348
:103000001A4B01A9CDE903352260ADF81460FFF732
:103010007FFA0028D5D123688DF816005A1C019339
:10302000134B0D480293134B01A9039302230493FE
:1030300040F201132260ADF81430FFF769FA04463C
:103040000028BED12A4629460348FEF7FFFE204647
:10305000B9E700BF301A0020B0100020D8380100B6
:10306000C0390100C06201004008010040080100B1
:10307000000C0020200C0020014B1868704700BF96
:10308000D8380100014B1B6818687047D838010018
:10309000014B1B6858687047D838010008B5FEF727
:1030A000A3FFFEF709FF0A4B5A68103AD3B2120683
:1030B00009D401215A0903F01F03994002F160036A
:1030C000044A42F82310BDE8084000F021B900BFCF
:1030D00000ED00E000E100E00020034BD8765A6AE2
:1030E00042F470225A62704700ED00E00349044B3D
:1030F000CA68002092B21343CB60704700ED00E035
:103100000800FA05064BD3F8D02022F00102C3F8DC
:10311000D020D3F8D02042F00202C3F8D02070476C
:1031200000ED00E037B50125FEF7D8FE1A4C2A461F
:1031300005234FF4813019490095FEF7EDFE2A462C
:1031400007234FF0005016490095FEF7FBFED4E927
:103150000101072300220095FEF7DEFE072300226F
:10316000104911480095FEF7EDFE2169E06801392C
:10317000FEF702FFD4E90501062300220095FEF7C1
:10318000CBFED4E90701062300220095FEF7C4FE1A
:10319000002003B030BD00BFD8380100FF7F010020
:1031A000FF7F0020FFFF03200080002038B50024AF
:1031B0000D4D002155F8040B0134FEF709FF1D2CBD
:1031C000F7D100200122094BC3F88004C3F88424FE
:1031D000C3F8C004C3F8C42440F2011203F5583305
:1031E000C3F8402538BD00BFFC3801000030005056
:1031F00000224FF0FF300D4B02F1A0010132102AE6
:1032000043F82100F8D1D3F88022002022F00802F0
:10321000C3F88022D3F88022D3F8802222F40072EF
:10322000C3F88022D3F88032704700BF00E100E08D
:1032300008B5FEF725FE0822024BC3F880211A606C
:10324000002008BD00E100E00122014B1A60704738
:10325000341A002010B50446094B228918686168A9
:103260000623406800F05DF928B9064B1B68012B66
:1032700001D1FFF79BFA6FF08603236010BD00BFFA
:103280001C1A0020341A002001F00C0370B50C2B1E
:103290000CBF154605464A060C461ED58B0658BF80
:1032A0002835AB6913F8026C84F00803C3F3C0033C
:1032B000C6F38012934201D000F02AF816F0A00F56
:1032C0001CD176B1032E15D032461C210D48FFF7D4
:1032D000B3F96FF083032B600AE000F019F82026A1
:1032E000E2E7FFF7B9FA04460146074800F0F1F9B2
:1032F000204670BD2846FFF7ADFFF9E732461F2193
:103300000248E4E770390100F80B00208C39010015
:10331000FFF76AB903689A68DB6812F4806F05D119
:103320008B422CBF00206FF0FA0070478B420CBF1D
:1033300000206FF0FA00704710B500F0D8F804468E
:1033400000F0E6F850B9FFF731FAA3685B681B6834
:103350005B68834218BF0024204610BD0024FBE7B1
:1033600038B5054648B1FFF75DFDB5EBD07F0446A3
:1033700001D0FFF7CDFF204638BDFFF717FAF4E77D
:1033800070478230012808B506D8FFF719FA18B936
:10339000BDE80840FFF7BCBF08BDF8B505460E46BE
:1033A000FFF7CAFF044608B9FFF7B2FFA7680FB9D5
:1033B000FFF7AEFFE368991C4BD05A1C26D1002EB4
:1033C00044D016F1820F19D1022301252360EFF3B7
:1033D000108772B631462046FFF7D2FC064687F3C7
:1033E00010882368022B1CBF0023236025B1002313
:1033F0002046236000F08EF83046F8BD16F1830FAA
:10340000E2D0FFF785FF00250026E0E7002BF8DB80
:10341000002304F1280252F8041F19B1E16F106C67
:10342000194448600833202BF5D13B689D6815F49A
:10343000007502D002230125236016F1810FC6D149
:103440006369002BC3DBFFF763FFC0E72E4600254F
:10345000F3E70125D8E708B5FFF7C6F86FF083005A
:1034600008BD2DE9F3410E46174698460546FFF77D
:10347000A7F9FFF775FF2946024601A8FFF7B0F943
:10348000044660B943463A4631460198FFF7F6FADA
:10349000044640B16B0002D5019800F03BF820468D
:1034A00002B0BDE8F0810198FFF746FC0122019BC4
:1034B00004461A60F3E740F20110704770B5054604
:1034C000FFF77EF906462846FFF720F9044608B9BB
:1034D000002070BD014632462846FFF72DF900282E
:1034E000F6D12368D868F4E74FF480507047B0F500
:1034F000805F03D1EFF30B80803870470020704766
:103500007047EFF30B8000F1800383F30B88704763
:1035100000207047EFF30B83803B83F30B887047E9
:1035200070472DE9F0410F461546002A5BD000296F
:1035300000F08D8003F00602062A57D09A0740F16A
:10354000868008249B0648BF44F01204860758BFB3
:1035500044F00404C00709D5EFF39483D9074CBFA6
:1035600044F0040424F0040444F0120422462946E2
:10357000384602F0C3FBB0BB47E800F205EB070892
:10358000110E120208F1FF3646E800F34FEA13600D
:103590005AD51B0258D5884256D047E800F546E870
:1035A00000F6FFF70CF82D0E85424FEA166628D379
:1035B000FFF707F8864224D82846FEF7FBFF22468D
:1035C000C7F101010144384602F098FBE0B3013530
:1035D000AE420DD83046FEF7EBFF2246A8EB0001C5
:1035E00002F08CFB80B30020BDE8F0810124A9E744
:1035F0002846FEF7DDFF0746FEF7E5FF22460146B7
:10360000E1E7FEF7E8FF85421ED3FEF7E6FF8642BC
:103610001AD82846FEF7C8FC2246C7F1010101442A
:10362000384602F06BFB78B10135AE4203D8304624
:10363000FEF7CCFFD1E72846FEF7C8FF0746FEF7A6
:10364000CEFF22460146EBE76FF07F00CCE74CF25D
:10365000DA20C9E710B50446FFF754FDFFF762FD15
:1036600010B143F6DA3010BDFFF7A0FD0028F8D105
:10367000FFF78AFC0028F4D102232360F3E708B5A2
:10368000FFF72AFD10B143F6DA3008BDFFF72EFD33
:103690000028F8D100F01CF80028F4D162B6FDF73C
:1036A000ABFBFFF7A5FD0028EDD1FFF7C1FD00281A
:1036B000EBD0E8E7EFF30880EFF309812DE9F00F95
:1036C0006B467246FDF7ECFA08B0FFF7E7FCFEE741
:1036D000704704460D46A546284783F3088896465A
:1036E0000222EFF31483134383F31488BFF36F8F25
:1036F0000847000001464154414C204552524F5268
:103700003A2000486172644661756C740D0A004D80
:10371000656D4D616E616765206661756C740D0A3B
:10372000004275734661756C740D0A0055736167CC
:10373000654661756C740D0A005365637572654664
:1037400061756C740D0A005265736572766564204C
:10375000457863657074696F6E2000506C617466A3
:103760006F726D2065787465726E616C20696E741D
:1037700065727275707420284952516E293A200082
:103780002D0E01007F230100A9100100650E01002C
:10379000A7230100B32301007D0E01008323010054
:1037A0004D0E0100590E0100310F01008923010067
:1037B000952301009B230100180000001700000161
:1037C00003020202000000000000000000000000F0
:1037D0000338FDD87047506C6174666F726D204578
:1037E0007863657074696F6E3A0D0A00416C6C20E5
:1037F00070696E732068617665206265656E20630E
:103800006F6E66696775726564206173206E6F6E96
:103810002D7365637572650D0A00000000000000DD
:103820000002000000040000000600000008000084
:10383000000E000000100000DEE61E284CBBCE8FFC
:10384000025B000000000100000200000002FF0017
:103850002C0000003001FF00080000000881FF007C
:10386000F8020000303132333435363738394142CE
:10387000434445461B5B313B33346D426F6F746983
:103880006E672054462D4D2076322E312E321B5B32
:10389000306D0D0A001B5B313B33346D5B53656348
:1038A000205468726561645D20536563757265209C
:1038B000696D61676520696E697469616C697A69AF
:1038C0006E67211B5B306D0D0A0000001412002092
:1038D000FC1100201804010000800100008001009C
:1038E000FFFF0700007C01000080010000000800CD
:1038F000FFFF0E0000800F00FFDF0F0000400050B0
:10390000005000500080005000A0005000B0005057
:1039100000E0005000F00050000001500010015085
:1039200000400150005001500070015000800150D3
:1039300000B0015000C0015000D0015000E0015023
:1039400000F0015000000250001002500020025010
:1039500000300250004002500060025000800250CF
:1039600000A00250009003500025845000A0035096
:10397000556E6B6E6F776E2053504D20535643201B
:103980007265717565737465643A2000556E6B6E6F
:103990006F776E20535643206E756D62657220728C
:1039A00065717565737465643A2000FFFFFFFFFF62
:1039B000FFFFFFFFFFFFFFFFFFFFFFFFFFFFFFFF17
:1039C0000348044B834202D0034B03B118477047AE
:1039D0009C1100209C110020000000000548064BAF
:1039E0001B1AD90F01EBA301491002D0034B03B1FD
:1039F000184770479C1100209C1100200000000017
:103A000010B5064C237843B9FFF7DAFF044B13B126
:103A10000448AFF300800123237010BDA0180020DC
:103A200000000000B462010008B5044B1BB104495A
:103A30000448AFF30080BDE80840CFE70000000075
:103A4000A4180020B4620100A3F5803A704700BFBB
:103A5000174B002B08BF134B9D46FFF7F5FF0021C6
:103A60008B460F461348144A121A02F05CFA0E4BAA
:103A7000002B00D098470D4B002B00D0984700201A
:103A8000002104000D000D48002802D00C48AFF3BF
:103A9000008002F00FF920002900FEF7F9FD02F086
:103AA000F5F800BF00000800000000000000000062
:103AB000F80B00209C110020A4280020000000002A
:103AC00000000000009A074B9A4208D110B502F09E
:103AD0004DFA02F079F906BC96460C46744702F09E
:103AE00089FA0000A5EDF5FE009A074B9A4208D12D
:103AF00010B502F047FA02F067F906BC96460C468C
:103B0000744702F077FA0000A5EDF5FE0CB4029AB6
:103B1000084B9A420CD14FF0004319430CBC10B52E
:103B200000F022F802F050F906BC96460C467447A5
:103B300002F060FAA5EDF5FE009A044B9A4202D11C
:103B400003490868744702F055FA0000A5EDF5FE38
:103B500018610100009A034B9A4200D1744702F0A9
:103B600049FA0000A5EDF5FE2DE9F84304460D469F
:103B700016461F46EFF30583C3F308030BB1FFF7A7
:103B8000C7FBDFF834903B46204632462946D9F839
:103B90000080FFF766FCD9F800300446984506D04F
:103BA0009B6901461869BDE8F843FFF7F6BBFFF7CC
:103BB000E8FB2046BDE8F8831C1A002001680E4A85
:103BC0000346914215D1C169A2F11022A2F1EF1270
:103BD00091420ED18268012A0BD8C26812B10169E4
:103BE0008A4206D0586928B19B691B1A584258412D
:103BF00070470120704700BF55AA00FF0D4B70B5FC
:103C00009E68A6B13046FFF7D9FF044678B9F3683D
:103C10006BB935690DB9204670BD2846FFF7CEFF58
:103C200028B9EB68B34202D12E462D69F2E7012490
:103C3000F1E700BF381A00202DE9F041394E346811
:103C4000F368D4B1B468C4B1002861D000295FD052
:103C500001FB00F5B5FBF0F0884259D1291D57D87A
:103C6000AA070DD025F0030204321C4603E0616868
:103C700091424FD2A469002CF9D12046BDE8F081D1
:103C80002A46F2E7891A232904F12007D4E9050C12
:103C90001AD80123A360A0B1C0F818C0A36903B16A
:103CA00058610023C4E905333369DB0702D5FFF708
:103CB000A5FFA0BB2A46002138463C4602F033F956
:103CC000DBE7C6F80CC0E9E702F1200804EB0803C3
:103CD0002039C3E9011E2169DFF84CE0DC6019617D
:103CE00044F808E0AEF1102EAEF1EF1EC3F81CE070
:103CF00001B1CB60C3E9050C40B18361996901B1A1
:103D00004B6101212361C4E90121CAE7F360F5E7B2
:103D10000024B2E7D4F808E0BEF1000FB2D00120D1
:103D200001F0B4FF381A002055AA00FFF8B5054687
:103D300000283AD0364E3368002B36D0B268002ABD
:103D400033D0834203D872681344984202D30120CF
:103D500001F09CFFA0F120042046FFF72FFF002870
:103D6000F5D155F8183C012BF1D145F8180C55E95F
:103D70000570DFB1BB68CBB955F81C2C7B682032CD
:103D800013447B60386100B1C760202200212046C7
:103D900002F0C9F8386908B183682BB333699B070F
:103DA00003D5FFF72BFF0028D1D1F8BD40B38368BE
:103DB00033BB426863681344203363600369D4E90A
:103DC0000521236192B9B9B9426981696261A16132
:103DD000A2B19461A26902B1546103B1DC602022F6
:103DE000002102F0A0F8D9E73C46E2E79161A16921
:103DF0000029E9D04A61E7E7F160F8E7F460E9E714
:103E0000F36845F8083C03B15C61F460C6E700BFA5
:103E1000381A002038B50D461422002104461248F5
:103E200002F081F81149124800F02CF8232D1AD91C
:103E300014F003031FBF043DED18C3F10403E4189D
:103E40002A460021204602F06EF8074B094AC3E9D2
:103E500000459C602260A2F11022203DA2F1EF12E9
:103E60006560E261DC6038BD381A00202D3D01003C
:103E7000393C010055AA00FF014B1B68184700BFE1
:103E8000C4100020024B1860024B002019607047DC
:103E9000C8100020C410002010B50A46044619B10D
:103EA000024B00211B68984710BD00BFCC100020BA
:103EB000074B0A465978022906D11978072903D1F8
:103EC0000146181D02F0DCB86FF08800704700BF93
:103ED0004C1A002010B5124C2378590744BF23F028
:103EE0000403237023789A0705D500F063F823783C
:103EF00023F002032370637813B10A4802F0D1F86B
:103F00000023042107486370FFF7C6FF2378DB070F
:103F100005D502F0B2F8237823F00103237010BD19
:103F20004C1A0020501A002038B51C4D6A782B78A6
:103F3000022A01D1072B12D0D80713D52B78990765
:103F400007D400F02FF82B78044643F002032B70BF
:103F500088B96A782B788AB12B785A0719D500244A
:103F6000204638BD02F087F82B78044643F0010361
:103F70002B700028E2D0FFF7ADFFF1E7DB07EBD5B0
:103F8000074802F07BF8022304466B700028F2D148
:103F9000E2E743F004032B70E1E700BF4C1A002076
:103FA000501A00200122024B002083F88025704720
:103FB000541A00202DE9F0410A4C002526464FF006
:103FC000010803272046C4F820802777013502F036
:103FD00035F8202D04F12C04F4D1002386F8803527
:103FE000BDE8F081541A002010B50C4C236813B1C1
:103FF0000B4B1B682BB900F089FC30B90122084B30
:104000001A6001232360002010BD0138062801D961
:10401000044810BD044B53F8200010BDF01F0020D1
:10402000EC1F0020FE8FFFFF1C610100144B2DE9E7
:10403000F043002814BF04461C46124F236883B087
:10404000BB4219D016460D4620464FF4147104F1B8
:10405000040900F047F804F58E78484600F0CEF8E1
:10406000404600F019FA2B464A464046064900965B
:1040700000F034FB08B92760002003B0BDE8F083EE
:10408000F41F0020A5BCC95A8142010070B50D4C37
:104090001D46002814BF064626460B4B306882B0EA
:1040A00098420DD106F58E700026334600961446D0
:1040B00000F03EFB002818BF34462C6002B070BDF3
:1040C0000248FBE7F41F0020A5BCC95AE88FFFFF98
:1040D00038B131B1002201440346013081421A70E7
:1040E000FAD1704738B131B10022014403460130A2
:1040F00088421A70FAD170472DE9F043202B1D46F3
:104100000646884691468BB026D8DBB202AF8DF8C2
:104110000480B04658F8041B8DF8053021B940469C
:1041200001F038F9044640B90123022240463360C9
:1041300001A901F043F9044638B138462021FFF7C0
:10414000D1FF20460BB0BDE8F0832A4649464046E1
:1041500001F034F90446F0E702AF19461046002397
:104160003A4601F0B1FA04460028E6D12023B946C8
:104170001D46CCE72DE9F041D0F8F830A6B0002B71
:10418000D8BF02AE31DD05460027D0F80C4102AEA3
:10419000A4F101089022D5F8FC403146D0F8000186
:1041A00001AB0197B8FA88F8A0474FEA58180446BF
:1041B00020B9019B53B9B8F1000F16D030469021B9
:1041C000FFF790FF204626B0BDE8F0810146324659
:1041D0002846FFF791FF58B9D5F80431019A1344E6
:1041E000C5F80431B8F1000FE8D16FF03C04E5E701
:1041F0000446204626B0BDE8F08100BF70B500251A
:104200000446142204F588762946C0F8F850FC309C
:1042100001F089FE08222946304601F084FE144B45
:1042200030461B689847204640F8045B01F098F838
:10423000104B30461B689847C8B9D4F8F830AB42E9
:104240000FDC03EB830204EB82022021C2F80001A1
:104250000120C2E9421008490133C2F8FC10C4F839
:10426000F830064B3046BDE870401B68184770BDFB
:10427000EC100020E810002065520100E41000203E
:104280002DE9F047202A88B07AD83F4B00F588798D
:1042900004461B6848461746884698470546F8B9BD
:1042A00040F20116D4F8F830002B65D02046FFF715
:1042B00061FF054638B9D4F8F830002B14DC013E14
:1042C000F2D16FF03B056E4620213046FFF70AFF22
:1042D0002E4B48461B689847002818BF6FF01D05F5
:1042E000284608B0BDE8F087D4E94132934203D3B1
:1042F000D4F80C21012A02D0013ED7D1E1E71F2BCF
:10430000FAD96E4601462022304604F1040A01F033
:104310000AFE3146504601F07BF805460028D3D10D
:10432000504601F031F8504601F01AF8294650463F
:1043300001F030F805460028C6D15046202231460B
:1043400001F03CF805460028BED103463246202144
:10435000304601F0B9F905460028B5D1D4F8F83057
:104360003A46002BC8BF002340463146C8BFC4F8B8
:10437000043101F0B3FDA7E76FF03F056E46A3E7F8
:104380006FF03B05ACE700BFE8100020E410002010
:1043900070B590B000287AD03E4C0D4640223621B0
:1043A0000646204601F0BFFD40225C21A01801F026
:1043B000BAFD2B1DA34203D904F144039D4252D3FD
:1043C0002B682268534023602B68226C534023647F
:1043D0006B686268534063606B68626C53406364EF
:1043E000AB68A2685340A360AB68A26C5340A3645F
:1043F000EB68E2685340E360EB68E26C5340E364CF
:104400002B69226953402361226D2B695340236538
:1044100062696B69534063616B69626D53406365A8
:10442000AB69A2695340A361AB69A26D5340A36518
:10443000EB69E2695340E361EB69E26D5340E36588
:104440000021304600F0A6FF044628B9402230463D
:10445000104900F0B3FF044640216846FFF742FED2
:10446000204610B070BD631E04F13F01013D1F34B2
:1044700015F8010F13F8012F42401A7011F8012F9F
:104480002878A34282EA00020A70F1D1D8E76FF0DF
:104490007304E5E74422002010B54FF49A7200211E
:1044A000044601F040FD42F21072044BC4F8202192
:1044B00004F596701B68BDE810401847EC1000200A
:1044C0002DE9F04F04468846914695B0002900F04A
:1044D000A780002A0CBF0126022600238DF80C308D
:1044E000002C00F09F80DFF844A104AF0AF1400BDC
:1044F0000021204600F04EFF034648B138462021F7
:104500000193FFF7EFFD019B184615B0BDE8F08F52
:1045100040225146204600F051FF03460028EDD1CD
:1045200004F1F40520222946204600F047FF034607
:104530000028E3D10122204603A900F03FFF0346F3
:104540000028DBD1022E62D020460CA900F060FFCB
:1045500003460028D2D10146204600F01BFF034647
:104560000028CBD140225946204600F027FF0346C1
:104570000028C3D1202220460CA900F01FFF0346CB
:104580000028BBD13946204600F042FF03460028F0
:10459000B4D139462046FFF7FBFE03460028ADD1D3
:1045A00020222946204600F009FF03460028A5D115
:1045B00020460CA900F02CFF034600289ED101469E
:1045C000204600F0E7FE0346002897D140225946D6
:1045D000204600F0F3FE034600288FD1202220461B
:1045E0000CA900F0EBFE0346002887D1294620469F
:1045F00000F00EFF0346002880D19DF80C20013208
:10460000D2B2B2428DF80C20FFF472AF76E74A4680
:104610004146204600F0D2FE0346002894D06DE7C4
:1046200001265AE76FF0730304AF67E744220020C6
:104630002DE9F0410446884615461F46D0F818017A
:10464000E0B013B100EB40004008B5F5807F3ED8E4
:104650002844B0F5C07F3AD84FF4C07200216846B4
:1046600001F061FC6946D4F82431D4F81821D4F85B
:104670002801984770BBD4F8186157B1D4E9493084
:1046800072080DEB0601984720BBD4F8183106EBF1
:104690005306B8F1000F00D08DB932466946204666
:1046A000FFF70EFF054610B90123C4F81431314657
:1046B0006846FFF717FD284660B0BDE8F0810DEBB6
:1046C000060041462A462E4401F008FCE5E76FF05B
:1046D0000405F0E76FF00805EDE700BF2DE9F047AE
:1046E000044604F1F4050F4691461E46DDF820808D
:1046F00000F036FE29462046FFF74AFE08B1BDE825
:10470000F08728462022012101F00DFCD4F8183151
:10471000C4F82471C4F8289113B92023C4F81831BF
:10472000424631462046BDE8F0470123FFF780BFEF
:10473000B2F5806F00F295802DE9F04F89B09A466E
:10474000129BB3F5807F00F29080D0F8243116469A
:1047500004460F464BB3D0F81C31012B05D0D0F8DE
:104760001421D0F820319A421FDD51460023204603
:10477000129AFFF75DFF014698B900231293002EAD
:104780005ED0DFF8EC9009F1400B0021204600F0EC
:1047900001FE202E3546014628BF202504F1F408ED
:1047A00090B1084609B0BDE8F08FBAF1000FE6D02D
:1047B000129B002BE1D051461A462046FFF780FE9F
:1047C00001460028DBD0ECE749464022204600F0B5
:1047D000F5FD01460028E4D141462022204600F0A4
:1047E000EDFD01460028DCD16946204600F010FEB0
:1047F00001460028D5D1204600F0CCFD0146002816
:10480000CFD159464022204600F0D8FD014600286D
:10481000C7D169462022204600F0D0FD014600287D
:10482000BFD14146204600F0F3FD01460028B8D133
:1048300038462A46414601F051FB761B2F44A4D14D
:1048400051462046129AFFF73BFE01460028A8D1A8
:104850000846D4F814310133C4F8143109B0BDE866
:10486000F08F6FF00201084670476FF0040198E77F
:1048700044220020002130B58DB0282202A80191E9
:1048800001F051FB02A800F047FF044610B120469A
:104890000DB030BD174D4FF0FF31286800F042F9E0
:1048A000044620B1144800F0D3F9012C18D00020A0
:1048B00000F068F9D0B9114A02A901A800F0C4FCBF
:1048C0000446012000F05EF960B9286800F032F972
:1048D0000028DCD00A4800F0BBF920460DB030BDFE
:1048E0000524F2E7074800F0B3F9EEE7064800F0C8
:1048F000AFF9E0E7D010002038610100C4220020A9
:1049000090610100706101005061010030B583B019
:1049100000F05CF828B100F0ABF80324204603B0A7
:1049200030BD00F077F8D8B900F02CF9E0B9224C8E
:10493000D4F828391B0EF02B0AD1D4F8242A1F4BA7
:104940009A4231D000F044F8072400F091F8E5E7EE
:10495000062400F03DF800F08BF8204603B030BD8F
:104960000424204603B030BD00F032F800F080F897
:10497000FFF780FF044698B9114D2B68002BCDD16D
:1049800002460146FFF752FB50B968220D4901ABC0
:10499000FFF77CFB20B920460B4B2B6003B030BDEA
:1049A0000524204603B030BD012000F0EBF80028BC
:1049B000DAD1C4F80C0ADBE7001084500000E020D4
:1049C000E4240020E82400205AEA5A5A00207047C4
:1049D00000207047430504D54FF0FF32034BC3F866
:1049E0000821024BC3F8080A704700BF001084502A
:1049F000014BC3F8040A70470010845008B100F05E
:104A00006BB84FF47500704708B100F04FB84FF421
:104A10007500704710B5114800F070F800B110BD76
:104A20000F4800F06BF80028F9D10E4C204600F03A
:104A300065F80028F3D10C4B0C481C6000F05EF8C0
:104A400001460028EBD100F02DF8044608B12046BD
:104A500010BD00F079F82046FAE700BFE010002012
:104A6000DC100020D8100020D0100020D41000202E
:104A700008B5084800F04CF8074800F049F8074826
:104A800000F046F8064800F043F8BDE8084000F0A2
:104A90000BB800BFE0100020DC100020D810002070
:104AA000D410002000207047704700BF024610B4A9
:104AB000084CD4F8003A1342FBD021B1D4F80431A9
:104AC0000B60C4F80831034B0020C3F8082A10BC5F
:104AD000704700BF00108450044AD2F8003A1842D0
:104AE000FBD0C2F8080A0020704700BF00108450B5
:104AF00001F0BEB90A46002101F015BA08B5034B12
:104B000002681B6810689847002008BD0C1100203F
:104B100008B5034B02685B6810689847002008BD21
:104B20000C110020024B02689B681068184700BFF8
:104B30000C11002008B5034B0268DB681068984729
:104B4000002008BD0C11002070B5094C094D2069EA
:104B5000AB68984718B1084B08485B689847002134
:104B6000074AEB6811602069BDE87040184700BF34
:104B7000F81000200C110020F0100020A8610100A6
:104B800050250020F8B51A4D1A4E0446B26828691F
:104B90009047E8B9184F3B684CB1A3B1012B19D02D
:104BA000013B3B602869F36898470020F8BD43B992
:104BB0000121124AC2F800151149D1F81029002A22
:104BC000FBD101333B60F368286998470020F8BDAA
:104BD0000C48F8BD0A4AD2F81039002BFBD1074A1D
:104BE0006FF07E40C2F80035FFF702FF3B68D7E761
:104BF000F81000200C1100205025002000008450E7
:104C000000108450E98FFFFF014B1B68184700BF5D
:104C10000C110020014B9B68184700BF0C110020AD
:104C2000014BDB68184700BF0C110020BFF34F8F0A
:104C30000549064BCA6802F4E0621343CB60BFF338
:104C40004F8F00BFFDE700BF00ED00E00400FA0554
:104C500030B44FF0FE320025074B084C0849496834
:104C6000C3F80024C3F80424C3F80824C3F80C24B0
:104C7000C4F8005530BC0847001084500000845030
:104C8000F010002010B5044650B1636813F0685F5F
:104C900005D0064A934202D000236260236010BD13
:104CA000034B04485B689847EFE700BF2C5F5CA9A3
:104CB000F0100020C8610100C8B143680D4A93425A
:104CC00013D013F0685F0ED0012350E8002F19466F
:104CD00040E8001C9CF0000FF7D1012AF5D0BFF38B
:104CE0005F8F0020704704487047044870476FF496
:104CF000E04070472C5F5CA9E98FFFFFEA8FFFFF60
:104D0000034680B1426809498A420AD012F0685FBE
:104D100005D0BFF35F8F002210461A607047044829
:104D20007047044870476FF4E04070472C5F5CA9FF
:104D3000E98FFFFFEA8FFFFF10B5044620B1002383
:104D4000034A2360626010BD0248FFF781FFF6E767
:104D50003A00003AF06101002DE9F047002878D0D0
:104D60000C46002975D01D46002B72D007461AB19B
:104D7000012200232A6003602B68002B64D029469F
:104D8000204600F0B7FD804600285FD12146286804
:104D900000F096FD8046002858D12B68082B6CD077
:104DA000042B6DD0A3F10209B9FA89F94FEA591918
:104DB0000121354EC6F8C411C6F84011C6F8C41119
:104DC000636AC6F83031D6F830219342F6D14FF0FD
:104DD000000A4FF0FF30C6F82CA1FFF7FBFD6FF083
:104DE0001B035046C6F80031FFF702FEC6F80C91CF
:104DF000D6F8040A40F48060FFF7FAFD0A23C6F8EB
:104E00003831089B012B29D02369204AA2FB0323B8
:104E10001B09626A404602FB03F303EB43031A4A91
:104E2000DB039B09C2F8D8310123C2F82C313B685F
:104E30002A6823F07F4343EA02633B602A6843EA1F
:104E400002233B60BDE8F087DFF844804046BDE8C0
:104E5000F087DFF840804046BDE8F0874FF47F03DD
:104E6000D3F80C2C013206D0D3F80C3C074AA2FB35
:104E700003231B09CDE71623CBE74FF0030997E780
:104E80004FF0020994E700BF00108450ABAAAAAA11
:104E9000310CF100350CF10058B34B1EB3F5047F13
:104EA00027D230B54FF0000ECD00744671464B0945
:104EB00001F01F0C50F82330BCF11F0F23FA0CF344
:104EC00006D003F0010319B901211C468E46EEE716
:104ED0009C4201F1010106D01C464FF0010EA9428F
:104EE000E5D1002030BD0EF1010E9645F7D1024804
:104EF00030BD0148704700BF360CF100C0B32DE94A
:104F0000F0434C1EB4F5047F1DD2E3B1DAB10025A5
:104F10002E46A8462C46CF0003F1FF394FEA541C19
:104F200004F01F0E50F82C10BEF11F0F21FA0EFCDA
:104F30000CD00CF0010C4CB90126E0463446354645
:104F4000ECE7964216D90C48BDE8F083AB420BD093
:104F5000C44508BF0136A945F3D001350134BC4230
:104F6000DCD10020BDE8F0830125E0462E46F5E7C0
:104F7000014870471D46F1E7370CF1002DE9F04F6D
:104F800091B08346DDE91B460D46002E6ED10F69B8
:104F90001C6000231A990B60002A00F02F819D4BA2
:104FA0006A6AD3F83811D3F830319A4269D10A29A4
:104FB00067D19BF80330089304F108030793042397
:104FC0000593954B934CA3FB07239B0803EB4303EB
:104FD000A7EB4303039306971A9B069E1E60002EC1
:104FE00000F0EA8000F096FC00230993BBF1000F6B
:104FF00000F0D58098464FF0010ADDF81C90002D96
:1050000000F0CD80089B002B3DD0284608A900F079
:1050100071FC002839D0814B984220D0089B082B86
:1050200000F0E48000225B000893294608AB584654
:105030000092FFF791FE7A4B984200F0D38070B94E
:10504000DBF80020130A03F47F03134323F07F43AC
:10505000CBF80030059B013B0593BDD100200390A8
:1050600000F058FC039811B0BDE8F08F4FF47F01B9
:10507000D1F80C0C01300CBF4FF40477D1F80C7C44
:1050800086E76848EBE76648C5E72946089800F0D8
:1050900017FC0028BFD1089B082B00F0A980042B27
:1050A00000F0A980A3F10203B3FA83F35B09049330
:1050B000C4F8C4A1C4F840A1C4F8C4A16B6AC4F880
:1050C0003031D4F830219342F6D100234FF0FF3035
:1050D000C4F82C31FFF77EFC002318466FF01B0349
:1050E000C4F80031FFF784FC049B4B4FC4F80C312B
:1050F000D4F8040A40F48060FFF77AFC0A23C4F86D
:1051000038312B6909A8A7FB03236A6A1B0902FB34
:1051100003F303EB4303DB039B09C4F8D831C4F862
:105120002CA1DBF80030089923F07F420B0243EA00
:1051300001631343CBF8003000F0B2FB099B03F08E
:105140001A0303437FF46AAFA7FB0637D4F8143180
:10515000B8EB970F0A93D4F818310B93D4F81C319D
:105160000C93D4F820310D93D4F824310E93D4F855
:1051700028310F9301D1039B9BB9484618220AA9F5
:10518000183EFFF7B5FC09F1180908F101089EB1B6
:1051900000F0C0FB00230993002D7FF433AF2248B9
:1051A00039E748461A46F61A0AA9994408F101084F
:1051B000FFF79EFC002EEBD1069F079E6A693946D9
:1051C0003046FFF769FEAA6940B94FF4806339465B
:1051D0003046FFF793FE00283FF440AF00231A9AB1
:1051E000136018E72B6A002B3FF439AF0F4836E7FE
:1051F000032304935CE70223049359E70122294621
:105200005846009608ABFFF7A7FD00283FF4D4AE40
:1052100025E700BF00108450ABAAAAAA020CF10037
:10522000310CF100300CF100350CF100320CF100C2
:1052300010B4DDE9013401940024DDF80CC0CDE99F
:1052400002C410BCFFF79ABE30B51546012487B0E2
:1052500005AB00930022CDE9015404ABFFF78EFEAD
:1052600007B030BDF0B587B0002966D01E46002BD0
:1052700063D01446002A60D0314F0D4638684FF095
:10528000FF31FFF74FFC00284DD10020FFF77AFCDB
:10529000002844D12B4800F03FFAD8B101204FF04C
:1052A000FF35FFF76FFC002835D14FF40871264811
:1052B000FEF70EFF04212548FEF70AFF21482821AA
:1052C000FEF706FF3868FFF735FC00282FD1284687
:1052D00007B0F0BD1C4A0346029205AA019204AA37
:1052E00003900092174902461848FFF7A1FF0346B2
:1052F0000028D3D128461D46059B22469C4228BF44
:105300001A46049932600831FFF7F2FB0120FFF7DB
:1053100039FC0028C9D00E48FFF79AFCC5E70D48B4
:10532000FFF796FCB6E70C48FFF792FCADE70B4899
:10533000FFF78EFC284607B0F0BD4FF0FF35C6E7FB
:10534000D010002068250020902500206425002032
:1053500070610100506101003861010014620100B8
:1053600010B5044628B12046BDE81040F421FFF7EF
:10537000C1BB0448FFF76CFC2046BDE81040F42197
:10538000FFF7B8BB2C62010010B1F421FEF7A0BEFC
:10539000704700BF08B521B1012908D06FF0360071
:1053A00008BD012100F058F80028F7D108BD0221FE
:1053B00000F052F80028F9D0F0E700BF30B50546FC
:1053C0008818B0F5801F0B461446A1B001D8802A7A
:1053D0000CD9B3F5801F17D922461946284600F08C
:1053E0007DF8044684B9204621B030BD6846FFF7F9
:1053F0007FFB22466946284600F070F8802104466B
:105400006846FFF777FBEDE76FF03604EBE700BF88
:1054100070B5E8B10E46D9B1044600F031F8054642
:10542000B0B92368012B0BD0022B01D0284670BDE8
:105430001C22304604F10801FFF75AFB284670BDD4
:105440002022304604F10801FFF752FB284670BDC8
:105450006FF03605EAE700BF78B138B50D46F021A8
:105460000446FFF747FB402320462560E36500F034
:1054700091FA003818BF012038BD0120704700BFE5
:10548000F0B5056EA5B0044604AEE5B900230127CA
:10549000019330466760294602AA009300F046FA5D
:1054A00010B1012025B0F0BD2A46204602A900F027
:1054B00099FA0028F5D1204600F0AAFB0028F0D187
:1054C000206625B0F0BD802D2A46304628BF8022B8
:1054D00004F16401FFF70CFB256ED7E7002800F00C
:1054E000AE802DE9F04F1446A5B0002A3DD00F46FE
:1054F000002949D0B2F5803F0546006E20D34FF613
:10550000FF7805F1640AEB6D1A1AB2FBF3F103FBA5
:105510001122002A65D18342B9464FF6FF7672D038
:10552000B6FBF3FB03FB0BFBBBF1000F30D1002EEE
:1055300045D1A4F57F44FF3CB4F5803F4744E2D217
:10554000EA6D161AB6FBF2F302FB1366A64228BFF9
:105550002646002E75D1824200F08D80B4FBF2F613
:1055600002FB06F62EB9002C79D1002025B0BDE84B
:10557000F08F002331463846CDE9003302AA00F00F
:10558000D5F9002800F09580012025B0BDE8F08F06
:10559000002359464846CDE9003302AA00F0C6F977
:1055A0000028F1D15A46284602A900F01BFA00282B
:1055B000EAD1A6EB0B06286ED944002EB9D01930DB
:1055C0004946324605EB8000FFF792FAA4F57F4486
:1055D000286EFF3C3044B4F5803F4744286692D2A1
:1055E000AEE7424528BF4246164639465044FFF7CB
:1055F0007FFA286EEB6D3044834207EB060928667C
:10560000A8EB06068CD1802B28BF802351461A4672
:1056100004A8FFF76DFA0023E96D02AACDE9003373
:1056200004A800F083F90028AED12846EA6D02A94B
:1056300000F0D8F90028A7D1EB6D286670E70120AB
:10564000704705F16403394632461844FFF750FAB3
:10565000286EEA6D3044A41B374428667BE72B6E26
:105660002246193305EB83003946FFF741FA2B6ECA
:1056700023442B6679E7802A28BF802205F1640144
:1056800004A8FFF735FA0023E96D04A8CDE900333B
:1056900002AA00F04BF900287FF476AF2846EA6DA5
:1056A00002A900F09FF900287FF46EAFEA6D28662A
:1056B00054E73246284602A900F094F900287FF406
:1056C00063AF3744A41B4EE7F8B51C4605461148A6
:1056D00016460F46FFF744FE21460E48FFF75AFED6
:1056E000044620B10B48FFF74FFE2046F8BD3A466E
:1056F00029460848FFF762FE04460028F2D13146E9
:105700000448FFF785FE04460248FFF73DFE2046A9
:10571000F8BD00BFB02700201C2370B582B001A9DE
:105720000546019300F032F8044638B9019B1C2B62
:1057300007D0144C1C212846FFF7DCF9204602B0A4
:1057400070BDD5E90112131E18BF0123003918BF1F
:105750000121012628689B00EA6843EA41030028EA
:1057600018BF43F00103EE612AB9C5E90834002BE4
:10577000E4D1054CDEE7204643F00803C5E90834D0
:1057800002B070BD370CF0000E0CF000034600288C
:1057900066D0002964D00A681C2A61D14FF47F02C8
:1057A0003B49D2F8100C88425CD0D2F8101C013171
:1057B00058D0D2F8101C4FF47F021960D2F8140CA4
:1057C0003449884260D0D2F8141C01315CD0D2F840
:1057D000141C4FF47F025960D2F8181C11F5947F05
:1057E0004FD0D2F8181C01314BD0D2F8181C4FF40E
:1057F0007F029960D2F81C0C274988423ED0D2F82B
:105800001C1C01313AD0D2F81C1C4FF47F02D96025
:10581000D2F8001C70312FD0D2F8001C01312BD0EF
:10582000D2F8001C4FF47F021961D2F8041CAF318A
:1058300020D0D2F8041C01311CD0D2F8041C4FF443
:105840007F025961D2F8080C144988420DD0D2F871
:10585000081C013109D0D2F8082C00209A61704749
:105860000120704740F6FC01A5E740F237320020E6
:105870009A6170475121E2E79021D3E742F6041183
:10588000C3E740F6D861B2E742F2D001A1E700BF1A
:10589000FCF8FFFFD020FFFF0429FFFF37F3FFFFD5
:1058A000014608B54FF48060FFF7AEF80022034BC5
:1058B000C3F8C821C3F82C2108BD00BF00108450D4
:1058C0000138072805D8DFE800F0100E040A0404A8
:1058D000040607487047CB6800204B6270478B680E
:1058E00000204B6270474B68F6E70B68F4E700BF97
:1058F000310CF1000B6802E0082B0B6006D8026A3D
:1059000013424FEA4303F7D0002070470048704726
:10591000310CF1000022044B4FF48060C3F82C21BD
:10592000C3F8C421FFF756B800108450F0B5002426
:1059300083B0B0F1005F8DF8074025D38C468444D6
:10594000BCF1804F04461FD817461D4601220DF1B9
:10595000070300F097F90646B0B99DF80730099A99
:105960003C603B7192B14DB10246089928460DF159
:10597000070300F087F938B99DF807303046099AD7
:105980001560137103B0F0BD4FF47506304603B0D7
:10599000F0BD00BFD8B108B50368012B04D0022BBD
:1059A0000FD043B10B4808BD20220B490830FFF748
:1059B0009FF8002008BD142208490830FFF798F826
:1059C000F7E7202206490830FFF792F8F1E74FF495
:1059D000730070470100F3003C6201007C6201002B
:1059E0005C6201002DE9F843002900F0F9800446CB
:1059F000002800F0F98003680F469046002B00F065
:105A0000C380013B012B00F2D7804FF0FF31784873
:105A10004FF00209FFF786F8002840F0BF80002011
:105A2000FFF7B0F80646002840F0C280714AD2F86D
:105A30001C39002BFBD16F4DD5F8203C002BFBD13E
:105A40004FF0FF30FEF7C6FFD5F8040A20F0400003
:105A5000FEF7CEFF01230722C5F81838C5F8002944
:105A6000C5F8C437A36CC5F8CC37E36CC5F8D0379C
:105A7000C5F8C09723685BB1013B012B18D8636A56
:105A8000C5F85C36236AC5F85836E369C5F854365C
:105A9000A269584BC3F850266269C3F84C262269A4
:105AA000C3F84826E268C3F84426A268C3F8402633
:105AB000504AD2F81039002BFBD1B8F1000F5FD05B
:105AC00063684020012B08BFC2F884363A68494B0E
:105AD000C3F8282CC3F82C8CFEF790FF0646454AE5
:105AE000D2F81039002BFBD1424AD2F8203C002BCF
:105AF000FBD123685BB1013B012B18D8D2F85C368F
:105B00006362D2F858362362D2F85436E361394BD7
:105B1000D3F85026A261D3F84C266261D3F8482608
:105B20002261D3F84426E260D3F84036A360002314
:105B30000121304AD2F8CC07A064D2F8D007E06443
:105B4000C2F8C417C2F88436C2F8C837D2F8103980
:105B5000002BFBD1C2F81838002E3BD1254BD3F8CF
:105B6000040A40F04000FEF743FF0120FFF70AF867
:105B700060BB1F48FEF7DEFF10BB3046BDE8F88370
:105B80000423C2F8C837AAE74FF0FF3118484FF096
:105B90000109FEF7C7FF00283FF441AF1648FFF7A1
:105BA00057F80020FEF7EEFF064600283FF43EAF10
:105BB0001248FFF74DF839E7114E3046BDE8F8833B
:105BC0001048FFF745F83046BDE8F8830E48FFF768
:105BD0003FF8CEE7102104F10800FEF78BFFBDE788
:105BE0000A4E3046BDE8F8834FF47306C5E700BFA0
:105BF000E010002000108450386101005061010065
:105C00000100F30090610100706101000300F300E6
:105C1000A0B3034670B4D0E90240D3E9041226BA17
:105C200005BA0CBA10BAC3E90440D3E90612986A5F
:105C300009BAC3E9026512BA996100BAD3E9084109
:105C400025BA0CBAC3E90725D3E90B12C3E9094009
:105C500009BAD86B12BAD962D3E90D4125BAC3E9A2
:105C60000C250CBA00BAD3E9101209BA12BAC3E96A
:105C70000E40196400205A6470BC70474FF47300E2
:105C8000704700BF00201870704700BF08B5074B71
:105C9000044613B10021AFF30080054B1868836AF6
:105CA00003B19847204600F08DF800BF00000000C7
:105CB0009062010070B50D4D00260D4C641BA410C0
:105CC000A64209D10B4D00260B4C00F019FA641BBB
:105CD000A410A64205D170BD55F8043B0136984783
:105CE000EEE755F8043B01369847F2E74808010013
:105CF00048080100480801004C080100431810B58D
:105D000001D21F2A01D9002010BD013902F014036D
:105D10000144102B80EA01043CD009DC8BB1042B38
:105D2000F1D11F2C40E840F315D941E840F10EE0D5
:105D3000142BE8D11F2C40E8C0F30CD941E8C0F186
:105D400005E01F2C40E800F305D941E800F11C46AE
:105D50000B468C42D7D122F01402013A0A2AD2D83B
:105D600001A151F822F000BFB75D0100B15D010053
:105D7000A35D0100075D0100075D0100075D0100F3
:105D8000075D0100BD5D0100B75D0100AB5D010075
:105D9000A35D01001F2C40E880F3DCD941E880F1CD
:105DA000D5E713F4001FAFD1ADE713F4801FFAE776
:105DB0005B02A9D5A7E713F4002FF4E713F4802FB3
:105DC000F1E700BFFEE700BF002383F300887047C0
:105DD000FDF79EBAEFF30880EFF309812DE9F00F8C
:105DE0006B467246FAF75CFF08B0FFF7F1FFFEE77B
:105DF000FDF78EBAEFF30880EFF309812DE9F00F7C
:105E00006B467246FAF74CFF08B0FFF7F1FFFEE76A
:105E1000FDF77EBAEFF30880EFF309812DE9F00F6B
:105E20006B467246FAF73CFF08B0FFF7F1FFFEE75A
:105E3000FDF76EBAEFF30880EFF309812DE9F00F5B
:105E40006B467246FAF72CFF08B0FFF7F1FFFEE74A
:105E5000FDF75EBAEFF30880EFF309812DE9F00F4B
:105E60006B467246FAF71CFF08B0FFF7F1FFFEE73A
:105E7000814270B40546144602D370BC00F02EB8BF
:105E8000821821443CB141EA020313F003030FD10D
:105E9000E018032812D86FF00300A3084343002042
:105EA00019441A442344984210D1284670BC7047C4
:105EB00011F8013D013C02F8013DE3E7581850F8A4
:105EC000046C981840F8046C043BE1E70C1A14F8D1
:105ED000016C141A04F8016C0130E4E770B5044653
:105EE0003AB141EA040313F003030CD1D518032D92
:105EF0000FD822F003031C441944002302F00302CC
:105F000093420CD170BD11F8013B013A04F8013BFA
:105F1000E6E7CD1A2E68E51A2E60043BE6E75D5CE5
:105F2000E5540133ECE7F0B5044662B922F003030F
:105F3000234402F003021A44934214D1F0BD04F842
:105F4000011B013AF1E7A307F9D115460B0443EA17
:105F500001630B4343EA01231619032DE6D9771B8E
:105F60003B60043DF9E703F8011BE5E708B5EFF3F3
:105F70000583C3F308030BB1FDF7CAF9BDE8084078
:105F8000FDF799BA10B50446EFF30583C3F3080390
:105F90000BB1FDF7BDF92046BDE81040FDF78EBA04
:105FA0002DE9F04104460D4616461F46EFF30583E2
:105FB000C3F308030BB1FDF7ABF93B463246294664
:105FC0002046BDE8F041FCF71DBE2DE9F041044636
:105FD0000D4616461F46EFF30583C3F308030BB1C6
:105FE000FDF796F93B46324629462046BDE8F0418A
:105FF000FCF742BE08B5EFF30583C3F308030BB10A
:10600000FDF786F9BDE80840FDF725BA0020704786
:10601000704710B5044608B1FDF73EFF2046BDE8C5
:106020001040FDF729BF10B50446406A10B1A16ABF
:10603000FFF7EFFF0020C4E9090010BD38B50546A1
:10604000FFF7F1FF2B7F0446012B0ED0023B012B03
:106050000ED82B6A012B18BF6FF096042C2200215A
:106060002846FFF760FF204638BD2B6A002BF2E779
:106070006FF09604F2E700207047704700207047E9
:1060800013B5002001AB1446FEF700F830B9019BB0
:10609000A34218BF6FF0930002B010BD6FF09200E2
:1060A000FAE7002070470346002030B5013A00D2DD
:1060B00030BD1D780C78A54202D008B9281BF5E741
:1060C00001330131F2E72DE9E04F2746A046A14612
:1060D000A246A346A446A2B02DEC000A84F3008891
:1060E00025462646A447EFF3148515F0080F18BF80
:1060F000B0EE400A3DEC000A22B0BDE8E08F00009F
:10610000F8B500BFF8BC08BC9E467047F8B500BFA4
:10611000F8BC08BC9E4670477AFFFFFFFF8FFFFF69
:10612000FF8FFFFFFE8FFFFFFE8FFFFFFD8FFFFF43
:10613000FC8FFFFFFC8FFFFF4661696C20746F20AE
:1061400061637175697265206D757465780A000008
:106150004661696C20746F20696E63726561736556
:1061600020504D20636F756E7465720A0000000048
:106170004661696C20746F20646563726561736544
:1061800020504D20636F756E7465720A0000000028
:106190004661696C20746F2072656C65617365205F
:1061A0006D757465780A0000436F756C64206E6FBE
:1061B00074206C6F636B20706F77657220736176EB
:1061C00065206D75746578006D757465785F6672AD
:1061D00065652063616C6C65642077697468204E26
:1061E000554C4C20706172616D65746572000000E1
:1061F00043616E277420696E697469616C697A65A0
:10620000206D757465782C20776173204E554C4C49
:106210000D0A00004661696C20746F20756E6C6F0A
:10622000636B206D757465780A0000000A637478EA
:10623000206973204E554C4C0A00000067E6096A3D
:1062400085AE67BB72F36E3C3AF54FA57F520E5197
:106250008C68059BABD9831F19CDE05BD89E05C127
:1062600007D57C3617DD703039590EF7310BC0FF7A
:1062700011155868A78FF964A44FFABE012345672A
:1062800089ABCDEFFEDCBA9876543210F0E1D2C380
:106290003C11002054464D5F43525950544F005416
:1062A000464D5F504C4154464F524D5F53455256F8
:1062B000494345000000000000000000000000000D
:1062C000FFFFFFFFFFFFFFFFFFFFFFFFFFFFFFFFDE
:1062D000FFFFFFFFFFFFFFFFFFFFFFFFFFFFFFFFCE
:1062E000FFFFFFFFFFFFFFFFFFFFFFFFFFFFFFFFBE
:1062F000FFFFFFFFFFFFFFFFFFFFFFFFFFFFFFFFAE
:10630000FFFFFFFFFFFFFFFFFFFFFFFFFFFFFFFF9D
:10631000FFFFFFFFFFFFFFFFFFFFFFFFFFFFFFFF8D
:10632000FFFFFFFFFFFFFFFFFFFFFFFFFFFFFFFF7D
:10633000FFFFFFFFFFFFFFFFFFFFFFFFFFFFFFFF6D
:10634000FFFFFFFFFFFFFFFFFFFFFFFFFFFFFFFF5D
:10635000FFFFFFFFFFFFFFFFFFFFFFFFFFFFFFFF4D
:10636000FFFFFFFFFFFFFFFFFFFFFFFFFFFFFFFF3D
:10637000FFFFFFFFFFFFFFFFFFFFFFFFFFFFFFFF2D
:10638000FFFFFFFFFFFFFFFFFFFFFFFFFFFFFFFF1D
:10639000FFFFFFFFFFFFFFFFFFFFFFFFFFFFFFFF0D
:1063A000FFFFFFFFFFFFFFFFFFFFFFFFFFFFFFFFFD
:1063B000FFFFFFFFFFFFFFFFFFFFFFFFFFFFFFFFED
:1063C000FFFFFFFFFFFFFFFFFFFFFFFFFFFFFFFFDD
:1063D000FFFFFFFFFFFFFFFFFFFFFFFFFFFFFFFFCD
:1063E000FFFFFFFFFFFFFFFFFFFFFFFFFFFFFFFFBD
:1063F000FFFFFFFFFFFFFFFFFFFFFFFFFFFFFFFFAD
:10640000FFFFFFFFFFFFFFFFFFFFFFFFFFFFFFFF9C
:10641000FFFFFFFFFFFFFFFFFFFFFFFFFFFFFFFF8C
:10642000FFFFFFFFFFFFFFFFFFFFFFFFFFFFFFFF7C
:10643000FFFFFFFFFFFFFFFFFFFFFFFFFFFFFFFF6C
:10644000FFFFFFFFFFFFFFFFFFFFFFFFFFFFFFFF5C
:10645000FFFFFFFFFFFFFFFFFFFFFFFFFFFFFFFF4C
:10646000FFFFFFFFFFFFFFFFFFFFFFFFFFFFFFFF3C
:10647000FFFFFFFFFFFFFFFFFFFFFFFFFFFFFFFF2C
:10648000FFFFFFFFFFFFFFFFFFFFFFFFFFFFFFFF1C
:10649000FFFFFFFFFFFFFFFFFFFFFFFFFFFFFFFF0C
:1064A000FFFFFFFFFFFFFFFFFFFFFFFFFFFFFFFFFC
:1064B000FFFFFFFFFFFFFFFFFFFFFFFFFFFFFFFFEC
:1064C000FFFFFFFFFFFFFFFFFFFFFFFFFFFFFFFFDC
:1064D000FFFFFFFFFFFFFFFFFFFFFFFFFFFFFFFFCC
:1064E000FFFFFFFFFFFFFFFFFFFFFFFFFFFFFFFFBC
:1064F000FFFFFFFFFFFFFFFFFFFFFFFFFFFFFFFFAC
:10650000FFFFFFFFFFFFFFFFFFFFFFFFFFFFFFFF9B
:10651000FFFFFFFFFFFFFFFFFFFFFFFFFFFFFFFF8B
:10652000FFFFFFFFFFFFFFFFFFFFFFFFFFFFFFFF7B
:10653000FFFFFFFFFFFFFFFFFFFFFFFFFFFFFFFF6B
:10654000FFFFFFFFFFFFFFFFFFFFFFFFFFFFFFFF5B
:10655000FFFFFFFFFFFFFFFFFFFFFFFFFFFFFFFF4B
:10656000FFFFFFFFFFFFFFFFFFFFFFFFFFFFFFFF3B
:10657000FFFFFFFFFFFFFFFFFFFFFFFFFFFFFFFF2B
:10658000FFFFFFFFFFFFFFFFFFFFFFFFFFFFFFFF1B
:10659000FFFFFFFFFFFFFFFFFFFFFFFFFFFFFFFF0B
:1065A000FFFFFFFFFFFFFFFFFFFFFFFFFFFFFFFFFB
:1065B000FFFFFFFFFFFFFFFFFFFFFFFFFFFFFFFFEB
:1065C000FFFFFFFFFFFFFFFFFFFFFFFFFFFFFFFFDB
:1065D000FFFFFFFFFFFFFFFFFFFFFFFFFFFFFFFFCB
:1065E000FFFFFFFFFFFFFFFFFFFFFFFFFFFFFFFFBB
:1065F000FFFFFFFFFFFFFFFFFFFFFFFFFFFFFFFFAB
:10660000FFFFFFFFFFFFFFFFFFFFFFFFFFFFFFFF9A
:10661000FFFFFFFFFFFFFFFFFFFFFFFFFFFFFFFF8A
:10662000FFFFFFFFFFFFFFFFFFFFFFFFFFFFFFFF7A
:10663000FFFFFFFFFFFFFFFFFFFFFFFFFFFFFFFF6A
:10664000FFFFFFFFFFFFFFFFFFFFFFFFFFFFFFFF5A
:10665000FFFFFFFFFFFFFFFFFFFFFFFFFFFFFFFF4A
:10666000FFFFFFFFFFFFFFFFFFFFFFFFFFFFFFFF3A
:10667000FFFFFFFFFFFFFFFFFFFFFFFFFFFFFFFF2A
:10668000FFFFFFFFFFFFFFFFFFFFFFFFFFFFFFFF1A
:10669000FFFFFFFFFFFFFFFFFFFFFFFFFFFFFFFF0A
:1066A000FFFFFFFFFFFFFFFFFFFFFFFFFFFFFFFFFA
:1066B000FFFFFFFFFFFFFFFFFFFFFFFFFFFFFFFFEA
:1066C000FFFFFFFFFFFFFFFFFFFFFFFFFFFFFFFFDA
:1066D000FFFFFFFFFFFFFFFFFFFFFFFFFFFFFFFFCA
:1066E000FFFFFFFFFFFFFFFFFFFFFFFFFFFFFFFFBA
:1066F000FFFFFFFFFFFFFFFFFFFFFFFFFFFFFFFFAA
:10670000FFFFFFFFFFFFFFFFFFFFFFFFFFFFFFFF99
:10671000FFFFFFFFFFFFFFFFFFFFFFFFFFFFFFFF89
:10672000FFFFFFFFFFFFFFFFFFFFFFFFFFFFFFFF79
:10673000FFFFFFFFFFFFFFFFFFFFFFFFFFFFFFFF69
:10674000FFFFFFFFFFFFFFFFFFFFFFFFFFFFFFFF59
:10675000FFFFFFFFFFFFFFFFFFFFFFFFFFFFFFFF49
:10676000FFFFFFFFFFFFFFFFFFFFFFFFFFFFFFFF39
:10677000FFFFFFFFFFFFFFFFFFFFFFFFFFFFFFFF29
:10678000FFFFFFFFFFFFFFFFFFFFFFFFFFFFFFFF19
:10679000FFFFFFFFFFFFFFFFFFFFFFFFFFFFFFFF09
:1067A000FFFFFFFFFFFFFFFFFFFFFFFFFFFFFFFFF9
:1067B000FFFFFFFFFFFFFFFFFFFFFFFFFFFFFFFFE9
:1067C000FFFFFFFFFFFFFFFFFFFFFFFFFFFFFFFFD9
:1067D000FFFFFFFFFFFFFFFFFFFFFFFFFFFFFFFFC9
:1067E000FFFFFFFFFFFFFFFFFFFFFFFFFFFFFFFFB9
:1067F000FFFFFFFFFFFFFFFFFFFFFFFFFFFFFFFFA9
:10680000FFFFFFFFFFFFFFFFFFFFFFFFFFFFFFFF98
:10681000FFFFFFFFFFFFFFFFFFFFFFFFFFFFFFFF88
:10682000FFFFFFFFFFFFFFFFFFFFFFFFFFFFFFFF78
:10683000FFFFFFFFFFFFFFFFFFFFFFFFFFFFFFFF68
:10684000FFFFFFFFFFFFFFFFFFFFFFFFFFFFFFFF58
:10685000FFFFFFFFFFFFFFFFFFFFFFFFFFFFFFFF48
:10686000FFFFFFFFFFFFFFFFFFFFFFFFFFFFFFFF38
:10687000FFFFFFFFFFFFFFFFFFFFFFFFFFFFFFFF28
:10688000FFFFFFFFFFFFFFFFFFFFFFFFFFFFFFFF18
:10689000FFFFFFFFFFFFFFFFFFFFFFFFFFFFFFFF08
:1068A000FFFFFFFFFFFFFFFFFFFFFFFFFFFFFFFFF8
:1068B000FFFFFFFFFFFFFFFFFFFFFFFFFFFFFFFFE8
:1068C000FFFFFFFFFFFFFFFFFFFFFFFFFFFFFFFFD8
:1068D000FFFFFFFFFFFFFFFFFFFFFFFFFFFFFFFFC8
:1068E000FFFFFFFFFFFFFFFFFFFFFFFFFFFFFFFFB8
:1068F000FFFFFFFFFFFFFFFFFFFFFFFFFFFFFFFFA8
:10690000FFFFFFFFFFFFFFFFFFFFFFFFFFFFFFFF97
:10691000FFFFFFFFFFFFFFFFFFFFFFFFFFFFFFFF87
:10692000FFFFFFFFFFFFFFFFFFFFFFFFFFFFFFFF77
:10693000FFFFFFFFFFFFFFFFFFFFFFFFFFFFFFFF67
:10694000FFFFFFFFFFFFFFFFFFFFFFFFFFFFFFFF57
:10695000FFFFFFFFFFFFFFFFFFFFFFFFFFFFFFFF47
:10696000FFFFFFFFFFFFFFFFFFFFFFFFFFFFFFFF37
:10697000FFFFFFFFFFFFFFFFFFFFFFFFFFFFFFFF27
:10698000FFFFFFFFFFFFFFFFFFFFFFFFFFFFFFFF17
:10699000FFFFFFFFFFFFFFFFFFFFFFFFFFFFFFFF07
:1069A000FFFFFFFFFFFFFFFFFFFFFFFFFFFFFFFFF7
:1069B000FFFFFFFFFFFFFFFFFFFFFFFFFFFFFFFFE7
:1069C000FFFFFFFFFFFFFFFFFFFFFFFFFFFFFFFFD7
:1069D000FFFFFFFFFFFFFFFFFFFFFFFFFFFFFFFFC7
:1069E000FFFFFFFFFFFFFFFFFFFFFFFFFFFFFFFFB7
:1069F000FFFFFFFFFFFFFFFFFFFFFFFFFFFFFFFFA7
:106A0000FFFFFFFFFFFFFFFFFFFFFFFFFFFFFFFF96
:106A1000FFFFFFFFFFFFFFFFFFFFFFFFFFFFFFFF86
:106A2000FFFFFFFFFFFFFFFFFFFFFFFFFFFFFFFF76
:106A3000FFFFFFFFFFFFFFFFFFFFFFFFFFFFFFFF66
:106A4000FFFFFFFFFFFFFFFFFFFFFFFFFFFFFFFF56
:106A5000FFFFFFFFFFFFFFFFFFFFFFFFFFFFFFFF46
:106A6000FFFFFFFFFFFFFFFFFFFFFFFFFFFFFFFF36
:106A7000FFFFFFFFFFFFFFFFFFFFFFFFFFFFFFFF26
:106A8000FFFFFFFFFFFFFFFFFFFFFFFFFFFFFFFF16
:106A9000FFFFFFFFFFFFFFFFFFFFFFFFFFFFFFFF06
:106AA000FFFFFFFFFFFFFFFFFFFFFFFFFFFFFFFFF6
:106AB000FFFFFFFFFFFFFFFFFFFFFFFFFFFFFFFFE6
:106AC000FFFFFFFFFFFFFFFFFFFFFFFFFFFFFFFFD6
:106AD000FFFFFFFFFFFFFFFFFFFFFFFFFFFFFFFFC6
:106AE000FFFFFFFFFFFFFFFFFFFFFFFFFFFFFFFFB6
:106AF000FFFFFFFFFFFFFFFFFFFFFFFFFFFFFFFFA6
:106B0000FFFFFFFFFFFFFFFFFFFFFFFFFFFFFFFF95
:106B1000FFFFFFFFFFFFFFFFFFFFFFFFFFFFFFFF85
:106B2000FFFFFFFFFFFFFFFFFFFFFFFFFFFFFFFF75
:106B3000FFFFFFFFFFFFFFFFFFFFFFFFFFFFFFFF65
:106B4000FFFFFFFFFFFFFFFFFFFFFFFFFFFFFFFF55
:106B5000FFFFFFFFFFFFFFFFFFFFFFFFFFFFFFFF45
:106B6000FFFFFFFFFFFFFFFFFFFFFFFFFFFFFFFF35
:106B7000FFFFFFFFFFFFFFFFFFFFFFFFFFFFFFFF25
:106B8000FFFFFFFFFFFFFFFFFFFFFFFFFFFFFFFF15
:106B9000FFFFFFFFFFFFFFFFFFFFFFFFFFFFFFFF05
:106BA000FFFFFFFFFFFFFFFFFFFFFFFFFFFFFFFFF5
:106BB000FFFFFFFFFFFFFFFFFFFFFFFFFFFFFFFFE5
:106BC000FFFFFFFFFFFFFFFFFFFFFFFFFFFFFFFFD5
:106BD000FFFFFFFFFFFFFFFFFFFFFFFFFFFFFFFFC5
:106BE000FFFFFFFFFFFFFFFFFFFFFFFFFFFFFFFFB5
:106BF000FFFFFFFFFFFFFFFFFFFFFFFFFFFFFFFFA5
:106C0000FFFFFFFFFFFFFFFFFFFFFFFFFFFFFFFF94
:106C1000FFFFFFFFFFFFFFFFFFFFFFFFFFFFFFFF84
:106C2000FFFFFFFFFFFFFFFFFFFFFFFFFFFFFFFF74
:106C3000FFFFFFFFFFFFFFFFFFFFFFFFFFFFFFFF64
:106C4000FFFFFFFFFFFFFFFFFFFFFFFFFFFFFFFF54
:106C5000FFFFFFFFFFFFFFFFFFFFFFFFFFFFFFFF44
:106C6000FFFFFFFFFFFFFFFFFFFFFFFFFFFFFFFF34
:106C7000FFFFFFFFFFFFFFFFFFFFFFFFFFFFFFFF24
:106C8000FFFFFFFFFFFFFFFFFFFFFFFFFFFFFFFF14
:106C9000FFFFFFFFFFFFFFFFFFFFFFFFFFFFFFFF04
:106CA000FFFFFFFFFFFFFFFFFFFFFFFFFFFFFFFFF4
:106CB000FFFFFFFFFFFFFFFFFFFFFFFFFFFFFFFFE4
:106CC000FFFFFFFFFFFFFFFFFFFFFFFFFFFFFFFFD4
:106CD000FFFFFFFFFFFFFFFFFFFFFFFFFFFFFFFFC4
:106CE000FFFFFFFFFFFFFFFFFFFFFFFFFFFFFFFFB4
:106CF000FFFFFFFFFFFFFFFFFFFFFFFFFFFFFFFFA4
:106D0000FFFFFFFFFFFFFFFFFFFFFFFFFFFFFFFF93
:106D1000FFFFFFFFFFFFFFFFFFFFFFFFFFFFFFFF83
:106D2000FFFFFFFFFFFFFFFFFFFFFFFFFFFFFFFF73
:106D3000FFFFFFFFFFFFFFFFFFFFFFFFFFFFFFFF63
:106D4000FFFFFFFFFFFFFFFFFFFFFFFFFFFFFFFF53
:106D5000FFFFFFFFFFFFFFFFFFFFFFFFFFFFFFFF43
:106D6000FFFFFFFFFFFFFFFFFFFFFFFFFFFFFFFF33
:106D7000FFFFFFFFFFFFFFFFFFFFFFFFFFFFFFFF23
:106D8000FFFFFFFFFFFFFFFFFFFFFFFFFFFFFFFF13
:106D9000FFFFFFFFFFFFFFFFFFFFFFFFFFFFFFFF03
:106DA000FFFFFFFFFFFFFFFFFFFFFFFFFFFFFFFFF3
:106DB000FFFFFFFFFFFFFFFFFFFFFFFFFFFFFFFFE3
:106DC000FFFFFFFFFFFFFFFFFFFFFFFFFFFFFFFFD3
:106DD000FFFFFFFFFFFFFFFFFFFFFFFFFFFFFFFFC3
:106DE000FFFFFFFFFFFFFFFFFFFFFFFFFFFFFFFFB3
:106DF000FFFFFFFFFFFFFFFFFFFFFFFFFFFFFFFFA3
:106E0000FFFFFFFFFFFFFFFFFFFFFFFFFFFFFFFF92
:106E1000FFFFFFFFFFFFFFFFFFFFFFFFFFFFFFFF82
:106E2000FFFFFFFFFFFFFFFFFFFFFFFFFFFFFFFF72
:106E3000FFFFFFFFFFFFFFFFFFFFFFFFFFFFFFFF62
:106E4000FFFFFFFFFFFFFFFFFFFFFFFFFFFFFFFF52
:106E5000FFFFFFFFFFFFFFFFFFFFFFFFFFFFFFFF42
:106E6000FFFFFFFFFFFFFFFFFFFFFFFFFFFFFFFF32
:106E7000FFFFFFFFFFFFFFFFFFFFFFFFFFFFFFFF22
:106E8000FFFFFFFFFFFFFFFFFFFFFFFFFFFFFFFF12
:106E9000FFFFFFFFFFFFFFFFFFFFFFFFFFFFFFFF02
:106EA000FFFFFFFFFFFFFFFFFFFFFFFFFFFFFFFFF2
:106EB000FFFFFFFFFFFFFFFFFFFFFFFFFFFFFFFFE2
:106EC000FFFFFFFFFFFFFFFFFFFFFFFFFFFFFFFFD2
:106ED000FFFFFFFFFFFFFFFFFFFFFFFFFFFFFFFFC2
:106EE000FFFFFFFFFFFFFFFFFFFFFFFFFFFFFFFFB2
:106EF000FFFFFFFFFFFFFFFFFFFFFFFFFFFFFFFFA2
:106F0000FFFFFFFFFFFFFFFFFFFFFFFFFFFFFFFF91
:106F1000FFFFFFFFFFFFFFFFFFFFFFFFFFFFFFFF81
:106F2000FFFFFFFFFFFFFFFFFFFFFFFFFFFFFFFF71
:106F3000FFFFFFFFFFFFFFFFFFFFFFFFFFFFFFFF61
:106F4000FFFFFFFFFFFFFFFFFFFFFFFFFFFFFFFF51
:106F5000FFFFFFFFFFFFFFFFFFFFFFFFFFFFFFFF41
:106F6000FFFFFFFFFFFFFFFFFFFFFFFFFFFFFFFF31
:106F7000FFFFFFFFFFFFFFFFFFFFFFFFFFFFFFFF21
:106F8000FFFFFFFFFFFFFFFFFFFFFFFFFFFFFFFF11
:106F9000FFFFFFFFFFFFFFFFFFFFFFFFFFFFFFFF01
:106FA000FFFFFFFFFFFFFFFFFFFFFFFFFFFFFFFFF1
:106FB000FFFFFFFFFFFFFFFFFFFFFFFFFFFFFFFFE1
:106FC000FFFFFFFFFFFFFFFFFFFFFFFFFFFFFFFFD1
:106FD000FFFFFFFFFFFFFFFFFFFFFFFFFFFFFFFFC1
:106FE000FFFFFFFFFFFFFFFFFFFFFFFFFFFFFFFFB1
:106FF000FFFFFFFFFFFFFFFFFFFFFFFFFFFFFFFFA1
:10700000FFFFFFFFFFFFFFFFFFFFFFFFFFFFFFFF90
:10701000FFFFFFFFFFFFFFFFFFFFFFFFFFFFFFFF80
:10702000FFFFFFFFFFFFFFFFFFFFFFFFFFFFFFFF70
:10703000FFFFFFFFFFFFFFFFFFFFFFFFFFFFFFFF60
:10704000FFFFFFFFFFFFFFFFFFFFFFFFFFFFFFFF50
:10705000FFFFFFFFFFFFFFFFFFFFFFFFFFFFFFFF40
:10706000FFFFFFFFFFFFFFFFFFFFFFFFFFFFFFFF30
:10707000FFFFFFFFFFFFFFFFFFFFFFFFFFFFFFFF20
:10708000FFFFFFFFFFFFFFFFFFFFFFFFFFFFFFFF10
:10709000FFFFFFFFFFFFFFFFFFFFFFFFFFFFFFFF00
:1070A000FFFFFFFFFFFFFFFFFFFFFFFFFFFFFFFFF0
:1070B000FFFFFFFFFFFFFFFFFFFFFFFFFFFFFFFFE0
:1070C000FFFFFFFFFFFFFFFFFFFFFFFFFFFFFFFFD0
:1070D000FFFFFFFFFFFFFFFFFFFFFFFFFFFFFFFFC0
:1070E000FFFFFFFFFFFFFFFFFFFFFFFFFFFFFFFFB0
:1070F000FFFFFFFFFFFFFFFFFFFFFFFFFFFFFFFFA0
:10710000FFFFFFFFFFFFFFFFFFFFFFFFFFFFFFFF8F
:10711000FFFFFFFFFFFFFFFFFFFFFFFFFFFFFFFF7F
:10712000FFFFFFFFFFFFFFFFFFFFFFFFFFFFFFFF6F
:10713000FFFFFFFFFFFFFFFFFFFFFFFFFFFFFFFF5F
:10714000FFFFFFFFFFFFFFFFFFFFFFFFFFFFFFFF4F
:10715000FFFFFFFFFFFFFFFFFFFFFFFFFFFFFFFF3F
:10716000FFFFFFFFFFFFFFFFFFFFFFFFFFFFFFFF2F
:10717000FFFFFFFFFFFFFFFFFFFFFFFFFFFFFFFF1F
:10718000FFFFFFFFFFFFFFFFFFFFFFFFFFFFFFFF0F
:10719000FFFFFFFFFFFFFFFFFFFFFFFFFFFFFFFFFF
:1071A000FFFFFFFFFFFFFFFFFFFFFFFFFFFFFFFFEF
:1071B000FFFFFFFFFFFFFFFFFFFFFFFFFFFFFFFFDF
:1071C000FFFFFFFFFFFFFFFFFFFFFFFFFFFFFFFFCF
:1071D000FFFFFFFFFFFFFFFFFFFFFFFFFFFFFFFFBF
:1071E000FFFFFFFFFFFFFFFFFFFFFFFFFFFFFFFFAF
:1071F000FFFFFFFFFFFFFFFFFFFFFFFFFFFFFFFF9F
:10720000FFFFFFFFFFFFFFFFFFFFFFFFFFFFFFFF8E
:10721000FFFFFFFFFFFFFFFFFFFFFFFFFFFFFFFF7E
:10722000FFFFFFFFFFFFFFFFFFFFFFFFFFFFFFFF6E
:10723000FFFFFFFFFFFFFFFFFFFFFFFFFFFFFFFF5E
:10724000FFFFFFFFFFFFFFFFFFFFFFFFFFFFFFFF4E
:10725000FFFFFFFFFFFFFFFFFFFFFFFFFFFFFFFF3E
:10726000FFFFFFFFFFFFFFFFFFFFFFFFFFFFFFFF2E
:10727000FFFFFFFFFFFFFFFFFFFFFFFFFFFFFFFF1E
:10728000FFFFFFFFFFFFFFFFFFFFFFFFFFFFFFFF0E
:10729000FFFFFFFFFFFFFFFFFFFFFFFFFFFFFFFFFE
:1072A000FFFFFFFFFFFFFFFFFFFFFFFFFFFFFFFFEE
:1072B000FFFFFFFFFFFFFFFFFFFFFFFFFFFFFFFFDE
:1072C000FFFFFFFFFFFFFFFFFFFFFFFFFFFFFFFFCE
:1072D000FFFFFFFFFFFFFFFFFFFFFFFFFFFFFFFFBE
:1072E000FFFFFFFFFFFFFFFFFFFFFFFFFFFFFFFFAE
:1072F000FFFFFFFFFFFFFFFFFFFFFFFFFFFFFFFF9E
:10730000FFFFFFFFFFFFFFFFFFFFFFFFFFFFFFFF8D
:10731000FFFFFFFFFFFFFFFFFFFFFFFFFFFFFFFF7D
:10732000FFFFFFFFFFFFFFFFFFFFFFFFFFFFFFFF6D
:10733000FFFFFFFFFFFFFFFFFFFFFFFFFFFFFFFF5D
:10734000FFFFFFFFFFFFFFFFFFFFFFFFFFFFFFFF4D
:10735000FFFFFFFFFFFFFFFFFFFFFFFFFFFFFFFF3D
:10736000FFFFFFFFFFFFFFFFFFFFFFFFFFFFFFFF2D
:10737000FFFFFFFFFFFFFFFFFFFFFFFFFFFFFFFF1D
:10738000FFFFFFFFFFFFFFFFFFFFFFFFFFFFFFFF0D
:10739000FFFFFFFFFFFFFFFFFFFFFFFFFFFFFFFFFD
:1073A000FFFFFFFFFFFFFFFFFFFFFFFFFFFFFFFFED
:1073B000FFFFFFFFFFFFFFFFFFFFFFFFFFFFFFFFDD
:1073C000FFFFFFFFFFFFFFFFFFFFFFFFFFFFFFFFCD
:1073D000FFFFFFFFFFFFFFFFFFFFFFFFFFFFFFFFBD
:1073E000FFFFFFFFFFFFFFFFFFFFFFFFFFFFFFFFAD
:1073F000FFFFFFFFFFFFFFFFFFFFFFFFFFFFFFFF9D
:10740000FFFFFFFFFFFFFFFFFFFFFFFFFFFFFFFF8C
:10741000FFFFFFFFFFFFFFFFFFFFFFFFFFFFFFFF7C
:10742000FFFFFFFFFFFFFFFFFFFFFFFFFFFFFFFF6C
:10743000FFFFFFFFFFFFFFFFFFFFFFFFFFFFFFFF5C
:10744000FFFFFFFFFFFFFFFFFFFFFFFFFFFFFFFF4C
:10745000FFFFFFFFFFFFFFFFFFFFFFFFFFFFFFFF3C
:10746000FFFFFFFFFFFFFFFFFFFFFFFFFFFFFFFF2C
:10747000FFFFFFFFFFFFFFFFFFFFFFFFFFFFFFFF1C
:10748000FFFFFFFFFFFFFFFFFFFFFFFFFFFFFFFF0C
:10749000FFFFFFFFFFFFFFFFFFFFFFFFFFFFFFFFFC
:1074A000FFFFFFFFFFFFFFFFFFFFFFFFFFFFFFFFEC
:1074B000FFFFFFFFFFFFFFFFFFFFFFFFFFFFFFFFDC
:1074C000FFFFFFFFFFFFFFFFFFFFFFFFFFFFFFFFCC
:1074D000FFFFFFFFFFFFFFFFFFFFFFFFFFFFFFFFBC
:1074E000FFFFFFFFFFFFFFFFFFFFFFFFFFFFFFFFAC
:1074F000FFFFFFFFFFFFFFFFFFFFFFFFFFFFFFFF9C
:10750000FFFFFFFFFFFFFFFFFFFFFFFFFFFFFFFF8B
:10751000FFFFFFFFFFFFFFFFFFFFFFFFFFFFFFFF7B
:10752000FFFFFFFFFFFFFFFFFFFFFFFFFFFFFFFF6B
:10753000FFFFFFFFFFFFFFFFFFFFFFFFFFFFFFFF5B
:10754000FFFFFFFFFFFFFFFFFFFFFFFFFFFFFFFF4B
:10755000FFFFFFFFFFFFFFFFFFFFFFFFFFFFFFFF3B
:10756000FFFFFFFFFFFFFFFFFFFFFFFFFFFFFFFF2B
:10757000FFFFFFFFFFFFFFFFFFFFFFFFFFFFFFFF1B
:10758000FFFFFFFFFFFFFFFFFFFFFFFFFFFFFFFF0B
:10759000FFFFFFFFFFFFFFFFFFFFFFFFFFFFFFFFFB
:1075A000FFFFFFFFFFFFFFFFFFFFFFFFFFFFFFFFEB
:1075B000FFFFFFFFFFFFFFFFFFFFFFFFFFFFFFFFDB
:1075C000FFFFFFFFFFFFFFFFFFFFFFFFFFFFFFFFCB
:1075D000FFFFFFFFFFFFFFFFFFFFFFFFFFFFFFFFBB
:1075E000FFFFFFFFFFFFFFFFFFFFFFFFFFFFFFFFAB
:1075F000FFFFFFFFFFFFFFFFFFFFFFFFFFFFFFFF9B
:10760000FFFFFFFFFFFFFFFFFFFFFFFFFFFFFFFF8A
:10761000FFFFFFFFFFFFFFFFFFFFFFFFFFFFFFFF7A
:10762000FFFFFFFFFFFFFFFFFFFFFFFFFFFFFFFF6A
:10763000FFFFFFFFFFFFFFFFFFFFFFFFFFFFFFFF5A
:10764000FFFFFFFFFFFFFFFFFFFFFFFFFFFFFFFF4A
:10765000FFFFFFFFFFFFFFFFFFFFFFFFFFFFFFFF3A
:10766000FFFFFFFFFFFFFFFFFFFFFFFFFFFFFFFF2A
:10767000FFFFFFFFFFFFFFFFFFFFFFFFFFFFFFFF1A
:10768000FFFFFFFFFFFFFFFFFFFFFFFFFFFFFFFF0A
:10769000FFFFFFFFFFFFFFFFFFFFFFFFFFFFFFFFFA
:1076A000FFFFFFFFFFFFFFFFFFFFFFFFFFFFFFFFEA
:1076B000FFFFFFFFFFFFFFFFFFFFFFFFFFFFFFFFDA
:1076C000FFFFFFFFFFFFFFFFFFFFFFFFFFFFFFFFCA
:1076D000FFFFFFFFFFFFFFFFFFFFFFFFFFFFFFFFBA
:1076E000FFFFFFFFFFFFFFFFFFFFFFFFFFFFFFFFAA
:1076F000FFFFFFFFFFFFFFFFFFFFFFFFFFFFFFFF9A
:10770000FFFFFFFFFFFFFFFFFFFFFFFFFFFFFFFF89
:10771000FFFFFFFFFFFFFFFFFFFFFFFFFFFFFFFF79
:10772000FFFFFFFFFFFFFFFFFFFFFFFFFFFFFFFF69
:10773000FFFFFFFFFFFFFFFFFFFFFFFFFFFFFFFF59
:10774000FFFFFFFFFFFFFFFFFFFFFFFFFFFFFFFF49
:10775000FFFFFFFFFFFFFFFFFFFFFFFFFFFFFFFF39
:10776000FFFFFFFFFFFFFFFFFFFFFFFFFFFFFFFF29
:10777000FFFFFFFFFFFFFFFFFFFFFFFFFFFFFFFF19
:10778000FFFFFFFFFFFFFFFFFFFFFFFFFFFFFFFF09
:10779000FFFFFFFFFFFFFFFFFFFFFFFFFFFFFFFFF9
:1077A000FFFFFFFFFFFFFFFFFFFFFFFFFFFFFFFFE9
:1077B000FFFFFFFFFFFFFFFFFFFFFFFFFFFFFFFFD9
:1077C000FFFFFFFFFFFFFFFFFFFFFFFFFFFFFFFFC9
:1077D000FFFFFFFFFFFFFFFFFFFFFFFFFFFFFFFFB9
:1077E000FFFFFFFFFFFFFFFFFFFFFFFFFFFFFFFFA9
:1077F000FFFFFFFFFFFFFFFFFFFFFFFFFFFFFFFF99
:10780000FFFFFFFFFFFFFFFFFFFFFFFFFFFFFFFF88
:10781000FFFFFFFFFFFFFFFFFFFFFFFFFFFFFFFF78
:10782000FFFFFFFFFFFFFFFFFFFFFFFFFFFFFFFF68
:10783000FFFFFFFFFFFFFFFFFFFFFFFFFFFFFFFF58
:10784000FFFFFFFFFFFFFFFFFFFFFFFFFFFFFFFF48
:10785000FFFFFFFFFFFFFFFFFFFFFFFFFFFFFFFF38
:10786000FFFFFFFFFFFFFFFFFFFFFFFFFFFFFFFF28
:10787000FFFFFFFFFFFFFFFFFFFFFFFFFFFFFFFF18
:10788000FFFFFFFFFFFFFFFFFFFFFFFFFFFFFFFF08
:10789000FFFFFFFFFFFFFFFFFFFFFFFFFFFFFFFFF8
:1078A000FFFFFFFFFFFFFFFFFFFFFFFFFFFFFFFFE8
:1078B000FFFFFFFFFFFFFFFFFFFFFFFFFFFFFFFFD8
:1078C000FFFFFFFFFFFFFFFFFFFFFFFFFFFFFFFFC8
:1078D000FFFFFFFFFFFFFFFFFFFFFFFFFFFFFFFFB8
:1078E000FFFFFFFFFFFFFFFFFFFFFFFFFFFFFFFFA8
:1078F000FFFFFFFFFFFFFFFFFFFFFFFFFFFFFFFF98
:10790000FFFFFFFFFFFFFFFFFFFFFFFFFFFFFFFF87
:10791000FFFFFFFFFFFFFFFFFFFFFFFFFFFFFFFF77
:10792000FFFFFFFFFFFFFFFFFFFFFFFFFFFFFFFF67
:10793000FFFFFFFFFFFFFFFFFFFFFFFFFFFFFFFF57
:10794000FFFFFFFFFFFFFFFFFFFFFFFFFFFFFFFF47
:10795000FFFFFFFFFFFFFFFFFFFFFFFFFFFFFFFF37
:10796000FFFFFFFFFFFFFFFFFFFFFFFFFFFFFFFF27
:10797000FFFFFFFFFFFFFFFFFFFFFFFFFFFFFFFF17
:10798000FFFFFFFFFFFFFFFFFFFFFFFFFFFFFFFF07
:10799000FFFFFFFFFFFFFFFFFFFFFFFFFFFFFFFFF7
:1079A000FFFFFFFFFFFFFFFFFFFFFFFFFFFFFFFFE7
:1079B000FFFFFFFFFFFFFFFFFFFFFFFFFFFFFFFFD7
:1079C000FFFFFFFFFFFFFFFFFFFFFFFFFFFFFFFFC7
:1079D000FFFFFFFFFFFFFFFFFFFFFFFFFFFFFFFFB7
:1079E000FFFFFFFFFFFFFFFFFFFFFFFFFFFFFFFFA7
:1079F000FFFFFFFFFFFFFFFFFFFFFFFFFFFFFFFF97
:107A0000FFFFFFFFFFFFFFFFFFFFFFFFFFFFFFFF86
:107A1000FFFFFFFFFFFFFFFFFFFFFFFFFFFFFFFF76
:107A2000FFFFFFFFFFFFFFFFFFFFFFFFFFFFFFFF66
:107A3000FFFFFFFFFFFFFFFFFFFFFFFFFFFFFFFF56
:107A4000FFFFFFFFFFFFFFFFFFFFFFFFFFFFFFFF46
:107A5000FFFFFFFFFFFFFFFFFFFFFFFFFFFFFFFF36
:107A6000FFFFFFFFFFFFFFFFFFFFFFFFFFFFFFFF26
:107A7000FFFFFFFFFFFFFFFFFFFFFFFFFFFFFFFF16
:107A8000FFFFFFFFFFFFFFFFFFFFFFFFFFFFFFFF06
:107A9000FFFFFFFFFFFFFFFFFFFFFFFFFFFFFFFFF6
:107AA000FFFFFFFFFFFFFFFFFFFFFFFFFFFFFFFFE6
:107AB000FFFFFFFFFFFFFFFFFFFFFFFFFFFFFFFFD6
:107AC000FFFFFFFFFFFFFFFFFFFFFFFFFFFFFFFFC6
:107AD000FFFFFFFFFFFFFFFFFFFFFFFFFFFFFFFFB6
:107AE000FFFFFFFFFFFFFFFFFFFFFFFFFFFFFFFFA6
:107AF000FFFFFFFFFFFFFFFFFFFFFFFFFFFFFFFF96
:107B0000FFFFFFFFFFFFFFFFFFFFFFFFFFFFFFFF85
:107B1000FFFFFFFFFFFFFFFFFFFFFFFFFFFFFFFF75
:107B2000FFFFFFFFFFFFFFFFFFFFFFFFFFFFFFFF65
:107B3000FFFFFFFFFFFFFFFFFFFFFFFFFFFFFFFF55
:107B4000FFFFFFFFFFFFFFFFFFFFFFFFFFFFFFFF45
:107B5000FFFFFFFFFFFFFFFFFFFFFFFFFFFFFFFF35
:107B6000FFFFFFFFFFFFFFFFFFFFFFFFFFFFFFFF25
:107B7000FFFFFFFFFFFFFFFFFFFFFFFFFFFFFFFF15
:107B8000FFFFFFFFFFFFFFFFFFFFFFFFFFFFFFFF05
:107B9000FFFFFFFFFFFFFFFFFFFFFFFFFFFFFFFFF5
:107BA000FFFFFFFFFFFFFFFFFFFFFFFFFFFFFFFFE5
:107BB000FFFFFFFFFFFFFFFFFFFFFFFFFFFFFFFFD5
:107BC000FFFFFFFFFFFFFFFFFFFFFFFFFFFFFFFFC5
:107BD000FFFFFFFFFFFFFFFFFFFFFFFFFFFFFFFFB5
:107BE000FFFFFFFFFFFFFFFFFFFFFFFFFFFFFFFFA5
:107BF000FFFFFFFFFFFFFFFFFFFFFFFFFFFFFFFF95
:107C00007FE97FE9FBF75EBF7FE97FE9FBF76CBFA8
:107C10007FE97FE9FBF79EBF7FE97FE9FBF78CBF38
:107C20007FE97FE9FBF772BF000000000000000061
:107C30000000000000000000000000000000000044
:107C40000090005000000000B83701000200000062
:107C50000000000000000000000000000000000024
:107C600000000000FC1100209C11002044030100D2
:107C700090ED00E000A003507FA60350009000505C
:107C80006F950050116001000D600100275F010039
:107C9000D81000200811002000110020FC10002046
:107CA000F8100020214C0100154C0100094C010086
:107CB000000000002D4C0100341100202C11002088
:107CC00024110020000000001C110020394D01008B
:107CD000854C0100B94C0100014D010054250020E4
:107CE0003A00003A582500203A00003A5C2500206E
:107CF0003A00003A602500203A00003A00000000F7
:107D00000000000000000000000000000000000073
:107D10000000000000000000000000000000000063
:107D20000000000000000000000000000000000053
:107D30000000000000000000000000000000000043
:107D40000000000000000000000000000000000033
:107D5000000000000000000000000000FFFFFFFF27
:107D6000FFFFFFFFFFFFFFFFFFFFFFFFFFFFFFFF23
:107D7000FFFFFFFFFFFFFFFFFFFFFFFFFFFFFFFF13
:107D8000FFFFFFFFFFFFFFFFFFFFFFFFFFFFFFFF03
:107D9000FFFFFFFFFFFFFFFFFFFFFFFFFFFFFFFFF3
:107DA000FFFFFFFFFFFFFFFFFFFFFFFFFFFFFFFFE3
:107DB000FFFFFFFFFFFFFFFFFFFFFFFFFFFFFFFFD3
:107DC000FFFFFFFFFFFFFFFFFFFFFFFFFFFFFFFFC3
:107DD000FFFFFFFFFFFFFFFFFFFFFFFFFFFFFFFFB3
:107DE000FFFFFFFFFFFFFFFFFFFFFFFFFFFFFFFFA3
:107DF000FFFFFFFFFFFFFFFFFFFFFFFFFFFFFFFF93
:107E0000FFFFFFFFFFFFFFFFFFFFFFFFFFFFFFFF82
:107E1000FFFFFFFFFFFFFFFFFFFFFFFFFFFFFFFF72
:107E2000FFFFFFFFFFFFFFFFFFFFFFFFFFFFFFFF62
:107E3000FFFFFFFFFFFFFFFFFFFFFFFFFFFFFFFF52
:107E4000FFFFFFFFFFFFFFFFFFFFFFFFFFFFFFFF42
:107E5000FFFFFFFFFFFFFFFFFFFFFFFFFFFFFFFF32
:107E6000FFFFFFFFFFFFFFFFFFFFFFFFFFFFFFFF22
:107E7000FFFFFFFFFFFFFFFFFFFFFFFFFFFFFFFF12
:107E8000FFFFFFFFFFFFFFFFFFFFFFFFFFFFFFFF02
:107E9000FFFFFFFFFFFFFFFFFFFFFFFFFFFFFFFFF2
:107EA000FFFFFFFFFFFFFFFFFFFFFFFFFFFFFFFFE2
:107EB000FFFFFFFFFFFFFFFFFFFFFFFFFFFFFFFFD2
:107EC000FFFFFFFFFFFFFFFFFFFFFFFFFFFFFFFFC2
:107ED000FFFFFFFFFFFFFFFFFFFFFFFFFFFFFFFFB2
:107EE000FFFFFFFFFFFFFFFFFFFFFFFFFFFFFFFFA2
:107EF000FFFFFFFFFFFFFFFFFFFFFFFFFFFFFFFF92
:107F0000FFFFFFFFFFFFFFFFFFFFFFFFFFFFFFFF81
:107F1000FFFFFFFFFFFFFFFFFFFFFFFFFFFFFFFF71
:107F2000FFFFFFFFFFFFFFFFFFFFFFFFFFFFFFFF61
:107F3000FFFFFFFFFFFFFFFFFFFFFFFFFFFFFFFF51
:107F4000FFFFFFFFFFFFFFFFFFFFFFFFFFFFFFFF41
:107F5000FFFFFFFFFFFFFFFFFFFFFFFFFFFFFFFF31
:107F6000FFFFFFFFFFFFFFFFFFFFFFFFFFFFFFFF21
:107F7000FFFFFFFFFFFFFFFFFFFFFFFFFFFFFFFF11
:107F8000FFFFFFFFFFFFFFFFFFFFFFFFFFFFFFFF01
:107F9000FFFFFFFFFFFFFFFFFFFFFFFFFFFFFFFFF1
:107FA000FFFFFFFFFFFFFFFFFFFFFFFFFFFFFFFFE1
:107FB000FFFFFFFFFFFFFFFFFFFFFFFFFFFFFFFFD1
:107FC000FFFFFFFFFFFFFFFFFFFFFFFFFFFFFFFFC1
:107FD000FFFFFFFFFFFFFFFFFFFFFFFFFFFFFFFFB1
:107FE000FFFFFFFFFFFFFFFFFFFFFFFFFFFFFFFFA1
:107FF000FFFFFFFFFFFFFFFFFFFFFFFFFFFFFFFF91
:108000004857012051200200675903003D2002001B
:108010003D2002003D2002003D2002003D200200E4
:10802000000000000000000000000000E12102004C
:108030003D200200000000007D2102003D200200E2
:1080400071230200712302007123020071230200D8
:1080500071230200712302007123020071230200C8
:1080600071230200712302007123020071230200B8
:1080700071230200712302007123020071230200A8
:108080007123020071230200712302007123020098
:108090007123020071230200712302007123020088
:1080A0007123020071230200712302007123020078
:1080B0007123020071230200712302007123020068
:1080C0007123020071230200712302007123020058
:1080D0007123020071230200712302007123020048
:1080E0007123020071230200712302007123020038
:1080F0007123020071230200712302007123020028
:108100007123020071230200712302007123020017
:108110007123020071230200712302007123020007
:1081200071230200712302007123020071230200F7
:1081300071230200712302007123020071230200E7
:108140007123020000000000000000000000000099
:10815000000000000000000000000000000000001F
:10816000000000000000000000000000000000000F
:1081700000000000000000000000000000000000FF
:1081800000000000000000000000000000000000EF
:1081900000000000000000000000000000000000DF
:1081A00000000000000000000000000000000000CF
:1081B00000000000000000000000000000000000BF
:1081C00000000000000000000000000000000000AF
:1081D000000000000000000000000000000000009F
:1081E000000000000000000000000000000000008F
:1081F000000000000000000000000000000000007F
:10820000DEE61E284CBBCE8F025B00003C00000067
:1082100080BA02000100000000800100008001001F
:10822000FFFF0291000000000000000000000000BD
:10823000000000000000000000000000FFFFFFFF42
:1082400081F0004102E000BF83F0004330B54FEA07
:1082500041044FEA430594EA050F08BF90EA020F74
:108260001FBF54EA000C55EA020C7FEA645C7FEA07
:10827000655C00F0E2804FEA5454D4EB5555B8BF2A
:108280006D420CDD2C4480EA020281EA030382EA9B
:10829000000083EA010180EA020281EA0303362D2D
:1082A00088BF30BD11F0004F4FEA01314FF4801C00
:1082B0004CEA113102D0404261EB410113F0004F12
:1082C0004FEA03334CEA133302D0524263EB4303C9
:1082D00094EA050F00F0A780A4F10104D5F1200E67
:1082E0000DDB02FA0EFC22FA05F2801841F10001C2
:1082F00003FA0EF2801843FA05F359410EE0A5F196
:1083000020050EF1200E012A03FA0EFC28BF4CF0C6
:10831000020C43FA05F3C01851EBE37101F000457C
:1083200007D54FF0000EDCF1000C7EEB00006EEB89
:108330000101B1F5801F1BD3B1F5001F0CD3490813
:108340005FEA30004FEA3C0C04F101044FEA44526A
:1083500012F5800F80F09A80BCF1004F08BF5FEAF1
:10836000500C50F1000041EB045141EA050130BDD1
:108370005FEA4C0C404141EB0101013C28BFB1F5E3
:10838000801FE9D291F0000F04BF01460020B1FA2E
:1083900081F308BF2033A3F10B03B3F120020CDA01
:1083A0000C3208DD02F1140CC2F10C0201FA0CF0DF
:1083B00021FA02F10CE002F11402D8BFC2F1200C44
:1083C00001FA02F120FA0CFCDCBF41EA0C019040FA
:1083D000E41AA2BF01EB0451294330BD6FEA040443
:1083E0001F3C1CDA0C340EDC04F11404C4F120022E
:1083F00020FA04F001FA02F340EA030021FA04F340
:1084000045EA030130BDC4F10C04C4F1200220FA96
:1084100002F001FA04F340EA0300294630BD21FAD4
:1084200004F0294630BD94F0000F83F4801306BF9A
:1084300081F480110134013D4EE77FEA645C18BF8E
:108440007FEA655C29D094EA050F08BF90EA020F25
:1084500005D054EA000C04BF1946104630BD91EA1D
:10846000030F1EBF0021002030BD5FEA545C05D120
:108470004000494128BF41F0004130BD14F580045F
:108480003CBF01F5801130BD01F0004545F0FE41D3
:1084900041F470014FF0000030BD7FEA645C1ABF08
:1084A000194610467FEA655C1CBF0B46024650EA3F
:1084B000013406BF52EA033591EA030F41F400216B
:1084C00030BD00BF90F0000F04BF0021704730B5F1
:1084D0004FF4806404F132044FF000054FF00001C6
:1084E00050E700BF90F0000F04BF0021704730B587
:1084F0004FF4806404F1320410F0004548BF40425C
:108500004FF000013EE700BF42004FEAE2014FEAB0
:1085100031014FEA02701FBF12F07F4393F07F4F8B
:1085200081F06051704732F07F4208BF704793F08E
:108530007F4F04BF41F40021704730B54FF46074A1
:1085400001F0004521F000411CE700BF50EA0102A4
:1085500008BF704730B54FF000050AE050EA01024D
:1085600008BF704730B511F0004502D5404261EBBD
:1085700041014FF4806404F132045FEA915C3FF4FE
:10858000D8AE4FF003025FEADC0C18BF03325FEA9B
:10859000DC0C18BF033202EBDC02C2F1200300FA4C
:1085A00003FC20FA02F001FA03FE40EA0E0021FA71
:1085B00002F11444BDE600BF70B54FF0FF0C4CF45F
:1085C000E06C1CEA11541DBF1CEA135594EA0C0F11
:1085D00095EA0C0F00F0DEF82C4481EA030621EA4C
:1085E0004C5123EA4C5350EA013518BF52EA033587
:1085F00041F4801143F4801338D0A0FB02CE4FF039
:108600000005E1FB02E506F00042E0FB03E54FF068
:108610000006E1FB03569CF0000F18BF4EF0010E60
:10862000A4F1FF04B6F5007F64F5407404D25FEA5C
:108630004E0E6D4146EB060642EAC62141EA55510F
:108640004FEAC52040EA5E504FEACE2EB4F1FD0C51
:1086500088BFBCF5E06F1ED8BEF1004F08BF5FEACF
:10866000500E50F1000041EB045170BD06F0004681
:1086700046EA010140EA020081EA0301B4EB5C042E
:10868000C2BFD4EB0C0541EA045170BD41F4801126
:108690004FF0000E013C00F3AB8014F1360FDEBF4B
:1086A000002001F0004170BDC4F10004203C35DA27
:1086B0000C341BDC04F11404C4F1200500FA05F3AA
:1086C00020FA04F001FA05F240EA020001F000424B
:1086D00021F0004110EBD37021FA04F642EB0601C1
:1086E0005EEA430E08BF20EAD37070BDC4F10C04EB
:1086F000C4F1200500FA04F320FA05F001FA04F2AF
:1087000040EA020001F0004110EBD37041F100019A
:108710005EEA430E08BF20EAD37070BDC4F12005A5
:1087200000FA05F24EEA020E20FA04F301FA05F20D
:1087300043EA020321FA04F001F0004121FA04F2B5
:1087400020EA020000EBD3705EEA430E08BF20EA85
:10875000D37070BD94F0000F0FD101F000464000BF
:1087600041EB010111F4801F08BF013CF7D041EA41
:10877000060195F0000F18BF704703F00046520045
:1087800043EB030313F4801F08BF013DF7D043EA16
:108790000603704794EA0C0F0CEA135518BF95EACC
:1087A0000C0F0CD050EA410618BF52EA4306D1D153
:1087B00081EA030101F000414FF0000070BD50EA72
:1087C000410606BF1046194652EA430619D094EAFC
:1087D0000C0F02D150EA013613D195EA0C0F05D1E6
:1087E00052EA03361CBF104619460AD181EA03013A
:1087F00001F0004141F0FE4141F470014FF00000F2
:1088000070BD41F0FE4141F4780170BD70B54FF08C
:10881000FF0C4CF4E06C1CEA11541DBF1CEA13550C
:1088200094EA0C0F95EA0C0F00F0A7F8A4EB0504EE
:1088300081EA030E52EA03354FEA013100F08880E5
:108840004FEA03334FF0805545EA131343EA1263AE
:108850004FEA022245EA111545EA10654FEA002663
:108860000EF000419D4208BF964244F1FD0404F51C
:10887000407402D25B084FEA3202B61A65EB030578
:108880005B084FEA32024FF480104FF4002CB6EB35
:10889000020E75EB030E22BFB61A754640EA0C00B5
:1088A0005B084FEA3202B6EB020E75EB030E22BFF5
:1088B000B61A754640EA5C005B084FEA3202B6EB36
:1088C000020E75EB030E22BFB61A754640EA9C00F5
:1088D0005B084FEA3202B6EB020E75EB030E22BFC5
:1088E000B61A754640EADC0055EA060E18D04FEA83
:1088F000051545EA16754FEA06164FEAC30343EA23
:1089000052734FEAC2025FEA1C1CC0D111F4801FEF
:108910000BD141EA00014FF000004FF0004CB6E7E8
:1089200011F4801F04BF01430020B4F1FD0C88BF87
:10893000BCF5E06F3FF6AFAEB5EB030C04BFB6EB92
:10894000020C5FEA500C50F1000041EB045170BD85
:108950000EF0004E4EEA113114EB5C04C2BFD4EBB2
:108960000C0541EA045170BD41F480114FF0000E36
:10897000013C90E645EA060E8DE60CEA135594EAB2
:108980000C0F08BF95EA0C0F3FF43BAF94EA0C0FB5
:108990000AD150EA01347FF434AF95EA0C0F7FF42A
:1089A00025AF104619462CE795EA0C0F06D152EA7E
:1089B00003353FF4FDAE1046194622E750EA410662
:1089C00018BF52EA43067FF4C5AE50EA41047FF473
:1089D0000DAF52EA43057FF4EBAE12E74FF0FF3CD8
:1089E00006E000BF4FF0010C02E000BF4FF0010CA9
:1089F0004DF804CD4FEA410C7FEA6C5C4FEA430C22
:108A000018BF7FEA6C5C1BD001B050EA410C0CBF70
:108A100052EA430C91EA030F02BF90EA020F0020D2
:108A2000704710F1000F91EA030F58BF994208BF39
:108A300090422CBFD8176FEAE37040F001007047F6
:108A40004FEA410C7FEA6C5C02D150EA013C07D14D
:108A50004FEA430C7FEA6C5CD6D152EA033CD3D098
:108A60005DF8040B704700BF8446104662468C4692
:108A70001946634600E000BF01B5FFF7B7FF0028C5
:108A800048BF10F1000F01BD4DF808EDFFF7F4FFEE
:108A90000CBF012000205DF808FB00BF4DF808ED79
:108AA000FFF7EAFF34BF012000205DF808FB00BF9C
:108AB0004DF808EDFFF7E0FF94BF012000205DF8BE
:108AC00008FB00BF4DF808EDFFF7CEFF94BF012073
:108AD00000205DF808FB00BF4DF808EDFFF7C4FF6C
:108AE00034BF012000205DF808FB00BF4FEA410CB5
:108AF0007FEA6C5C02D150EA013C0AD14FEA430C98
:108B00007FEA6C5C02D152EA033C02D14FF00000D4
:108B100070474FF0010070474FEA410212F5001212
:108B200015D211D56FF47873B3EB625212D94FEAB4
:108B3000C12343F0004343EA505311F0004F23FA9E
:108B400002F018BF404270474FF00000704750EAF3
:108B5000013005D111F0004008BF6FF000407047B0
:108B60004FF00000704700BF4A0011D212F500120A
:108B700011D20DD56FF47873B3EB62520ED44FEA75
:108B8000C12343F0004343EA505323FA02F07047F5
:108B90004FF00000704750EA013002D14FF0FF3033
:108BA00070474FF0000070477BB972B90029BEBF13
:108BB00000204FF0004106E008BF00281CBF6FF006
:108BC00000414FF0FF3000F075B8ADF1080C6DE9D1
:108BD00004CE002909DB002B1ADB00F096F8DDF843
:108BE00004E0DDE9022304B07047404261EB41013B
:108BF000002B1BDB00F089F8DDF804E0DDE902233F
:108C000004B0404261EB4101524263EB43037047C1
:108C1000524263EB430300F078F8DDF804E0DDE94D
:108C2000022304B0404261EB41017047524263EBC2
:108C3000430300F06AF8DDF804E0DDE9022304B044
:108C4000524263EB4303704753B94AB9002908BF46
:108C500000281CBF4FF0FF314FF0FF3000F02AB862
:108C6000ADF1080C6DE904CE00F04FF8DDF804E03A
:108C7000DDE9022304B07047D0B500220B4B064655
:108C80000F46FFF799FCFFF76FFF0446FFF71AFC4A
:108C90000022074BFFF790FC02460B463046394650
:108CA000FFF7D2FAFFF760FF2146D0BD0000F03D8C
:108CB0000000F041704700BF10F8012B11F8013B94
:108CC000012A28BF9A42F7D0D01A7047034613F8FA
:108CD000012B002AFBD1181A0138704738B5002241
:108CE000002304460D46FFF7D9FE28B92046294641
:108CF000BDE83840FFF7C0BF204605F10041FFF74F
:108D0000BBFF404261EB410138BD2DE9F04786468B
:108D10008C460846089E154674461946002B40F0BE
:108D2000C1808542B2FA82F245D94AB1C2F120032C
:108D300000FA02FC954094402EFA03F343EA0C0C2F
:108D40004FEA154EA8B2230CBCFBFEF80EFB18CC64
:108D500008FB00F943EA0C43994528D9EB1808F1C0
:108D6000FF3704D2994502D9A8F102072B44A3EB9F
:108D70000903A4B2B3FBFEFC0EFB1C330CFB00F09A
:108D800044EA0344A04214D92C190CF1FF3304D255
:108D9000A04202D9ACF102032C44241A43EA074052
:108DA0001EB1D440002334607360BDE8F0874746AD
:108DB000DDE76346F1E792BB431B01214FEA154E05
:108DC000AFB2200CB3FBFEFC0EFB1C330CFB07F810
:108DD00040EA0343984561D9EB180CF1FF3004D207
:108DE000984502D9ACF102002B44A3EB0803A4B2CE
:108DF000B3FBFEFC0EFB1C330CFB07F744EA0344F9
:108E0000A7424DD92C190CF1FF3304D2A74202D945
:108E1000ACF102032C44E41B43EA0040C0E7C2F17A
:108E200020039540944020FA03F12EFA03F34FEA11
:108E3000154E9040AFB20343B1FBFEFC0EFB1C107D
:108E4000190C0CFB07F841EA0041884522D9691842
:108E50000CF1FF3004D2884502D9ACF1020029445C
:108E6000A1EB08019BB2B1FBFEFC0EFB1C110CFB3D
:108E700007F743EA01439F420ED9EB180CF1FF318B
:108E800004D29F4202D9ACF102012B44DB1B41EA20
:108E9000004193E76046E3E76146F7E76046A4E7F1
:108EA0006346B8E7834206D916B9002108467CE735
:108EB000C6E900E0F9E7B3FA83F78FB9834201D33B
:108EC000724508D8BEEB020460EB030301209C4608
:108ED0001EB9002169E73846FAE7C6E9004CF8E711
:108EE000C7F1200CBB400EFA07F522FA0CF42EFA5B
:108EF0000CF1BA401C4320FA0CF3B8404FEA144975
:108F000001431FFA84FEB3FBF9F809FB18300B0C80
:108F100008FB0EFA43EA00439A4540D9E31808F1EA
:108F2000FF3004D29A4502D9A8F102002344A3EBF2
:108F30000A0389B2B3FBF9F809FB183308FB0EFEEC
:108F400041EA03418E452CD9611808F1FF3304D260
:108F50008E4502D9A8F10203214443EA0040A1EB67
:108F60000E01A0FB02984145CE46434602D306D1EE
:108F70004D4504D20138B9EB020E68EB0403002E14
:108F8000A7D0B5EB0E0261EB030101FA0CFC22FA4B
:108F900007F3F9404CEA0303C6E9003199E740467C
:108FA000C5E74346D9E700002DE9F04706460F46DE
:108FB000904688B021F017FD4FF47A73A0FB03456B
:108FC00003FB0155E40B012F44EA45444FEAD53534
:108FD00007D122462B46304627491BF04EFE002083
:108FE00012E0D8F8047025483946FFF765FE70B1E5
:108FF00039462348FFF760FE48B130463A462149DA
:109000001BF057FE6FF0040008B0BDE8F087204663
:1090100017A3D3E900232946FFF7C6FD05460C46F2
:1090200010461946184A0023FFF7BEFD80460F463A
:10903000104619464EF660220023FFF7B5FD824622
:109040008946104619464FF47A720023FFF7ACFDAB
:10905000CDE902A9CDE90623CDE904012A4623463C
:109060003046CDE9008709491BF007FEB7E700BF8E
:10907000005C26050000000051EC030062EC0300D8
:1090800065EC03006EEC030080EE360086EC030016
:1090900001282DE9FF41884608D01CF0DBFC16238F
:1090A00003604FF0FF3004B0BDE8F0818A682A4BBE
:1090B0009A42F2D821F097FC05460F4621F093FC26
:1090C000264CD8F80030D8F80420A3FB043604FB63
:1090D0000266D8F808209B1846EBE276EA0B42EAD3
:1090E0004742A2FB0421FF0B9B1AC0F30E0204FBB4
:1090F0000711A2FB04244FEAD23242EA444266EB53
:109100000101981A61F1000111A3D3E90023FFF7CF
:109110004BFD6C46CDE900012046029209F0A6FB0A
:1091200018B91CF097FC8B23BAE74FF0FF324FF0D1
:10913000FF330B481AF0C3FA38B994E80F00094D11
:1091400085E80F0006481AF0B5FA0020ABE700BF2B
:1091500000CA9A3B00000000FFC99A3B00CA9A3B34
:10916000CCCF0020A0D900202DE9F04706460C46C0
:1091700092B0002900F0BD800F68002F00F0B98088
:109180008D68D1F8048005F10409C1450AD804228C
:10919000AB49781921F0D2FFA8B90423F360A36882
:1091A00004331DE06B1D984510D2454580F0A18029
:1091B0007B5D7819222B24D12146304612B0BDE8C0
:1091C000F04711F093BA6B1D98450ED305229D49C7
:1091D000781921F0B3FF30B90123F360A368053398
:1091E0000120A36086E0C145DFD8042296497819A2
:1091F00021F0A4FF0028D8D10223F360012373617A
:10920000CDE72D2B03D0A3F13002092A53D8002338
:109210000DF1080C67464FF0010EA8EB0505DFF8CD
:109220002C82019310F8012B452A3CD82A2A10D908
:10923000A2F12B01C9B20EFA01F111EA080F01D116
:109240002E2A06D101333F2B0CF8012B01D0AB4263
:10925000E8D1002548336B44384601A903F8405C47
:1092600018F08AF8DDF804A08046BA45894640D057
:1092700071A3D3E90023FFF725FCB0B900224046D3
:109280004946734BFFF714FC90B940464946FFF737
:1092900043FC0823C6E906897061F360A368AAEB62
:1092A000070A53449CE7652ACBE76FF00040F0E7DC
:1092B0004FF00040EDE75B2B58D1D4F80C90B9F596
:1092C0007A7F16D209F10103E3607B5D5B2B10D13D
:1092D00001352046A5601FF034FCA368984506D9E7
:1092E000FA5C5D2A09D10027C4F80C9036E0013BF6
:1092F000A360002012B0BDE8F08700252F46013B97
:10930000A36020691FF093FCA8460546002800F0E2
:10931000A3804FB3C8F80000C0F80480A3682046BB
:109320000133A3601FF00DFC21462846FFF71CFF08
:10933000002800F0918020461FF003FCD4E90123AF
:10934000934280F08C802268D35C2C2BD9D05D2B8B
:1093500040F08580E368013BE3607D602023C6E93F
:109360000273A36801333BE70746D7E77B2BC0D1E5
:10937000D4F80C90B9F57A7FBBD209F10103E36010
:109380007B5D7B2BB5D101352046A5601FF0D9FB55
:10939000A3689845ABD9FA5C7D2A03D10027C4F8AD
:1093A0000C9047E000252F46A846013BA3602069AA
:1093B0001FF03DFCA946054600284DD0002F49D09E
:1093C000C9F80000C0F80490A36820460133A360E8
:1093D0001FF0B7FB2146284611F088F900283BD042
:1093E00020461FF0AEFB2B69C5F810802B62D4E934
:1093F0000123934230D22268D25C3A2A2CD1013325
:109400002046A3601FF09DFB21462846FFF7ACFED7
:1094100010B320461FF095FBD4E9012393421ED2DE
:109420002268D35C2C2BC2D07D2B18D1E368013B82
:10943000E3607D60402392E70000C0FFFFFFDF4153
:10944000282A04003F2A0400452A0400E57F00047E
:109450000000E0C10746B7E7002F3FF44AAF3846A7
:1094600011F08AFD45E700BFD0B5174B06461868D6
:109470000F461FF0DCFB044670B10823C0E9066705
:10948000C36039460EA3D3E900233046FFF71AFB29
:1094900020B16FF0004363612046D0BD002230460A
:1094A00039460A4BFFF704FB10B14FF00043F2E7D7
:1094B00030463946FFF730FB6061EDE7AFF30080DF
:1094C0000000C0FFFFFFDF4110CA00200000E0C124
:1094D0002DE9F04F1F469DB000230C4682460E92A8
:1094E00018934FF00008974B4FF000091D6828466D
:1094F000FFF7ECFB22468346179213782B2B3BD0C9
:109500002CD80D2B26D8082B26D8002B2FD00023A3
:109510000C93179E3378302B72D1737803F0DF03EE
:10952000582B63D10C9B17A9874A5046019318AB5F
:109530000297009319AB18F08BFB10F00705044657
:1095400035D0062D1AD10E9B0BB101361E60404658
:10955000494637E0202BDAD10132CDE72D2BD6D189
:1095600001230C93531C17935378002BD1D10E9BDE
:10957000002BECD01C60EAE70023F2E7189A3AB11E
:1095800035211AA822F0FDF91899504618F032FE3C
:10959000013D199A042D06D8DFE805F017032023B2
:1095A0001700DDE91A89210701D549F000490E9B12
:1095B00013B1179B0E9A13600C9B002BC7D040462B
:1095C00009F100411DB0BDE8F08FDDE91A8302F218
:1095D000334223F4801343EA0259E4E7DFF86C9145
:1095E000E1E76FF000494FF0FF38DCE7179B5A1CAA
:1095F00017925B78302BF9D0002BD8D0012300E0F4
:109600000023002704930A22179BCDE905770A93CC
:1096100017980678A6F13003D9B2092924D95A46F9
:10962000294621F08BFD00282DD000203246059DD3
:1096300083460346652A01D0452A13D11DB9049AF1
:10964000024394D00025179C621C179262782B2A43
:109650006ED02D2A72D04FF0000CA2F130010929F2
:109660007AD91794002699E00599013008291790B6
:10967000D7BF069902FB073702FB01330693059B10
:1096800001330593C4E7179B03EB0B02179213F802
:109690000B20059BA3B383461D46A2F13003092B83
:1096A00012D90123C6E7179B01305A1C17925A782A
:1096B000302AF8D0A2F13103082B00F2EA84834665
:1096C0000020179B05460A93303A00F1010311D0A0
:1096D0009B4400EB050C2B460A21634512D12B1845
:1096E0000135082B054419DC06990A2303FB0123E5
:1096F00006930023179A1846511C17915278CCE70D
:109700000598D5E7082B03F1010303DC069E4E43C1
:109710000696E2E7102BD8BF4F43DEE70F2BDCBFE6
:109720000A2303FB0727E4E74FF0000B012386E73A
:109730004FF0000CA21C1792A2788EE74FF0010C9C
:10974000F8E700BF78D4030004D403000000F07FE2
:10975000179A511C17915278302AF9D0A2F1310191
:1097600008293FF67FAF303A0792179A0D92179A61
:10977000561C17965278A2F1300EBEF1090F38D957
:109780000D99761A082E44F61F6603DC07998E425F
:10979000A8BF0E46BCF1000F00D07642002D4FD17D
:1097A000049908437FF403AF002B7FF4E0AE692AED
:1097B00029D026DC492A26D04E2A7FF4D8AE9D49EE
:1097C00017A821F03EFF00283FF4D1AE179B1B786D
:1097D000282B2FD11AAA984917A821F046FF05284F
:1097E00028D11B9BDDF8688043F0FF4949F4E0096C
:1097F000DDE6079E0A2101FB0621A1F13002079256
:10980000B5E76E2AD9E78D4917A821F01AFF00287D
:109810003FF4ADAE179B17A88949013B179321F080
:1098200010FF10B9179B01331793DFF818924FF010
:109830000008BCE6844819F04DFC80468946B6E62F
:10984000A6EB0B0306982C460F93059B002B08BF35
:109850002B46102D0593A8BF1024FEF733FE092DCB
:109860008046894614DCA6EB0B03002B3FF49FAE29
:10987000A6EB0B0379DD162B45DC0F9B42467349A3
:1098800001EBC3014B46D1E90001FEF795FED4E799
:109890006E4B03EBC40353E91223FEF78DFE8046A3
:1098A00089463846FEF70EFE02460B4640464946BC
:1098B000FEF7CCFC0F2D80468946D4DD2C1BA6EB91
:1098C0000B031C44002C26DC00F0A380644214F03F
:1098D0000F020AD05D4B4046494603EBC203D3E971
:1098E0000023FEF793FF80468946241100F0918003
:1098F0001F2C40F3B38022234FF000084FF00009E3
:10990000CAF8003053E6C5F12503A6EB0B029342DB
:1099100019DA2C1B144414F00F030AD04B494246A9
:1099200001EBC3014B46D1E90001FEF745FE80463D
:10993000894634F00F046CD0B4F59A7F41DD2223C0
:10994000CAF8003071E7C5F10F05404C42464B465E
:1099500004EBC501D1E90001FEF72EFE0F9B5D1B54
:1099600004EBC504D4E900238FE71633A6DBABEB89
:109970000602364B4046494603EBC203D3E90023B7
:10998000FEF744FF59E7002306932223DFF8B49043
:109990004FF00008CAF800301899504618F02AFC19
:1099A0000699504618F026FC0599504618F022FCFE
:1099B0001099504618F01EFC0799504618F01AFCF2
:1099C000F5E50023241140464946214F0493012C1C
:1099D00022DC0BB180468946049BA9F154791C49CD
:1099E000424601EBC3014B46D1E90001FEF7E4FD1D
:1099F000144B0A4680460B4016498B429FD8A1F56E
:109A000080118B4286BFDFF850904FF0FF3802F193
:109A10005479002304934CE0E20704D5D7E90023EE
:109A2000FEF7CAFD0123049A64100837013204923C
:109A3000CDE700BF812D0400F0D30300B3EA03009B
:109A4000A92D04000000F07F57EF0300D8C60300E3
:109A5000B0C603000000A07CFFFFEF7F14F01003EE
:109A600040464946AB4F18BF6A2304930023E207E0
:109A700004D5D7E90023FEF79FFD0123641007F109
:109A80000807F4D10BB180468946049B43B1C9F362
:109A90000A524946C2F16B03002B50DC6A2304933F
:109AA0000022002340464946FEF7EEFF00287FF4DF
:109AB00022AF069B5046059A00932B460A9918F050
:109AC00003FC109000283FF43AAF0F9BABEB060B62
:109AD000002BB4BF5B46002311930F9B23EAE37373
:109AE0001493002307930593109B5046596818F070
:109AF00041FB069000283FF448AF109B0C301A69D8
:109B000003F10C010232920021F048F91AAB4246EF
:109B10005046019319AB00934B46CDE90A8918F0E2
:109B2000A3FE189000283FF430AF0121504618F0F2
:109B300015FC03460590D0B90023059325E71F2B9C
:109B40000EDD342B4FF00008DBBF4FF0FF33C2F1C6
:109B50004B024FF05C799340D8BF03EA01099DE7BF
:109B60004FF0FF3202FA03F303EA080896E7199C64
:109B70001A9A002CA9BF119B149BE718149EB8BF1A
:109B80001E1B049BB8BF119FE41A634B1444C2F11F
:109B90003602013C9C4280F2B0801B1B01251F2B2A
:109BA000A2EB0302CDBFC4F17F449D40002404F525
:109BB0007F04C2BF04F57B44E23405FA04F407EBEA
:109BC000020B049B16445F451E443B46A8BF5B4600
:109BD000B342A8BF3346002BC2BFABEB030BF61A50
:109BE000FF1A119B002B16DD1A460599504618F0F6
:109BF00075FC059000289FD00146189A504618F031
:109C0000C3FB0D9000283FF4C0AE1899504618F0E1
:109C1000F1FA0D9B1893BBF1000F71DC0F9B002B29
:109C200008DD149A5046069918F058FC0690002852
:109C30003FF4A9AE002E08DD32460699504618F0D2
:109C4000A7FC069000283FF49EAE002F08DD3A46A0
:109C50000599504618F09CFC059000283FF495AEFD
:109C6000069A5046189918F0FFFC079000283FF418
:109C70008CAEC36805990D930023C36021F036FEB6
:109C800000284BDA0D9B53EA080340F0BC80C9F36F
:109C90001303002B40F0B78029F000431B0D1B0578
:109CA000B3F1D66F40F2AF80079B5B6923B9079B86
:109CB0001B69012B40F3A78001220799504618F039
:109CC00067FC0599079021F011FE002840F39B8066
:109CD00029F00043049A1B0D1B05002A79D0B3F12B
:109CE000D66F6DD8B3F15C7F46D84FF000084FF0C7
:109CF00000092223CAF800304EE6002401255EE761
:109D00005A461899504618F043FC1890002885D1FF
:109D10003BE600BF88C6030002FCFFFFCB4640F0D5
:109D2000A3800D9AC9F31303002A40D0964A9342A8
:109D300058D1049B42467BB9B8F1FF3F40F089807F
:109D4000924B99453FF421AE914BDDF8108009EA22
:109D5000030303F580191FE68D4B09EA0303B3F1F2
:109D6000D46F16D918F101011BD1884A91453FF4EF
:109D70000CAE03F580198046864B404649460022CA
:109D8000FEF71AFC0B468046894603437FF404AE77
:109D9000AFE71E0D4FF0FF31C6F16B06B1408845AD
:109DA000E7D0002C5ED014EA0B0FE5D01EE0002BAC
:109DB0004AD1B8F1000F8BD064B314EA0B0F2BE03B
:109DC000A3F580134FF0FF386FEA13596FEA095972
:109DD000D2E7A3F580134FF0FF386FEA13596FEA0B
:109DE0000959D9E59CB114EA090F0CD0049A4046F0
:109DF000494621F01DFA02460B46DDE90A01FEF74D
:109E000025FA80468946049B002BB5D1C4E515EAA6
:109E1000080FEAE718EA050FF5D0049A40464946CC
:109E200021F006FA02460B46DDE90A01FEF70CFABC
:109E30000022002304460D46FEF726FE00287FF48C
:109E400054AFA046A946DEE7002CB6D115EA080FAC
:109E5000E2E724B114EA090F3FF49EADC6E718EA21
:109E6000050FF9E72A42A0E70599079821F059FD67
:109E700000224FF0804304460D46FEF719FE0028ED
:109E80006DD00D9B002B78D1B8F1000F56D1C9F3DE
:109E90001303002B59D100223F4B20462946FEF7E1
:109EA000FDFD002858D12046294600223B4BFEF7F5
:109EB00083FB04460D4605F1004308940993344B97
:109EC000334A0BEA03030BEA02021593344B9A421E
:109ED000DDE9086740F09E80ABF154794046494681
:109EE00018F058FCDDE90823FEF766FB42464B46B6
:109EF000FEF7ACF90B46264980462A4A19409142A2
:109F000054D90B9A214B9A4203D10A9B01333FF457
:109F10003CADDFF878904FF0FF381899504618F0B4
:109F200069F90699504618F065F90599504618F0F8
:109F300061F90799504618F05DF9D5E5B8F1010FC0
:109F400003D1B9F1000F3FF4D0AE174C0023124DEE
:109F5000CDE908340024B2E70024104DABE70F4BE5
:109F6000204629460022FEF727FB0D9B04460D469E
:109F7000002BA0D0CDE90845A1E7074C00232546DA
:109F8000CDE908341C469AE7FFFF0F00FFFFEF7F83
:109F90000000F07F000050390000F03F0000E03F7B
:109FA0000000E07FFFFF9F7C0000F0BF03F15479C9
:109FB000049B4E46002BB0D129F00043159A1B0D8F
:109FC0001B059A42A9D120462946FEF787FEC9F310
:109FD0001306FEF7C3FA0B4602462946204646EA18
:109FE0000806FEF731F90D9B04460D461E434AD084
:109FF0002DA3D3E90023FEF751FD00287FF4CCAC5C
:10A00000204629462AA3D3E90023FEF765FD002850
:10A0100083D0C1E4049B13B3159BB3F1D46F1ED856
:10A020002046294624A3D3E90023FEF741FD90B141
:10A0300029462046FEF798FD012838BF0120FEF78B
:10A0400041FA0D9B04460D46D3B901F1004312902D
:10A050001393DDE9126707F1D663159A9F1ADDE9BC
:10A060000A0118F097FB02460B4630463946FEF7C8
:10A07000A3FADDE90A23FEF7E9F88046894697E767
:10A08000CDE91245E5E70EA3D3E90023FEF706FD6F
:10A09000BDE7652A3FF448AB452A3FF445AB0123B1
:10A0A000FFF77EBBAFF300809535A094FFFFDF3F45
:10A0B00035E5AF350000E03F0000C0FFFFFFDF41A6
:10A0C0009535A094FFFFCF3F2DE9F04F144697B090
:10A0D0001D46476A8346239ECDE904457FB910207B
:10A0E00016F06EFB0246CBF8240020B9A24BEA2101
:10A0F000A24816F06BFAC0E901770760C760DBF889
:10A100002430196859B15A680123584693404A606F
:10A110008B6018F06FF8DBF8243000221A602B1ED9
:10A12000B7BF23F00043002301220593A8BF33608B
:10A13000059F934BB8BF3260BB4319D142F20F73F6
:10A14000229A1360C7F31303234300F0E085249B96
:10A1500053B98C4B21E08C4B08930833249A13603D
:10A16000089817B0BDE8F08F864B08930333F5E7E6
:10A17000DDE90423CDE90C23DDE90C0100220023F5
:10A18000FEF782FC804650B10123229A1360249B83
:10A1900013B17E4B249A13607D4B0893E0E714AB18
:10A1A000C7F30A565846019315AB0093DDE90C231B
:10A1B00018F05AFB0390002E78D00D9BA6F2FF36C4
:10A1C000CDF84C80C3F3130343F07F53DDE90C015A
:10A1D00043F44013194600226E4BFEF735F860A396
:10A1E000D3E90023FEF7E8F95FA3D3E90023FEF7E4
:10A1F0002DF804460D463046FEF774F95CA3D3E90A
:10A200000023FEF7D9F902460B4620462946FEF701
:10A210001DF804460D46FEF77FFC0022074600238A
:10A2200020462946FEF73AFC40B13846FEF75AF977
:10A2300022462B46FEF728FC00B9013F162F54D8C2
:10A24000554B03EBC703DDE90C01D3E90023FEF70F
:10A2500025FC00284BD0013F00231293149B9B1B2D
:10A260005A1E4CBFC3F1010300230A9245BF069357
:10A27000002306930A93002F3BDB0A9B0F973B4476
:10A280000A9300230B93209B092B00F28980052B56
:10A29000C5BF043B002401242093209B023B032BD9
:10A2A00000F28980DFE803F02D3A3859DDE91463C4
:10A2B0001E4406F23243202BC9BFC3F14003C3F151
:10A2C00020039F4006F21243D8BF04FA03F006F1C0
:10A2D000FF36C4BF24FA03F347EA0300FEF7F2F89F
:10A2E0000122A1F1F873139274E70123B5E71290EC
:10A2F000B4E7069BDB1B06937B420B9300230F9373
:10A30000C1E700230E93219B002B57DC01239946C4
:10A310001A46099321920CE00123F3E700230E93E0
:10A32000219BFB1803F1010909934B46012BB8BF90
:10A330000123DBF824000021042202F114059D42D0
:10A3400040D94160584617F015FF089000283CD1CD
:10A35000124B02464FF4D571CAE60123DFE700BF76
:10A3600061436F63A787D23FB3C8608B288AC63F1B
:10A37000FB799F501344D33FDC2C0400B32D040021
:10A380000000F07FAF2D0400A62D04009012040001
:10A390008F1204000000F83FD8C60300272E0400E7
:10A3A000012400230E9420934FF0FF33002299469E
:10A3B00009931223AEE701230E93F5E7219B9946FB
:10A3C0000993B6E701315200B7E7DBF82430B9F161
:10A3D0000E0F089A1A606FD8002C6DD0002F36DD52
:10A3E00007F00F02A04BF80503EBC203D3E90034DA
:10A3F000CDE910344FEA271417D59C4B04F00F0415
:10A400004FF00308D3E90823DDE90C01FEF7FEF95C
:10A41000CDE90401954D5CB9DDE91023DDE90401C6
:10A42000FEF7F4F9CDE904012BE04FF00208F1E763
:10A43000E10709D508F10108DDE91001D5E900239C
:10A44000FEF7BAF8CDE9100164100835E3E700F033
:10A4500007817C42844B854D4FF0020804F00F02C7
:10A46000241103EBC203DDE90C01D3E90023FEF75D
:10A47000A3F80023CDE90401002C40F0E580002B77
:10A48000D0D1129BDDE90445002B00F04C81002265
:10A49000774B20462946FEF701FB002800F0438158
:10A4A000B9F1000F00F03F81099B002B00F3E4801D
:10A4B000DDE90C34CDE90434159B002B02DB0E2FB3
:10A4C00040F342820E9A002A40F067820B9C0025DE
:10A4D000DDF81880B8F1000F0DD00A9B002B0ADDC3
:10A4E0004345069AA8BF4346D21AA8EB0308069232
:10A4F0000A9AD31A0A930B9B0BB30E9B002B00F006
:10A50000A682002C00F0A18229462246584617F068
:10A51000E5FF039A01460546584617F035FF0399B3
:10A520000646584617F066FE0B9B1B1B0B9300F06C
:10A5300091820B9A3146584617F0D0FF03900121C3
:10A54000584617F00BFF0F9B0446002B00F0848247
:10A550001A460146584617F0C1FF209B0446012BBE
:10A5600003DC049B002B00F07C820026236904EBB3
:10A570008303186921F06BF9C0F120000F960A9B44
:10A58000184410F01F0000F09182C0F12003042B4A
:10A5900040F38182C0F11C00069B03448044069373
:10A5A0000A9B03440A93069B002B05DD1A46039978
:10A5B000584617F0EDFF03900A9B002B05DD21465E
:10A5C0001A46584617F0E4FF0446129B002B00F091
:10A5D00076822146039821F089F9002880F26F8263
:10A5E00000230A220399584617F026FE0E9B7E1E72
:10A5F0000390002B00F05C82002329460A22584673
:10A6000017F01AFE099B0546002B03DC209B022B4A
:10A6100000F35E82B8F1000F05DD29464246584638
:10A6200017F0B6FF05460F9B002B00F0D08269683B
:10A63000584617F09FFD0746002840F07F820D4BDB
:10A64000024640F2EA2153E5E20706D508F1010887
:10A65000D5E90023FDF7B0FF0123641008350BE7AF
:10A660004FF002080DE700BFD8C60300B0C60300D4
:10A670000000F03F272E040020460022AC4B294664
:10A68000FDF79AFF7E1E08F10108099CCDE904013F
:10A690004046FDF727FFDDE90423FDF78DFFA54BBD
:10A6A0000022FDF7D3FDA1F15073CDE91001119304
:10A6B000002C3BD10022A04BDDE90401FDF7C4FDD5
:10A6C00002460B46CDE90423DDE91023FEF704FA28
:10A6D000002840F05781DDE9102101F10043DDE958
:10A6E0000401FEF7DBF900283FF4E2AE0024254622
:10A6F000219BDDF820A0DE434FF00008214658469C
:10A7000017F078FD002D00F0A980B8F1000F05D0FA
:10A71000A84503D04146584617F06CFD29465846D7
:10A7200017F068FD9AE03E464C46B1E7834B03EBD9
:10A73000C40353E90201089B1C440E9B002B4AD022
:10A7400002460B4600207E49FEF760F8DDE9102343
:10A75000FDF77AFDDDF820A0CDE91001DDE9040167
:10A76000FEF7DAF90546FDF7BDFE024630350B4629
:10A77000DDE90401FDF768FD0AF8015B02460B46BE
:10A78000CDE90401DDE91001FEF7A6F9002865D145
:10A7900000206C49DDE90423FDF756FD02460B4617
:10A7A000DDE91001FEF798F9002840F00D81A2457F
:10A7B00000F0EA8000225E4BDDE91001FDF7FCFEAF
:10A7C00000225B4BCDE91001DDE90401FDF7F4FE49
:10A7D000CDE90401C2E7DDE91023FDF7EDFEA04657
:10A7E000DDF820A0CDE91001DDE90401FEF794F9C0
:10A7F0000546FDF777FE024630350B46DDE90401DC
:10A80000FDF722FD0AF8015B02460B46A245CDE9A1
:10A8100004234FF0000223D1494BDDE91001FDF77D
:10A8200015FD02460B46DDE90401FEF755F9002847
:10A8300040F0CA8000204249DDE91023FDF704FD05
:10A8400002460B46DDE90401FEF728F970B1C24665
:10A8500008F1FF381AF8013C302BF8D0374655E0A4
:10A86000334BFDF7A9FECDE90401BDE7DDE90C346A
:10A87000CDE90434159B002BFFF628AE0E2F3FF7D1
:10A8800025AE2E4B03EBC703D3E90034CDE90634E4
:10A89000219B002B02DAB9F1000F64D0DDF820A073
:10A8A000DDE90445DDE9062320462946FDF7AEFF34
:10A8B000FEF732F90646FDF715FEDDE90623FDF742
:10A8C0007BFE0246204606F130040B462946FDF782
:10A8D000BBFC0AF8014B089C02460B46AAEB040499
:10A8E000A14540F08280FDF7B1FC04460D46DDE94C
:10A8F0000623FEF7F1F8002865D120462946DDE958
:10A900000623FEF7C1F808B1F3075CD40399584653
:10A9100017F070FC002301378AF80030229B1F607B
:10A92000249B002B3FF41CACC3F800A018E400BF2C
:10A930000000244000001C4000001440D8C6030062
:10A940000000E03F0000F03FA24B03EBC703D3E958
:10A950000034CDE90634219B002B9FDAB9F1000FBA
:10A960009CDC7FF4C3AE00229B4BDDE90601FDF7C2
:10A9700023FEDDE90423FEF7A5F8044600287FF452
:10A98000B5AE3E462546B4E0DDE90C34CDE90434ED
:10A99000159B002B01DB0E2FD6DD209A012A36DC19
:10A9A000139A82B303F233430B9CDDF81880069AA6
:10A9B000012158461A4406920A9A1A440A9217F03C
:10A9C000CDFC054686E53E4653469A4613F8012DD2
:10A9D000392A06D1089A9A42F7D1302208990136CD
:10A9E0000A701A7801321A7038E700227B4BFDF7A3
:10A9F000E3FD0022002304460D46FEF745F800283B
:10AA00003FF450AF82E7149BC3F13603CCE709F162
:10AA1000FF340B9BA34208DBB9F1000FA3EB040446
:10AA20000EDBDDF818804B46C1E70B9B0F9AE31A4B
:10AA30000B94DDF8188000241A444B460F92B6E7B9
:10AA4000069BA3EB09080023B1E7039E71E50B9A6F
:10AA5000039970E5039672E5209B012B17DC049B9C
:10AA6000ABB9059BC3F313039BB9059B23F00046C9
:10AA7000360D360536B1069B0126013306930A9B37
:10AA800001330A930F9B002B7FF470AD0F960120CA
:10AA900075E50026F6E73FF486AD1C33069A1A44A6
:10AAA000984406920A9A1A440A927CE50346F4E70F
:10AAB000099B002B2BDC209B022B09DC27E0B9F142
:10AAC000000F1DDC209B022B1ADD3E46CDF82490A2
:10AAD000099B002B7FF40CAE21460522584617F047
:10AAE000ABFB01460446039820F000FF00287FF7E7
:10AAF000FFADDDF820A0312301360AF8013BFBE56C
:10AB00000E9B3E46CDF82490002B7FF483AD089F2A
:10AB10002146039820F0DCFB089B00F13009099ADC
:10AB200007F8019BFB1A9A4240F3CB8000230A22CC
:10AB30000399584617F080FB0390E9E72A6905F16D
:10AB40000C010C300232920020F028F90122394623
:10AB5000584617F01DFD089BA846054603F1010A5B
:10AB6000DDE9082313440A93049B03F001030B93CC
:10AB70000AF1FF3321460398069320F0A9FB4146D2
:10AB8000099000F13009039820F0B0FE2A462146D2
:10AB90000746584617F068FDC268014602B358469A
:10ABA00017F028FB002F3ADA01220399584617F0D4
:10ABB000EFFC2146039020F099FE002803DC29D108
:10ABC00019F0010F26D0B9F1390F1DD132E0284616
:10ABD000C1E700BFD8C603000000144000002440B5
:10ABE0000E90039820F082FE0E990C90584617F0B4
:10ABF00001FB0C9A5ABB209B53B90B9B43B9B9F18B
:10AC0000390F17D0002F05DD099B03F1310901E051
:10AC1000002F2ADADDF818A00AF8019B6EE5209BC8
:10AC20003B4304D1049B03F00103002BBCD0B9F1DA
:10AC3000390F36D1069F392307F8013BBA46013F49
:10AC40001AF8013C392B5AD001333B7056E5002FDE
:10AC500006DB209B3B4306D1049B03F0010313B9A1
:10AC6000002AA1DCD6E7002AE1DC0A9B57460AF855
:10AC7000019C53452ED000230A220399584617F011
:10AC8000DBFAA84503904FF000034FF00A0241465B
:10AC900058460BD117F0D0FA804605460AF1010A52
:10ACA00066E7DDF818A009F10109B5E717F0C4FA65
:10ACB0002946804600230A22584617F0BDFA054669
:10ACC000ECE7099B4FF00008002BCCBF1F46012783
:10ACD000089B1F4401220399584617F059FC21464E
:10ACE000039020F003FE0028A8DC02D119F0010F28
:10ACF000A4D1BA4617F8013D302BFAD0FEE4089BE8
:10AD0000BB429BD13123089A01361370F6E4249B91
:10AD1000002B7FF420AA014BFFF73FBAA62D0400B9
:10AD20000548036803F00703022B03D90321034AF4
:10AD300019F057BC704700BFB8CD0020A6D403005F
:10AD400008B50748036803F00703022B03D9032162
:10AD5000044A19F046FCBDE80840034814F050B915
:10AD6000B8CD0020B5D40300B4CF0020014814F0C2
:10AD700047B900BF54CF00202DE9F0438DB0844D7A
:10AD800002AF2B6803F00703022B22D96C468CB06C
:10AD90008CB002AA7F4B80485361804B9361804BFB
:10ADA000D361804B13627C4B3B6003F102337B60C9
:10ADB0007D4B7968536202F1280383E803007B4BE3
:10ADC00042F8103F002344F2C001284603F03AFD48
:10ADD000A546774B1B78774C20461FF0D3FA70B905
:10ADE0002B68590704D00121734A694819F0F9FB0F
:10ADF0006FF0120420462C37BD46BDE8F083D4F82E
:10AE00001080A668D8F800304FF4803223F0080391
:10AE1000C8F800300321204633689847D6F81890C8
:10AE2000B9F1000F0DD0D8F800304FF0A07213F038
:10AE3000080F14BF4FF000734FF0806303212046CA
:10AE4000C8475E495E4B4B6008238B60F36913B1C2
:10AE500001225848984701F0FFF8821C044606D1A9
:10AE60004FF0FF314FF0FF301FF030FDF8E70028C2
:10AE700009DA2B685B07BDD00346524A01214448DA
:10AE800019F0B8FBB6E70AF0EFFC041E05DA2B68F0
:10AE90005E07AFD04C4A2346F0E74C4800F028FF4D
:10AEA000041E2B6804DA5D07A4D0494A2346E5E76F
:10AEB00003F00703022B04D90321464A344819F052
:10AEC00090FB1DF0A5FB041E05DA2B68580791D0F6
:10AED000414A2346D2E700F0ABFF00F0D1FD4FF42A
:10AEE000F01200233D48CDE9002315F03BFA3C4C1D
:10AEF0003C4E204614F084F82422002138461FF0EE
:10AF000074FF02233C61384C7B7387F821307C62EC
:10AF10004FF0FF324FF0FF330221384615F08CFA24
:10AF200000220023204614F0A5F8A8B92B6803F0EE
:10AF30000703022B04D903212C4A154819F051FBB1
:10AF400000F032FE031E07DA2A68510704D00121FF
:10AF500032460F4819F04EFB00220023204814F01F
:10AF600089F860B9224800F095FD031E07DA2A68C7
:10AF7000520704D001211F4A054819F03BFBFB682A
:10AF80006FF39433FB603B6A6FF394333B62BFE72C
:10AF9000B8CD0020C6D4030000020103F9D4030099
:10AFA00015D503001BD5030027D5030006000004B8
:10AFB00047CC002024BE030030D50300F8EB00206E
:10AFC0006DAD010046D5030074D5030021AD01002D
:10AFD00098D50300B8D50300DAD5030018CE0020B9
:10AFE000B4CF002004D6030054CF0020F5D50300D1
:10AFF00046CC002026D6030010B502780346062A68
:10B000002BD8DFE802F004112A2A2A1E2B00184848
:10B01000026802F00702022A1FD9BDE8104003218E
:10B020005B68144A18F081B81148036803F00703FD
:10B03000022B03D90321104A18F075F8012002F001
:10B040006BFB0B480268520704D001211B790B4AA5
:10B0500018F06BF800220A4B1A7010BD0448036800
:10B0600013F0060FF6D00221064A18F05CF8F1E75B
:10B070005CCD002046D6030059D603008DD60300D0
:10B080009CFD0020ABD6030000212DE9F041E6B085
:10B09000604E02AF0446FC2207F19400C7F89010FE
:10B0A0001FF0A3FE336803F00703022B04D903212A
:10B0B0003046594A18F037F8214658481DF0C3FD6C
:10B0C000054680B156491DF0C5FD80461DF0F0FDD6
:10B0D00030B1FF22D8F8101007F1900020F040F8AE
:10B0E00028460FF049FF356897F8908005F007056E
:10B0F000B8F1000F1AD1FF2C28BFFF244749224680
:10B1000007F190001FF04AFE07F1900303F8048056
:10B1100097F8903053B925B1424A01213D4818F0C3
:10B1200002F807F5C877BD46BDE8F081022D13D9B6
:10B130006C4688B002AA3C4B4FF4E651536107F1CC
:10B14000900393614FF400739383384B314842F876
:10B15000103F17F0ECFFA5460822354907F1900093
:10B160001FF0ECFFC0B10722324907F190001FF039
:10B17000E5FFA0B107F190042F2120461FF0C9FF81
:10B18000054678B93F222146381D1FF0E9FF87F8B0
:10B190004350294D01351BE007F19804ECE707F116
:10B1A0009704E9E7A0EB0408B8F13F0F04D933682E
:10B1B0005907B6D0214AB0E73B1D42461846214602
:10B1C0001FF0ECFD00222B7800F808202F2BE1D097
:10B1D00049211B4A3B1D07F1440018F05EFA4FF06D
:10B1E00001080023174C2A2284F800802946009386
:10B1F00007F144001DF0CFFB0346002891D03268D0
:10B20000520704D04146104A024817F08EFF00232F
:10B21000237086E75CCD0020C2D603001FFE00200D
:10B220005B1C0400DCD60300F8D603000300000119
:10B2300004D703000DD7030013D7030015D703006D
:10B240002DD703009CFD002038D70300014813F0E0
:10B2500055BE00BF18CF00202DE9F04F93B00B78FA
:10B2600082460D4600AF072B4AD8DFE813F00800EE
:10B27000BE00D8004900490049004900CD00974D63
:10B28000CB692A6802F00702002B40F0A680022A50
:10B2900004D903212846924A17F045FF0122914B19
:10B2A0001A70914BBB600323BB81904B198801B985
:10B2B0001A801A88511C19802B68FA8103F0070341
:10B2C000022B04D903218A4A844817F02CFF07F186
:10B2D000080188481BF02CFD0FF0F6FE044698B9D3
:10B2E0002B68580704D0844A01217C4817F01BFFC3
:10B2F000824B1A7822B100221A70814813F080FE26
:10B300004C37BD46BDE8F08F00F0DCFF7D490246BA
:10B3100020461DF0B8FC7C4A7C4920461DF0B3FC59
:10B320007B4A7C4920461DF0AEFC00F0CBFF7A49F9
:10B33000024620461DF0A7FC00224FF081437749CA
:10B3400020461DF08AFC20461DF081FC0646204662
:10B350000FF012FE26B92B685907C9D0704AC3E70F
:10B3600008234FF000086F4CFB603046BC6087F844
:10B3700010807E61FDF7AAFCBB7FB86123F0030358
:10B38000BB772B68A7F81C8003F00703022B11D9A9
:10B39000E84688B06A46644B4FF4E651C2E905348A
:10B3A0004FF400739383614B4C4842F8103F17F001
:10B3B000BEFEC5464F4807F108011BF020FC0346BE
:10B3C00038B12A68520704D00121594A434817F07E
:10B3D000ACFE30460FF084FE8AE7002A90D00121AF
:10B3E0002846544A17F0A1FE8AE73C48036803F058
:10B3F0000703022B04D9CB694F4A032117F095FEAE
:10B400000022384B1A707BE73448036803F00703C7
:10B41000022B7FF675AF8B88484A0321E2E740F2A2
:10B42000FF12D1E901964B69DFF814B19A4228BFA7
:10B430001A4659461BF014FD041EDFF8A08009DAF5
:10B44000D8F800305B073FF45BAF2346012140464C
:10B450003C4AC7E700230BF80430D8F8003003F06B
:10B460000703022B15D9C7F804D08AB06A46364BB9
:10B47000C2F81C90C2E9053640F201331384334B05
:10B480004FF41351404642F8103F17F050FED7F8E2
:10B4900004D0112E40F0AA80324648462C491FF0B5
:10B4A0004DFE002840F09880D8F80060621E3E2AC9
:10B4B00006F0070650D92EB123460121254A074838
:10B4C00017F033FE2B7B012B7FF41AAF2B8B5046EA
:10B4D0003B8107F108011BF0D8FB11E75CCD002090
:10B4E00059D703009DFD0020A0C7030044CC0020D5
:10B4F0007DD7030024EC0020A2D70300B7CC0020A6
:10B500006CCF0020C4D7030015D503000416040037
:10B51000C9D70300DED7030020200400E4D70300CE
:10B52000EBD7030060DC03000BD80300030000012D
:10B530001AD8030039D8030050D803006ED803008E
:10B540001FFE002082D80300A2D8030004000001DF
:10B55000B9D80300CBD8030022463D49786007F1F3
:10B5600008001FF01BFC04F1400307F108029C18BF
:10B570007B681046374904F8403C1FF043FE40B357
:10B58000C41C3A2120461FF0C4FD08B100230370FB
:10B59000314B3F22214618461FF0E2FD0022022EC9
:10B5A00080F83F2011D96C4688B06A464FF400738A
:10B5B0002A4993832A4BC2E905104FF4E6512948E2
:10B5C00042F8103F17F0B3FDA5460122264B1A7032
:10B5D00078E707F10804D4E73246484623491FF0CC
:10B5E000ADFD30B92046FFF74FFD6BE70C2E7FF61F
:10B5F00069AF0C2248461E491FF0A0FD00287FF4C9
:10B6000061AFD8F8003003F00703022B14D9E846E5
:10B610008CB06A46174BC2E90794C2E90536164B4F
:10B62000C2F824B09362154B4FF463510D4842F8B1
:10B63000103F17F07CFDC546114B1B68002B3FF4F3
:10B6400041AF012207F108003A7298473AE700BF7C
:10B650001FFE002011D703009FFD0020EED803003D
:10B66000030000015CCD00209EFD00200FD90300E7
:10B6700021D903002ED903000103030506000002AF
:10B6800020EC00202DE9F04F012599B0B64C02AF17
:10B69000DFF8D88298F80060002E40F09A81DFF839
:10B6A000D0A29AF800304BB1B24B3F221846B249B3
:10B6B0001FF056FD8AF8006080F83F60AF4E7DB9FC
:10B6C000336803F00703022B05D90A230321AC4A90
:10B6D000AA4817F02AFD4FF4A02000211FF0F6F829
:10B6E0004FF0FF334FF0FF32A64813F08FFB442298
:10B6F000002107F114001FF078FB0123C7E907338D
:10B7000000233B60336803F00703022B12D96D4618
:10B7100088B002AA9C4B4FF4E6515361954B974871
:10B7200093614FF400739383984B42F8103F17F0E6
:10B73000FEFCAD463B4600218E4807F114021AF08C
:10B74000BAFA054608B93B6813BB33685B0709D0F2
:10B750001AF080F90368012100938D4A2B4687482F
:10B7600018F052FFFFF772FD98F80050002D40F0DE
:10B770002F819AF80030002BA2D07E4B3F22184632
:10B780007D491FF0EDFC8AF8005080F83F5097E7A4
:10B79000DB69DFF800925B6801204946C9F8043094
:10B7A0004BF2223321F8040BA9F8023007F1040B05
:10B7B00010235A4607F08EFC336803F00703022B70
:10B7C00015D96D468AB002AB42F2B322DA614FF46A
:10B7D00000721A841A4670496848C3E9051B6F4B0A
:10B7E0004FF4135142F8103F17F0A1FCAD463868F2
:10B7F0001AF05FFA00F062FD0546DFF8A4B15A487E
:10B800001BF0A4F92846CBF80050FDF75FFA654A13
:10B81000654BCBF80400136006235360634B284646
:10B820001D60FDF753FA614B614A58606148C4F8E6
:10B830005C9020679BE8030082E80300594A4FF4BC
:10B840000071C4E918234FF41673A4F8843094F8F7
:10B850008830022243F0020384F88830564B22637A
:10B860006367564B0022E3674FF48073C4F880305F
:10B870000123C4E90D22524A84F82430C4E90F326E
:10B88000636433683B4803F00703022BA167A0649D
:10B8900012D96D468AB002AA4A4B1184C2E905301A
:10B8A00042F2B323D3613D4B4FF41351334842F876
:10B8B000103F17F03CFCAD4620461BF05EF90346F6
:10B8C00048B1326850073FF44DAF01213E4A2B4842
:10B8D00017F02BFC46E71FF086F84FF47A79A0FBAF
:10B8E000090309FB0131CB0B9B46C50B45EA4145DA
:10B8F00098F80030002B7FF435AF1FF074F84FF448
:10B900007A7342F21172A0FB030309FB0131C30BEE
:10B9100043EA41435B1B4FEAD13161EB0B01934298
:10B9200071F100010CDB3368590704D00121274A6B
:10B93000124817F0F8FB002120461BF0CDF911E763
:10B940000121E36AB9617B614FF4FA7207F11400D7
:10B950001AF0C6F90028CBDD7B8BDA07C8D5204664
:10B960001BF05CFAC4E700BF24EC00209DFD002022
:10B970009EFD0020DFFD00209FFD00205CCD00200B
:10B9800050D9030018CF002067D90300030000013D
:10B9900081D9030090FD0020A5D903000400000117
:10B9A00018EC002010EC0020B6D9030008EC0020B1
:10B9B00078EC002059B201001F0101201F00012076
:10B9C000B0C50020BDD90300E0D90300FAD90300B7
:10B9D00000250126E36ABE617B6141F2883231466F
:10B9E00007F114001AF07CF981464FF0FF324FF056
:10B9F000FF331E4813F00AFAB9F1000F13DADFF82B
:10BA00007090D9F800305B0707D01AF023F8314660
:10BA100003684846174A17F088FB002388F800306F
:10BA2000FFF714FC34E611D07B8BD8070ED52046E7
:10BA30001BF0F4F9034648B110F10B0F06D00C4887
:10BA400002685107E9D00C4A0121E4E720461BF0C7
:10BA5000C0F903460028E3D010F10B0FE0D00448F2
:10BA600002685207D9D0054AEEE700BF18CF002080
:10BA70005CCD00200FDA030027DA03003FDA030071
:10BA80004FF0FF324FF0FF33014813F0F3BA00BF1D
:10BA90006CCF0020F0B58FB0354B364D1E7800AF1F
:10BAA00076B12B6803F00703022B04D90321284643
:10BAB000314A17F038FB002420463C37BD46F0BD24
:10BAC0002E4B1B785BB92B6813F0060F04D00221B4
:10BAD00028462B4A17F027FB6FF07F04ECE7294A32
:10BAE00007F1180413682021013313602046264A09
:10BAF00017F0D3FD05237B60BB7D244923F00303AE
:10BB0000BB752B68C7E9034003F00703022B3960BC
:10BB10003E72BE8211D96E468AB06A461C4BD46111
:10BB2000C2E905311B4B4FF4235113621A4B2846CF
:10BB300042F8103F17F0FBFAB5464FF0FF324FF0D6
:10BB4000FF33164813F062F9394615481BF057F8D1
:10BB50000446FFF77BFB002CADD02B685B07ABD016
:10BB6000234601210F4A034817F0DFFAA4E700BF7C
:10BB70009CFD00205CCD002056DA03009DFD0020D6
:10BB80007BDA030004EC0020351804007DDC0300A0
:10BB9000A4DA0300000201030400000218CF002011
:10BBA00024EC0020B8DA0300F0B597B0444B454DC3
:10BBB0001B7806AF5BB92B6813F0060F04D0022187
:10BBC0002846414A17F0AFFA6FF07F0473E03F4A0E
:10BBD00007F1200310685168182203C3002107F100
:10BBE00028001FF002F938460BF0D2FBF8B9D7E96C
:10BBF00000014FF47A720023FCF7D6FFC7E9020177
:10BC000007F1080014F01AFD20210268436904922C
:10BC1000426803F26C73039282680292C2680192D6
:10BC20000269781801320092294A17F036FD05237F
:10BC30000026284CFB6007F1200318467B61BC609E
:10BC40003E74FDF743F8BB7FB86123F00303BB7775
:10BC50002B68BE8303F00703022B13D96E468AB00C
:10BC600006AA1D4B4FF42351C2E9053407F1200306
:10BC7000D3611A4B13481362194B42F8103F17F067
:10BC800056FAB5464FF0FF324FF0FF33154813F028
:10BC9000BDF8154807F108011AF0B1FF0446FFF797
:10BCA000D5FA44B12B685B0705D0234601210F4A22
:10BCB000044817F03AFA20464437BD46F0BD00BFAD
:10BCC0009DFD00205CCD0020D2DA03000CC60300ED
:10BCD00002DB030077DC030020DB0300000201032A
:10BCE0000400000218CF002024EC0020B8DA030082
:10BCF00037B500287FD0414B414C186000F0DAFA8C
:10BD0000404B01463F2218461FF02AFA00210DF150
:10BD1000070280F83F102A200BF0F0FA054690B198
:10BD200023685B0705D0034601212046364A17F0F9
:10BD3000FCF923685A071CD02B460121334A3048AE
:10BD400017F0F3F915E09DF80730002B37D040F2DB
:10BD5000927301462E4A2A200BF064FA236803F0FE
:10BD60000703B8B9022B04D903212046294A17F04A
:10BD7000DAF929480DF06AFC054640B123685B07F3
:10BD800005D003460121254A1D4817F0CEF9284663
:10BD900003B030BD022B04D903212046204A17F0FE
:10BDA000C2F900212A200BF083FA034638B1226839
:10BDB00050070ED001211B4A114817F0B6F923682D
:10BDC00003F00703022B04D90321174A0C4817F08C
:10BDD000AAF940F2927300212A200D4A0BF0F2F9E1
:10BDE00005460028C5D023685907A2D00346012183
:10BDF0000E4A03489BE76FF01505C8E720EC0020CA
:10BE00005CCD0020DFFD002045DB030012DC0300D9
:10BE100083DC030069DB0300F9AF010036DC0300BB
:10BE20007BDB0300A4DB0300C9DB0300EEDB0300C4
:10BE300010B588B000220023CDE906230023052297
:10BE4000094CCDE90323CDE9013300934FF400629F
:10BE50002046064B064913F0CDFB2046054908B0A5
:10BE6000BDE8104013F012BB78D0002085B6010069
:10BE70000821012056DC0300134610B50A460C4683
:10BE80000146044818F0EBFA0028DCBF00232370B9
:10BE900010BD00BFB4EC002038B504460F4B104D68
:10BEA0001A781049002A0CBF2A461A4618F0E5FEF7
:10BEB0000D4B20461A780D49002A0CBF2A461A4617
:10BEC00018F0DBFE0A4B20461A780A49002A0CBFFC
:10BED0002A461A4618F0D1FE002038BD7F03012003
:10BEE00016E4030020E403001F03012031E40300F3
:10BEF0003F03012042E40300012970B513460646C2
:10BF000005D80F4918F0D5FE6FF0150070BD00245C
:10BF10000C4D59681F2228461FF022F92846EC775D
:10BF2000FCF7D4FE2A46431C0321074801F0C2FF58
:10BF300030462A46054918F0A0FE2046E6E700BF35
:10BF400053E403001F030120B4EC002077E4030056
:10BF5000012970B51346064605D80F4918F0A9FE09
:10BF60006FF0150070BD00240C4D59683F22284623
:10BF70001FF0F6F8284685F83F40FCF7A7FE2A4652
:10BF8000431C0121064801F095FF30462A46054929
:10BF900018F073FE2046E5E78EE403007F030120DE
:10BFA000B4EC0020A9E40300012970B5134606464D
:10BFB00005D80F4918F07DFE6FF0150070BD002404
:10BFC0000C4D59683F2228461FF0CAF8284685F8CC
:10BFD0003F40FCF77BFE2A46431C0221064801F045
:10BFE00069FF3046054918F048FE2046E6E700BFE5
:10BFF000BBE403003F030120B4EC0020DBE40300BA
:10C0000038B5104D04460121284618F024FA0221C3
:10C01000284618F020FA0321284618F01CFA0023BD
:10C02000094A20461370094A09491370094A1370D6
:10C0300018F023FE41F69A1000211EF047FC012063
:10C0400001F06AFBB4EC00201F0301203F03012034
:10C05000EEE403007F0301202DE9F04782B000AF3A
:10C060000D20391D02F0B0FE7D4C054648B1236815
:10C0700059071BD003467B4A0121204618F0BAFA23
:10C0800014E0786818F09CFB774DA8621EF07AF9EE
:10C0900088B923685A0704D001212046734A18F052
:10C0A000A0FA786818F045FB6FF0120528460837AB
:10C0B000BD46BDE8F087786843682B604FF4805335
:10C0C000AB8183681B0BEB8118F033FB284601F032
:10C0D00019FD054628B123685B07E7D0644A03468B
:10C0E000CAE7DFF89081402241460120FFF7C4FEF5
:10C0F000402202206049FFF7BFFE202203205F4953
:10C10000FFF7BAFE98F8003023B93F2240465C4959
:10C110001FF026F8DFF860A123689AF80060002E6F
:10C1200046D113F0060F40D00221564A4C4818F071
:10C1300058FA236813F0060F37D00221524A4848B4
:10C1400018F04FFA236813F0060F2ED06D4688B012
:10C150006A464E4B53614A4B93614FF4007393838D
:10C160004B4B42F8103F4FF4E45133463C4802F049
:10C1700069FB2368AD4613F0060F16D00221454A2D
:10C18000374818F02EFA236813F0060F0DD002215D
:10C19000414A334818F025FA236813F0060F04D0FB
:10C1A00002213E4A2E4818F01CFA6FF001057DE787
:10C1B00003F00703022B7FF679AF0321384A2848A2
:10C1C00018F00FFA236803F00703022B7FF66EAF17
:10C1D0006E4688B06A464FF40079324BA2F81C9044
:10C1E000C2E90538DFF8A88042F8108F00234FF429
:10C1F000E6511B4802F026FB2368B54603F007030F
:10C20000022B7FF653AF1D4A274B117888B00029C7
:10C2100018BF13466A462549A2F81C90C2E90513C7
:10C2200042F8108F00234FF4E6510D4802F00AFB4C
:10C230002368B54603F00703022B7FF637AF88B0BB
:10C240006A461B4BA2F81C90C2E9053A42F8108FCF
:10C2500000234FF4E651024802F0F4FAB54625E710
:10C2600060CD002018E50300B4EC00203DE503009C
:10C2700054E503007F0301203F0301201F03012039
:10C280006BE5030077E50300A5E50300C4E50300C3
:10C2900003000001F6E503001BE603004BE6030084
:10C2A0007DE6030091E6030011E50300A3E6030029
:10C2B000B5E60300004870477F030120004870473F
:10C2C0003F030120004870471F03012010B5094CAF
:10C2D0000A44914200D110BD11F8013B58400309B6
:10C2E000E35C0001C0B243401809205C1B01DBB2D3
:10C2F0005840EEE78BE7030010F00302F0B542D19F
:10C3000021F00304264D274E274F0444A04218D1A4
:10C3100001F00303E018002384423CD120484A4046
:10C320005843204B4FEA70405843204B504080EA1E
:10C33000104058431E4B80EA5030584380EA10406A
:10C34000F0BD50F8043B6B434FEA734373435340D3
:10C350004FEAF34303EB8303DA19D7E71B68043C86
:10C3600073434FEA73437B4353404FEAF34303EB7A
:10C37000830303EB0C02032CA5EB0403EED821F09E
:10C3800003040444C4E70C460022054E054FDFF8C1
:10C3900018C04518EFE714F8015B45EA0323BBE733
:10C3A000512D9ECC9335871B646B54E66BCAEB858D
:10C3B00035AEB2C22DE9F04F91B0009302F0040304
:10C3C0000293C2F3C2030133840705460E46DDF82B
:10C3D00068800392059340F0BB81041D30B10729AA
:10C3E00009D86FF01B0011B0BDE8F08F01F007060F
:10C3F0003444C6F10806009B4FF000094FF0040AD0
:10C40000591E4FF0FF334F460193CB465346CDF8AC
:10C4100010900DB1009A22600598002800F3E88082
:10C420009848009A824203D397488242C0F0E08045
:10C43000039AA4EB050E92074FEA9E0000F10381D8
:10C440000F2F00F2B180002D00F0058107F14002AE
:10C450000DEB020C019A0CF8200C0CF8102C04982F
:10C4600001300490E7E07A285DD84B280ED84728A1
:10C4700059D829282DD8252852D054D820287AD008
:10C480002338D0F1000B4BEB000B74E04C382E2816
:10C4900049D8DFE800F070484848484848484848CC
:10C4A00048484B484848484848484859484B4B59E1
:10C4B0005959704B6D487048184B184848827F4B4B
:10C4C00048484B487F0000204FF0000B4FF0040A13
:10C4D00038E001222A38C0B202FA00F010EA0E0F4A
:10C4E00049D110F0625C2FD110EA020B43D06046B4
:10C4F000013C5444B4FBFAF40AFB04F4002D61D06F
:10C50000A3EB050CA444B4453FF66BAF002868D1FB
:10C51000042B47D158F8043B2360042304342AE059
:10C52000019A013A01924FF0000B24E011F8010C3E
:10C530006C2834D1002011F8023C83466C2BC5D105
:10C540004FF0080A5346D3E708F1070828F0070818
:10C55000073424F00704F8E802AB35B1069820440C
:10C56000B0423FF63EAFC4E900AB4FF0000B0834D9
:10C570004FF0080A534611F8010F002878D0BBF19C
:10C58000000F7FF470AF2528F5D14FF0010B019B10
:10C59000013301934FF0040AECE7584694E700207A
:10C5A0008346A5E7082B02D06FF015001BE708F1C2
:10C5B000070828F00708F8E80223C4E90023082345
:10C5C0000834D8E768B9042B02D108F10408A4E7BD
:10C5D000082BE9D108F1070828F0070808F1080836
:10C5E000EDE7059A013A059258F8042B009210E7FE
:10C5F000039A900720D54FF0010CA4EB050E4FEAEB
:10C600009E00BEF5007FCFD20F2FCDD8F5B107F138
:10C6100040020DEB020E019AC0B20EF8200C0EF88B
:10C62000102CBCF1000F3FF41AAF60F07F000EF841
:10C63000200C09F101090137C5F108024FF6DA7E35
:10C640000434069297E74FF0000CDAE7BCF1000FD4
:10C6500001D00136EFE7029802360028EBD10098AE
:10C66000CDE90631FCF732FBDDE906310644E2E7AD
:10C67000631BB3F5806F97D245B9A6F10804E018A3
:10C68000B1E600BFCCBC0300702F0400029A9B08E7
:10C6900028602B709DF81030C2B1EB7085F80290C5
:10C6A000B9F1000F05D0002208A8C5F1010C97428E
:10C6B0000ED14FF0000AC5F101030DF120080193DE
:10C6C0000DF1300B574512D1601B8CE66B70E5E71E
:10C6D00010F8013B190608D50CEB040EB64503F023
:10C6E0007F033FF67EAE04F8013B0132DFE7B9F18C
:10C6F000000F03D098F90020002A17DB029BD3B16A
:10C700001AF80B2004F8012B0022019B1819104481
:10C71000B0423FF666AE98F80000009904F8010BAD
:10C72000204603921EF03AFB039A14440AF1010AD0
:10C7300008F10108C6E798F8002055F82230009368
:10C74000029B009845F82230FCF7C0FA421CDCE757
:10C750006FF00D0047E600BF2DE9F04F97B000AF36
:10C76000D7F880B03B62CBF3C0030446894690F80B
:10C7700002A0FA62BB6141B9457800780AEB8000FB
:10C7800020444D4517D8A0EB0409E378FB61BAF1CA
:10C79000000F02D01BF0010F16D1FB6953BBFB6ADF
:10C7A0001BB1494620463A6A98474D4628465C37B1
:10C7B000BD46BDE8F08F461C3046FCF787FA0130D5
:10C7C000304409F10109DCE7626823787A62FA6A89
:10C7D0009900796104EB8301002A40F005810E463F
:10C7E0004FF000084D4601EB0A094E4550D101EBD0
:10C7F0000A0610E01BF0020FD1D023789A007A616C
:10C80000626804EB83017A62FA6A002A7BD14D46A2
:10C81000904601EB0A061BF0050F0CBF0223012313
:10C82000FB62FB6906EB430A0BF00203BB62564551
:10C83000BCD016F8021B16F8013C54F823909B4B11
:10C84000994502D39A4B99453AD3BB69002B44D002
:10C85000786A16F0DCFE00283FD09648036813F093
:10C86000060F13D0E9468AB06A46934B53617B6A40
:10C87000C2E906314FF400731384904B42F8103F25
:10C8800000234FF4125101F0DDFFCD46023DCEE70B
:10C8900016F8013BF96254F82300FCF717FAD7F8B1
:10C8A0008430F96A01304BB1D7F8883098453EBFE3
:10C8B000D7F8843023F8180008F10108054494E7FC
:10C8C000BB6923B1786A16F0A2FE0028C5D11BF01F
:10C8D000010F05D1FB6AED1AA9E7BB6A002BA6D0B0
:10C8E0004846FCF7F3F9D7F8843053B1D7F88830CD
:10C8F00098453FBFD7F88420431C22F8183008F130
:10C900000108054493E7BAF1000F73D01BF0040649
:10C9100073D0D046002607F1480052463B61B96209
:10C920001EF03CFAB96A3B6901EB0A02BA62FA6985
:10C93000F9695200FA60BA6A02EB41023A610BF0FF
:10C940000202BA603A69B96A8A4258D162781BF029
:10C95000020F18BF00217A6208BF4FEA5801B218CF
:10C960001BF0010FD2B240F09F801BF0040F14BFE8
:10C9700040460020BB616270A070E17020463A6AB8
:10C980007969FB6A9847051EFFF610AFBB694146FF
:10C9900023707B6A3A6A6370FB6984F802A0E370D3
:10C9A00007F14800FB6A9847B0F10008C0F2BA806E
:10C9B0007B69A9EB0A01C91AFB683A6AC91AD7E967
:10C9C0000A0398470028C0F2AF804FF0000BA8443C
:10C9D00008EB000507F1380AB34571D300213A6A24
:10C9E0000846FB6A9847E1E656464FF0000807F113
:10C9F000380092E75646D04696E7B04694E7BA6AC2
:10CA000012F8021B12F8015CBA6254F82500274A9A
:10CA1000904202D3264A90421ED3BA6932B1786A54
:10CA20007B6016F0F4FD7B6800288BD1BA6802BBEE
:10CA300008F1280207F1300C08F10100944407F1D5
:10CA4000580208F1020852FA80F00CF8101C5FFA44
:10CA500088F800F8105C75E7BA693AB1786A7B60CB
:10CA600016F0D5FD7B6800287FF46CAF1BF0010F3A
:10CA700009D006F1280207F13000711C161806F8DB
:10CA8000205CCEB25EE71BF0040F3FF45BAF08F111
:10CA9000280207F1300008F1010102EB000808F854
:10CAA000105C5FFA81F84DE7002063E7CCBC03001F
:10CAB000702F040054CD00209BE703000400000108
:10CAC0001BF80A3054F8239087F83730D7F88430B1
:10CAD0002BB3D7F888309B4521D2D7F8843033F870
:10CAE0001B8001213A6AFB6A07F13700984700284A
:10CAF0001ADB0544B8F1000F06D14846FCF7E6F80A
:10CB000000F101081FFA88F8414648463A6AFB6A74
:10CB10009847002808DB05440BF1010B5CE74FF058
:10CB20000008DEE7454641E605463FE6014B186052
:10CB3000704700BFB4C5002030B5002587B0CDE9EF
:10CB400003010446009503A90548059500F030FA55
:10CB5000DDE904309842B8BF255407B030BD00BFAE
:10CB60005D3603000F2808B506D918F073FF0923B6
:10CB700003604FF0FF3008BD3022044B02FB00334E
:10CB8000D3E8AF3F002BF0D00020F4E7C0C5002071
:10CB90000EB42DE9F741302545431B4C05F10C0639
:10CBA00026444FF0FF324FF0FF3304EB05080746F1
:10CBB000304616F0BAFDD8F8043060590AAA40F29F
:10CBC0000111DB6801929847051E10DBD8F82C3064
:10CBD00003F47042B2F5E04F05D011D803F450438E
:10CBE000B3F5804F03D1302303FB0744A5623046E1
:10CBF00016F09DFD284603B0BDE8F04103B0704734
:10CC0000B2F5004FEEE700BFB8C500202DE9F74FA1
:10CC10000C9E0546884691460193FFF7A3FF002826
:10CC200055DB302101FB05FB2A4C0BF10C07274497
:10CC30004FF0FF334FF0FF32384616F076FD04EB2D
:10CC40000B03DB6A03F47043B3F5E04F14D11EBB52
:10CC50004FF0010A0BF12801214430206843019A6A
:10CC600023185B68E2B1D3F804B0BBF1000F1AD10E
:10CC700018F0F0FE052303E066B118F0EBFE862302
:10CC80004FF0FF380360384616F051FD404603B0C0
:10CC9000BDE8F08FB246DDE731464FF0010ADCE730
:10CCA000D3F800B0E1E70B684A4641462058D84720
:10CCB00000288046E7DDBAF1000FE4D0002EE2D173
:10CCC000302303FB0544A36A0344A362DBE74FF070
:10CCD000FF38DBE7B8C500203023434330B50D49AA
:10CCE00008330B44D3E8AF2F92B1541ED3E8EF5F63
:10CCF000954204D1C3E8EC4FBCF1000FF6D1F1D15D
:10CD0000012A05D13023584300230A180B505360E1
:10CD100030BD00BFB8C5002070B504460E461546AC
:10CD2000FFF720FF00280DDB30236343064AD118AC
:10CD30004968316015B10C3313442B6030235C43D8
:10CD4000105970BD0020FCE7B8C5002070B5002563
:10CD50004FF0FF334FF0FF32174816F0E6FC174B49
:10CD6000D3E8AF2F7AB10135102D03F13003F7D19D
:10CD700018F070FE17234FF0FF3503600E4816F0D1
:10CD8000D6FC284670BD30246C43D3E8EF0F013049
:10CD9000C3E8E10F0029F8D1094E331932515A6026
:10CDA0009A6204F10C0030441DF0ADFB04F1200048
:10CDB00030441DF0C2FCE1E7C8CE0020C0C5002011
:10CDC000B8C500202DE9F0411546302202FB00F4E1
:10CDD000114F0E463A1939515560D362CDB1EB6807
:10CDE000BBB118F037FE0C34D0F8008040F20512C9
:10CDF000314628463B1916F089FCB8F15F0F08D080
:10CE000018F028FE03685F2B03D118F023FEC0F84A
:10CE10000080BDE8F08100BFB8C50020F8B5054628
:10CE2000FFF7A0FE002824DB30246C43124F04F1EE
:10CE30000C063E444FF0FF324FF0FF33304616F001
:10CE400074FC3A1953689B688BB1D26A385912F452
:10CE5000404F0AD0294698470446304616F067FCF2
:10CE60002846FFF739FF2046F8BD9847F4E71C46EF
:10CE7000F3E74FF0FF34F6E7B8C5002070B504467D
:10CE80000D46FFF76FFE00280DDB302303FB04F097
:10CE900006492B460C184FF4837209586068BDE8A8
:10CEA000704016F033BC4FF0FF3070BDB8C50020A5
:10CEB00073B504460D461646FFF754FE00280EDBF8
:10CEC0003022084B40F2011102FB04339B6A2A46D0
:10CED000009320463346FFF75BFE02B070BD4FF073
:10CEE000FF30FAE7B8C50020F0B5024601680A270E
:10CEF0000020074E0B461C780131355D6D0701D4CB
:10CF00001360F0BD07FB0043A3F13000F2E700BF60
:10CF1000DC2B04002DE9F84F15469A46D378234AB6
:10CF20006F2B12F803B081460F460BF0030B2BD08A
:10CF300026D8582B0CBF10260A26DDF8288032464A
:10CF4000002348463946FBF77FFE092A08F1FF38DF
:10CF5000D4B21ED83034B145E4B277F1000788F876
:10CF6000004001D3D04511D82B789B0605D5082E5B
:10CF700015D1AB7843F00803AB704046BDE8F88F9D
:10CF800003F0F703702BD5E70826D6E781460F4656
:10CF9000D5E7BBF1010F0CBF37345734DBE7102E58
:10CFA000EBD1AB7843F01003E6E700BFDC2B0400C5
:10CFB0002DE9F04F8A4616461C46002597B003908F
:10CFC000307808B9284655E325280AD05146039BF6
:10CFD00098470028C0F24E83731C01350493049EC9
:10CFE000EEE71822002110A81DF0FFFE7378252B14
:10CFF00000F0A380002398469E469C461846711C6C
:10D000000F4611F8012B2B2A00F0C68000F2BD80DC
:10D01000202A00F0C480232A00F0C4802BB19DF8A0
:10D02000483043F040038DF84830B8F1000F05D088
:10D030009DF8483043F020038DF84830BEF1000FD2
:10D0400005D09DF8483043F010038DF84830BCF10E
:10D05000000F05D09DF8483043F008038DF84830A4
:10D0600028B19DF8483043F004038DF848309DF80E
:10D07000483003F04401442903D16FF386138DF83F
:10D0800048309DF848302A2A43F0800309978DF8EC
:10D09000483040F08C809DF8493043F001038DF812
:10D0A00049307B1C1A782E2A0CBF012100219DF8E3
:10D0B000492061F341028DF849200CD15A1C099294
:10D0C0005A782A2A40F083809DF84920023342F0A2
:10D0D00004028DF849201A786C2A00F0A48000F22E
:10D0E0008680682A00F08C806A2A00F0A5804C2A8D
:10D0F00000F0AA801A4612F8013B782B04928DF8B2
:10D100004B309DF8492000F217816D2B00F2A98069
:10D11000692B00F21181572B00F2BE80412B03D006
:10D12000453B022B00F2088104229DF84A3062F34D
:10D1300002038DF84A300123CAE08DF84B30B31C4E
:10D1400004939DF84930D90740F1FD8054F8048BD1
:10D15000B8F1000F07DA9DF84820C8F1000842F046
:10D1600004028DF848205A0740F1F68054F804BBB9
:10D17000BBF1000F80F2F5809DF849306FF3410359
:10D180008DF849304FF0FF3BEBE02D2A0DD0302ACF
:10D190007FF444AF012333E74FF0010C30E74FF049
:10D1A000010E2DE74FF001082AE7012028E709A822
:10D1B000FFF79AFE099BBB423FF474AF9DF84820ED
:10D1C0001390C00F60F341028DF848206AE709A868
:10D1D000FFF78AFE9DF848301490C3F3400242EAFC
:10D1E000D07262F341038DF84830099B73E7742ACB
:10D1F00026D07A2A7FF47EAF06219DF849200CE0E4
:10D200005A78682A9DF8492006D1012161F3C602A7
:10D210008DF8492002336DE7022161F3C6028DF8D3
:10D220004920013366E75A786C2A9DF8492001D1DC
:10D230000421EBE70321F0E705219DF84920ECE705
:10D2400007219DF84920E8E7BDF8482022F4F04284
:10D2500022F0020242F4804242F00202ADF848207D
:10D26000DFE76E3BD9B201238B4040F282410B4293
:10D2700038D113F0240F52D1DF075DD503219DF87B
:10D280004A3061F302038DF84A3002F07803A3F1CB
:10D290004000434243411BE00120A3F15801C9B2C1
:10D2A00000FA01F111F4624F7FF43EAF40F601073E
:10D2B00039421DD111F4043F3ED09DF84A3060F34D
:10D2C000020302F07802402A8DF84A3034D000235D
:10D2D0009DF84820C2F340010B4363F341028DF8EF
:10D2E00048202EE702219DF84A3061F30203E8E767
:10D2F00002209DF84A1002F0780260F30201402AF1
:10D300008DF84A1002BF9DF8481041F001018DF8D8
:10D310004810632BDBD1131E18BF0123D8E703216C
:10D320009DF84A3012F0780F61F302038DF84A300D
:10D3300014BF01230023CBE79DF8483043F00103DD
:10D340008DF84830C3E79DF94820002AACBF4FF064
:10D35000FF38DDF84C8006E79F077FF513AFDDF857
:10D3600050B00023CDE913339DF84A309DF84910A1
:10D3700003F00703012BC1F3C30132D1CB1E042BF1
:10D3800004D8DFE803F02045452020002368012968
:10D390004FEAE372CDE910321BD19DF94030DA1724
:10D3A000CDE9103204349DF8483013F003074FD014
:10D3B00032465146049B039816F0CDF90028C0F27E
:10D3C000598105440BE654F8043BDA17CDE91032D5
:10D3D000E9E70229E6D11AB243F3C033CDE91023BD
:10D3E000E0E7022B24D1CB1E042B04D8DFE803F0A6
:10D3F00018101018180001294FF0000254F8043BCF
:10D4000014D00229CDE91032CDD19BB21093CAE7D6
:10D41000073424F00704F4E80223CDE91023C2E71F
:10D4200054F8043B109300231193BCE7DBB2CDE723
:10D43000042B08D1073424F00704D4E9002308346E
:10D44000CDE91023AFE7032BADD154F8043BDDE762
:10D450009DF84B0078283FF6C2AD62281ED82528DB
:10D4600050D058287FF4BBADDDE910010DF13E032B
:10D47000009312AA0AABFFF74DFDBBF1000F8146E6
:10D4800080F2C180B9F1000F3FF4A9AD0DF13E0665
:10D49000A6EB0903002F7BD0013379E06338152810
:10D4A0003FF69DAD01A252F820F000BF7FD50100EC
:10D4B000DDD50100DFCF0100DFCF0100DFCF0100AC
:10D4C000DFCF0100DDD50100DFCF0100DFCF01009C
:10D4D000DFCF0100DFCF010029D6010001D6010016
:10D4E0003DD50100DFCF0100DFCF010015D50100E0
:10D4F000DFCF010001D60100DFCF0100DFCF010047
:10D5000001D601005146039B98470028C0F2B28023
:10D51000013564E5BBF1000FDDF840900ADB5946A8
:10D5200048461DF030FEB9F1000F3FF458AD09EB4D
:10D53000000620E04846FBF7C9FBF8E710980028F2
:10D5400000F086800DF13E060AAB0021009612AA7B
:10D55000FFF7E0FCBDF84A30BBF1000F03F0EF032A
:10D5600043F4F04343F010038146ADF84A3049DA02
:10D5700000283FF434AD0027A6EB090308E0109B18
:10D5800000278DF8283001230DF129060DF1280917
:10D590009DF84A1011F0100206925FD00233139AE0
:10D5A000134405924A0644BF14995B18B8F1000F62
:10D5B0006DDDA8EB03089DF848305807C3F3800BD6
:10D5C00065D4590659D53FB151463846039B984713
:10D5D00000284FDB5F46013530234FE01E075ABF5E
:10D5E000C3F300135F012B27DDE91023002BBFF6E7
:10D5F0003BAF524263EB43032D27CDE9102333E7C2
:10D60000002731E700279DF848100DF13E03A3EBFA
:10D6100009036FF386119B458DF848107FF632AFF2
:10D62000ABEB030313932DE7109B07293FF6D7AC11
:10D63000DFE801F00C04060C08080C0C1D70CEE4A9
:10D640001D80CCE4EA17C3E90052C8E41D60C6E4BB
:10D65000304E07460523A6F1050999E7080748BF9C
:10D6600001339CE7184607935146039B98470028CF
:10D67000079B04DA17B0BDE8F08F2023C346594654
:10D6800000290BF1FF3BEDDC4544D8466D1A37B15C
:10D6900051463846039B98470028EBDB01359DF83F
:10D6A0004A30DA0601D41B0706D551463020039BC9
:10D6B00098470028DEDB0135069B3BB151469DF8BB
:10D6C0004B00039B98470028D4DB0135059F2F446E
:10D6D00006E051463020039B98470028CADB0135FD
:10D6E0007B1B002BF5DC33464A465146039816F067
:10D6F00032F80028BEDB0544A844A8EB0503002B44
:10D700007FF76DAC51462020039B98470028B1DB82
:10D710000135F2E754E80300044608B5EFF311833E
:10D72000202383F31288BFF36F8F08F073F820462D
:10D7300004F0C4FC024815F0A3FF18F031F9FCE72F
:10D7400055E803002DE9F84340F26C73446905691C
:10D75000E1170135E41841F10001022D8CBF0023CF
:10D760000123E41AC76861F100010029064607F1A8
:10D77000FF374EDA6FF4C7704FF4C87200232018D9
:10D7800061F10001FBF710FA244B4FF03C0E03FB54
:10D790000044D6E900834FEAE37C99466346022DB4
:10D7A00002468CBF6FF002000920B6680544C6FB34
:10D7B0000E93A9FB0EC60EFB036640F26D1E992068
:10D7C000A3080EFB04333B44642745430520B4FB08
:10D7D000F7F40235B5FBF0F51B1B114C1CEB080CE4
:10D7E000A2FB042004FB01012B4446EBE8769818C9
:10D7F0000C4A41F1000380180B4A63F10003A0FBBF
:10D80000020102FB031110EB0C0041EB0601BDE825
:10D81000F8834FF4C87200232046B3E770FEFFFF81
:10D82000B13A02009405F5FF805101002DE9F0475F
:10D83000058B04462807904611D4022905F00705F8
:10D8400040F0CC80204616F065FA78B10138218B83
:10D85000042811D8DFE800F0C2106D859500012979
:10D860000CBF45F0100545F02005258388F311888D
:10D87000BFF36F8FBDE8F08701F0070AAA4500F0FB
:10D88000A5800027B9463E46A368002B00F0BC8067
:10D8900041F00801218388F31188BFF36F8FA168DD
:10D8A000002900F0BA800D68002900F0B6803346E8
:10D8B00052462046D1F80480C047002D76D02B6810
:10D8C00029461D46F0E701F007035A1F012A1BD81D
:10D8D000002221F00701062B276889B2C4E9002243
:10D8E00009D13B4603E0628B013262831B68002B47
:10D8F000F9D141F002012046218316F00BFA0028ED
:10D900007AD041F0200176E0042B0AD121F0070102
:10D9100089B22046218316F0FDF910B141F02001B3
:10D920002183218B01F0070AAA454FD00027B94671
:10D93000AAE7236921F0070141F00601062DD3F87B
:10D94000009021832DD1B9F1000F3FD041F00801A3
:10D95000218388F31188BFF36F8F20463949C84768
:10D9600029E021F00701236941F0040189B2042D67
:10D97000D3F804902183E6D000274FF0040A3E46F6
:10D9800082E721F00701236941F0050189B2052DE5
:10D99000D3F808902183D6D000274FF0050A3E46E1
:10D9A00072E700274FF0060A3E466DE72B4687E7F1
:10D9B000B9F1000FD1D1EFF31188202383F312883E
:10D9C000BFF36F8F238B23F008032383258BEA0695
:10D9D0002ED525F01003238305F007056669218BFA
:10D9E000002EBFF670AF00232768C4E9003321F092
:10D9F000070141F001012183218B4FF0000901F063
:10DA0000070AAA457FF440AF002F9CD041F00801DF
:10DA1000218388F31188BFF36F8F002FC8D03D6832
:10DA2000394633465246204616F0A0F92F46F4E711
:10DA3000AB067FF51BAF25F02003238305F0070518
:10DA400000E700BF993D03002DE9F7430F46064666
:10DA50000821C06A16F040FB80463C68DFF8489019
:10DA6000241A3C6004EA0905AC4203D8002003B044
:10DA7000BDE8F08308236A462146304616F0C2FA14
:10DA80000028F4D16946304616F030FB40B1BDF8AD
:10DA90000230BDF8042005EA090513441D443C602A
:10DAA000A4EB0804E0E700BF0000FFFF73B50446E5
:10DAB0004FF6FF72C06A082116F00EFB002563685E
:10DAC0000F4EADF800208DF80620A28919183340BA
:10DAD0001344181A60606846ADF80210ADF804509F
:10DAE00016F0F1FA6946204616F0C0FB2046211DCB
:10DAF00016F0C1FA284663683340A36002B070BDD7
:10DB00000000FFFF2DE9F04704468AB000F114073A
:10DB100038461CF0F8FCA06A8368DB689847E0622E
:10DB200050B99F4803685D0703D09E4A012116F053
:10DB3000AFFA6FF015054EE0A06A8368DB6898477E
:10DB40000368013B1F2B05D9954803685C07F0D09B
:10DB5000954AEBE7A06A216807AA19F0BCFA28B138
:10DB60008F4803685907E4D0904ADFE7A5892DB1B3
:10DB7000089BB5FBF3F203FB12552DB188480368EF
:10DB80005A07D6D08A4AD1E7E389012B05D88448C1
:10DB900003685B07CDD0874AC8E7E36A029593F82C
:10DBA00005904FF0FF334FF0FF32384611F02EF959
:10DBB0000821E06A16F090FAA8460646E3891FFAA3
:10DBC00085FA53450BD8E389434526D1384611F0F1
:10DBD00095F96FF02C0528460AB0BDE8F087A189B9
:10DBE0002B04891B13FA81F14A460823204602912F
:10DBF00016F016FA78B1204602A916F03CFA08F1A0
:10DC0000010808234A46204602991FFA88F816F0B0
:10DC100007FA0028D7D00135D0E753450BD1029938
:10DC200008234A462046891B16F0FAF918B92046FF
:10DC300002A916F020FA204602A9FFF705FF0546C3
:10DC400018B1384611F05AF9C5E7029B4FEA13485C
:10DC50004FEA08486360C4F80880D4E90113994288
:10DC60000FD30823204603AA16F0CCF90546002856
:10DC7000E7D103AB13F8012B91453FD10135082DB6
:10DC8000F8D1636820461B0C1B0402A9029316F00E
:10DC9000F2F94A462046A389029916F0C1F9051EF9
:10DCA000CFDB636800F09C804FF6FF7903EB06083A
:10DCB000A3891FFA88F29B1B9A42CDF8088039D3BA
:10DCC00000223748036803F00703002A4CD0022BD8
:10DCD00003D90321384A16F0DBF9636820461B0C90
:10DCE0001B0402A9029316F0C6F92046029916F009
:10DCF000D1F90546002D00F09180A2E7204603A946
:10DD000016F0F4F9626810B9921B6260A5E7BDF8DD
:10DD10001050BDF80E10E06AC4F80880294416F0CF
:10DD2000DBF940449042A060EED1002DECD06FF0C2
:10DD30001C05AEE008234146204605AA16F062F90C
:10DD4000054600287FF47DAF204605A916F0CEF9E0
:10DD500030B1BDF814304B4502D1BDF818300BB1CD
:10DD6000B044A5E70122ACE7022B03D90321134AF3
:10DD700016F08EF92046616816F08CF905460028E9
:10DD80007FF45FAF63680E4AA18913400B44A3EB95
:10DD90004603636013402046A36016F08FFAA8E79D
:10DDA0009CCD002092E80300B4E80300D1E8030012
:10DDB000E9E80300FDE8030020E9030035E903007A
:10DDC0000000FFFF4A4620465B1A16F029F9051E9F
:10DDD000FFF637AF08D0E26AA36812681344A36065
:10DDE000D4E901318B42EDD86168A38901EB460289
:10DDF0009A427FF47FAFDFF8A880A26801EA0803A7
:10DE00009A423FF477AF204616F044F905460028C1
:10DE10007FF417AF636803EA0803A360A389A288AD
:10DE2000A3EB46039A4230D0384611F067F801233D
:10DE30001C4D23742B6803F00703022B23D9E389BD
:10DE4000A289032100922846174A16F0DDFB2B68B1
:10DE500003F00703022B16D963689AB200921B0CD9
:10DE600003212846114A16F0CFFB2B6803F0070365
:10DE7000022B08D9A3689AB20092032128460C4AC3
:10DE80001B0C16F0C1FB0025A5E6204616F0FFF995
:10DE90000546384611F032F8002DC8D09BE600BF89
:10DEA0000000FFFF9CCD00205CE9030073E9030044
:10DEB00085E903002DE9F04F1D46037C91B004462F
:10DEC000029100926BB9664803685B0703D0012199
:10DED000644A16F0DDF86FF00C06304611B0BDE86C
:10DEE000F08FC26A0821104616F0F6F82946019014
:10DEF000104616F0F1F8A389019A0746A3EB8203B6
:10DF0000AB42C0F0A9801DB1009B002B00F0A480A3
:10DF100063680593204606AA05A9DDF814A016F04B
:10DF200022F906460028D8D1BDF81830029A93424B
:10DF300006D06268059B9A42ECD1002D36D1CCE721
:10DF4000204606A916F0D2F80028F2D0BDF81A90A3
:10DF5000BDF81C3045B39D4228D14FEA1A4A4FEA1A
:10DF60000A4AD144AA46E36ADDF800B01B685B4266
:10DF700003F020030393DDF80C804946D04528BF09
:10DF8000D0462046434608AA16F03CF800284AD15D
:10DF90004246584608A91CF0F1FE38B9BAEB080A07
:10DFA000C144C344E7D198E7002B96D0002F3DD160
:10DFB000B94604F1140A4FF0FF324FF0FF335046D8
:10DFC00010F024FFE3899E4243D0A168626809EB08
:10DFD00001039A422FD3029B2046ADF82030FF2345
:10DFE000009A8DF826302B46ADF82210ADF824505B
:10DFF00016F003F929460746E06A16F06DF8A368A3
:10E000000344A36057B908A816F05DF8204608A994
:10E0100016F02CF9002814BF07462F46504610F082
:10E020006DFF3E4659E7C1DC064656E7019B1F449B
:10E030001FFA87F9BDE72046FFF738FD074600289D
:10E04000ECD1204616F03AF907460028E6D1013611
:10E05000B8E76FF01B07E1E76FF015063DE700BF7B
:10E060009CCD00207EE803002DE9FF471E46037C7F
:10E0700004460F469046BDF8309063B92E480368B9
:10E080005B0703D001212D4A16F002F86FF00C0057
:10E0900004B0BDE8F0870821C06A16F01DF8A38916
:10E0A000A3EB4003B34243D30025D4F804A0CDF83A
:10E0B00004A04D455146DDF804A009D963685345D5
:10E0C0001ED1BDF80830BB421AD06FF00100DFE767
:10E0D000204602AA01A916F046F80028D8D1BDF8BA
:10E0E0000830BB4206D1204602A915F0FFFF08B157
:10E0F0000135ADB26268019B9A42DAD15146E0E740
:10E10000BDF80C30002BE0D0A945DED8BDF80A00E0
:10E11000090CB3424FEA014128BF3346014442464D
:10E12000204615F06FFF0028B2D1BDF80C00AFE714
:10E130006FF01500ACE700BF9CCD00207EE8030027
:10E140002DE9F047044607464FF00109DFF85080FB
:10E1500014B93846BDE8F08794FAA4F5B5FA85F508
:10E1600009FA05F32E0108EB05156FEA030A24EA04
:10E1700003042B7B002BEBD058F806301B694BB9FE
:10E180004644736804222846196807EA0A0716F00D
:10E19000A5F9DDE7284698470028D9D1F0E700BF68
:10E1A00018C4030030B5002289B00F490F481CF095
:10E1B00061FC002200230024CDE906230E230C4D30
:10E1C000CDE903344FF440722846CDE90144094BB0
:10E1D0000949009411F00EFA0849284611F056F941
:10E1E000204609B030BD00BF01E20100F0D500209B
:10E1F00030D1002045E50100082901209DE90300F8
:10E20000014810F0FDBE00BF9CCF00202DE9F04773
:10E21000804621480F4616F03DF90646002833D0C7
:10E2200000252846BDE8F087237B83B12368DB689F
:10E230000BB120469847636883F8069023681B69F2
:10E24000D3B9636804222046196816F047F90136ED
:10E2500010345445E8D3B8F1000FE2D0002DDFD0E0
:10E260002846FFF76DFF0546002FF7D000214FF439
:10E27000A4701CF02BFBF1E7204698470028E0D063
:10E2800009FA06F31D43E2E705464FF00109034C86
:10E29000DFF80CA0DDE700BFF4EC002018C4030099
:10E2A00028C4030008B5034608462BB1044A13608E
:10E2B00000F06EFD002008BD6FF01500FBE700BF09
:10E2C000B8C8002010B5044C237813B9034810F0E7
:10E2D00097FE0123237010BDBF0301209CCF0020B7
:10E2E00010B50446094816F0D5F83CB1084BD3E800
:10E2F000EF1F0139C3E8E21F002AF8D105481CF0DE
:10E30000C5FBBDE81040044810F07ABEECEC0020DC
:10E31000F0EC0020F0D500209CCF0020002001462A
:10E32000034BD3E8EF0FC3E8E21F002AF9D170478F
:10E33000ECEC002070B5FFF7F1FF0546074C084EE6
:10E34000B44200D370BD63685B792BB123685B680E
:10E3500013B12946204698471034F1E718C403004A
:10E3600028C4030010B5044C0449204615F00FFBE7
:10E37000034B1C6010BD00BF04CD002064C8030027
:10E38000E4EC002000230E4A10B513700D4A4FF440
:10E39000004113600C4A0D481360FFF783FFFFF73D
:10E3A000E1FF00F079F90A4B0A4918468B4200D385
:10E3B00010BD1A1A5C681211013222711033F5E790
:10E3C000C0030120ECEC0020F0EC0020914403009D
:10E3D00018C4030028C4030001460022002301489A
:10E3E00015F0F6BA04CD0020014815F08FBB00BF30
:10E3F00004CD0020024B0146186815F0DBBB00BFBE
:10E40000E4EC0020014815F010BC00BF04CD002052
:10E410002DE9F041344B1878002862D0FFF7E4FF73
:10E420000446002859D1314B314C1B68002B19DDB3
:10E430001CF0D9FA4FF47A72A0FB020302FB0131FF
:10E44000C30B43EA4143D4E900209B1A40F2E9326E
:10E450004FEAD13161EB0001934271F1000101D328
:10E46000FFF768FFD4E9003213F57A7342F1000236
:10E47000C4E90032BDE8F041FFF7C4BF6B685B79C7
:10E480003BB121784B0713D52B68214628461B68E2
:10E49000984710354545F1D32046FFF7ABFF154BA4
:10E4A000D3E8EF1F0139C3E8E21F002ABBD0F7E72A
:10E4B00020462688C1F3C20700F0A4FAC6F38216EC
:10E4C0000246002EE0D00028DEDB01233946284634
:10E4D00000F092F9B042DCD3D6E7074DDFF81C809C
:10E4E000D8E7BDE8F08100BFBF030120ECEC0020BD
:10E4F000E8D50020F0EC002018C4030028C4030075
:10E5000070B50D4D297861B90120FFF77FFE0B4CE6
:10E510000B4EB44206D3FFF77BFF0028FBD101234B
:10E520002B7070BD63685B791BB1236820469B68C4
:10E5300098471034EDE700BFC003012018C4030062
:10E5400028C4030000212DE9F0470846FFF75EFECE
:10E55000044648B340F267684FF0000911F0A6FB8B
:10E560001A4B186030B11A4B1B68092B02DD194891
:10E5700010F046FD0025184FDFF858A044B12046A2
:10E58000FFF7DEFD044618B94FF0FF384FF0FF39B2
:10E59000FFF73EFF064628B9B5B942464B465046FE
:10E5A00010F068FD3546E9E74FF0FF384FF0FF39CE
:10E5B000D4E72B689B691BB1002228461146984777
:10E5C0001035BD42F5D3E8E7044DFAE7E8EC00204A
:10E5D000F0EC00209CCF002028C4030018C40300E6
:10E5E00013B5184815F056FF174B1B7873B1EFF3AE
:10E5F0001184202383F31288BFF36F8FFFF708FF86
:10E6000084F31188BFF36F8F02B010BD0F4B1B68EE
:10E61000002BF9D050B9002200230D48CDE900238A
:10E620004FF40042002311F09DFEEDE70928EBD1E5
:10E6300007481CF02BFA074802B0BDE8104010F064
:10E64000DFBC00BFF0EC0020C0030120E8EC00209C
:10E65000F0D500209CCF002010B5064B04461B6867
:10E6600098472146A060044815F031FABDE81040F3
:10E67000FFF7B6BFB8C8002004CD0020044A054B00
:10E680009B1AB1EBD30F34BF52F831000020704712
:10E6900080C2030018C4030000210B480B4B30B5A7
:10E6A0001B1A0B4CDB080430994200D130BD10F826
:10E6B0003120256802F0070225F007052A4344F8B7
:10E6C000042B0131F0E700BF80C2030018C403002F
:10E6D00048CD0020F8B5064600240A4F0A4DED1B30
:10E6E000ED08AC4203D14FF0FF342046F8BD57F897
:10E6F000340020B13146FAF7DFFA0028F5D00134B2
:10E70000EFE700BF80C2030018C4030000282DE912
:10E71000F047884615461F461DDA4FF0000A54465A
:10E72000DFF89090244EA6EB09063609B24509F1B0
:10E73000100902D12046BDE8F08759F80C0C3B4681
:10E740002A4641460079FFF7E1FF844238BF04467C
:10E750000AF1010AEAE7194B194AD21AB5EBD20FAE
:10E7600026D203EBC5031C79BC4228BF3C460722D6
:10E77000144EC0B200EB400056F82530824023EA28
:10E78000020304F00702824013430021032223FA0C
:10E7900002F000F00700814202F1030238BF014697
:10E7A0001E2AF4D123F007030B4346F82530C1E7B6
:10E7B0000024DCE718C4030028C4030080C203005F
:10E7C00018C4030048CD0020F8B506460F460024C3
:10E7D000074D084BED1AED08AC4200D3F8BD0021FF
:10E7E00022B23B463046013415F070FEA4B2F3E786
:10E7F00018C4030080C2030070B14168097973B185
:10E80000002A17DBCBB20C4903EB430351F822007B
:10E81000D84000F0070070474FF0FF31EFE707499D
:10E820000748401AB2EBD00F3ABF01EBC20108799A
:10E83000184670470420704748CD002080C203006E
:10E8400018C403002DE9F04F8FB0C1F34A2804AF7C
:10E850000D469146B8607B600C0DB8F1000F67D093
:10E8600000264FF0040B4FF00A0A07F11403C7F813
:10E870000C80C7E907667E620193CDF808B0CDF839
:10E8800000A007F11C0332464846F968FDF764FF13
:10E89000B0F5006F034620D32A48036813F0060F33
:10E8A00017D06C468AB0D9F8041004AB264D1A462E
:10E8B000C3E9055140F2FF71D9614FF40071198429
:10E8C000224B42F8103F4FF412513346FFF7BAFF84
:10E8D000A5462C37BD46BDE8F08FC0F30A0804F109
:10E8E0001700184420F0070080083B60FFF774FD14
:10E8F00068F35325044690B13B6800F11001C7E965
:10E90000083607F11403F961CDE900A3CDF808B08A
:10E9100048460F4AF96807F11C03FDF71DFF68F32D
:10E9200053252A4620467B68B96815F00AFED0E7D1
:10E9300004F1170020F007008008FFF74DFD0446A2
:10E94000EDE700BFACCD0020B2E9030004000001F8
:10E95000174503002DE9F04F87B00446DDE9105A52
:10E96000DDE91279934698460391DFB13B46524662
:10E9700010210020CDF80090CDF81490FDF71AFD7D
:10E98000B0F5006F06460ED31C48036813F0060F5F
:10E9900030D040F2FF730221194A07B0BDE8F04FB2
:10E9A00015F028BE3E4605F11700304420F0070060
:10E9B0008008FFF711FD04F007040BF0070BE400DB
:10E9C00044EA8B1444EA462444EA0554054640B11F
:10E9D0003FB13B4652463146CDF800901030FDF72E
:10E9E000E9FC434622462846039907B0BDE8F04FAC
:10E9F00015F0A7BD07B0BDE8F08F00BFACCD00207B
:10EA0000F1E90300406820B1034BC01A40F38F00C6
:10EA100070474FF0FF30704748CD00200EB403B56B
:10EA200003AB53F8042B01460448019315F013FE81
:10EA300002B05DF804EB03B0704700BF6546030009
:10EA4000CA0605D48B064CBF02490349FFF7E6BF4F
:10EA5000704700BF56EF03007D1D04002DE9F04F05
:10EA600089B09A46149B9DF84CB00693159B0446BA
:10EA70000593169B0D469046179E0493BBF1000F1D
:10EA800000F09D8006F48073079315F01DFD06F0DD
:10EA90000209024600283ED020469249FFF7BEFFF9
:10EAA0000746B9F1000F08D016F0440F35D12A46B9
:10EAB00020468D49FFF7B2FF074406F0010353B12A
:10EAC0008A4B204653F82B20894B8A49002A08BFDD
:10EAD0001A46FFF7A3FF06F48073002B49D006F017
:10EAE0000803002B63D1B8F1000F66D042462046E0
:10EAF0008149FFF793FF0546069B3D44002B6DD1EE
:10EB0000049B002B73D1F30700F1E58031462046CA
:10EB1000FFF796FFD9E00746C3E7784B186800284F
:10EB2000CAD0774B4FF47A791B684FF03C0CB5FB99
:10EB3000F3F5B5FBF0F14FF4616300FB115509FBF0
:10EB400005F5B1FBF3F2B5FBF0FE03FB121100FB80
:10EB50001E55B1FBFCF309FB05F5B5FBF0F50CFB0D
:10EB6000131120460091CDE901E56649FFF756FFF4
:10EB7000A2E706F00803EBB1634B204653F82B20C5
:10EB80006249FFF74BFF0546B8F1000F05D042463A
:10EB900020465949FFF742FF0544BAF1000FABD0B8
:10EBA000524620465A49FFF739FF0544A4E74FF083
:10EBB000000AE1E706F00805E6E745469CE7BAF1FA
:10EBC000010F069B06D1002B65D1049B002B7CD046
:10EBD00000250CE0002BF8D04E485DE04E48069B27
:10EBE00022464E4914F0E2FC049B002B69D0DFF86A
:10EBF0003081DFF83091049F3146102F204628BF26
:10EC000010274FF0000AFFF71BFF554546DC059B18
:10EC1000494620461A78FFF701FF4FF0010A1AF023
:10EC2000070F03D141462046FFF7F8FE57453CD970
:10EC3000059B4946204613F80A20FFF7EFFE0AF12C
:10EC4000010ABAF1100FEAD14FF0000A2046364906
:10EC5000FFF7E4FE5246059B20469A5C334B995CD5
:10EC600011F0970F08BF2E223149FFF7D7FE0AF1A6
:10EC7000010ABAF1100F1DD01AF0070F03D1414657
:10EC80002046FFF7CBFE57455246E4D84146204682
:10EC9000FFF7C4FEEBE720485D46A0E7414620466B
:10ECA000FFF7BCFE0AF1010AAFE720462149FFF752
:10ECB000B5FEC4E7059B3B440593049BDB1B049313
:10ECC00099D1BBF1000F7FF41EAF204609B0BDE81B
:10ECD000F04F15F0B3BC2046054A0649FFF79EFEEB
:10ECE00014E700BF2EEA030032EA030078C80300ED
:10ECF00029EA0300A0E6030057EA0300FCEC002029
:10ED0000F8EC00203BEA03008CC803005BEA030038
:10ED100061EA03009346030065460300574603007B
:10ED20006EEA030066EA030070EA0300DC2B0400CD
:10ED30005E1204006CEA030042F20F7373B58B425B
:10ED400028BF0B4605680446052168460D4A14F0A5
:10ED5000A4FC0646636828460B225B680A4915F046
:10ED60005FFC63683246694628465B6815F058FCCC
:10ED700063681B2228465B68044915F051FC02B009
:10ED800070BD00BF351804008EEA030072EA03006C
:10ED900000210123064A904206D8064A01B9012300
:10EDA0001360054B18607047012140085B00F2E7D3
:10EDB00040420F00F8EC0020FCEC0020014B036007
:10EDC00000207047A0C8030070B5104B0D461C68AA
:10EDD000B4B10F4B196800238B4202DB6FF00100C6
:10EDE00070BD224612F8106B864202D014460133E1
:10EDF000F2E7E0681BF0C6FA28B100202C60EFE7CC
:10EE00006FF00C00ECE76FF01200E9E7F0C80020AB
:10EE100040CD0300F0B58368054687B0002B76D05F
:10EE2000D0E90467016A33448B4243D98269934233
:10EE300062D8C06803AA394418F04DF9044658B1A5
:10EE400048480368590704D02346474A012115F072
:10EE5000D1FB002C12DB2DE0E868DDE903128368AA
:10EE60009B68CBB93F4803685A0705D06FF057033A
:10EE700001213E4A15F0BEFB6FF057043948036884
:10EE80005E0706D0AB6800932346394A012115F08E
:10EE9000BBFB204607B0F0BD9847044630B131486F
:10EEA00003685B07D5D0314A2346CFE72B6A049A23
:10EEB00013442B626A6AAB68B3FBF2F402FB1434AE
:10EEC0003CB12868141B224695F8281018441BF002
:10EED0008CFFAB68E8682A683E44234481684C682C
:10EEE0003146A047044650B11E4803685907D0D0A8
:10EEF000204A23460096C9E76FF02104BEE7EB697C
:10EF00005BB92B69AA6813442B610023AB60002412
:10EF1000BFE7135DDB4313550134AB682A689C429D
:10EF2000F7D3E86881680C683146A047044648B1C9
:10EF30000C4803685A07ACD023460F4A012115F04C
:10EF400059FBA6E73246EB69A9682868984704464A
:10EF50000028D6D0034803685B079AD0074A2346A7
:10EF6000ECE700BF48CD0020BAEA0300DBEA03006B
:10EF7000F7EA030023EB030047EB03005DEB03001C
:10EF80002DE9F84F0E46DDE90AB992469846044647
:10EF9000A0B199B192B18B680846DB6898470746E3
:10EFA0000068B8FBF0F300FB13835BB11A480368F9
:10EFB000590703D0194A012115F013FB6FF00D001A
:10EFC000BDE8F88FBBFBF0F300FB13B32BB1124885
:10EFD00003685A07F2D0124AEDE7B9F1000F04D0E6
:10EFE000B9FBF0F500FB159028B10B4803685B07EF
:10EFF000E4D00C4ADFE7C4E900A8C4E905B9E6603B
:10F000002061A0603B6863620C9BC4E907307B7998
:10F0100084F82830D4E700BF48CD002071EB03000E
:10F02000A8EB0300BCEB030070B505468EB00C46A0
:10F0300016460021302202A81BF0D7FEA9682246FE
:10F04000284616F04DFE002805DA16F003FD00688C
:10F0500040420EB070BD42D0E86800243022234602
:10F06000CDE9004402A916F094FF0028EDDB30281A
:10F0700038D1D5E90412089B1BBA944208BF8B42D1
:10F0800033D1099BAA691BBA93422ED19DF808304F
:10F0900003F00703042B02D06FF01500D9E79DF8A9
:10F0A00009302BB30C990D9B09BA1BBA51EA030224
:10F0B000F2D00029B3600DDA0F4B994202D8C6E9AD
:10F0C0000014E9E70D4BC91864EB04040020C6E9FD
:10F0D0000014BEE7094BC91844F10004F6E76FF0CD
:10F0E0007300B6E76FF07900B3E76FF02100B0E787
:10F0F0006FF00F00ADE700BF7F7EAA838081557C53
:10F100002DE9F0410F46164605468EB0002846D040
:10F11000002A44D03022002102A81BF066FE1B23E7
:10F120008DF808301BF05FFC1F4C4FF00008A0FB6F
:10F13000043204FB012113F5804341F10001D80B97
:10F1400040EA41400023184AC90BF9F72DFD41F26E
:10F15000C603040E5A43030244EA012403F47F0366
:10F160002343C5E9040143EA0063000A00F47F4039
:10F170000343AA6112BAE8680C930D923022434609
:10F18000CDE9008802A916F0A5FE002809DB324669
:10F19000394628460EB0BDE8F041FFF745BF6FF095
:10F1A0000D000EB0BDE8F08140420F0010B50446DE
:10F1B00018F005FD03490246204615F05EFD0020CB
:10F1C00010BD00BFFCEB03001346002273B50446DC
:10F1D00001920A21586801AA15F0ABFE019D95B96C
:10F1E00020EAE0744FF40046294640F2E7304FF43D
:10F1F0007A720023C4FB0601F9F726FD1BF066FBBB
:10F20000284602B070BD2A462046024915F051FD3D
:10F21000019DF5E728EC030008B5034A034915F002
:10F220002CFD002008BD00BF18ED03001FED0300FA
:10F23000F7B51746002305460A2101AAB8680193CD
:10F2400015F077FE1749C6B2284615F024FD019C3B
:10F2500044B122462846144915F02BFD019C204656
:10F2600003B0F0BD042E09D9324628460F4915F0E7
:10F2700020FD284615F059FD0124F0E77868FFF7D6
:10F2800029FA021E07DA28467A68094915F011FDA5
:10F290006FF01504E3E733462146204612B215F01D
:10F2A00015F9DCE74AED0300B0ED0300D7ED0300EC
:10F2B000EEED0300002307B50090694604488DF881
:10F2C000043010F04FFE9DF8040003B05DF804FB1D
:10F2D000D748030010B5044606F092FA07490246E3
:10F2E000204615F0CAFC2046054915F0C6FC21460B
:10F2F000044810F051FE002010BD00BF79EE03005D
:10F3000098EE030009F30100F0B58FB004460D46F6
:10F31000D0F8A0701BF01BFA064610F0C7FC204B7B
:10F320002049002E08BF1E461F4A2346844218BFAC
:10F330000A46009628461D4915F09FFCD4E90A2389
:10F34000CDE90023284694F90E30227B184915F0A8
:10F3500094FC06A92022204610F0A8F8636E02460D
:10F360001449284615F089FC204605A91BF0FDF933
:10F37000024628B12846104915F07FFC0FB0F0BDB9
:10F380006422059B2846F91A4A43B2FBF7F2009122
:10F39000CDE9017209493A4615F06FFCEEE700BF6E
:10F3A000A2EE03006EEA030065040400A5EE03006C
:10F3B000B1EE0300DDEE0300F4EE030021EF0300E5
:10F3C000F0B50025044691B0294608AF1C2209A8D3
:10F3D0001BF00BFD134E1A22202138461BF005FDB1
:10F3E0002146114810F0D8FD07AA4FF400613046BD
:10F3F0001BF0AFF96423079A2046C2F500614B4326
:10F40000DB0A05934FF400630097CDE90313CDE9C0
:10F41000013206492B46324615F02FFC284611B022
:10F42000F0BD00BF083E012031F4010072EF03007F
:10F4300070B504460D46D0F8A06088B007A91BF04F
:10F4400094F9024628B128460E4915F016FC08B07A
:10F4500070BD20461BF07BF96422079B0096F11AD1
:10F460004A43B2FBF6F2CDE90131074BCDE9036225
:10F47000002818BF034622462846044915F0FDFB24
:10F48000E5E700BFF4EE0300A2EE0300BBEF0300CC
:10F4900038B51346054610220021586812F010F9BD
:10F4A0000446FFF707FF38B9224628460C4915F0F5
:10F4B00000FC6FF0150038BD10F0F8FB844204D159
:10F4C0002846084915F0F5FBF3E7204610F0AAF9A5
:10F4D00028462246044915F0D0FB0020EBE700BF88
:10F4E0001FF003003AF0030062F0030038B5134642
:10F4F000054610220021586812F0E2F80446FFF792
:10F50000D9FE38B9224628460C4915F0D2FB6FF0D7
:10F51000150038BD10F0CAFB844204D128460849C2
:10F5200015F0C7FBF3E7204610F09AFA284622466A
:10F53000044915F0A2FB0020EBE700BF1FF0030019
:10F54000A1F00300C7F0030038B5134605461022AA
:10F550000021586812F0B4F80446FFF7ABFE38B942
:10F56000224628460C4915F0A4FB6FF0150038BD63
:10F5700010F09CFB844204D12846084915F099FB01
:10F58000F3E7204602F0E4FD28462246044915F040
:10F5900074FB0020EBE700BF1FF0030002F1030043
:10F5A00027F103002DE9F04F87B0044668460FF0BD
:10F5B00027FA2423009F082103FB0077264A2046D0
:10F5C00015F04EFBDFF894A0009DDFF894B0BD422B
:10F5D00003D3002007B0BDE8F08F2B680BB11A7879
:10F5E00032B92B4614211F4A01A811F045FE01AB88
:10F5F00052460821204615F033FB28461AF0C2FE79
:10F60000194B0821002808BF5B46184A204615F010
:10F6100027FB2B6AA3B11E6896B1336883B108211A
:10F620002046134A15F01CFBB1464FF00008336822
:10F63000104A434506D8082120460F4A15F010FB12
:10F640002435C4E70821204659F8043F15F008FB8B
:10F6500008F10108EBE700BF6EF103007DF1030044
:10F6600065F1030078F103005FF10300C0F80300C7
:10F6700082F103009FE6030056EF03001FB50C68FC
:10F68000D1E9043203944C68013302948C6802F28D
:10F690006C720194C9680091024915F0EEFA04B049
:10F6A00010BD00BFBCF10300F7B5137806463A2B36
:10F6B0000F46154614D1541C23783A2B28D1013417
:10F6C0000A22204601A911F0E1FE019A0346A24256
:10F6D000386017D01078A8B93C2B15D915490EE021
:10F6E0000A22284601A911F0D1FE019CB860AC4263
:10F6F00008D023783A2B05D1172807D90E49304670
:10F7000015F0D7FA6FF0150003B0F0BD0134D3E760
:10F710000A22204601A911F0B9FE019B7860A3429C
:10F72000F0D01A783A2AEDD13B2801D90349E6E70F
:10F730005C1CC5E7FBF10300DDF10300EBF1030006
:10F740002DE9F0410D4690B002A90446012017466C
:10F7500016F0B3FA07A902A810F08EFF032D55D1B9
:10F760007D680A22284601A911F090FE019E80467C
:10F77000B54215D032782D2A12D101360A223046F0
:10F7800001A911F083FE019B9E4209D01A782D2A0F
:10F7900006D1451E0B2D0CD92849204615F089FAB3
:10F7A000204615F0C2FA6FF01505284610B0BDE8E6
:10F7B000F0815E1C0A22304601A911F067FE019B10
:10F7C0009E42EDD01B78002BEAD1431E1E2B01D99F
:10F7D0001B49E2E7A8F26C73CDE90B53BA680A90B3
:10F7E000204607A9FFF760FF0028D9D107A814F029
:10F7F00085FAB1F1FF3F08BFB0F1FF3FCDE902014B
:10F8000008D120460F4915F054FACCE7022DC7D194
:10F810007A68E5E70023012002A9049316F04FFA65
:10F82000054628B102460849204615F042FABAE7D3
:10F83000204607A9FFF722FFB7E700BF0BF203003E
:10F840001AF2030027F2030050F203002DE9F04101
:10F8500014468846074610220021606811F030FFE8
:10F86000B8F1020F064607D8202308213846244A5B
:10F8700015F0F6F9336816E00A220021A06811F0AD
:10F880001FFFC5B22B46082138461D4A15F0E8F97E
:10F89000B8F1030F1AD1102D0CD0202DEAD0082D6D
:10F8A0000BD13378DBB208213846164A15F0D8F967
:10F8B000002009E033889BB2F5E738460821124A58
:10F8C00015F0CEF96FF01500BDE8F081102200218F
:10F8D000E06811F0F5FE0821034604460B4A38465D
:10F8E00015F0BEF9102D06D0202D07D0082DE4D13B
:10F8F000E4B23470DCE7A4B23480D9E73460D7E7EF
:10F900008CF20300B7F20300A1F20300C8F2030077
:10F9100000232DE9F04F91464FF0FF35012287B0CB
:10F920000193504B074688461A60202603F084F85E
:10F930002C46DFF834A149465246404603F0A0F871
:10F94000411C06D16A1C41D14849384615F0B1F92D
:10F9500017E073281AD0772828D0612811D1DFF852
:10F9600010B11021DBF8000001AA15F0E2FA019BAA
:10F970000546002BDFD0DBF800203E49384615F065
:10F9800098F96FF0150007B0BDE8F08FDFF8E0B030
:10F990000021DBF8000001AA15F0CBFA019B044618
:10F9A000002BC8D0DBF800203349E7E7DFF8C0B010
:10F9B0000021DBF8000001AA15F0BBFA019B064606
:10F9C000002BB8D0DBF800202C49D7E7631C01D10D
:10F9D0002B49BAE75FFA86F8C6F3C406002C3FD07D
:10F9E00002AB29461A46A6EB050C0CE0B8F1100F45
:10F9F0001DD0B8F1200F20D0B8F1080F2AD1087817
:10FA0000187031443344A64203D80CEB010010288F
:10FA1000ECD9102CA14628BF4FF0100929464B46BF
:10FA2000384601F023F81035A4EB0904D6E708881E
:10FA300080B21870000A5870E3E708684FEA102E89
:10FA4000187083F801E04FEA104E000E83F802E0D0
:10FA5000D870D6E7082138460A4A15F001F990E730
:10FA6000204690E710C9002016F303001DF30300A1
:10FA700064F10020DCF20300EFF2030002F3030064
:10FA80003AF30300A1F2030070B50F4E04460D4691
:10FA9000337871B123B10D49BDE8704015F009B953
:10FAA0000123337020460A4915F0E7F8012333702B
:10FAB00004E083F001033370002BF3D12946204684
:10FAC000BDE8704015F04FB9C103012054F30300A5
:10FAD0008FF3030070B504463B480378182B02D11E
:10FAE0000B78112B31D00B46013A8D18AB4225D142
:10FAF0008B5C0A780370A2F13003092B334C04D9D4
:10FB000022F02003413B052B04D823683049CA5416
:10FB1000013323602368022B33D1102200212C48AB
:10FB200011F0CEFD2B4A136803F8010B13602A4A2B
:10FB30001368013313600023236022E013F8016B84
:10FB4000182ED3D11E78112ED0D1234D20462A68ED
:10FB5000224915F092F820460021FFF795FF204B2F
:10FB6000187870B91F4A2B681168042B0ADC08B199
:10FB700011602B6013F003010BD1126813681BBADC
:10FB8000136070BD0868043B00BA41F8040B012003
:10FB9000EBE75B4203F0030358BF5942022904D14B
:10FBA000126813885BBA9BB2EAE70329E9D11068AF
:10FBB00002681104C2F3074301F47F010B4302F40E
:10FBC0007F4213430360DCE7C203012000ED002005
:10FBD000C40301200CED002004ED0020B9F3030064
:10FBE000C303012008ED00202DE9F84F002306464D
:10FBF00015460C462949DFF8A8800B602949DFF833
:10FC0000A890DFF8A8B088F800300B60012C2F46D0
:10FC100055F804AF1ED90222494650461BF08EFA11
:10FC200080B99AF80220003A18BF01229244504647
:10FC300002221F491BF082FA30B9012388F80030F4
:10FC4000013CE3E70022F1E749465046F9F734F872
:10FC5000A8B9043700227868114611F031FD00225E
:10FC6000144B11461860786811F02AFD124B1349A5
:10FC700018603046FFF708FF0020BDE8F88F9AF8BB
:10FC800000202D2AE6D19AF80120002AE2D052461F
:10FC90005946304614F0F1FFD2E700BF00ED0020D6
:10FCA000C303012004ED0020D3F30300D9F30300C4
:10FCB000D6F303000CED002008ED0020D5FA01007A
:10FCC00007B50A481AF05EFB60B10423084A0093A6
:10FCD000126801230549074800F030FF002003B0F7
:10FCE0005DF804FB6FF01200F9E700BF6CBE030083
:10FCF000DCC9030028C4030010B54468C4E900123D
:10FD0000A36042684021134653F8404B516353624D
:10FD1000002302F13801C2E904130821C2E90A33C1
:10FD2000C2E9063313631162C2F8B830A36823B185
:10FD30001B6C13B1204604499847A3681B6A0BB19A
:10FD400020469847002010BD4DFD01002DE9F347E6
:10FD500005460C468368DB6B03B19847AB68DB6AEA
:10FD600073BB4FF0000904F1240704F12808218E29
:10FD7000238D626B5B1A9BB2D31A934228BF134642
:10FD80004146384601AA14F0ABF88246002844D018
:10FD9000AB6801991B69002B33D00246284698476F
:10FDA000064688B332464146384614F0CFF85645E9
:10FDB0004FF00109DBD00020D4E90131984703E07E
:10FDC000284698470028CCD1AB68DB69002B37D197
:10FDD000628BE38A04F110079B1A226A9BB293425A
:10FDE00004F11A0828BF13464146384601AA14F008
:10FDF00077F8064658BB284614F095FDC4F8B8605D
:10FE000031E06FF05706CDE702464146384614F020
:10FE10009DF8B9F1000FD7D0CDE71748036813F06C
:10FE2000060F03D00221154A14F0DBFBAB681B69F7
:10FE3000002BEED0012228460DF103019847E8E798
:10FE4000284698470028C3D102B0BDE8F087AB68C8
:10FE50000199DB6863B1024628469847024641464D
:10FE6000384614F073F8D4E9013101209847EBE7E4
:10FE70006FF05702F3E700BFFCCD00203BF5030015
:10FE800010B504468168183101F072FBA168204664
:10FE9000BDE81040014A183101F0F8BA7DF50300C1
:10FEA000014914F0D2BD00BF56EF0300F7B5044678
:10FEB00080680D46D0F878325A0705D5002114F035
:10FEC00012FEE06815F03AFCE368DB6873B9002DB8
:10FED0003BD0A66806F15607384614F0C3FD00284B
:10FEE00035D0394606F5AB701BF020F9A2682946DB
:10FEF000E0680DF10603563215F023FC58B9A068EE
:10FF000000F5AB7156301BF011F9A068563014F0B3
:10FF1000A9FDADF80600204615F0CAF8A368D3F88D
:10FF200074329B0603D50B49606914F08EFD2046A0
:10FF300001F096F8A268BDF806302046A2F85230CB
:10FF4000A268A2F8503015F056F803B0F0BD86F85C
:10FF50005601CBE72CC603002DE9F04FA7B00446AD
:10FF60005422002111A81AF040FF0023CDE90533E7
:10FF7000A36820465633029315F0A1F8204615F0E9
:10FF800023F810B96069FFF78BFF00264FF0FF37A9
:10FF9000B246B3463546B146A06814220021183057
:10FFA0001AF023FF204600F0A1FFA168E068B1F835
:10FFB0005020563115F0FCFB204615F08BFC0DF15E
:10FFC00044080396DDE90532012A6DD0132B6ED863
:10FFD0005FBBBBF1000F0AD0204615F09CFC142338
:10FFE000A26811A956320DEB030000F033FEB9F1FF
:10FFF000000F0CD099F81130FE2B08D1059B26AAD2
:020000040002F8
:1000000002EB830252F8542C0AB101330593A06825
:10001000059D436A002B40F0B680CEB1C3699E4275
:100020002DD00D9600F1180524E002234146029AD6
:1000300006A800F00FFED8F80420069903460292A5
:1000400031B101290AD148B16D4A204615F0E5F8D1
:100050006FF00705284627B0BDE8F08F059B002B01
:1000600034D0D8F8000001F0A3FA98B166B1A568C1
:100070000D9618350CAE0FCE0FC533682B60204699
:10008000FFF7FEFE0125E5E75E4A0121204615F057
:10009000C4F8DDE7059BCBB129462046D8F80020FF
:1000A00001F028FC022809D1059B132B91D9069B4E
:1000B000022B8ED10121544B544AC6E7032805D0A8
:1000C000059B4FF0010B013305937BE7039B33B98D
:1000D0004846D8F8001007AA14F0D2FE054608F1E9
:1000E0000408013F9DB3EB68BBF1000F08D0F3B1EA
:1000F000204614F0E4FF204614F07DFF444AC4E794
:10010000ABB1AE46A368DDF814A003F1180CBEE84D
:100110000F00ACE80F00DEF80030CCF80030AB6820
:100120002BB96B7CFE2B04BF2F7C07F1FF37D5F872
:1001300004C0BCF1000F08D0AE460CAEBEE80F0004
:100140000FC6DEF8003033606646A94603E0059B23
:1001500053B101230393069B17B9022B7FF432AFEF
:10016000059B013305932DE7A368DB6A13B1DB68B8
:10017000002BEED1274B012100932046119B264AEC
:1001800015F04BF8E5E790F82830A5EB0A05BBB170
:100190004FF6FF7290F82910FF2918BF0A469D42BA
:1001A00002D313449D420BD98369012120461B4A87
:1001B00015F033F82046FFF763FE6FF0150549E7A9
:1001C000012114F085FCA06800F5437014F0A4FC34
:1001D000A36811AA294602EB8A0220465B6A984767
:1001E0000546A0684FF0FF324FF0FF3300F5437033
:1001F00014F013FC0021A06814F06AFC2AE700BF89
:100200008BF503009FF5030000F603002DE40300C7
:10021000BDF50300ECF50300E9F8030024F6030044
:10022000022210B5836804461A7583689B6CBBB9BB
:1002300014F0D2FB8368D3F87832DB040BD50321AA
:10024000084B094A14F0E9FFA0686FF4805100F5EB
:100250001E7014F0D7FB2046BDE8104001F086B8B0
:1002600010BD00BF3FF60300A0E603002DE9F04FEC
:10027000044680680121B1B000F51E7014F0B7FB90
:10028000A3681B7D022B20D100230993A36860681B
:100290009E6C03681D6909AB0EB310221BA9A84709
:1002A000099B93B10121A06814F012FC2046099A21
:1002B0001BA9B0470021A06814F00AFCA3689B6C3E
:1002C000002BE3D12046FFF7ABFF6FF00101A068E0
:1002D00000F51E7031B0BDE8F04F14F093BB012261
:1002E0000DF12301A847099B002BEED09DF92310A7
:1002F0009DF823300029A268C8DB517D032900F254
:100300001283DFE811F004009202AA0210030D2B01
:1003100056D00A2B32D0B2F87812092B6FF3CA01EB
:10032000A2F8781264D013D8002B5DD0082B00F00F
:10033000DD818D495A1CD2B28A5CA06812F0970FF9
:1003400000F0E181012114F0CEFB9DF8231001E1C2
:100350001B2BA06846D07F2BEBD1D0F874329D07C1
:1003600042D5012114F0BFFBA368D3F874321907FA
:1003700000F1C581204614F099FF35E0D2F87812DB
:10038000C1F3C70129B1D2F87812C1F3C7010A2914
:10039000CFD1B2F8781263F3CA01A2F87812A56837
:1003A000B5F85010C1B9284614F09DFBE06815F06F
:1003B000C5F96069FFF774FD2046FFF731FF65E777
:1003C000D2F87812C1F3C7010029E2D0D2F878122E
:1003D000C1F3C7010D29DBE72046FFF7BDFDC5F8D6
:1003E0002403E9E701234375606914F0C2FC4DE77B
:1003F000A068D0F874329A07F6D5012114F073FB87
:10040000A068B0F85030FF2BEED00025B0F8522095
:1004100000F1560100F5AB701AF0C0FCA3681BA9EF
:10042000B3F852200BA8134483F85651A268142342
:1004300002F5AB7200F00EFC0B991429D4D830AB46
:1004400003EB810343F8545CA368B3F85220002AFD
:1004500050D1002957D100250A950A9B30AA02EBFA
:10046000830353F854AC0026504614F0FBFAB3460D
:100470008146B04637463946284616AA00F0C6FCE3
:10048000034600284ED1012E72D10A9B30AA02EBFE
:10049000830353F8540C14F0E5FAA268064641466B
:1004A0002846183200F0B2FC0568284614F0DAFA43
:1004B000864205D0821B92B22046A91914F0F4FEA0
:1004C000A0682A4AB0F85230034493F85630D15C01
:1004D00011F0080142D1D0F87432DF0739D514F099
:1004E0000CFB2021204600F009FF0121A06814F038
:1004F00004FB79E70029AED0134493F855301B4A2A
:10050000D35C1B0702D40129A5D0013900200CAB14
:10051000009301900AAB1BAA14F0DDFC05460028ED
:100520009BD161E71B684A465146184603931AF06F
:1005300005FE60B9039B1846F8F7C8FB584538BF5D
:100540005846002E08BFB8461FFA80FB0136013717
:1005500091E72021204600F0D1FE45E70121204609
:1005600014F07DFD40E700BFDB2B0400DC2B040012
:1005700004907FF639AF0A9A30AB03EB820252F84F
:10058000543CC1461846039314F06CFA049BA268CD
:100590000590A2F840300496A268494628461832D1
:1005A00000F034FC039BD0F800A009F101094BB125
:1005B000BAF1000F06D019465046059A1AF0BEFD52
:1005C0000028E9D1A168BAF1000F4DD1A1F840A0EF
:1005D000049B013B0493DFD16069FFF761FC204677
:1005E00000F0C4FE0A9B30AA02EB830353F8540CBC
:1005F00014F038FA414611AA8146284600F006FC5C
:100600000746A0683968FF2200F5AB701AF0A8FD14
:100610003B684FF6FF7708F1010AB846039351464D
:10062000284616AA0AF1010B00F0F0FB002851D071
:100630000022A168036801F2551111F801EF985CDE
:10064000704503D110B101324245F6D1B9F1000F26
:1006500001D04A4506DBBA42A8BF3A46013E012E08
:1006600097B237D0DA46DAE7B048069114F0FAF9D3
:10067000069900EB0B074A8FBFB2121A92FBF7F2F2
:10068000504692B20791069214F0ECF907993F1A7E
:10069000B1F84000069A00F1010CA1F840C0B0FB8F
:1006A000F2F102FB110080B2BFB260B90621204610
:1006B0009E4B9F4ACDF800A014F0AFFD394620466E
:1006C00000F07AFC84E7534606212046994A14F04C
:1006D000A4FDF3E7002F3FF487AE0399A7EB0902CF
:1006E000204692B2494414F0DFFD7DE6A068D0F8C0
:1006F00074329E077FF578AE012114F0F4F920469C
:1007000014F0F3FD70E6D0F8742292077FF56CAE1A
:10071000013B162B3FF668AE01A252F823F000BF52
:10072000F90802007D070200850702007503020038
:10073000ED080200A9070200E9030200E903020034
:10074000E9030200E9030200B1070200B907020051
:10075000E9030200E3070200E9030200ED070200DB
:10076000E9030200E9030200E9030200E9030200D1
:10077000F1070200E90302001B080200204614F002
:10078000A7FC31E6204614F09AFC204614F01CFC2D
:1007900010B96069FFF784FBA068012114F0A3F988
:1007A0002046FFF73DFD1FE6204614F09AFC1BE6AD
:1007B000204614F0A1FC17E6D0F874329F0603D54A
:1007C0005D49606914F041F9A368D3F874329E065C
:1007D00003D55A49606914F038F9204600F0C6FD87
:1007E00002E600212046FFF761FBFDE50121F9E764
:1007F000204614F05DFC204614F0EEF80121A068BC
:1008000014F071F9A368D3F874329D067FF5ECAD4E
:100810004B49606914F019F9E6E5204600F09AFCAE
:100820000121A06814F05FF9DEE55B2B02D1022301
:100830005375D9E5D2F87422900706D5622B08D1FA
:100840004FF0FF31204600F0CDFB0022A3685A751F
:10085000CAE5662BF9D10121F4E700215175A268A0
:10086000D2F8741289077FF511AD313B1B2B3FF68F
:10087000BBAD01A151F823F0F50802000109020007
:1008800015090200E9080200E9030200E903020079
:10089000E9030200E9030200E9030200E9030200A0
:1008A000E9030200E9030200E9030200E903020090
:1008B000E9030200E9030200ED070200E30702007A
:1008C000A90702007D070200E9030200ED0802000B
:1008D000E9030200F9080200E9030200E90302004B
:1008E000E90302000509020003235375204614F0B2
:1008F000E6FB79E503235375204614F0D9FB73E535
:1009000003235375A068D0F8741201F0010181F03F
:100910000101ECE503235375A368D3F874329B07F8
:100920007FF562AD26E5002382E700BF6DEA030094
:1009300083F60300A0E6030031C6030036C60300B9
:100940002CC603002DE9F04104468068154600F5E9
:100950001E70002937D04FF4804114F048F8A36886
:100960000021DD64606803689B689847002851D1C6
:10097000204614F0F8F800284CD1274E274FDFF816
:10098000A080A06800F52F704FF0FF324FF0FF33CA
:1009900003210FF051FD0546A068CDB140F267621A
:1009A000002300F5437014F038F898BB20462B461E
:1009B00001211C4A14F031FCA068BDE8F04100F5AB
:1009C000437014F0A9B86FF4804114F01BF8C6E727
:1009D0004FF0FF334FF0FF3200F5437014F01DF875
:1009E00032460221204614F01AF83A46294620469B
:1009F00014F015F820464246012114F010F8606802
:100A000003685B6903B19847A06800F5437014F070
:100A100083F8B6E7BDE8F081854A03006D02020065
:100A20001D4B030089F6030010B504460A4914F073
:100A300024F92046094914F020F92046084914F009
:100A40001CF92046074914F018F920460021064AEF
:100A500000F01CFD002010BDA0F60300DEF6030030
:100A60003DF7030091F703002BF80300F8B51E468D
:100A700017460A462949044614F0FFF83EB32046BB
:100A80003A78274914F0F9F801256A0703D120467E
:100A9000244914F0F2F8AE421ED920467A5D20496E
:100AA00014F0EBF80135102DEFD120461E4914F05B
:100AB000E4F8B6B920461B4914F0DFF80125AE4230
:100AC0002B4610D82046174914F0D7F816E02046D8
:100AD000164914F0D2F801252046144914F0CDF837
:100AE000E0E700252B46FA5C114B20469B5C114940
:100AF00013F0970F08BF2E2214F0BFF80135102D08
:100B000006D06B07DBD12046064914F0B6F8D6E7CD
:100B10002046BDE8F840084914F0AFB841F803009A
:100B200066EA03006EEA030070EA03006CEA030061
:100B3000DC2B04005E12040048F803002DE9F043AA
:100B4000044680688846D0F8201315461F4689B0B1
:100B5000002960D14FF44A721AF047F9E06814F0A6
:100B60009FFEA06800F5437019F0CDFC4FF42F797B
:100B70004FF41F76A06830441AF0C2F8A068002233
:100B800083190121484410361AF08CF8B6F52F7FEE
:100B900009F11409EED10026A36902211E60A068A4
:100BA00066F3820500F51E7013F021FF5022A36842
:100BB00020465A871822A3681A87216814F087F8FC
:100BC000A3684146C3F874526068144A03681D68FC
:100BD0002346A8470546D0B90122A3681A75D4E96F
:100BE0000A0100220023CDE906230E230393109B64
:100BF0004FF40062CDE901730495094B00940EF0A7
:100C0000F9FCA368C3F82003616A0EF03FFC284694
:100C100009B0BDE8F0836FF07705F8E7714A03008B
:100C2000450902001346002213B5044600920A4605
:100C300001460748FCF7BCF923691B792BB1204614
:100C400002B0BDE8104014F094B802B010BD00BF6F
:100C50008B4D03002DE9F04F0026074614469946B8
:100C6000B34685B0DFF8A0A1019106602378002B80
:100C700000F0C6801AF8033013F0080304D004F81B
:100C800001BBF3E70026F1E73A68511C396001998E
:100C900041F822403A684A4500F0B2801E46217869
:100CA0000029E3D0A6B90E4623461C46272E04D0C1
:100CB0005C2E20D0222E40F09780204614F083F83E
:100CC000611C024620461AF076F821780029CDD022
:100CD000B142A04604F101041BD1404614F073F860
:100CE0002146024640461AF066F898F800604446ED
:100CF000002ED9D1BAE7204614F065F8651C0246EB
:100D0000294620461AF057F866782C46002ECDD199
:100D1000ACE75C2998F80110D8D1B1428C4608D1D3
:100D2000404614F050F82146024640461AF043F877
:100D3000B5E7302925D10025022218F802C0ACF110
:100D40003000C0B2072819D8ED000132EDB2052AF3
:100D500045EA0005F1D1511E4144404603920291FB
:100D600014F031F8039A0299023A821A40461AF0B6
:100D700022F898F8011088F80050A7E7D2B2022AAA
:100D8000E9D1BCF1780F2AD10025022018F8002003
:100D9000A2F1300C5FFA8CFCBCF1090F09D82D01CF
:100DA000EDB24CEA0505022801D00422D3E7032066
:100DB000ECE7A2F1610CBCF1050F05D82D01EDB2F5
:100DC000573A1543EDB2EEE7A2F1410CBCF1050F25
:100DD00003D82D01EDB2373AF3E7022802D108F12A
:100DE000010473E70322B6E71AF806301B073FF544
:100DF00049AF6678631C002E7FF457AF1C4635E779
:100E0000304605B0BDE8F08FDC2B040038B50B464A
:100E1000154648B91449154A521AB3EB920F05D238
:100E200051F82350284638BD84680CB90025F9E7ED
:100E30000F4A94420AD30F4A944207D218462946D1
:100E4000226890472B68002BECD1EFE70A4A9442C6
:100E500002D30A4A944205D3246814225343E51866
:100E6000E358F0E70133F8E758C403008CC40300EB
:100E7000B8C50300B8C503008CC40300B8C503009F
:100E80002DE9F843074613F09EFF054630BBBDE849
:100E9000F88354B18AB2AA1A01302C1B01323944AA
:100EA0003844A5B219F087FF44466B1E9E42EEDA25
:100EB00030463B5C013619F80330B6B21B07F4D557
:100EC00031468BB29D42F0D97B5C19F8038018F053
:100ED0000808DED001340131A4B2F2E70026DFF8C1
:100EE00008903446E1E700BFDC2B0400F8B58468C5
:100EF000054694F856306BB9AB68B3F85020A3F8A8
:100F00005220F8BD013A92B2A4F850202AB984F8D0
:100F10005620F1E7134E04F15600B4F85020831820
:100F200013F8013CF35C13F00803EBD183549AB23D
:100F300010F802C01F4616F80CC010FA83F11CF01E
:100F4000080F03F10103F2D1BFB2002FD4D0B4F8DF
:100F50005060731C9A1AF61B19F02DFFA4F850600C
:100F6000CAE700BFDC2B04008368D3F874329B0609
:100F700003D50249406914F008B870473CC6030025
:100F8000014914F002B800BF56EF03000A1E0DDC41
:100F90000ED042238168D1F87412890608D5002A40
:100FA00004494069B8BF524213F0EFBF4123F1E753
:100FB000704700BF64F803000A1E0DDC0ED0442306
:100FC0008168D1F87412890608D5002A044940695D
:100FD000B8BF524213F0D9BF4323F1E7704700BFB7
:100FE00064F803002DE9F0410C1E064633DA4FF099
:100FF000FF35644224B2DFF86480A4B2AFB214E0DB
:10100000B3680020B3F8522003F1560C1146B3F830
:10101000503071B9B5F1FF3F00D073B9891A30462D
:1010200009B214F01CF8013CA4B2002CE8D1BDE8D0
:10103000F0818B4201D1012DF0D01CF801E018F8AD
:101040000EE01EF0070F04D10028E7D1394489B221
:10105000DFE70120FAE70125CDE700BFDC2B040024
:101060002DE9F0478568044605F15600F7F72EFE96
:101070000023984695F83C70DFF8549086B2A26839
:10108000558FED1BB54209DB002E1FDD563360691D
:1010900010491A44BDE8F04713F077BF1D442A44B5
:1010A00092F856A082F85680A26856331A444946F0
:1010B000606913F06AFFA3682B4483F856A0A36805
:1010C0005B8FDB1BF61A00272B46D8E7BDE8F087BD
:1010D0002DE40300A0E6030008290A4617D8836818
:1010E00093F83E10914212D083F83E208368082A7C
:1010F000D3F8743205D0990609D50549406913F033
:1011000044BF9B0603D50349406913F03EBF7047B7
:101110006BF8030041C6030038B50D460978044654
:10112000FFF7DAFF6A78072A11D8A36893F83F100F
:1011300091420CD083F83F20A368D3F874329B0609
:1011400005D560690249BDE8384013F01EBF38BDBF
:1011500074F80300F8B583680446B3F85020002AF9
:1011600055D0B3F85210002951D0553103F156052E
:101170000B441846A84206D3014611F80169202EF7
:101180003CD0A8423CD286B29DB2AB1B9BB2591C4C
:10119000471CD21A0144384619F00DFEA268711B93
:1011A000B2F85030204613FA81F3A2F85030A36809
:1011B00009B2B3F850201344002283F8562013F0EC
:1011C0004EFFA368D3F874329A0603D510496069BC
:1011D00013F0DBFE3B46082120460E4A14F01DF8B2
:1011E0002046FFF7C1FEA368D3F874329B060ED5E4
:1011F00060690949BDE8F84013F0C7BE0846B9E781
:10120000014611F80169202EBDD00846B9E7F8BDA6
:1012100046C60300A0E603004AC603002DE9F84FC6
:1012200004460F4690460AB1FFF79EFEA668D6F820
:101230007432B6F852505B0724D505F1560030449D
:10124000F7F744FD05462A4EB5B9A368B3F8502018
:10125000A3F85220A06813F0A5FE30B1B8F1000F3A
:1012600000D017B16069FFF78BFE79422046BDE8D8
:10127000F84F09B213F0F3BE3146606913F085FEF2
:10128000013DE1E73046F7F721FDB6F85090738F46
:1012900019FA80F915FA80F0B0FBF3F2B9FBF3F319
:1012A0009A42AA461BD0134D4845A368CDDA5A8FFF
:1012B000461CB0FBF2F302FB130313B96069FFF79E
:1012C0005FFEA368204653442A46082193F856300F
:1012D0000AF1010B13F0A1FFDA463046E4E7563578
:1012E00008212046044A731913F097FFADE700BFA9
:1012F000650404005E120400A0E6030013B58368D1
:101300008DF80710D3F874220446D00725D5B3F81A
:101310005210B3F850208A421FD0481C9DF8072075
:10132000A3F852000B4483F85620A368D3F8741234
:10133000890710D5D3F87432606913F0040F18BF11
:101340002A22094913F021FE204613F03DFE10B178
:101350006069FFF715FE02B010BD012220460DF1B5
:10136000070113F067FFF6E75E12040010B50446AC
:1013700083680221084A13F050FFA368D3F874323F
:101380009B0707D52046FFF76BFE2046BDE81040BF
:1013900013F040BE10BD00BFA0E60300014914F0E9
:1013A0002DB900BF56EF03002DE9F04705469046E2
:1013B0000E46002965D00024DFF8CC90335D19F883
:1013C00003301A071ED43046F7F780FCAB6880B2B2
:1013D0005A8F001BA2EB0803984206EB040A13D9AC
:1013E0005146002711F8010B19F800C01CF0080F36
:1013F00002D00A282DD03B4608EB0700824227D9AD
:101400000137EFE70134D9E753460027B84214D03B
:1014100013F8012B0A2A19D1686913F0AAFC514666
:101420003A46284613F092FE6869FFF7B7FF013489
:10143000414628463C44FFF7BFFD6869311914F066
:10144000DDF86869BDE8F047FFF7A8BF0137DDE7C1
:101450001F46686913F08DFC3A465146284613F042
:1014600075FE3C44335D19F803301B0707D46869E7
:10147000FFF794FF41462846FFF79EFDA3E701349E
:10148000F0E7BDE8F08700BFDC2B04002DE9F04F4A
:101490000F460021044616460D4689B0384603AA79
:1014A00001F10108FFF7B2FC98B97DB126B13246CF
:1014B0000821204613F0B1FE0021DFF8A88038464D
:1014C00003AA01F1010AFFF7A1FC60B909B0BDE868
:1014D000F08F006810B1F7F7F9FB80B2854238BF92
:1014E00005464146DAE7D0F800B0BBF1000F1AD04C
:1014F0009BF80020BAB1D0F804905846F7F7E6FB05
:1015000020222E1A8DF80B20434608212046164A29
:10151000CDF800B0B6B213F080FEB9F1000F1DD1C6
:101520006069FFF73BFF5146C9E7012220460DF1F4
:101530000B0113F00BFE0BF1010B1FFA8BF296421D
:10154000F3D8204643460821084A13F066FEAA1D38
:101550004946204692B2FFF727FFE4E74FF0000B21
:10156000EBE700BF8BF8030084F6030061EA030099
:10157000F7B50F6805460E46A7B13846F7F7A6FB44
:1015800084B2094B2846009308213B46074A13F0D2
:1015900044FE2846E21C716892B203B0BDE8F040F8
:1015A000FFF702BF3C46ECE787F8030084F6030030
:1015B00010B507490446F7F77FFB38B120460549C7
:1015C000F7F77AFBB0FA80F0400910BD0120FCE784
:1015D0007DF8030080F8030010B583680446D3F853
:1015E00074329B0603D50649406914F01AF850225C
:1015F000A36800205A871822A3681A8710BD00BF6D
:101600004EC6030008B5836902491A6813F035FB1A
:10161000002008BD8EF803002DE9F3410D49054671
:1016200013F02BFB00220C4C0C4EDFF83480B4423C
:1016300002F1010703D3002002B0BDE8F081636A24
:1016400092B20093A3684146284613F016FB30344B
:101650003A46ECE79EF8030028C4030058C4030090
:10166000B6F8030008B5024913F031FB002008BDAD
:1016700057EF030073B5044600250D4EA2680DF127
:1016800006030121E06802F5AB7214F05AF8BDF8C8
:101690000600A36840B12A463146204603F5AB73E5
:1016A00013F0EBFA0135E9E783F8560102B070BD9B
:1016B000C7F8030010B5044613F04DFB034902467A
:1016C000204613F0DAFA002010BD00BFCFF303006C
:1016D000022907B50BD153680C49009312680C4BD3
:1016E00013F0E7FA6FF0150003B05DF804FB8368B0
:1016F000084AD3F87432084913F0020F074B18BF99
:101700001A4613F0BAFA0020EEE700BFE6F803002D
:10171000D1F80300490D0400EFF8030037ED030092
:1017200010B583680446D3F874329A0603D5074986
:10173000406913F076FFA368D3F874329B0603D593
:101740000349606913F06DFF002010BD55C603000A
:101750005AC60300F0B50129044685B00AD0536883
:101760005E49009312685E4B13F0A3FA6FF0150008
:1017700005B0F0BD8368D3F87432990603D5594992
:10178000406913F04EFF00256FF0F9012046FFF786
:10179000FDFBFA212046FFF70FFCA0684FF4807292
:1017A000294600F5AB708DF80B5019F01EFB4E4921
:1017B000606913F036FF606913F0DBFA4FF47A7654
:1017C0006068012203680DF10B011F6903ABB84784
:1017D000039BEBB9013E4FF47A70B6B218F0CDFD21
:1017E000002EEDD1A368D3F874329B0603D53F4990
:1017F000606913F016FF5022A36820465A8718220A
:10180000A3683B491A8713F046FA6FF00700AFE769
:101810009DF80B20A3681B2A53D093F856111B295F
:10182000CED1522A4DD15A19002382F85631A668DA
:1018300096F857215B2A2BD1022506F2571010F893
:10184000011F2A463B2905F10105ADB223D1FF2A2C
:10185000C8D002F5AB7216FA82F1002211F8010F1E
:1018600018BBFA2A28BFFA22FA2B28BFFA2386F8D7
:101870005601A1684A87A2681387A368D3F8743217
:101880009A0603D51949606913F0CBFE00206FE773
:1018900086F85631A6E703EB8303303901EB4301A9
:1018A000B5F5807F8BB2CAD19CE7013502EB82028D
:1018B000ADB2303800EB4200B5F5807F82B2CDD1B9
:1018C00090E72B440135ADB2092D83F856217FF600
:1018D00077AF0022A36883F8562183E7E6F8030078
:1018E000D1F8030060C603003AF9030064C60300A0
:1018F00000F903002DE9F04F07461546894689B0E7
:1019000021B1104613F0D2FF00285BD1032455E02B
:101910005C463CE029460AF5AB7019F073FC0646BC
:10192000002854D0F7F7D2F982B2601C3146013258
:10193000304419F040FA22465946304619F02EFA42
:101940004FF020033355BAF8543008F10108013341
:101950001C44AAF85440002401994B1C484603AA91
:101960000193FFF753FA0646E8B100222846316892
:1019700014F090F90028EFD1D6F800B0D7F808A0FD
:10198000BBF1000FC4D05846F7F7A0F984B2BAF8FB
:1019900054302344FF2BBDDD2B46032138460D4A2E
:1019A00013F03BFC0124B8F1000F07D0B8682A46B9
:1019B00000F1540100F5AB7013F03BFA204609B07A
:1019C000BDE8F08F4FF0000802244146C5E702242D
:1019D000E9E700BFF7FD030008B5054811F050FE28
:1019E000044811F04DFEBDE80840034811F048BE20
:1019F0004FFE030083FE0300B6FE03002DE9F8430B
:101A000005460C4600AF002948D0DFF8B890D9F859
:101A100000305A0742D0D1E900016E468AB06A46CA
:101A2000A3684FF00508DFF8A0C0C2E90713C2E9B8
:101A300005C042F8108F00234FF421514846FCF7AF
:101A400001FFD9F80030B5465B0727D0D4E9030180
:101A50008AB06A466369DFF874C0C2E90713C2E955
:101A600005C042F8108F002348464FF42151FCF77F
:101A7000E9FED9F80030B54658070FD0E3690121D7
:101A80004846134A12F0B6FDD9F80030590705D080
:101A9000A369012148460F4A12F0ACFD012D0AD17D
:101AA000EFF3058307480268520704D00A4A294623
:101AB000103B12F09FFD214628460CF0C7FFBD46A3
:101AC000BDE8F883D8CD0020E4FE030013FF030037
:101AD00042FF030051FF03007FFF030030BFFFF709
:101AE000FDBF00BF054B5A699B689A421FBF044A5D
:101AF000536843F080535360704700BF4CFD002093
:101B000000ED00E0F8B5364C064623680D465B074D
:101B100003D02046334913F02DFF334B9B6ADF0679
:101B20005CD52368580703D030492D4813F022FFB5
:101B300011202D4B9B6A190707D523685A0703D03C
:101B40002B49274813F016FF1220274FBB6A9B072B
:101B500019D52368580703D02649214813F00AFFF6
:101B60007B6BBA6A11060DD52268520704D0012199
:101B7000214A1B4812F03EFD26B11B4A936A23F00E
:101B8000800393621320184B9B6ADB0707D52368F9
:101B90005F0703D01949124813F0ECFE1420124BD2
:101BA0009B6A9E0607D52368580703D014490C4842
:101BB00013F0E0FE15200C4B9A6AD10658BF9A6AC2
:101BC0009A6A920642BF5A6A22F400525A629A6A8C
:101BD00042F0FF029A6200232B70F8BD1020A8E7A4
:101BE000D8CD002092FF030000ED00E0A8FF030025
:101BF000DBFF0300EEFF0300060004001C000400EE
:101C00003B00040010B5334C2368580703D020462E
:101C1000314913F0AFFE314B9B6A990157D52368C8
:101C20005A0703D02E492B4813F0A4FE1E202B4B3D
:101C30009B6ADB0107D52368580703D0294925484B
:101C400013F098FE1F20254B9B6AD90207D5236805
:101C50005A0703D024491F4813F08CFE02201F4B63
:101C60009B6A1B0307D52368580703D01F491948EF
:101C700013F080FE2120194B9B6A590307D5236876
:101C80005A0703D01A49134813F074FE2220134B4D
:101C90009B6A9B0307D52368590703D015490D4854
:101CA00013F068FE23200D4B9B6ADA0307D52368E7
:101CB0005B0703D01049074813F05CFE2420074A55
:101CC000936A6FEA03436FEA1343936210BD1D20CA
:101CD000ADE700BFD8CD00206A00040000ED00E0B1
:101CE0008200040095000400AF000400D900040045
:101CF000F70004001C01040036010400F8B5374C5D
:101D0000064623680D465B0703D02046344913F08E
:101D100031FE344B9B6ADF0451D52368580703D04A
:101D200031492E4813F026FE17202E4B9B6A1905C9
:101D300007D523685A0703D02C49284813F01AFE08
:101D40001820284FBB6A9B0519D52368580703D074
:101D50002749224813F00EFEBB6BBA6A11040DD559
:101D60002268520704D00121224A1C4812F042FC8A
:101D700026B11C4A936A23F4004393621920194B3D
:101D80009B6A5B0507D523685F0703D01A49134890
:101D900013F0F0FD1A20134B9A6AD60511D523686B
:101DA000590703D015490D4813F0E4FD1B200D4AD7
:101DB000936A43F47F43936200232B70F8BD16208F
:101DC000B3E79B6A9A04F2D523685B0703D00C49FA
:101DD000024813F0CFFD1C20E9E700BFD8CD00205A
:101DE0006101040000ED00E077010400DBFF030067
:101DF00088010400A1010400B6010400D10104001F
:101E00003B0004002DE9F0478AB0774B0446D3F835
:101E100004908A461646002500AFC9F3080885F3EA
:101E20001188BFF36F8F02F07F43B3F17F4F21D151
:101E3000D3071FD4500603D411070BD401250BE0A0
:101E40006A4803685A0702D0694913F093FD16F0F7
:101E5000040600D0544600250023FB71A8F10303BB
:101E6000092B00F29B80DFE803F0078D9089999998
:101E7000999999932C46EFE75C4E33685B0703D042
:101E800030465C4913F076FD0023FB71564BDA6A4D
:101E9000900708D53368590703D05749534813F0C2
:101EA00069FD002333E0DA6A002A04DA33685A074E
:101EB000F7D05249F2E7DB6A5B00F2D53368580786
:101EC00003D04F49494813F055FD474BA1695A6962
:101ED00042F480725A61BFF34F8FBFF36F8F5A691C
:101EE00031F8021C22F480725A61BFF34F8FBFF3A6
:101EF0006F8F4DF6027291422BD13368590705D08E
:101F0000236801213F4A394812F074FB2368FA79AB
:101F1000DAB907F1080604F1200C3246206861683E
:101F2000083403C264451646F7D17A6A002D56D0AC
:101F3000C2F3080121B96FEA52226FEA42227A62A3
:101F4000184607F10801FFF759FD2837BD46BDE8DF
:101F5000F0879A6AD2B222B10120F91DFFF7D2FDB3
:101F60000EE09A6A12F47F4F04D00120F91DFFF7AA
:101F7000C5FE05E09B6AB3F5803F92D3FFF742FEB2
:101F80000346C4E70020F91DE8E70020F91DEEE74D
:101F9000164803685A0784D01B4980E71348036832
:101FA0005B073FF47EAF194A6E4619F4F87F8AB09A
:101FB000174B18BF13466A461649C2E90513A8F124
:101FC0001003D3614FF400731384134B42F8103F96
:101FD00000234FF41151FCF735FCB54661E722F4BC
:101FE000FF7222F00102AAE700ED00E0D8CD002048
:101FF000170204003A0204005102040072020400B5
:10200000800204009F020400BB020400FE010400E1
:10201000E9010400DF02040004000001064B5A69D4
:1020200042F010025A615A6942F480625A615A6958
:1020300022F008025A61704700ED00E0EFF30880DB
:10204000EFF3098101B57246FFF7DCFE01BD00BF69
:10205000002080F31488BFF36F8F002080F30A887C
:1020600080F30B88124880F3088816F028FE0020C1
:1020700010490860BFF34F8F00F044F8202080F330
:1020800011880D484FF0AA014FF4006218F0A4F92E
:1020900009484FF40061401880F30988EFF3148079
:1020A0000221084380F31488BFF36F8F00F0FEF81D
:1020B0004857012094ED00E0083E0120BFF34F8F08
:1020C0000549064BCA6802F4E0621343CB60BFF3D4
:1020D0004F8F00BFFDE700BF00ED00E00400FA05F0
:1020E000002318460649D1F89020C2F307229342F4
:1020F00000DB7047C1F89830C1F8A0000133F6E763
:1021000000ED00E010B572B6002484F31388FFF7E9
:10211000E7FF23464FF0FF300C4A03F12001013363
:10212000102B42F82100F8D100234FF0FF30074A6E
:1021300003F160010133102B42F82100F8D162B69F
:10214000BFF34F8FBFF36F8F10BD00BF00E100E002
:10215000084B9B6883420BD1EFF3058343B1064BD9
:102160005A6842F080525A605A6A22F400425A6217
:102170000DF0A2BD4CFD002000ED00E016498A687C
:1021800082F8B5E04FF030001044EFF3098C80E89E
:10219000F01F202080F31288BFF36F8F0F4F4FF096
:1021A00000664A698A603E6092F9B5E0D2F8AC00F8
:1021B0000023C2F8AC3080F3118802F1300090E8BF
:1021C000F01F8CF3098802F1000004B513F0DCFB6A
:1021D000BDE80440704700004CFD002004ED00E025
:1021E0001EF0040F0CBFEFF30880EFF30980816944
:1021F00011F8021C0229FFD001B5724613F0AFFBA3
:1022000001BD00BF40B2002807DB01234109034A9A
:1022100000F01F00834042F82130704700E100E0E9
:1022200040B200280CDB01220649430900F01F00E0
:102230008240203341F82320BFF34F8FBFF36F8FCD
:10224000704700BF00E100E0054B420953F822202F
:10225000012300F01F0003FA00F01040704700BF98
:1022600000E100E040B2002801F10101ACBF00F143
:102270006040064B4FEA4111C9B2ABBF00F5614067
:1022800000F00F0080F800131954704714ED00E0BF
:10229000044B054A23F07F039360BFF34F8FBFF3D6
:1022A0006F8F70470080010000ED00E008B5FFF778
:1022B000EFFF074AD2F8883023F47003C2F8883061
:1022C0000CF0C4FC0DF08CFE00F046F80CF002FDA2
:1022D00000ED00E042F8203C009B0D4942F81C3C18
:1022E000019B21F0010142F8183C029B42F8081CB6
:1022F00042F8143C4FF0807342F8043C0023C0F8CD
:10230000AC304FF43C43203A0265C0F8B43070471B
:10231000DD36030000B50A4B0E4698601546D0F82E
:102320009C3083F30B882C4686F309880020054BEC
:1023300098472046002100220023034C204700BF7D
:102340004CFD002093590300DD3603001022014BA1
:102350001A61704700ED00E0002320210348C218F5
:102360000133412B82F80013F9D1704700E100E0FE
:1023700008B5EFF30583064A103B02EBC30152F8A0
:10238000330049688847BDE80840FFF7ABBB00BF92
:1023900068BF03001FB5094C094A234601210948BB
:1023A00000F01CF900230393074B0121E41A01A854
:1023B0000193029400F01CF904B010BD0000042049
:1023C00080C5002034CE030078D0002010B50C7AF0
:1023D0000B6804F01F0223F01F031A43CB68640943
:1023E00023F01F03054943EA440343F00103C1F806
:1023F0009800C1F89C20C1F8A03010BD00ED00E0AD
:1024000010B50C4B0446D3F89030C3F30723013BBF
:1024100098420BD9084803685B0704D00121234682
:10242000064A12F0E7F86FF0150010BDFFF7CEFF77
:10243000FBE700BF00ED00E0C8CD0020F60204007D
:102440002DE9F04F8946144606464FF00008544DDA
:1024500085B0C8452EDAD6F804A0BAF1000F4BD0EB
:10246000BAF11F0F1BD91AF01F0F18D1D6F800B000
:102470001BF01F0F13D1584613F0AEFA07460AEBB4
:102480000B00013813F0A8FA874217D06FF0150738
:10249000444803685B070BD0434A3B4605E041488C
:1024A00003685A0704D04346404A012112F0A2F8BB
:1024B0006FF01504204605B0BDE8F08F17F1160F38
:1024C000E6D0BC42E4DDC5F89870D5F89C10C5F89C
:1024D0009870D5F8A03021F01F0143F01F0BD6E90A
:1024E00000321A44994202F1FF3A1DD1D34507D177
:1024F0003146F8B213F079FA08F101080C36A8E772
:102500003146C5F89870D5F89C3022F01F0203F0D0
:102510001F031343C5F89C30E0B213F066FA10F1C4
:10252000160FC5D0441CE7E7C5F89870D5F8A02071
:10253000013B23F01F0302F01F021343D345314632
:10254000E0B2C5F8A030E8D013F04FFA10F1160F42
:10255000AED0C5F89870D5F89C209DF808300BF1E6
:10256000FF3B62F304038DF80830D5F8A0309DF8E6
:1025700008205B0863F347128DF80820D6E9003283
:102580001344009323F01F035B44A3EB0A030130C1
:1025900023F01F036946C0B20393FFF731FFBEE784
:1025A00000ED00E0C8CD00203F0304001C03040040
:1025B0000522044BC3F89420BFF34F8FBFF36F8FF6
:1025C000704700BF00ED00E0BFF35F8F0022024BB9
:1025D000C3F89420704700BF00ED00E010B5034C35
:1025E0002278FFF72DFF207010BD00BFE40301200B
:1025F0002DE9F74F294D8A4606464FF00008AB46B5
:10260000274FD0451BDAD6F80490B9F1000F3FD020
:1026100031680846019113F0DFF90199044609EB8E
:102620000100013813F0D8F984424FF014021D4B19
:1026300008D002FB08F36FF015024BF8032003B03B
:10264000BDE8F08F14F1160F2C60F8D01978A14274
:10265000F5DD02FB08B0C7F89840C7F89840D7F8F6
:102660009C4000F10801007B64F304000871D7F876
:10267000A0000C79400860F347140C71D7F89C1047
:1026800021F01F016960D7F8A01021F01F01296116
:1026900008F1010814350C36B3E700BF98F00020AC
:1026A00000ED00E0E4030120F0B54149414CD1F8D0
:1026B00090302568C3F307239D4287B075D800206A
:1026C000FFF782FF3C4BC1F8C030854216D13B4C2E
:1026D00001A82570FCF772FB00250646384FAE4274
:1026E00013D1002023783249D1F89020C2F3072279
:1026F000934254DBFFF75CFF00202FE0616801EBA1
:102700000011FFF763FE0130DFE70199280101EBBB
:102710000513DA683A40B2F5001F21D0B2F5800FF8
:102720002BD0B2F5801F38D15A689B680958013BFD
:1027300022F01F0003440120844623F01F0340EAD7
:102740004C10CDE902218DF8100002A920780593E4
:10275000FFF756FE00281DDA6FF0150007B0F0BD38
:102760005A689B680958013B22F01F0003444FF050
:10277000020C012023F01F03E1E75A689B68095807
:10278000013B22F01F0003444FF0000C022023F015
:102790001F03D4E723780133237001359FE7C1F885
:1027A0009830C1F8A00001339EE74FF0FF30D5E725
:1027B00000ED00E040CE0300AAFF4400E403012046
:1027C0000000F0FF014B1860704700BFF4C8002004
:1027D000F8B50D46094F461EC0F10104A3199D42EC
:1027E00001DC2846F8BD73780A2B02D10D203B6826
:1027F00098473B6816F8010F9847EFE7F4C80020A8
:1028000010B5074C2368C2180648C0F1005101F505
:1028100080218A4236BF22604FF0FF30C01810BDC1
:10282000ACF0002048E9012008B5054810F028FF69
:10283000002383F31188BFF36F8F0423184602DF50
:102840007103040038B50025074C204617F05BFEE5
:1028500004F11400013517F070FF052D04F1240474
:10286000F3D1002038BD00BFB0F0002070B5224B7E
:1028700082689A4215DDD0E90016013392FBF3F32A
:10288000012976F100054FEAE37422DAC91844EB16
:102890000604C0E90014194901FB032383600120E9
:1028A00070BD002AFBDAB2F1004F1EBF14499B1A1B
:1028B000B3FBF1F3D0E9004108BF032300294FEA3D
:1028C000E3760FDA01F100459C42B5410ADA0020B7
:1028D000E6E7CD439D426FF00045A5EB0605A54117
:1028E000D4DAF4E7E41A61EB0601C0E900410449D7
:1028F00001FB03228260D2E7FFC99A3B003665C420
:1029000000CA9A3B012810B50C4609D0042818D1FA
:1029100000230022C1E9002300238B60002010BDAA
:102920004FF0FF324FF0FF33094810F0C8FE002887
:10293000F4D1084B0FCB84E80F00054810F0BAFE25
:10294000ECE713F087F8162303604FF0FF30E6E75B
:10295000CCCF0020A0D90020F0B50022002600270F
:1029600085B001280C46CDE90067029209D0042801
:102970000AD013F06FF8162303604FF0FF3005B054
:10298000F0BD6946FFF7BEFF18F02DF8234AC30BD0
:10299000C0F30E00A0FB0202C00B43EA414340EA31
:1029A0004240C90BA060C4E900312046FFF75EFF3A
:1029B00018B913F04FF88B23DEE7D4E90010002894
:1029C000DDE900321ADA002A08DA4FF000454E42FB
:1029D00065EB0005B34272EB0505EADB5B1842EBE1
:1029E0000002C4E90032A368029A20461344A3609F
:1029F000FFF73CFF0028DCD00020C0E751EA0005CB
:102A0000ECD0012B72F10005E8DBCD439D426FF065
:102A10000045A5EB00059541DFE700BF00CA9A3BE2
:102A20000B0706D5034B1B5C03F00303012B08BF08
:102A300020307047DC2B040008B500F0B7F8012205
:102A400000230949C0E9002241610849C0E9023375
:102A50000A60074903610A60064A1360064A136068
:102A6000064A136008BD00BF57EF030014C90020D9
:102A700010C900206CF1002068F1002064F10020F2
:102A80002DE9F04107460E46154600F08FF8C36861
:102A900004461BB943691A78002A41D10023E36038
:102AA0006368BB4256F8232008DB324B6361204643
:102AB00000F062F84FF0FF30BDE8F081511C616119
:102AC00092F80080B8F12D0FEFD1911C616151781F
:102AD0002D29A16004D192786AB901336360E4E7DB
:102AE00049B9244B41462846636118F012FB00287F
:102AF000DDD0C4F80880D4F808802846414618F094
:102B000008FBB8F13A0F636900D070B91B7813B9AC
:102B1000636801336360204600F02EF83F20CBE766
:102B20005A1C42611B788360E5E742783A2A0BD051
:102B3000002222611B7813B9636801336360204669
:102B400000F01AF8A068B7E718786268094928B950
:102B500001329742626004DD56F82230C4E9043144
:102B6000EAE761612D7820463A2DD5D100F004F8CE
:102B70002846A1E757EF03000268074B1A60426836
:102B8000064B1A608268064B1A60C268054B1A60D1
:102B90000269054B1A60704714C9002010C9002053
:102BA0006CF1002068F1002064F1002000487047BB
:102BB000F8C8002038B50024054D2846013417F028
:102BC000BCFD052C05F10C05F7D1002038BD00BF78
:102BD00070F1002038B50024054D2846013417F067
:102BE00092FC052C05F11405F7D1002038BD00BF7B
:102BF000ACF100200A4B30B51C460025094A191BD0
:102C0000B1F5707F01D9002030BD506803F1C001DB
:102C1000C3E930200160F03303F8085C5160EEE74F
:102C2000B0D9002018C900202DE9F04F0F464FF011
:102C30000008BB4646469DB0069008A814461D46AF
:102C400017F0D3FEDDE90823DDF81890CDE9042361
:102C50000DAB0A93CDF80C80BBF1000F21D1002EF3
:102C60006AD0B5F1FF3F08BFB4F1FF3F17BF4FF483
:102C70007A724FF0FF34A4FB024302FB05331CBF02
:102C8000E40B44EA43444FF482724146CDE90074B8
:102C9000069B039813F015F8064630461DB0BDE8B4
:102CA000F08FD9F80000002841DB0CAA0BA9FAF735
:102CB00033F8079000283AD00C984FF0FF324FF0CD
:102CC000FF330CF0A3F81CAB01930AAB07990093F8
:102CD0004FF481724B460B9812F0F3FF10F1780F0E
:102CE0008246079917D10023002208A817F07DFE1D
:102CF000DDE90834CDE9043400242546A2460C98C9
:102D00000CF0FCF8BAF1000F11DA12F0A3FECAF1D0
:102D10000003036033E010F1120FF0D1039B13B9ED
:102D200088460B9B03934FF0000A0126E7E709F161
:102D300008090BF1FF3B8FE7DDE9042308A817F032
:102D400078FEDDE90845B04622462B46DFF8D090F4
:102D50000A990DAC091B891009FB01F120460DF001
:102D60006BFB00F10B030B2B054604D82D4E1E41C7
:102D700016F0010606D012F06DFE6D4205604FF0B0
:102D8000FF368AE73D46B2460A94069C85B9BAF1F9
:102D9000000F82D0002E80D1DDE9042308A817F0AF
:102DA00048FEDDE908452B4625432246D0D174E78D
:102DB0002068A4F8068000282CDB0CAA0BA9F9F7E0
:102DC000ABFF834618B92023E380013622E00C983C
:102DD0004FF0FF324FF0FF330CF018F80AAB5946B2
:102DE000009340F2031223460B9812F06AFF8346C9
:102DF0000C980CF083F81BF10B0F0ED0BBF1000FF9
:102E000004D012F027FECBF1000382E7B4F90630BC
:102E1000002BDAD10834013DB8E74FF0010AF9E799
:102E2000CDCCCCCC7EF7FFFF0122024B0020C3F8B3
:102E3000402570470090034020B1034B800143F0D0
:102E400001031847704700BF80C6030038B5012250
:102E50000A230221184814F096FC041E174D0ADAC2
:102E60002B685A0705D02346154A0121284611F040
:102E7000C1FB204638BD0123002202210E4814F078
:102E800082FC041E2B6804DA5B07F2D00D4A23464D
:102E9000EBE703F00703022B06D94FF47A73032103
:102EA0002846094A11F0A6FB4FF48030002117F0A4
:102EB0000DFD0024DDE700BF20BF03004CCD002046
:102EC000030404002404040045040400034A044BE2
:102ED0001168928819609A80704700BF82040400CC
:102EE000E50301202DE9F04105460E461746124C38
:102EF000DFF84880444507D312F0ACFD6A23036035
:102F00004FF0FF30BDE8F0812368AB4200D083B9B9
:102F10003A4631462846A368984750B112F09AFDC8
:102F2000002303603A4631462846E368BDE8F04195
:102F300018471034DEE700BF70C2030080C20300F0
:102F40000122024B1860024B1A70704710F20020E9
:102F500025040120034B186808B1034B187800F0D2
:102F60000100704710F200202504012010B4034C2A
:102F700024682468A44610BC604700BF10F20020FB
:102F8000014B1B685B68184710F200202DE9F041E7
:102F90000D460646F8B1F1B10846F5F797FE082848
:102FA0001CD8114FDFF84480441C474508D3224603
:102FB000294606F1080017F0F1FE0020BDE8F08177
:102FC000B74206D02246294607F1080017F0D6FE80
:102FD00038B14037E9E76FF01500EFE76FF05A00BE
:102FE000ECE76FF07700E9E7FCCF00203CD0002051
:102FF0002DE9FF414FF0FF324FF0FF33244813F02B
:1030000087F8244C244E254D254FB44205D3204843
:1030100004B0BDE8F04113F0D2B800222046C4E964
:103020000222227413F03EF8D0F80880B8F1000FA5
:1030300014D0D8F800308BB104F1140017F063FA03
:1030400004F1280017F05FFAD8F8003020469847BE
:1030500094F83C3023F0030384F83C30237A83B99E
:10306000204613F0E0F870B10E4A1368591C116045
:103070000D4A092101A810F010FB204601A9FFF715
:1030800085FF4034C1E72B685A1C2A603A46F0E7B6
:1030900004CF0020FCCF00203CD0002014F2002000
:1030A0009004040018F200208904040038B5074C8D
:1030B000074DAC4200D338BD0321204612F0FFFF7C
:1030C00010B9204613F07DF84034F2E7FCCF002021
:1030D0003CD000202DE9F04F002489B00228824620
:1030E0000D46CDE9064402925BD10B68049143B9C9
:1030F0004A68002A4CD14FF6FF734C89E11A4C42C2
:103100004C4106A80246002305F1100705EB4301D8
:103110000E88002E3ED00133082B02F10102F5D1BA
:103120004FF0FF384FF0010B002710F8013B5B45D3
:1031300088BFB84607F1010788BF9B46082FF4D126
:103140003A220023BBF1010F08BF4FF0FF38CDE951
:103150000023002102980026042F64D1019B9A5D70
:10316000034672BB302203F8022B009A42701846C5
:103170000136B742F0DC029B984214D0BAF1010F3D
:103180004FF0000340F08B8000F8013C02980BE008
:103190001C46B6E7167802310136B9421670B7D12F
:1031A000B9E7012803D0002009B0BDE8F08F2E2335
:1031B00004274FF0FF38834625460191009304947D
:1031C000C7E74FF0000C4FF00909CDF814C0DFF845
:1031D000D4C0B2FBFCFE03920CFB1E22DDF814E00F
:1031E000F14503DBDDF80CE0E64509D3DDF80CE042
:1031F000CDF81490BEFBFCFE0EF1300E03F801EB8F
:103200004FF00A0E09F1FF39B9F1FF3FBCFBFEFC9C
:10321000DFD14FF000021A701B1A50FA83F0009BA6
:1032200000F8013BA4E76CB1052E0BDD05F10C03A2
:1032300001933A2300F8013B2E2304274FF0010AA3
:10324000009388E7B0450ED111B9B8F1000F02D153
:103250003A2300F8013B3A2300F8013B0BF1FF331E
:1032600000211E4484E711B13A2300F8013B049B7E
:1032700033F816305BBA13F47F4FC3F307215FFABC
:1032800083F90AD00023612212F0DDFF01234946B1
:10329000612212F0D8FF01216AE70B46F7E70370BD
:1032A00074E700BF00CA9A3B01282DE9F8430C4699
:1032B000164637D100234C1E136019461A461D4688
:1032C00014F8010F18B12E281BD101339BB201292C
:1032D00009D9092A03D9032907D1632A05D86FF030
:1032E0001500BDE8F8830029F9D0FF2AF7D87255F8
:1032F00022781AB10135EDB2042D10D1032B7BD009
:10330000EDE73038C7B2092FE9D80131C9B2042935
:10331000E5D002EB820200EB420082B2D0E700224D
:103320001146CDE70228DAD12E21204617F0F1FE12
:10333000237800280CBF082706273A2B08BF013442
:103340002046F5F7C3FC00224249824223DB0025D8
:10335000A8462378002BC2D03A2B41D0102200215E
:1033600020460EF093F810228146002120460EF0F0
:103370008DF8C9F3072949EA002926F815903A2162
:10338000204617F0C6FED8B1441C0135AF42E0DC40
:10339000062F31D133E0A35CA3F13005092D09D903
:1033A000462B09D82D2B9AD92E3BDBB221FA03F3F9
:1033B000DB0794D50132C8E7613B052BFAD98EE7CC
:1033C0007B1EAB428BDC0135AF4288DC062F13D16C
:1033D00085E706EB450306F8158083F80180013583
:1033E000BD42F6DB3A21204617F0F8FEA0421ED17E
:1033F000062F03D06378F3B9002072E7013400256B
:103400000B362378002B3FF46AAF00210A222046B6
:103410000EF03CF82E2106F8010F204617F079FE39
:10342000B0B10135042D00F10104EAD1E4E7062F23
:1034300008BF00F1FF307D1E013010F8013D3A2B2E
:1034400002D1013DFFF44BAFA042F6D101349CE71D
:10345000032D54E70110F8012DE9F0470B6890F8AF
:1034600088503C4A03F1050806463B4B90F886001D
:10347000C1F80080032814BF104618460C4613F00C
:1034800058F8C5F34005034638B9D4E900729742AD
:1034900096F8861004D16FF00B031846BDE8F0874C
:1034A0003A4602F8011B616822608A42F3D0BB1CD5
:1034B000787023602146B6F8840013F02BF8034699
:1034C0000028EAD106F1540013F033F8034600282F
:1034D000E3D1B06E6D00E8B1214696F888A090F86F
:1034E000089013F026F80AF0010A03460028D4D108
:1034F000F36E214653B3184613F01BF80346002819
:10350000CBD145F004054FEAC90345EA4A1503F05B
:1035100018031D43306E38B1214613F00AF80346F4
:103520000028BAD145F08005706E38B1214613F0FD
:1035300000F803460028B0D145F040057D702246D2
:103540004146BDE8F047102013F00EB812F0E2FF3C
:10355000D4E700BF68CE030070CE0300D2E900318B
:10356000C91A012983BF0549002009886FF00B00A3
:1035700084BF23F8021B5360704700BF9604040009
:10358000D0E90032D21A012A81BF054A128823F8F5
:10359000022B43608CBF00206FF00B00704700BF10
:1035A00098040400F0B5C66D044685B03088062244
:1035B0000121FFF797FC00280546E06205DA12F0CA
:1035C00049FA0068404205B0F0BDA76A9FB1124AAF
:1035D00002AB10685168072203C3394602A817F0EE
:1035E000BFFD082319220093012128466B4412F0E5
:1035F0000BFD00280ADB3388E06A012B0CBF082290
:103600001822E16D12F03BFC002803DAE06A12F0A8
:1036100034FCD4E70020D6E768C60300142290F8F3
:1036200024305343014AD358184700BF78CE0300D3
:1036300030B4142590F82440024B05FB043330BC11
:103640005B68184778CE030010B4142490F8242047
:10365000024B04FB023310BC9B68184778CE030072
:1036600070B4142690F82450034C06FB0544E4681B
:10367000A44670BC604700BF78CE0300142190F8C8
:103680002420024B01FB02331B69184778CE03004C
:10369000F0B590F85030C66D002B04464B49308889
:1036A00008BF012185B04FF48172FFF71BFC002891
:1036B0000546E06204DA12F0CDF90068404256E0B7
:1036C000A76A9FB1424A02AB10685168072203C340
:1036D000394602A817F044FD08231922009301215E
:1036E00028466B4412F090FC00284EDBE06A04236D
:1036F000052200934FF48D7104F1300312F084FC25
:10370000002842DBA36BE06A002B32D1236CE06A15
:10371000002B3ED1A56CE76A002D47D1636CE06AAF
:10372000012B0AD104230C2200934FF48D7104F174
:10373000440312F069FC002827DBE36CE06A53B114
:1037400004230A2200934FF48D7104F14C0312F00C
:103750005BFC002819DB3388E06A012B0CBF0822D0
:103760001822E16D12F08BFB00280EDB002005B063
:10377000F0BD626B002AC9D0920000924FF48D71A7
:10378000032212F041FC0028C0DAE06A12F075FB57
:1037900091E7E26B002ABDD0920000924FF48D7148
:1037A000012212F031FC0028B4DAEEE72846F5F7E2
:1037B0008DFA013000902B4602224FF48D7138466D
:1037C00012F022FC0028A9DADFE700BF0100004068
:1037D00070C60300084B70B5C31A0D4607499B100D
:1037E000044659434022064813F0C1FB2B460146CC
:1037F0002046BDE87040184730F20020B76DDBB6B8
:1038000000BE0300402373B50B4C0093041B0B4612
:103810000D460A49A41061430646094A094813F0B7
:10382000D1FB011E05DA30462B4602B0BDE87040E0
:10383000184702B070BD00BF30F20020B76DDBB694
:103840002D70030000BE030010B5EFF31184202398
:1038500083F31288BFF36F8F074A136823F00201C6
:10386000DB07116002D4012015F034FA84F31188CB
:10387000BFF36F8F10BD00BF80F2002070B5002233
:10388000012104460520FEF7EDFC0F4807F0D4FCAB
:103890000E4B984215D107F0DFFC26690C493046E3
:1038A00010F087FA00280BDB0125356424690849EC
:1038B00004F11C0010F07DFA002801DB0020E56413
:1038C00070BD6FF00400FBE7D93902000000AD0BBA
:1038D000A0CE03007FB500220123CDE9022304AB73
:1038E000CDE90433094A6B46CDF800D0CDF804D0B9
:1038F00013F095FB002805DB4FF480420023684657
:103900000BF0B8FB07B05DF804FB00BF4B70030081
:103910000C22104B014602FB0033002030B4D3E9E7
:103920000E529863EFF31180202484F31288BFF3C2
:103930006F8F1C6C04F0C00444F002041C6480F31C
:103940001188BFF36F8F1DB12B4630BC024818475A
:1039500030BC704730F2002000BE030010B4EFF31B
:103960001182202383F31288BFF36F8F17480168F9
:1039700041F002040460C80707D482F31188BFF342
:103980006F8F012010BC07F07BBC1149D1F80C04EB
:10399000D1F80C14C907F0D5EFF3118083F3128826
:1039A000BFF36F8F0B490B6C03F0C00343F00203AE
:1039B0000B6480F31188BFF36F8F82F31188BFF31C
:1039C0006F8F002010BCFFF7A3BF00BF80F2002064
:1039D0000050004030F2002010B1012804D07047A0
:1039E000034B1B6C5B0701D1FFF792BF704700BF11
:1039F00030F200202DE9F041012207463449D1E898
:103A0000EF3FC1E8E02F0028F9D133B931493248FE
:103A10004B60CB608A6010F0DFF97B1E012B28D849
:103A2000012F06D12D4BD3F81C3403F00303022BD6
:103A30001FD016F086FE0546E8B9294B1B78D3B196
:103A400002220646254BC3F80823244CDFF8948055
:103A5000D4F81824D4F81834D20315D503F003038E
:103A6000022B01D0012F0FD16DB386F31188BFF364
:103A70006F8FBDE8F081EFF31186202383F3128866
:103A8000BFF36F8F0125E0E7C5B1304611F095FF18
:103A9000D4F81835DBB2012BDAD1D4F80421002A8E
:103AA000D6D00022C4F80421D4F804210222C4F89C
:103AB00018252022C8F88021A360C9E70021212011
:103AC00016F004FFE4E70222044BC3F80423D0E716
:103AD0002CF200201CF200204CF20020005000408C
:103AE0000621012000E100E008B5074816F04AFC75
:103AF00038B10648FEF766FE0448F9F717F80020CB
:103B000008BD6FF01200FBE76CBE0300113B020022
:103B10000A2838B50446074D04D1AB680D21284664
:103B20005B689847AB6803485B68E1B298472046FA
:103B300038BD00BF6CBE0300024B0B600123136055
:103B4000704700BF84F2002000487047E8CE0300B1
:103B500007B5034606480268520704D0054A00919B
:103B6000012110F051FD6FF0150003B05DF804FB6A
:103B700088CD0020E104040010B50122064811465A
:103B800016F05DFD15F00DF9044C206015F006F9F6
:103B90006060002010BD00BF8CF2002084F2002085
:103BA000F7B50E46144615F0F9F82146054630469D
:103BB00013F09EFA80B3B6FBF5F305FB13633746AB
:103BC00023B9B4FBF5F305FB134363B1164803684F
:103BD0005A0705D03346154A0094012110F014FD10
:103BE0006FF0150002E0A54202D9002003B0F0BD3D
:103BF0004FF0FF324FF0FF330D480BF03BFA15F05A
:103C0000CDF80546384607F0EFFF641B2F44F9D185
:103C100007480BF0F5F9E8E7034803685B07DFD0D6
:103C2000044A33460094D8E788CD0020FE040400FF
:103C30008CF20020E1040400F7B50E461946304628
:103C400017461D4613F054FA68B91C480368590713
:103C500005D033461A4A0095012110F0D5FC6FF0CB
:103C6000150003B0F0BD45EA060414F0030407D0C4
:103C7000124803685A07F2D0124A33460095EBE720
:103C80009DB14FF0FF324FF0FF330F480BF0F2F9C8
:103C90002B19032BA6EB040009D80C4AD2F80034E8
:103CA000DB07FBD508480BF0ABF90020D9E73B1B3D
:103CB000196807F0B5FF043CEAE700BF88CD002093
:103CC000E10404001D0504008CF200200090034074
:103CD0000048704730CF03002DE9F34743680F1EBB
:103CE00005461646D3F818907DDBBB184B457AD8AD
:103CF00047EA0204C4F30B04002C74D1006913F0EA
:103D000034FA2146284613F086FA4FF0FF3A04466B
:103D1000002E45D10121284613F07DFA002C08BF62
:103D20000446286913F01FFA204602B0BDE8F08768
:103D300080462E4B5A7882B10AFA02F137EA010125
:103D40000BD101219140B14207D8B8F1000F1ED02C
:103D500098F80110914238BF98460134042C03F1C1
:103D60000203E7D1B8F1000F13D00023812298F8A5
:103D700000102846CDE900333B4613F0FCF901233F
:103D800098F80120044693401F44F61A21E0984613
:103D9000E3E76FF015040121284613F03CFAC0E771
:103DA000002CF8D12346CDE9004480220621284684
:103DB00013F0E1F904460028EDD1B145B8D103462E
:103DC000CDE900008022C721284613F0D4F900264F
:103DD0000446002CDFD140F267620023284613F02E
:103DE00048FA044694E76FF015049DE77606040050
:103DF0002DE9F04385B0044602AF00694FF0FF3271
:103E0000012116F01CFC6668306816F0BBFAC8B1D8
:103E1000F06898B9206913F0A8F9204613F0CFFA9A
:103E2000031E16DAA5480268550703D00121A44AEB
:103E300010F0E0FB206913F096F903E016F0A2FA07
:103E40000028E7D16FF0120528460C37BD46BDE8C3
:103E5000F083204613F0FCF9051E30DDE8071FD47F
:103E6000206913F080F9206913F07FF94FF00309FE
:103E7000002307F104081A469F212046CDF804903C
:103E8000CDF8008013F077F90546206913F06BF93F
:103E900025B38A4803685A07D4D08A4A2B4619E0CA
:103EA0008648036813F0060F03D00221864A10F0FB
:103EB00098FB00220023204613F0DBF90546206919
:103EC00013F051F9002DCEDA7C4803685907B9D0B8
:103ED0002B467E4A012110F08DFBB3E740464A464F
:103EE00006F1240116F04AFF804630B37348036898
:103EF0005B071FD06C468CB097F8049097F805804C
:103F000097F806E096F824C096F8251096F8263023
:103F100002AAD36208236E4EC2E9078EC2E9056980
:103F2000C2E909C142F8103F44F240012B46FAF7BA
:103F300089FCA5466FF0150586E796F82830002B1A
:103F400038D0206913F011F9204613F081F9051ECD
:103F50002BDD96F82830802225EA0305FD704346C4
:103F600006212046CDE9008813F005F9054650B139
:103F7000206913F0F8F8514803685C073FF462AF1A
:103F8000544A2B46A6E70121FB1C009380220346DE
:103F90000191204613F0EFF805460028E8D10022F1
:103FA0000023204613F065F90546206913F0DBF87D
:103FB000002DE0D196F827506B1EDBB2FD2B1DD8EB
:103FC00015F00B0F41D0206913F0CFF815F008035E
:103FD0001ED001238022FA700193FB1C009317214D
:103FE0000023204613F0C7F8054620691DBB037F58
:103FF00043F001030377206913F0B5F8206913F04B
:10400000B4F8636893F830309A0721D4206930E01F
:10401000A80705D400238022B721CDE90033E0E7CB
:10402000802206212046CDE9003313F0A4F805468E
:104030000028EFD0206913F096F82048036859074C
:104040003FF400AF244A2B4644E76FF08505F4E7C0
:1040500000238022B9212046CDE9003313F08BF8EC
:10406000054610BB6368256993F830309B070FD471
:10407000284613F078F8206913F077F8204613F0FB
:104080009EF90546206913F06EF805EAE575DBE652
:1040900016F0A9FC4FF47A72A0FB020302FB013177
:1040A000C00B40EA4140A861B0E7206913F05BF81B
:1040B000002DE0DA15F1860FDDD0C5E604CE002034
:1040C0006D050400CB05040085050400A20504006D
:1040D000E40504002206040037060400430970B515
:1040E00007D10B4B596821B101250C68094E854059
:1040F00001B970BD8A682A4002D030464B689847A3
:104100001CB1236821461C46F2E72346FAE700BFAC
:10411000C8F2002024BE03002DE9F04340F206352A
:104120004668D00648BF0320337B02EA050558BF26
:10413000C2F3401087B001F01F07B5F5837F144626
:1041400047EA43178DF8030041D00FD8062D18D049
:1041500007D8B5B1022D3CD06FF0150007B0BDE80F
:10416000F083B5F5807FF7D101250AE040F2022205
:10417000954230D0B5F5407F2FD0B5F5007FEBD11B
:10418000022522032BD5012372688B40936032698C
:1041900062BB07F01F037F0975D13D4A84F480316B
:1041A00002EB8302D2F80032C1F30041C4F3404471
:1041B00023F4E16344EA410423F007031C4344EA87
:1041C000800444EA0524C2F800420020C6E707251F
:1041D000D7E70425D5E70525D3E70325D1E7630312
:1041E00041BF012372688B40D360D0E71036394657
:1041F00030460DF1020207F013FB14F4403F8046F5
:104200000CD13946304614F0BFFD224B9845DCD125
:1042100030469DF8021007F043FBD6E74FF0000947
:1042200001AB3946304603AACDE90439CDE90199FD
:10423000CDF80C9007F0C2F9164B98428CD114F4CB
:10424000003315D09DF8033084F48034C4F3004467
:104250008DF80E3039464B46304603AA8DF80C5087
:104260008DF80D4007F05EFA0A4B9842CDD073E707
:10427000CDE9043339460DF10303304603AA039315
:1042800007F09CF9F0E7803352F82330FFDE00BFDF
:10429000002584400000AD0B38B545682B69B3B1EB
:1042A0001035284607F0F2FA044680B90146284640
:1042B00007F0C8FA084B98420BD122462846074916
:1042C00007F0A8FA224605213120FDF7CBFF002098
:1042D00038BD6FF00400FBE70000AD0BDD400200CD
:1042E000F0B51646426801F01F04107B87B044EA1F
:1042F0004014106900286DD0B6F5001F02F11005BA
:1043000006D12146284614F041FD002007B0F0BD3B
:104310000027B6F5800F01A80197476037D1B3F1A8
:10432000007F14BF052304238DF804300023CDE95A
:104330000403039393680DF1030723FA01F111F0CD
:10434000010139D1B6F1A07F36D104F01F03620913
:1043500003F1800344D1244A52F82330DB072BD4E5
:104360003A462146284607F05BFA204B984219D07E
:1043700002972146284603AA07F020F91C4B9842D1
:104380002BD101222146284607F09AFABDE7B3F166
:10439000C06F05D0B3F1007F14BF01230223C3E730
:1043A0000323C1E73946284607F082FA104B9842AA
:1043B000DED06FF00B00A9E73A462146284607F009
:1043C0002FFA0B4B9842D4D128469DF8031007F0E2
:1043D00067FACEE76FF0850098E76FF0150095E774
:1043E00051F82330FFDE00BF002584400400AD0BF0
:1043F0000000AD0B02780B69012A08D0022A08D010
:104400004AB9064A1A6303F118000AF0F9BD044AD2
:10441000F8E7044AF6E7044AF4E700BF0000AD0BF2
:104420000100AE0B0200AE0B0100AD0B2DE9F04F09
:1044300089B002AFBB60036993463B6143684FF0AC
:10444000FF32D3F828A09B8B0546FB604FF0FF336B
:104450000C4613F021F93B6918337B6100260023D9
:10446000002278690AF006FE33465E4501D3002338
:104470006EE0207A010700F1978001365E452168E1
:104480000BD2820709D4227D80EA020C0CF0010CC9
:1044900002F004025CEA020C08D023B901F0604289
:1044A000B2F1005F3AD04FF0000801E04FF0010890
:1044B0006268D7F80CE003EB020CF4451FD93C48C6
:1044C00001684C0718D06C468CB02E6802A9DFF842
:1044D000E4C0CA61C1E905C3FB680A46C1E9083600
:1044E00040F203530B85344B42F8103F00234FF446
:1044F0005151FAF7A7F9A5466FF01B0328E0C00752
:1045000005D40AEB03007B6016F048FC7B68626808
:104510001A4493B2B8F1000F30D11BBB4FF0000822
:10452000D4F80090A388BA68217A284600924A46B7
:1045300000F08AF8031E0BDB4FF4804200237869F9
:104540000AF098FD88B1284600F03AF86FF00403AD
:1045500028467B6113F0A3F87B691C371846BD46DB
:10456000BDE8F08F9846D146DDE73B69134A1B6BE7
:104570009342EBD1237ADB0702D400230C3474E797
:10458000CA45FAD123460AE0A8EB0201D8681FFA0F
:1045900081F819FA81F17B6016F000FC7B685A689B
:1045A0000C3B9045F0D2E8E76FF08503D0E700BF01
:1045B000A8CD0020B1060400060000010000AD0BEC
:1045C00070B5446823682046D3F80855D3F80C65C5
:1045D00007F06CFE3146284608F026F90546002112
:1045E000606A13F05FF8204607F050FE034B9D42CF
:1045F00014BF6FF00F00002070BD00BF0000AD0BB6
:1046000008B5CA0743680DD4C1F3420101290CD093
:10461000022911D00A4803685B0703D00121094A27
:104620000FF0DFFF6FF0150005E04FF0CC721B6854
:104630000020C3F8242508BD4FF0C8621B68F7E7C7
:10464000A8CD002098070400F0B50C461D4616467C
:1046500089B04768122200210DF10E0016F0C5FB4B
:1046600004F001038DF80C30BDF8383004958DF856
:104670000D30BB8D0696AB420DD212480268520730
:1046800005D001210093104A2B460FF0BDFF6FF0BB
:104690001B0009B0F0BD84F00202C2F340023846AC
:1046A000520103A907F048FE084B984207D00B338C
:1046B000984214BF6FF004006FF00F00E9E700208C
:1046C000E7E700BFA8CD0020AA0704000000AD0B5B
:1046D000B0B50446456800AF2B6A98470121686A67
:1046E00012F0E0FF23462846AA6905F1080107F009
:1046F00093FD114B98421AD0104803685B0712D003
:1047000023686C4688B06A460D49C2E905134FF428
:10471000007393830B4B42F8103F00234FF4E25198
:10472000FAF790F8A5466FF00400BD46B0BD2046EC
:1047300012F0C7FF0020F8E70000AD0BA8CD002065
:10474000F1070400030000012DE9F041456804462B
:104750000669286815F016FE18B96FF01200BDE85A
:10476000F081304615F0CFFE7461AB68BBB904220E
:104770000B2120466B7C13F006F80028EFDB0622A5
:104780000B212046AB7C12F0FEFF0028E7DB012363
:104790002046BDE8F0411A460B2112F0F4BF052374
:1047A000062120462A7C12F0EEFF0028D7DBA868FD
:1047B00015F0E8FD0028D0D0EB89A868297B43F4E8
:1047C00080320127D0F810C013F0010FDCF8003060
:1047D00007FA01F714BF3B43BB43D0F808E0CCF81D
:1047E0000030DEF8003098470028B8DB01272B7B2B
:1047F000144A07FA03F3C6E90723A86806F118016B
:104800008368DB6913B96FF05700A8E73A46984709
:104810000028A4DB0C4BB362A868297B826803697B
:104820009669002EEFD01B688F401F4214BF4FF0D7
:1048300000734FF080634FF0A072B047002896DA03
:104840008DE700BF017703004D48020026230022B8
:104850002DE9F04F044650F8100C91B0D0F80490B8
:104860001146009306AB12F065FF002805DA2046DA
:104870000AF068FD11B0BDE8F08F0026234F97F8CD
:10488000008097F801A008F140036B4413F8273C1F
:104890001AEA030F13D0216931B1012354F8100C27
:1048A0000D6803FA06FB11BB08F101025346002113
:1048B00054F8100CD2B212F066FF0028D7DB013694
:1048C0000E2E07F10207DAD1D9F8080099F80C503A
:1048D0000669836805A95B6898470028C7D1059BCE
:1048E00032685A400123AB401A42C3D0BFE78A68FE
:1048F0001BEA020203D04B680390984703981DB14E
:104900002B6829461D46CEE72B46FAE72608040009
:104910002DE9F04740F2FF16594FDFF868C1DFF884
:1049200068E100EB8101814202D10020BDE8F087FF
:10493000046814F4804FC4F3C325C4F3080340F0A3
:104940008C80240EB34208BF4FF0FF337D5D192CDD
:1049500000F28680DFE804F00D13191C1F251C846B
:1049600084848436608484848484848484846378A6
:104970007B7EC2F80C355C1C5BD10430D3E7C2F8F7
:1049800014355C1CF9D000245CE0C2F80835F2E76D
:10499000C2F81035F5E75C1CC2F80835EDD00024EC
:1049A00004E05C1CC2F80C35E7D001245FEA531820
:1049B00059D14FF00109DFF8CC8009FA03FAC8F8A1
:1049C0000CA008E0C2F80835002DDAD15C1CD4D068
:1049D00000240625A146D0F800A00AF40048B8F14A
:1049E000000F1CBF4FF00009012403F01F085B09F2
:1049F0003FD10CEB8808D8F80032CAF3412A03EA09
:104A00000E0343EA8A0343EA052343EA090343EA20
:104A10004403C8F80032B0E7C2F80C35D4E7C2F856
:104A20006035B3F1FF3F0468A7D0C4F30044002C05
:104A3000BBD05C091AD10124DFF8488004FA03F9DD
:104A4000C8F80890A146C6E7C2F86435E9E7C2F89D
:104A50006835E6E7C2F86C35E3E76FF0150065E707
:104A60006FF0850062E70023DB60FFDE00239B60C0
:104A7000FBE7002308F1800853F82830F5E700BF72
:104A80004208040000258440F0F8FCFF2DE9F041C5
:104A900004460D46476815F054FE4FF0200888B9CB
:104AA000264B1B7873B16426606812F032FFF0B9B0
:104AB000012014F006F9013EF6D10021212015F065
:104AC00005FFF0E7EFF31186314688F31288BFF354
:104AD0006F8F606812F01DFFA8B986F31188BFF3CD
:104AE0006F8FEFE786F31188BFF36F8FE5E7EFF382
:104AF0001186314688F31288BFF36F8F606812F019
:104B000008FF0028EED0BB6900201D706368BA69F9
:104B10001B68C3F844250122C3F84825C3F82001C7
:104B2000D3F82041C3F85801D3F858019A6081F3B3
:104B30001188BFF36F8FBDE8F08100BF062101200F
:104B4000F8B50546002201210820FDF78BFB08205F
:104B5000FDF758FB6C680121E06812F02EFF6B68CE
:104B60001A682369C2F82435617D237D0B43A17D3A
:104B70000B43C2F86C356E68D6E9004313F00103AD
:104B80004DD02F6907F10C0006F0F2FA314B984234
:104B90000AD0314803685B0703D001212F4A0FF088
:104BA00020FD6FF00400F8BD387B04F10C0204F521
:104BB000907114F088F8387B012707FA00F006F0AE
:104BC000D1FA0823C4F80035B369C4F8443500238A
:104BD000C4F84835A760D4F85831002BFBD0002624
:104BE000C4F800656B683146D86812F0E6FE6D685F
:104BF0003146E8682C6812F0E0FE0823C4F800355E
:104C00002A7A52B9EB69C4F834350123C4F838352F
:104C1000C4F81021D4F8102123600020C3E7082233
:104C2000C4F80025B269C4F84425C4F84835012306
:104C3000A360D4F82031002BFBD00023C4F820312E
:104C4000D4F820310123E3604FF48073C4F80433B7
:104C5000C1E700BF0000AD0B0CCE00204A080400E5
:104C60002DE9F0474568D0F8108006460021686BB2
:104C700000AF12F010FF041E14DBA96B481C20D0FB
:104C800005F13C0000F04CFB10F1130F04460DD170
:104C9000374803685A0703D00121364A12F0E1FE73
:104CA0006FF012042046BD46BDE8F087431D08D1D1
:104CB0002F4803685D07F5D001212F4A12F0D1FE7D
:104CC000F0E74FF00109EB6A9847D8F80850D8E9A7
:104CD000023203EBC2039D4209D3404612F030FF7B
:104CE00073680021586B12F0D6FE0024DAE72868BA
:104CF00015F048FB0346C8B91D4802685107CFD0DC
:104D00002A686C468AB0166829796A46D1614FF4E0
:104D100000711A4D11841A49C2E9055642F8101F54
:104D20004FF41151F9F78EFDA546B9E728682979A6
:104D3000EB88D0F810C0DA07DCF8004054BF43F429
:104D4000B01383F4D01323F4801209FA01FEDB07B9
:104D5000D0F808A04CBF4EEA040424EA0E04CCF8B4
:104D60000040DAF800309847041E9BDB0835AEE7B8
:104D700008CE002089080400B4080400D10804000B
:104D8000040000012DE9FF4105690646AA6DD0F82F
:104D900004802B6E002A35D1002B53D0B8F8304058
:104DA000686D9C4228BF1C46EF6DEB6D53B12A6EB7
:104DB00042B107F06042B2F1005F03D0082C28BF77
:104DC00008246F6F6A6DAC661AB1AA6D002A18BF0D
:104DD000224601921BB12B6E002B18BF2346009078
:104DE0000022694640460393029707F0CFF8184B1C
:104DF000984229D06FF00401304604B0BDE8F0417C
:104E000012F0C0BE696DEF6D0846B8F83040ABB126
:104E1000934228BF13469C4228BF1C460029C4D099
:104E200001F06043B3F1005FBFD0082C28BF082415
:104E3000286F224615F0B2FF286FB6E7944228BFCC
:104E40001446EBE71946D7E704B0BDE8F08100BF90
:104E50000000AD0B10B502780346002A65D10C693D
:104E6000A26E32B9606E6FF07301BDE8104012F0AF
:104E700089BEE06D40B1216E31B1DB6823B1834260
:104E800002D0616F15F08AFFA36DA26E4BB19A42FA
:104E900019D9264803685A0703D00121244A12F081
:104EA000E0FD236EA26E4BB19A4225D91F480368DC
:104EB0005B0703D001211E4A12F0D3FD606EBDE8EE
:104EC0001040FFF75FBF9B1AA3657BB9636C04F1C9
:104ED000580208336364A36C04F14801013BA364E6
:104EE00004F1440012F0C4FD6065DAE7636D002B45
:104EF000D7D013446365D4E79B1A23667BB9E36C70
:104F000004F160020833E364236D04F15001013BB6
:104F1000236504F14C0012F0ABFDE065CEE7E36DD4
:104F2000002BCBD01344E365C8E710BD08CE0020AA
:104F3000F50804002DE9F04F8DB000AFC7E902324B
:104F4000436805467B608B8888469E04046936D496
:104F50004FF0FF324FF0FF3304F110000AF08AF8EF
:104F6000C4F80480D5F804A0D5F81090DAF8083019
:104F70003B6099F86D3023B1D9F80030984500F0C6
:104F80001481B8F8046016F400631FD06C480368FD
:104F90005D0703D001216B4A12F063FD6FF08506B7
:104FA00023689B8813F4005304D1636004F110005C
:104FB0000AF026F830463437BD46BDE8F08FA369C5
:104FC000002BC5D163689942C2D1CBE7F10719D54F
:104FD0005B480268520702D16FF01506E0E72968C6
:104FE0006D4688B06A46584EC2E905614FF40071BB
:104FF0009183564942F8101F4FF4E251F9F722FC11
:10500000AD46E9E7330708D54D4803685E07E3D0AE
:105010004F4A012112F025FDDEE7C6F34513082BA8
:1050200005D0474803685D07D6D04A4AF1E7D8F86B
:1050300000B0494B9B4505D8414803685907CBD080
:10504000464AE6E707F1100C0AF10C0EBEE80F0025
:10505000ACE80F009EE80F008CE80F003B685B4552
:1050600028BF5B469B463E4B9B4511D23D4B9B4523
:1050700053D83D4B9B4552D83C4B9B4551D83C4B5C
:105080009B4550D83B493C4B3C4A8B4588BF134617
:10509000B2077B6206F0040347D5002B14BF03233D
:1050A000022387F82830C6F3001387F82930DAF88E
:1050B0000030D3F80825501C10D016F0020F02F073
:1050C0001F004FF001032E494FEA5212C6F3400C65
:1050D0002FD1002A40F017818340CB6099F86D30C2
:1050E0002BB1504606F016FF002389F86D302B4691
:1050F000244A504607F1100106F0D8FE224A034622
:1051000090424DD00E480268510703D001211F4A3A
:105110000FF070FA6FF0040642E71D4BB8E71D4B25
:10512000B6E71D4BB4E71D4BB2E7003B18BF0123A8
:10513000B7E7002A40F0EA8083408B60CEE700BFEB
:1051400008CE0020130904002D090400030000010B
:105150004F0904006E09040047E801009D0904009E
:1051600000127A00FF083D007F841E003F420F00BE
:105170001FA107008FD0030048E8010090D0030072
:1051800000258440554E02000000AD0BCE090400FE
:1051900000093D0080841E0040420F0020A107004E
:1051A0000123C9F8008089F86D30012384F86C3040
:1051B0007B68996B4A1C0ED003F13C0000F0E0F8CC
:1051C000743008D15348036813F0060F03D002214E
:1051D000514A12F046FCFB68002B6AD1636400233D
:1051E000A36404F1580204F1480104F1440012F0F0
:1051F0003FFCBB686065002B63D1E364002323653B
:1052000004F1600204F1500104F14C0012F030FC92
:10521000002601213246E0652664204612F070FC2B
:105220002846FFF7AFFD32463346A06C834250D18B
:1052300000231946266DB14252D19A4238BF1A4610
:10524000A0464FF4FA5303FB02F658F8283B4FF4FC
:10525000004C1B6840F2E730B6FBF3F60021C8367D
:105260004FF47A720023E6FB0C01F3F7EDFC0246E3
:105270000B46404609F0FEFE0246002837D025487E
:1052800003685B0703D00121244A12F0EAFB0026E1
:105290007868A66606F03EFE6FF07301284684F833
:1052A0006D6012F06FFC404609F00AFF6FF0730664
:1052B00076E6FB681B686364002B90D0FB685B6834
:1052C0008EE7BB681B68E364002B97D0BB685B6804
:1052D00095E7616C01EBC301496801330A44A5E716
:1052E000E06C00EBC100406801310344A3E7266C89
:1052F00016F1740FCBD0002E3FF452AE0146286950
:1053000012F0FEFB4CE6CCF80CC0FFDE00239B60E5
:10531000FBE700BF08CE0020F50904001F0A0400C7
:105320000123F0B587B08DF80230022300248DF8F8
:1053300004306B4403930F4601AB0DF1030104935A
:1053400005460291059406F0B3FA0C4B06469842C6
:105350000FD13946284603AA06F030F9B0420BD0E7
:1053600028469DF8031006F09BFA6FF0040007B082
:10537000F0BD6FF01200FAE72046F8E70000AD0B31
:105380002DE9F0410D46064613F002FD00220746C6
:105390002946304606F094FA6B0905F01F0429D11E
:1053A000174B03EB8404D4F80022164B134043F050
:1053B0000C03C4F8003212F002FC80463368DB595B
:1053C0007BB100273046294613F0E0FCD4F80022D8
:1053D0000C4B3846134043F00403C4F80032BDE8D8
:1053E000F08112F0ECFBA0EB08000628E6D96FF084
:1053F0007307E7E70023803453F82430FFDE00BF53
:1054000000258440F0F8FCFF0123834070B5DC43A5
:105410000B4AD2E8EF1F01EA0405C2E8E65F002E5E
:10542000F7D14FF4803282400648C0F80823BFF31A
:105430005F8FBFF36F8F0B4214BF0120002070BD40
:1054400048F300200050014070B40E4922F07F461E
:10545000D1E90034D01AC31844F10004C1E9003482
:10546000A6F50013B3F5400F09D2074B1B681A0AC3
:105470001B069C19054B42F10005C3E9004570BCB1
:105480000AF08ABE70DE00204CF3002078DE002097
:10549000D9B101230D4A8340D2E8EFCF4CEA030C87
:1054A000C2E8E1CF0029F7D14FF48033084A8340A6
:1054B000C2F80433074BD3E8AF3FC340DB0742BF1A
:1054C0004FF40012044BC3F80021704748F300204A
:1054D0000050014044F3002000E100E00D4B18684B
:1054E000010A0006BFF35F8F0B4BD3F80435181881
:1054F00041F10001B3F5801F0AD2084BD3E9002324
:10550000904271EB030303D210F1807041F100016E
:10551000704700BF4CF300200050014078DE0020AF
:105520002DE9F04F85B016461F4604469DF840A071
:10553000FFF76AFF0190FFF7D1FFB04271EB07035D
:1055400052D23B4B301A67EB0101984271F10001D6
:105550004DD2384B03EB0413D3E902239F4208BF1B
:10556000964258D04FF48038334908FA04F8204660
:1055700026F07F4BC1F8488312F015FB4FF003096A
:10558000584604F15005AD00ADB205F1804504F573
:10559000A87305F5A8350293029A20F07F4341F8DD
:1055A0002230C1F84483D1F80435244AC01A0338A4
:1055B00020F07F4090422ED9286868B1D1F8043598
:1055C000A3EB0B0020F07F40B0F5000F039322D92E
:1055D000204612F0E8FA039BBAF1000F07D109EB5D
:1055E000030009F10109D7E7BAF1000F09D06FF004
:1055F000150520460199FFF74BFF284605B0BDE889
:10560000F08F01230E4AA340D2E8EF0F1843C2E8FF
:10561000E10F0029F8D107490E982301C8500F9BCC
:1056200001EB04120025C2E902675360E1E700BF05
:105630000100800060DE002000500140FDFF7F007F
:1056400044F300207FB500254FF0FF304FF0FF31CD
:10565000194C1A4B0226C4F80833C4F84833184BC7
:10566000C4F80855C3E902014FF480334FF4001227
:10567000C4F80433134B0121C4F804631520C3F8A4
:1056800080212A46FCF7EEFD1520FCF7BBFD012327
:105690000D4AA360236013600C4B0D4A009328460B
:1056A0000023CDE90155FFF73BFF3046FEF7A2F995
:1056B000284604B070BD00BF0050014003000F0039
:1056C00060DE002000E100E048F3002049540200C1
:1056D000FFFF7F002DE9F7432E4BD3F804239007FB
:1056E0000BD5D3F8042142B10022C3F804212A4A81
:1056F000D3F80431136801331360264AD2F8043317
:10570000D90326D5254BD3E8EF1F21F00100C3E8CC
:10571000E40F002CF7D1CB0702D4D2F84031C3B14B
:1057200000251C4CC4F84051D4F84031FFF7D6FE98
:10573000EFF31182202383F31288BFF36F8F184B8E
:10574000D3E90267B042B94106D282F31188BFF3B0
:105750006F8F03B0BDE8F0834FF0FF38D3E900103E
:105760004FF0FF391D60C3E902894FF48033C4F85C
:105770004833C4F84051D4F8403182F31188BFF364
:105780006F8F0029E5D0009032463B462846884777
:10579000DFE700BF005001404CF3002044F300203D
:1057A00060DE002030B5431C124C85B005D0844229
:1057B000A8BF0446012CB8BF0124FFF78FFE0E4B93
:1057C0000C4DD3E90013401AB0F5000F0FD2221888
:1057D000AA4228BF2A46002052180849CDE90100F4
:1057E000009143F10003FFF79BFE05B030BD2A4650
:1057F000F1E700BFFFFF7F0070DE00204954020088
:1058000008B5FFF76BFE024B1B68C01A08BD00BF4E
:1058100070DE0020012310B5074C15206360FCF7F3
:10582000FFFC4FF40012054BC4F80833C4F84833AA
:10583000034BC3F8802110BD0050014003000F004E
:1058400000E100E070B50546054C064EB44200D3B9
:1058500070BDD4E90031284698470834F6E700BF08
:10586000502F0400582F040070B5002201212A2077
:10587000FCF7F8FC0C4807F07DF8044640B10B48F3
:1058800003685B0704D001212346094A0EF0B2FEEB
:10589000084D094EB54201D3204670BDD5E900310F
:1058A000204698470835F5E7ACD00300D4CD00205A
:1058B000610A0400582F0400682F0400F0B50F4B54
:1058C00001461A680E4B0B25002618461F46B842A3
:1058D00001D3013D04D11846013A19605A60F0BD68
:1058E00004688C42FBD03CB14468141BA642BCBF88
:1058F000034626460830EAE70346ECE724F4002096
:1059000030F400200020054BC3E90000044BD3E82D
:10591000EF2FC3E8E10F0029F9D1704728F40020E8
:1059200024F400202DE9F04788B005460E4613F018
:1059300029FB20B96FF06D0008B0BDE8F08715F0C5
:1059400052F833680446002B0F4604D10AF00AF9D6
:105950006FF00A00F0E7BCBF4FF0FF333360012265
:10596000002101A814F06BFEE8460795EFF3118AB9
:10597000202383F31288BFF36F8F0AF097F9FFF7A4
:105980009DFFDFF818914268D9F800309A426CD137
:105990000023434D00936B68002B6DD1C5E900884F
:1059A0008AF31188BFF36F8F33685A1C69D04FF4A4
:1059B000004E40F2E730002123EAE37C4FF47A7294
:1059C0000023CCFB0E01F3F73FF902460B4601A87A
:1059D00009F050FBEFF3118A202383F31288BFF301
:1059E0006F8F00222B685BB1434554D10099002A88
:1059F0004BD16A6829609A4200D169600023009304
:105A00000AF054F9FFF75AFFD9F8003043608AF3DF
:105A10001188BFF36F8F13F0B5FA00288AD035686C
:105A20006B1C27D014F0DFFF4FF47A7EA0FB0E3200
:105A30000EFB0121A4FB0E420EFB0722DB0BE40B45
:105A400043EA414344EA42441B1B4FEAD1314FEA47
:105A5000E57C61EBD231ED1A6CEB010CBCF1000F6F
:105A6000B8BF002535602DB972E743608AF311880D
:105A7000BFF36F8F00205FE7C3F80080C5F8048094
:105A80008EE74FF0FF321346A1E711606968994233
:105A900008BF6A60B2E71A461B68A4E724F4002036
:105AA00028F4002030B404682CB10D4B9C4202D382
:105AB000C0339C420BD30B4C2378072B0BD85D1CB7
:105AC0002570074C03EB430304EBC303036000683A
:105AD00030BC14F0B4BD6FF00B0030BC704700BF99
:105AE00064F300206904012002682AB1094B9A423C
:105AF00002D314339A4206D3074B1A7832B90122E3
:105B00001A70044B0360006814F0FDBC6FF00B00CA
:105B1000704700BF50F300206804012038B50546E7
:105B20000A4BD3E8EF1F0131C3E8E21F002AF8D186
:105B3000074B1C6804B938BDE369AB4201D005B11D
:105B400013B9201D09F05CFA2468F3E724F400205F
:105B500028F40020014600220023014809F036B94C
:105B600080F400200146014814F084BC80F4002039
:105B7000014600220023014809F028B994F40020CE
:105B80000146014814F076BC94F4002008B54FF4A7
:105B900080620649064814F065FCBDE808404FF4F1
:105BA00002520449044814F05DBC00BF6A0401209D
:105BB00080F40020E884002094F4002010B5044B09
:105BC0001C6804B910BD201D09F01AFA2468F8E712
:105BD00028F4002070B50546054C064EB44200D3AB
:105BE00070BDD4E90031284698470834F6E700BF75
:105BF000482F0400502F0400014807F0D9BA00BF15
:105C0000D55B0200034638B105480268520705D04B
:105C10000121044A0EF0EEBCFFF7EEBF704700BF53
:105C2000D4CD0020970A0400292800F0838009DCE5
:105C3000012853D0062800F08780002874D04FF048
:105C4000FF307047B0F58D7F08D0B0F5007FF6D1FA
:105C500040F206439942F2D11E2128E00F2929DCA7
:105C60000029ECDD4B1E0E2BE9D801A050F823F0E3
:105C7000AF5C0200AF5C0200AF5C0200AF5C0200F0
:105C8000AF5C0200AF5C02003F5C02003F5C0200C0
:105C90003F5C02003F5C02003F5C0200AF5C020020
:105CA000AF5C0200CD5C0200D15C02000E2100203E
:105CB00011607047A1F2FA33032BC0D8A1F2FB3177
:105CC0000229F3D8DFE801F0260608000F21EEE7ED
:105CD0001021ECE71221EAE71321E8E740F209433B
:105CE000994219D009DC1429E1D004DC0229DED064
:105CF0000429DCD0A3E71529FBE7B1F5826F0DD0AD
:105D000040F2254399420BD040F20A43994296D182
:105D10002221CCE71121CAE72121C8E72821C6E7C3
:105D20003D21C4E72021C2E740F20743994286D1D2
:105D30001F21BCE7B1F5816FF4D040F226439942B0
:105D40007FF47DAF3E21B2E740F21F4399427FF4DA
:105D500076AF3721ABE700BF4FF0FF32064B002094
:105D60001A609A611A639A641A669A67C3F8902057
:105D7000C3F8A820704700BFACF400200B490346CD
:105D8000087880B90A49097839B1A2F580710229E9
:105D90000AD9A2F58872012A06D9013B022B8CBFD1
:105DA0000020012070470020704700BFEB08012051
:105DB000EA08012070B4002318250168084C05FB8F
:105DC00003F2A658B14206D1B0F906100832A01865
:105DD00070BC0AF089BB0133082BF0D170BC70474E
:105DE000ACF400202DE9F347074690460C4679B302
:105DF00000231A46C868834234D1802A71D800250E
:105E00004FF0FF324FF0FF33384811F0DAFFA94668
:105E1000374EE368AB422CD800263546DFF8D0A0D9
:105E2000B14511DD85B96368384601932368A9EB54
:105E3000060200930AEB0601434611F0C6FF051E59
:105E4000EEDD2E44B145EEDC284811F0BCFF05E044
:105E50000FF000FE16234FF0FF350360284602B016
:105E6000BDE8F087A16801EBC301496801330A442A
:105E7000C1E7A36806EB090003EBC50253F8351030
:105E8000526814F08BFFA3684FEAC50A53445B685D
:105E900001359944BDE7A3684FEAC60A03EBC60380
:105EA0005B683BB14FF00009A36803EB0A0252683C
:105EB000914504D30136E368B342ECD8CEE753F8FA
:105EC0000A10636849440193236838460093A2EBA3
:105ED0000902434611F079FF011E05DB89440D4498
:105EE000E2E700263546E6E70D46B7E72CCF00206F
:105EF0006A0801204FF0FF324FF0FF3370B50546BE
:105F00000B4811F05EFF002318200A4A00FB03F142
:105F100056588C18013605D15550054811F053FFDD
:105F2000204670BD0133082BF0D10024F5E700BFF7
:105F3000B4CE0020ACF4002038B5094D04464FF033
:105F4000FF3228464FF0FF3311F03BFF00234FF0A4
:105F5000FF32C4E900232846BDE8384011F033BFC2
:105F6000B4CE002010B50446094B0A4A18600368F5
:105F70000948DA61FCF7E4FF236843B10C33D3E846
:105F8000EF1F41F00801C3E8E21F002AF7D110BD5E
:105F9000A8F40020A9600200D8D00300F0B5A1F554
:105FA0008173046887B0032B57D8DFE803F0024001
:105FB00077530127D2E9016113683A4AB3F90430F3
:105FC0000492ADF814308DF816703368994204D1FC
:105FD0000FF040FD0C23036014E000F10805284693
:105FE00014F08EFE2B4600223946306814F05AFE1B
:105FF0000823204600933C22394604AB07F070FF8B
:10600000044610B14FF0FF340EE0336814333360B0
:10601000CDE90200284602AA03A914F079FE039BE9
:10602000002B18BF6FF07704204607B0F0BDD2E90F
:1060300000421368143313600023CDE9033303AA2D
:1060400004A9083014F064FE049B0BB1039BE380A9
:106050000024E9E713684360FAE7032912D0042912
:1060600018D1156835F4804303D00FF0F3FC1623E4
:10607000036004212046C5F3803207B0BDE8F0403C
:1060800013F081BE2046002213F07DFE840304F449
:106090008044C9E70FF0DEFC16239CE76FF05E0436
:1060A000C2E700BFB55D02002DE9F0410D1E0646B6
:1060B000174615DA09F006FDDFF87C80012388F821
:1060C00000303A46304625F04041FCF70BFF0023F4
:1060D00088F80030044609F009FD2046BDE8F0814B
:1060E00015F0804804D009F0EDFCDFF85080E5E7BA
:1060F000F6F72CFE041E09DB29463A46304607F027
:106100005BFE051E05DA20460DF013FB4FF0FF3451
:10611000E3E7FFF7EFFE014638B90FF09BFC0C23D5
:106120000360284607F0A8FEEDE743462046044AF0
:10613000F6F748FED1E700BFEB080120EA0801208E
:10614000E0D003002DE9F04389B007460C46154620
:10615000F6F7FCFD0646002E38681DDBFCB10DB3DA
:106160002B6801AA082B18BF16230DF1080901930B
:10617000494613F001FBB0F100080ADBFFF7BAFE55
:10618000074690B90FF066FC0C230360404607F009
:1061900073FE30460DF0CDFA4FF0FF3619E022467F
:1061A000A146E5E72A46A946E2E764B15DB1B9F840
:1061B0000020012A11D108232B60BDF80A3022806B
:1061C0006380039B6360002339463046154AF6F727
:1061D000F9FD304609B0BDE8F083022A17D1182333
:1061E0002B60BDF80A3003AD638023460DF11C0C13
:1061F00023F8042B2A4603CA6245186059601546E5
:1062000003F10803F6D19DF81C302375DBE70FF08E
:1062100021FC86230360404607F02EFE3846FFF738
:106220008BFEB6E7E0D0030007B5024606480368D8
:106230005B0706D0D2E9003201210092034A0EF03A
:10624000E3F903B05DF804FBD4CD0020C90A0400D3
:1062500008B5074806F0A6FF034638B105480268AE
:10626000520703D00121044A0EF0C4F9002008BDF2
:106270007D62020050CD0020F20A04002DE9F843AF
:1062800004460026264DDFF89C9000AF4D4525D3EF
:106290000EB32046F2F71AFD0022411D00232248CA
:1062A00008F094FD054670BB2048036813F0060F04
:1062B00011D06E4688B06A461D4BC2E905344FF4D2
:1062C000007393831B4B42F8103F4FF4E4512B466D
:1062D000F8F7B8FAB546BD46BDE8F88395F80880EA
:1062E00018F0010F0BD1296819B1204614F08AFF6C
:1062F00028B118F0020F04D020466B6898470C357F
:10630000C4E70126FBE72146043014F00FFF2946BD
:10631000094814F089F9094809F014F8DBE700BFCF
:10632000BCCC0020ECCC002064CE002050CD00205E
:106330001F0B040003000001E4CF0020D8C9002097
:106340002DE9F843134E144FDFF85080002200234C
:10635000304608F023FE0546B8B9BDE8F883237A35
:10636000DA070AD49B0708D4216819B1484614F00B
:1063700049FF10B14846636898470C34BC42EED3DD
:106380002946404614F076F8E0E7054C05F104098B
:10639000F4E700BFE4CF0020ECCC002064CE002066
:1063A000BCCC002050B103685BB143684BB10069BD
:1063B000054BC01A18BF4FF0FF3070476FF0150043
:1063C00070474FF0FF307047EEFFC00000232DE90B
:1063D000F04F0C46017B89B005464268079369B1CE
:1063E000C4E9002308222281426803730792AB6844
:1063F00000200133AB60079B6B6079E0D0F8088028
:10640000B8F1000F05D1104611F0ACFE08B1023210
:106410006A606F683E78002E71D00D2E51D00A2E22
:1064200002D17B78002B6AD03A46137892460D2B26
:1064300002F10102F9D00A2BF7D04FF00009DFF882
:10644000CCB05BF8041B08460191F2F73FFC0199C0
:106450000246504614F072FE002850D009F101099E
:10646000B9F1040FEDD10D2E01D00A2E02D17B78A7
:10647000002B47D1384611F075FE002842D102AEFC
:106480003946304607AAB8F1000F20D111F078FF45
:1064900096E8070084E80700237ADBB1237A07989F
:1064A000053B032BA3D80178627A0D2903D8184B3A
:1064B0000B41DB071FD511F055FEE0B9002A96D13C
:1064C00014E07B78DBB10A2BAED1BB78AAE711F0E0
:1064D000EAFFDDE73046696807AA00F02BF896E886
:1064E000070084E80700237A002BD7D16FF04C0017
:1064F00009B0BDE8F08F012A08BF2A7377E76FF073
:106500000400F5E76FF00A00F2E700BF24D10300B2
:10651000FEDBFFFF48B141B10023054AC0E900118D
:106520008360C3600261184670476FF015007047C2
:10653000EEFFC0000B7830B5392B08D82F2B0AD8C6
:10654000202B21D00023C0E90033836030BD5A2BBB
:1065500016D8402BF6D90C46164D14F8013F392BAE
:106560001FD81F2B05D9203BDBB225FA03F3DB072D
:10657000F3D402B11460641A092301604460E4E7B3
:10658000613B192BE7D9DDE74B785A2B06D8402B16
:1065900002D8303B092BD5D80131DCE7613B192B00
:1065A000F9E75F2BD9D094BF413B613B192BE0D871
:1065B000D3E700BF0168FF0348B90648036803F04A
:1065C0000703022B05D90321034A0EF00AB800F095
:1065D00073B87047B4CD00207B0B04000D4B10B591
:1065E00019780D4B187812F033F8034648B10B4870
:1065F000026852070DD0BDE810400121084A0DF095
:10660000F9BF0121074806F0D9FDBDE8104000F0B0
:106610004DBC10BDEF080120B8CC0020B4CD002047
:10662000F40B04002A0C0400034638B10548026844
:10663000520705D00121044A0DF0DCBFFFF7CEBFA1
:10664000704700BFB4CD00203D0C040010B50446D7
:1066500011F0F3FF30B10246034920460EF029FB4A
:106660006FF0070010BD00BF720C040010B50446A7
:1066700011F0DAFF30B10246034920460EF019FB53
:106680006FF0070010BD00BF990C040010B5044660
:1066900011F0C1FF30B10246034920460EF009FB5C
:1066A0006FF0070010BD00BFBE0C0400014808F0E9
:1066B00025BC00BFF0CE002070B50646124D4FF04D
:1066C000FF324FF0FF33114808F0A0FB2C6844B9AB
:1066D000082009F04DFF48B9FFF7E8FF6FF06800A8
:1066E0000DE063689E4207D02468F0E704604660CE
:1066F0006B682BB9C5E90000FFF7D8FF002070BD1B
:1067000018606860F8E700BF6CF50020F0CE00204C
:1067100038B50F4C05462368C3B14FF0FF334FF037
:10672000FF320C4808F072FB23680BB11C681BB9E0
:10673000BDE83840FFF7BABF28465B6898471CB1F0
:10674000226823461446F2E72246FAE738BD00BF26
:106750006CF50020F0CE0020024B1868B0FA80F0F3
:10676000400970476CF500201FB500230393074BC9
:106770004FF48062029302AB009305490E23054853
:1067800008F0E6FD05B05DF804FB00BF3E1504000F
:106790000835012080DE00202DE9F041A8B000AFCF
:1067A00006463822002107F1680014F01EFB0A2378
:1067B0000021302207F13800C7E9023114F015FB3F
:1067C0004FF0FF33314607F12400C7E91033FFF7DC
:1067D000A1FE01213A1D07F1240011F0C7FD054675
:1067E00018B388480368590704D02B46864A01210C
:1067F0000DF000FF834803685B0712D06C468AB037
:106800006A46824BD661C2E9053540F201331384F2
:106810007F4B42F8103F00234FF41151F8F712F864
:10682000A546A037BD46BDE8F08107F10C0107F190
:1068300024007C6811F07AFD054630B17148036888
:106840005A07D7D0734A2B46D1E7E4B25A2C26D048
:10685000FB68032B23D9022107F1080307F1180273
:1068600007F1240011F085FD014628B9102207F137
:1068700018000AF025FF78640A230321BB6007F1A2
:10688000180207F1080307F1240011F072FD014618
:1068900028B9102207F118000AF012FF3864042109
:1068A0003A1D07F1240011F061FD002840F08880B6
:1068B00097F80480052107F1100207F1240011F078
:1068C00055FD0621054607F1140207F1240011F0D9
:1068D0004DFD3B69284303431BD14A48026812F02F
:1068E000060F16D0D7E910616D468AB0D7F814C0EC
:1068F0006A46C2E907610621DFF81CE1C2F824807C
:10690000C2E905EC42F8101F4FF44251F7F79AFF25
:10691000AD46012C57D13B6C013365D03F4808F0A0
:106920006FFBFFF719FF00287FF47BAF3C4B1A7811
:10693000A24208D087F8680007F168001C7087F849
:106940007040FFF7E5FE374B396C9A68914203D1EE
:10695000DB687A6C9A421DD00423324D07F138046B
:1069600087F868300FCC0FC50FCC0FC594E80F0027
:1069700007F1380685E80F000FCE07F170050FC547
:106980000FCE0FC594E80F0085E80F0007F16800EF
:10699000FFF7BEFE244A137843453FF442AFB8F1F7
:1069A000090F05D840F2812323FA08F3D9071DD433
:1069B000144803685B073FF434AF1C4A43460FE0BA
:1069C0004FF0000876E7052CA5D0042CA9D95A2C45
:1069D000A7D00C4803685D073FF423AF2346144A51
:1069E00001210DF007FE1CE704249AE7052307F1B7
:1069F000680082F8008087F8683087F87080FFF7B9
:106A000087FE0EE7B4CD00206E0D04003D0E04009D
:106A1000040000019B0D0400EA0D040084CF002057
:106A2000EC08012058DF0020ED080120910E040041
:106A3000690E0400002313B504460193E8B101ABCD
:106A40000F4910480DF1020206F004FD031E0BDC95
:106A50000D480268520703D001210C4A0DF0CAFD0F
:106A60006FF00D0002B010BD019B002001330CBF80
:106A700004239DF802302370F4E76FF01500F1E76E
:106A8000A60E0400C30E0400B4CD00206E0D040059
:106A900073B506460124324DD5E8EF3FC5E8E24F15
:106AA000002AF9D16BB12F48036813F0060F03D009
:106AB00002212D4A0DF095FD6FF07604204602B0BC
:106AC00070BD0DF10700FFF7B5FF90B125480368D1
:106AD0005B0709D16FF00D040023D5E8EF2FC5E85F
:106AE000E13F0029EAD0F8E7204A21460DF079FD80
:106AF000F0E79DF8073003F0FB03012B01D10024E0
:106B0000EAE70DF1060000F061F80028E2D118482C
:106B100008F0D6FA204600F081F804460028DBD1C0
:106B2000002EECD04FF096720023114808F0A2FA24
:106B300010F10B0F044610D10A48036803F0070355
:106B4000022B03D903210B4A0DF04BFD6FF07304A8
:106B50009DF8060000F062F8BEE70028F8D1CEE705
:106B600074F50020B4CD0020CD0E0400E90E040021
:106B700084CF0020130F040008B5084806F01EFB60
:106B8000034648B106480268520703D00121054A6E
:106B90000DF030FD6FF00D03184608BD380F0400EE
:106BA000B4CD0020430F040008B5FFF7E5FF48B956
:106BB00000F0D2F830B9044B1B781BB1BDE8084097
:106BC00000F014B908BD00BFEE08012013B504465B
:106BD000C8B10E490E480DF1060206F03BFC012833
:106BE00003460BD00B480268520703D001210A4A22
:106BF0000DF000FD6FF00D0002B010BDBDF80630C5
:106C000000202370F8E76FF01500F5E7800F04000F
:106C10008B0F0400B4CD0020940F0400042838B575
:106C2000044626D9A0F11405EDB2182D0BD9204841
:106C300003685A0704D0012123461E4A0DF0DAFCEE
:106C40006FF0150014E001231B4AAB4013421FD123
:106C5000012DECD1FFF7A8FF0346C8B11448026824
:106C6000510703D00121154A0DF0C4FC6FF00D004F
:106C700038BD0428DBD801A353F820F0916C020042
:106C8000556C0200556C02002F6C0200916C0200E2
:106C900021460B4806F092FA0028E9D00448036820
:106CA0005B07E3D00121074A0DF09BFCDEE700BF44
:106CB000B4CD0020F90F0400010C3001CF0F040007
:106CC000151004002010040010B5044694B03822BA
:106CD000002106A814F089F8214601A8FFF71AFC44
:106CE0006A46012101A811F041FB044698B11648FB
:106CF0000368590704D001212346144A0DF07AFC99
:106D0000114803685B0704D001212346104A0DF0A7
:106D100071FC14B010BD009B63B1012B0AD00A486E
:106D20000268520703D001210A4A0DF063FC6FF09C
:106D30001504E5E78DF82030032306A88DF81830F8
:106D4000FFF7E6FCE5E700BFB4CD002059100400D2
:106D50009E1004008210040008B5094806F02EFABF
:106D6000034650B10748026812F0060F03D0022113
:106D7000054A0DF03FFC6FF00D03184608BD00BF3B
:106D800002110400B4CD0020C510040070B58EB00F
:106D9000044638220021684614F027F80025104EDA
:106DA0000834214656F8040BF1F786FF48B90B2347
:106DB00068468DF808508DF80030FFF7A9FC0EB03A
:106DC00070BD01350A2DECD1064803685B07F6D08B
:106DD0006FF03C030121044A0DF00CFCEFE700BF0B
:106DE0009CD10300B4CD00200D11040008B5084863
:106DF00006F0E4F920B901220020064B1A7008BD04
:106E0000054806F0DBF90028F5D06FF00D00F6E735
:106E10003D110400EE0801204911040038B5431E5D
:106E2000062B05460C460BD917480368590704D0B2
:106E30002B46164A01210DF0DDFB6FF0150038BD21
:106E4000042906D9104803685A07F6D0104A0B46A1
:106E5000F0E7104B5A5C104B53F820100F4806F027
:106E6000ADF960B1084C23685B0705D001210346EA
:106E70000B4A20460DF0BEFB6FF00D00DFE7094B1B
:106E80001D70094B1C70DAE7B4CD00200412040019
:106E90002612040086120400C4D103004B12040021
:106EA00061120400B8CC0020EF0801200423B0B523
:106EB0008AB000AFFB831023224C012021463A1DEB
:106EC000FB8407F0DBFA18BB2146022007F1080219
:106ED00007F0D4FA0346F8B10123022007F10801B4
:106EE00007F1280202EBC30333F80A2C12F0E3FA8D
:106EF00058B1154C2368590707D00EF0ABFD036855
:106F000001212046114A0DF075FB2837BD46B0BD62
:106F100000230120391DE3E70B4802685207F4D033
:106F20006D4688B06A460A49C2E905144FF40071FB
:106F30009183084942F8101F4FF4E251F7F782FCA1
:106F4000AD46E2E7B5120400B4CD0020BD12040046
:106F5000E812040003000001002808B549DB20F412
:106F60007F035848B3F5047F026808DCB3F5007F5F
:106F70000ADC322B4CD02FDCB3B3172B3ED0520798
:106F800040F09A80504834E06FF4007159180F298E
:106F9000F5D801A050F821F02B70020041700200DA
:106FA000577002007F6F02007F6F02006B7002005B
:106FB000817002007F6F02007F6F02007F6F02000E
:106FC0007F6F02007F6F02007F6F02007F6F020001
:106FD00097700200A37002003C2BD0D112F0060F74
:106FE0001FD16FF0070004E012F0060F02D16FF01E
:106FF000040008BD354911F02DFBF8E712F0060F2B
:1070000002D16FF00600F4E7314911F023FBF8E7F5
:1070100012F0060F02D02F4911F01CFB6FF0150083
:10702000E7E72D4911F016FBDBE712F0060F02D15E
:107030006FF00100DDE72949224811F00BFBF7E76B
:1070400012F0060F02D16FF00C00D2E724491D4860
:1070500011F000FBF7E712F0060F03D021491948A1
:1070600011F0F8FA6FF00B00C3E712F0060F02D12F
:107070004FF0FF30BDE71C49124811F0EBFAF7E77B
:1070800012F0060F02D16FF07700B2E717490D48F2
:1070900011F0E0FAF7E712F0060FBFD014490948E3
:1070A000BAE712F0060F02D16FF08B00A1E7114989
:1070B000044811F0CFFAF7E701210F4A01480DF01B
:1070C00099FA5FE7C4CD0020ADBAADBA0D13040044
:1070D0001B1304002A1304004A130400571304006E
:1070E000651304007813040090130400BA1304001D
:1070F000CD130400DD1304000A14040002460B46FD
:10710000014807F083BE00BFDCCE0020014807F035
:10711000F5BE00BFDCCE00200021014806F04EB8CD
:107120002414040013B504460F49104801AA06F0C0
:1071300091F9031E11DA0E48026812F0060F03D00F
:1071400002210C4A0DF056FA002301210A4823704F
:1071500002B0BDE8104006F031B8019B002BF3D01F
:107160000123237002B010BD2F1404003914040051
:10717000C4CD0020421404002414040030B5044699
:107180000D4685B00DF10F00FFF7CCFF23464FF4FD
:1071900080510A4A0A48009506F074F89DF80F30AD
:1071A00004460BB9FFF7B8FF204624B105B0BDE88F
:1071B0003040FFF7D1BE05B030BD00BF69140400F8
:1071C000F0080120F0B506460F461C46154685B06E
:1071D00002B3FBB14FF0FF314FF0FF30FFF78EFFEE
:1071E0000DF10F00FFF79EFF23463A4631460C484B
:1071F000009505F0E3FF9DF80F3004460BB9FFF74B
:107200008BFFFFF783FF3CB1204605B0BDE8F0409F
:10721000FFF7A2BE6FF01504204605B0F0BD00BF19
:107220007A140400F8B504460F461E461546CAB344
:107230004FF0FF304FF0FF31FFF760FF2046394637
:10724000FFF79CFF044620BB0327184C2221204651
:1072500013F05FFF08B3013F00F10104F6D12221D2
:10726000204613F056FFC0B110F8013C711E0A2BE6
:107270006B5C08BF00F1FF300A2B18BF3146021BC0
:107280008A420DD12046294613F078FD041E18BF0E
:107290000124FFF73BFF2046F8BD6FF00104F8E73B
:1072A0000124F6E76FF01504F5E700BFF0080120B0
:1072B00037B504460D464FF0FF304FF0FF31FFF772
:1072C0001DFF0DF10700FFF72DFF21462A460A4852
:1072D00005F074FF9DF8073004460BB9FFF71CFF5B
:1072E000FFF714FF204624B103B0BDE83040FFF79C
:1072F00033BE03B030BD00BF921404007FB5044616
:107300000E46154662B34FF0FF314FF0FF30FFF7E6
:10731000F5FE0DF10F00FFF705FF002312484FF4B3
:1073200080510370114A2346009605F0ABFF9DF88B
:107330000F3004460BB9FFF7EFFE44B12046FFF7CC
:107340000BFE0446FFF7E2FE204604B070BD06487F
:10735000F1F7BCFC042894BF002001202870F1E75D
:107360006FF01504F0E700BFF0080120A31404003B
:1073700008B5054803685B0703D00121034A11F0F3
:107380006DF96FF0150008BD64CD0020C314040032
:1073900010B5044618B9BDE81040FFF7E9BF00F08A
:1073A000C7F858B90848036813F0060F03D0022144
:1073B000064A11F053F96FF03C0010BD2046BDE8BD
:1073C000104000F095B800BF64CD0020E814040020
:1073D000FF281CBF034B1870034B1B680BB10148FF
:1073E00018477047F018012080F5002010B5037889
:1073F00083B9037A03F0FB03012B0BD111F035F9AC
:1074000040B9BDE810404FF4004200230249034850
:1074100008F00EB810BD00BF80C5002090DF00202E
:1074200010B5084C236813F0060F07D00EF012FBBE
:10743000036802212046044A0DF0DCF86FF03C009E
:1074400010BD00BF64CD002015150400012270B5E9
:107450000F4BD3E8EF1FC3E8E42F002CF9D1B1B9EB
:107460004FF47A734FF4004503FB00F440F2E73029
:107470004FF47A720023E4FB0501F1F7E5FBBDE868
:10748000704002460B460348034907F0D1BF70BD68
:107490007CF5002090DF002080C500200022054BF5
:1074A000D3E8EF1FC3E8E02F0028F9D14FF4615073
:1074B000FFF7CCBF78F500201FB500230393084BDE
:1074C0004FF4A062029302AB0649009306480E23D4
:1074D00007F03EFF0548FFF76FF805B05DF804FBC5
:1074E000341504000839012090DF0020ED730200FC
:1074F00030B585B00446694601200EF0DEFB18B1B8
:10750000FFF78EFF05B030BD4FF47A71009B019DEF
:10751000A3FB013201FB05220299044D91FBF5F119
:107520005B1842EBE172C4E90032EBE740420F0026
:10753000034AD2E90032134314BF012000207047F0
:1075400088DF002010B5104CD4E90032134302D17B
:107550006FF03C0010BD13F046FA4FF47A72A0FBB6
:10756000020302FB0131C30B43EA4143D4E900208B
:107570009B1A064A4FEAD13161EB0001934271F147
:107580000001E5DA0020E5E788DF002080EE360024
:107590002DE9F0418EB080460F461546002110229D
:1075A00068461E4613F021FC2422002105A813F092
:1075B0001CFC13F018FA4FF47A72A0FB024302FB92
:1075C0000131DFF87CC01F4BE40B44EA4144C90B96
:1075D0001E60CCE90041FFF761FF00221A4BD3E89F
:1075E000EF1FC3E8E02F0028F9D14FF47A7200238F
:1075F00040463946F1F7D8FA144BCDE900015A4319
:107600006946012002920EF05AFB034668B1104809
:107610000268520703D001210E4A0CF0EBFF032051
:10762000FFF7D6FE0EB0BDE8F081684605A909F067
:1076300023F81DB1314605A800F044FA2846EFE7CB
:1076400088DF0020E8C9002078F5002040420F00C4
:1076500064CD002045150400014B1B68FFF798BF5F
:10766000E8C9002030B587B0FFF76CFF38B9FFF7E5
:1076700015FFFF2007B0BDE83040FFF7A9BE00228C
:107680001C4BD3E8EF1FC3E8E02F0028F9D1632398
:107690000024002501A902A8CDE90245019300F0CC
:1076A000C7F9024630B9DDE90201019BFFF770FF1F
:1076B00007B030BD04A8CDE9044500F01FF828B993
:1076C000DDE904010122FFF7C7FFF1E70A4BD3E828
:1076D000EF2F511CC3E8E01F0028F8D1002A05DB7A
:1076E000FFF7DCFE0320FFF773FEE1E73C20FFF726
:1076F000ADFEF7E77CF5002078F500202DE9F04796
:107700009CB006460BA810F0A1FF054660B14148A9
:10771000036813F0060F04D002212B463E4A0CF0FA
:1077200069FF6FF03C0470E09DF82C3003F0FB0320
:10773000012BF6D1394FDFF8E880DFF8D8904422EA
:1077400000210BA857F8044B13F04FFB4FF4806354
:1077500041460C93204601AB0BAA0EF001FB0346F9
:10776000B0B1D9F8002012F0060F04D002212D4A42
:1077700028480CF03FFF4DB12648036813F0060F70
:10778000CFD00221284A0CF02CFFCAE70125D6E70A
:10779000019B02A8D3E906210DF061F8034680B1F0
:1077A0001C48026812F0060F06D101980EF052FB39
:1077B00002A80DF083F8DEE71C4A02210CF01AFF44
:1077C000F3E7DFF86CA041F28831524602A8F7F7E0
:1077D00097FC044638B10F48036813F0060FE4D055
:1077E000144A2346E9E701980EF034FB02A80DF095
:1077F00065F84FF47A71DAF80030DAF80400A3FB88
:10780000013201FB0022C6E9003220461CB0BDE86F
:10781000F08700BF64CD002063150400E4D10300AD
:107820009D150400A1150400E3150400B81504001B
:1078300068E00020CD15040010B5084805F0BEFC36
:10784000034648B106480268520705D0BDE810401B
:107850000121044A0CF0CEBE10BD00BF2316040067
:1078600064CD00202F160400012801D0152803D173
:107870000249034812F045BF704700BFECC9002021
:1078800090DF00200122F0B5614B8DB000AF0446BF
:107890001A70FFF757FED8B12C21204613F039FC9F
:1078A0000546C0B95B4803685E0711D06E4688B0D4
:1078B0006A46594BC2E905344FF400739383574B22
:1078C00042F8103F4FF4E2512B46F6F7BBFFB546A6
:1078D0003437BD46F0BDF1F7F9F9102816D84D48F8
:1078E00003685D07F4D06D4688B06A464C4BC2E928
:1078F00005344FF400739383484B42F8103F002344
:107900004FF4E251F6F79EFFAD46E1E76B78222B8C
:1079100008D0404803685907DAD06D4688B06A46F7
:10792000404BE4E707230E213A1DA81C0CF0AEF9EA
:107930000628034614D8374802685207C8D06D4657
:107940008AB06A463849D461C2E9051340F201336E
:107950001384364B42F8103F00234FF41151D1E706
:1079600039797A7901F00F0303EB8303090901EBFD
:10797000430102F00F0303EB8303120902EB4302FE
:10798000BB79C9B203F00F0000EB80001B0903EBC9
:107990004003DBB2BB61FB79D2B203F00F0000EB16
:1079A00080001B0903EB4003DBB27B613B7A013AA9
:1079B00003F00F0000EB80001B0903EB4003DBB278
:1079C0003B617B7A643103F00F0000EB80001B0900
:1079D00003EB4003B87ADBB2FB6000F0070303EB74
:1079E0008303040904EB4304030707F10C004FF47D
:1079F0007A7548BF6442FA613962F5F7A3FEA0FBCD
:107A000005062346002205FB0161FFF7C1FD5FE784
:107A1000F118012064CD00206B1604000300000162
:107A200098160400BB160400F216040004000001BE
:107A3000632370B590B006931D4B04461B780D462A
:107A4000E3B106AB07AECDE9036308AB029309AB24
:107A500001930AAB00930CAA0BAB1649164805F02C
:107A6000F9FC821F012A03460CD91448026812F05F
:107A7000060F03D00221124A0CF0BCFD6FF03C004F
:107A800010B070BD0C9B304664330C930B9B4FF4CD
:107A90007A76013B0B93F5F755FEA0FB060206FB39
:107AA0000122069BC4E9000200202B60E8E700BF2A
:107AB000F1180120341704005017040064CD002091
:107AC000591704007FB5124B1B78FBB9D0E9042588
:107AD000642495FBF4F60391036804FB16510293AA
:107AE00043680132019383680093C368094805F035
:107AF00065FB034650B108480268520706D00121D1
:107B0000064A04B0BDE870400CF074BD04B070BD0E
:107B1000F1180120ED17040064CD00201A180400AC
:107B2000F7B5044601900E4601A81949174610F012
:107B3000ADFD019D2B785B2B12D15D21284613F002
:107B4000E8FAF8B10130441B631CBB421DD8224641
:107B50002946304613F022F90020305503B0F0BD1D
:107B60003A21284613F0D5FA0028ECD12F212846D7
:107B700013F0CFFA0028E6D12046F1F7A7F8431C0E
:107B8000E018E0E76FF01500E8E76FF00600E5E7C2
:107B900011D70300F0B585B001900E4601A81B492E
:107BA00010F074FD019B1B785B2B03D1184901A8D1
:107BB00010F06CFD174901A810F068FD054608BBE0
:107BC000019F2F21384613F0A4FAC8B93846F1F7BF
:107BD0007DF80446072C28BF07243946224602A810
:107BE00013F0DCF804F110030DEB0304002302A8EA
:107BF00004F8083C13F0B0F83080284605B0F0BD1A
:107C0000C41BE7E76FF01505F7E700BF11D70300C6
:107C10003F2F04006D0B04002DE9F3410E46164979
:107C20001746019013F0EEFA58B9144901A810F064
:107C30002DFD044660B16FF01504204602B0BDE88A
:107C4000F0810F4901A810F021FD0028EDD0F2E7E6
:107C5000DDF804804046F1F739F8431CBB42054685
:107C600006D802464146304613F098F87455E4E7CA
:107C70006FF00604E1E700BF12D7030013D703003B
:107C800011D703002DE9F0411E4694B000AF054620
:107C90000C4690460021442207F10C0013F0A5F891
:107CA000022E7E6149D0002C3BD004214FF480533A
:107CB00078183B61224A234609F0DEFA391D28462E
:107CC00007F1080307F10C020EF04AF8044650B31E
:107CD0001C4B1B6803F00703022B1BD97B696E4604
:107CE000022B98BF184A8AB094BF52F82330174B22
:107CF0006A46C2E90730164B16495362164BC2E971
:107D0000051542F8103F00234FF443510D48F6F794
:107D100099FDB5466FF0750420465037BD46BDE865
:107D2000F0812146CBE7BD684046D5E9062113F036
:107D300035F828460EF08EF8EEE76FF01504EBE705
:107D4000351804007CCD0020ECD103003F1804005E
:107D500000020103471804000500000238B505467B
:107D6000006800281BDB0EF088F8044660B10DF0B7
:107D700071FE0368092B07D00DF06CFE04680948FA
:107D800003685B0705D164424FF0FF332B60204648
:107D900038BD23460121044A10F08AFCF3E7002491
:107DA000F5E700BF7CCD0020731804002DE9F04FEB
:107DB00093B002AFD7E91A54B5F8008083468A46DB
:107DC000C7E901233E6FB8F1000F4ED133692A464F
:107DD000002B08BF022320467179FFF753FF81462D
:107DE000002842D0AA483369026802F00702B3B102
:107DF000002A35D06D468AB002AAA64BC2F81C9064
:107E0000C2E905344FF400731384A34B42F8103FCA
:107E100000234FF41151F6F715FDAD4620E0022A7C
:107E200012D9E8468AB002AA9C49C2F81C90C2E95D
:107E300005144FF400711184974942F8101F4FF454
:107E40001351F6F7FFFCC54601232A4620467179F7
:107E5000FFF718FF814640B18D4803685D07C9D11F
:107E600048464437BD46BDE8F08F2888012827D012
:107E7000022840F08181BB685BBA6B801823FB60ED
:107E800052467968FBF72EF800288146DFF8008219
:107E9000CBF8000019DA0DF0DDFDD8F80030D0F88D
:107EA0000090590705D04B46012140467C4A10F00E
:107EB000FFFBC9F10009B9F1000F00F0528130E079
:107EC000BB685BBA6B800823D9E77379002B3BD082
:107ED000D8F80020BB6102F00702022A04D903216E
:107EE0004046704A10F0E4FB04234FF48262009392
:107EF0000121484607F118030EF086F820B3D8F8A0
:107F000000305A070BD0D7F818800DF0A3FD036896
:107F100001210093644A43465D480CF075FB6FF005
:107F200072095846FFF71AFF2B885948022B03683D
:107F300040F0288103F00703022B85D94B4603212B
:107F40005A4A10F0B5FB7FE7BAF5817F04D040F2C2
:107F500011139A4540F0DC8033687B61002B00F000
:107F6000D78096F80490B9F1000F00F0D180DBF8CB
:107F700000303B610223BB6104230093052207F11B
:107F800018034FF48D7138690EF03EF8DFF8008168
:107F9000D8F80030002859D05B0707D00DF05AFD03
:107FA000012103684046424A10F082FB0DF052FD69
:107FB0000368C3F10009B9F1000FB2D1BAF5817FAE
:107FC0007ED10120214607F11A020EF016F8012891
:107FD00000F09E800220214607F11A020EF00DF8F3
:107FE000012800F095802046F0F770FEDBF8009045
:107FF0000222009023464FF48D7148460EF004F89B
:10800000002800F08580D8F80030590716D00DF010
:1080100021FDE8468AB0036802AAD3614FF40073D9
:10802000244913841C4BC2E9051442F8103F002375
:108030004FF411511648F6F705FCC5460DF00AFD40
:108040000368002B64D0C3F100096AE703F007035B
:10805000022B05D94B4603214046174A10F028FB56
:108060004FEA8903009301224FF48D717B693869CF
:108070000DF0CAFF0028A1D0D8F80030580795D0DD
:108080000DF0E8FC012103680C4A01488CE700BFB1
:108090007CCD00209418040004000001BF180400E7
:1080A00004190400261904003C190400521A0400A3
:1080B00067190400F319040093190400C01904009F
:1080C00040F211139A4523D1B37B0BB30223DBF8A3
:1080D0000000BB6104230E2200934FF48D7107F161
:1080E00018030DF091FF98B10DF0B4FC03687B61AB
:1080F000C3F10009D8F800305A0705D04B460121DA
:10810000254A264810F0D4FA7B69002B7FF409AF8A
:10811000294631F8040B282307F11802FAF7DAFF91
:108120001E48036803F00703022B13D9E84688B002
:1081300002AA1B4B536107F1180393614FF40073BC
:108140009383184B42F8103F00234FF4E651F6F7A3
:1081500079FBC546DBF800002946FA680DF08FFE72
:1081600010B94FF000097BE60DF074FC0368682B32
:1081700005D0C3F100099EE66FF06909D1E66FF002
:108180006E09CEE65B073FF46BAE4B460121064A13
:1081900010F08EFA64E600BF1F1A04007CCD0020A8
:1081A000411A040003000001861A04004FF47A7398
:1081B000B1FBF3F210B5002403FB1211594386B052
:1081C000431C0292039404911AD0102314220093AA
:1081D000012102AB0DF018FF80B10B4C236813F0A6
:1081E000060F07D00DF036FC02210368074A20462F
:1081F00010F05EFA0DF02EFC0068404206B010BD93
:108200006FF01500FAE700BF7CCD0020A01A040033
:10821000F0B50446674F85B000F510760121204681
:1082200010F0B9FA30B14FF0FF324FF0FF33304663
:1082300006F020FF0221204610F0ADFAC8B1D4F8B4
:108240003C312046DB689847014668B1206810F051
:1082500065FA0028E2D0206810F06EFA01220221AF
:10826000204610F07DFAD9E704220221204610F0C2
:1082700077FA0321204610F08EFA30B14FF0FF322A
:108280004FF0FF33304606F0F5FE0421204610F093
:1082900082FA002853D0D4F83C3120465B699847D5
:1082A000014690B310F1680F0CD0206810F036FA38
:1082B00040B1204610F085FAB0E70421204610F0C6
:1082C0006AFAC8B1204610F045FAD4F83C3120468D
:1082D000DB68984705460028A0D03B685B0705D0BF
:1082E00001210346344A33480CF084F929462068BA
:1082F00010F014FA0028E0D0204610F02BFA206885
:1083000010F01AFA01220421AAE794F83831B3B127
:108310002848036803F00703022B03D90321274AE7
:108320000CF05FF9204610F04CFA0023CDE9013340
:108330000393022322688DF8043001A89047052199
:10834000204610F028FA60B1637E8BBB204610F007
:1083500001FA01222046052110F002FA206810F0EF
:10836000EBF90621204610F016FA00283FF456AF2C
:10837000D4F83C3153B1204610F0ECF9D4F83C313C
:1083800020469B6898470023C4F83C3106212046CC
:10839000002210F0E5F90023CDE901330393042313
:1083A00022688DF804300DEB0300904705B0F0BD56
:1083B0000322CFE77CCD0020D31A0400EF1A04007B
:1083C0002DE9F04F95B004469946D0F83C3100AF06
:1083D00000F516784046BB6016464FF0FF334FF06D
:1083E000FF328A4610F098F90121204610F0D3F9A7
:1083F000C0B90321204610F0CEF998B9A34803680C
:108400005E0705D094F86C320121A14A0CF0F2F815
:10841000404610F0A3F94FF0FF3528465437BD46CB
:10842000BDE8F08F0321204610F0B5F9F860F8B1EF
:108430004022304607F11001FFF772FB68B1934804
:1084400003685D0703D00121924A0CF0CAF8404648
:1084500010F084F96FF01505DFE7402204F12C01DC
:1084600007F1100012F06AFEB0FA80F35B09FB60BE
:108470004022304604F12C01FFF752FB834648B1FD
:10848000824803685C07E2D001215B46824A0CF017
:10849000B1F8DCE7C022304604F16C01FFF7BCFB09
:1084A0000546D0B179480368590712D06C468AB0A6
:1084B0006A467A4BD661C2E9053540F2013313842E
:1084C000774B42F8103F4FF411515B46F6F7BAF97B
:1084D000A546404610F042F99FE7D64604F10C0C41
:1084E000BEE80F00ACE80F009EE80F008CE80F001C
:1084F00094F8283004F10C02C4E94B59C4F8345103
:1085000084F838517A6013B90A2384F82830DFF8E8
:1085100094910023CB46C4F83C31634A5B469345B3
:108520000DD21A683146204612683B6090470BF125
:10853000040B3B680028F0D01B68C4F83C31D4F829
:108540003C31002B5BD13046584912F05BFED8B16C
:108550004E4803685A0711D06C4688B06A46544B9F
:10856000C2E905364FF400739383524B42F8103F33
:1085700000234FF4E251F6F765F9A546404610F0A6
:10858000EDF86FF07A0548E7DAF80030002B4AD0B2
:108590009AF80410484A494B00290CBF92469A4663
:1085A0003A48036813F0060F12D0EB468AB06A46C9
:1085B000434BC2F81CA0C2E90536424B1362424B42
:1085C00042F8103F00234FF42251F6F73BF9DD4605
:1085D000354A9145CB460ED2DBF800305146204655
:1085E0001B68984709F104092F4A0028F1D0DBF8ED
:1085F0000030C4F83C31D4F83C31002BA8D0032122
:10860000204610F0C8F8F8B1FB687BB104220321C2
:10861000204610F0A5F8404610F0A0F804F51070C0
:1086200006F0EEFCF9E6DFF890A0B9E7BB685BB1B5
:108630001B6920469847BB6820469B6898470122E3
:108640000321204610F08CF802220121204610F070
:1086500087F8D4F83C31324620465B687968984701
:1086600006460028D7D001220221204610F078F8D3
:10867000404610F073F8054803685B0704D00121F9
:108680003346124A0BF0B6FF3546C6E67CCD0020D5
:10869000011B0400191B0400321B0400531B0400BF
:1086A000040000016C2F0400702F040011D7030098
:1086B000A91B0400030000010DD7030004D7030029
:1086C0007C1B04000002010304000002C31B040021
:1086D0002DE9F04184B004460E46D0F82C111E4816
:1086E0001546036800AF03F0070359B3022B19D9ED
:1086F000E8468AB0D4F830316A46DFF860C0D1610C
:10870000C2E905C34FF0640C0CFB03F3B3FBF1F3B8
:108710001362052342F8103F00234FF42351F6F76C
:1087200091F8C5460022C7E9026523683A71381DF1
:10873000984710B1204610F044F800201037BD468D
:10874000BDE8F081022BEDD9D4F830310321044A81
:108750000BF050FFE6E700BF7CCD0020EA1B0400D1
:10876000081C040070B50D46044688B0002847D0A8
:10877000002945D00B68002B42D04B68002B3FD01E
:108780008B68002B3CD04FF40362002112F02DFBCC
:1087900095E8070084E807000122002104F5107025
:1087A00011F04DFF04F51676304611F0ACFE4FF097
:1087B000FF324FF0FF3330460FF0AEFF00220023B0
:1087C0000025CDE906230E234FF4A062CDE9033541
:1087D000CDE901550C4B009404F54C7104F51C7067
:1087E00006F008FFC4F82803084906F04FFE0123ED
:1087F000304684F86C320FF0B1FF284608B070BDE7
:108800006FF01500FAE700BF118202001C1C040083
:108810002DE9F743894616461F460446002842D0F4
:10882000002940D0002A3ED0002B3CD000F516781D
:1088300040464FF0FF324FF0FF330FF06DFF012144
:1088400020460FF0A8FFB8B9032120460FF0A3FF80
:1088500090B91F4803685A0705D094F86C3201217B
:108860001C4A0BF0C7FE40460FF078FF4FF0FF3474
:10887000204603B0BDE8F0833046F0F727FA0546FE
:108880003846F0F723FAA168054402358D420DD928
:108890000F4803685B0703D001210F4A0BF0A1FECC
:1088A00040460FF05BFF6FF01504E1E70097334699
:1088B0000A4A606808F0E0FC6268494620460A9B64
:1088C000FFF77EFD044640460FF048FFD0E700BFAB
:1088D0007CCD0020011B0400271C04005F1C040049
:1088E00038B506220D4601230446C0E95723214925
:1088F0000822284612F022FC48B1072228461E49C9
:1089000012F01CFCB8B1237CABB1E3689BB14FF40F
:108910008173C4F85C31E3680BB1237C5BB9174801
:10892000036813F0060F03D00221154A0BF059FE1D
:108930006FF0150013E0284604F5B271FFF72AF92D
:1089400050B1D4F85C31062B0AD0B3F5817F03D146
:1089500040F2BB13A4F86431237E1BB9002038BD5C
:108960005023F7E7D4F8603143F08043C4F8603116
:10897000F4E700BF04D703000DD703007CCD00202F
:10898000651C040010B50C4608222046074912F069
:10899000D5FB40B107222046054912F0CFFBB0FAC3
:1089A00080F0400910BD0120FCE700BF04D70300A0
:1089B0000DD703007FB500F10C03029300F12C03E7
:1089C000019300F5B373009300F5AC76B0F8643111
:1089D000D0E9571204463046FFF7E8F9054698B942
:1089E000D4F84011D4F85801FFF7E0FB054670B108
:1089F0000A4803685B0704D001212B46084A0BF0A4
:108A0000F9FD3046FFF7AAF9284604B070BD0123EE
:108A100084F8440184F87031F6E700BF7CCD002073
:108A20008B1C04002DE9F04387B090F870310446A8
:108A300004AF002B79D00023C0F8343180F85431D2
:108A4000D0F85C31B3F5817F11D1037E7BB94369E6
:108A5000B3F5006F3FD9A548036813F0060F03D0A4
:108A60000221A34A0BF0BDFD4FF400636361656909
:108A7000D4F8306104F16C0304F12C0CD4E9010149
:108A800065B3D4F82C213544013D1AB1013A954221
:108A900028BF1546CDE90165964ACDF800C008F01B
:108AA000EBFB012384F845310023C4F8483100284A
:108AB00002DBA368834222D28C4803685A0703D0A2
:108AC00001218D4A0BF08DFD6FF0670630460C37A3
:108AD000BD46BDE8F083002BC6D0C8E73EB1CDE966
:108AE00000C6864A08F0C8FB84F84551DFE7844A8F
:108AF000CDF800C008F0C0FB84F84561D7E7024616
:108B00006168D4F858010FF0D5FD60B1774C236847
:108B10005B07D9D00CF09EFF036801212046794AFB
:108B20000BF068FDD0E784F87001D4F83431D4E953
:108B30000112D4F85801D21A19440FF0D9FD061EBB
:108B400014DA16F17A0F0CD1636953B1B3F5807F53
:108B500002D9803B6361B7E7083B082B6361B5D955
:108B6000B2E794F84431002BB0D0ADE7D4F83431FB
:108B700006EB030894F85431002B40F0E081B8F183
:108B8000000FA1D042466049606812F008FB00283F
:108B90007FD0012384F8543163680430C51A002162
:108BA0000A46DFF868C1AA42606874D12A4658496B
:108BB00012F0F5FA814678B162685649821AAA1A0B
:108BC00012F0EDFA786038B10A22391D09F1090076
:108BD00008F076FDC4F850016FF4967CD4F850315B
:108BE00003EB0C02022A05D96FF499700344012BA0
:108BF00000F2D7802A464849606812F0D0FA8146D0
:108C0000002800F0CE8062680130821A4149AA1A19
:108C100012F0C5FA7860002800F0C3800023334EBC
:108C20000370326809F10C0502F00702022A11D91B
:108C3000E84688B004AA3949C2E905154FF4007125
:108C40009183374942F8101F4FF4E6513046F5F74B
:108C5000F9FDC54629462046FFF742FEA0B333681A
:108C6000590713D06C468AB004AA2E4BC2E90530CE
:108C700040F2013313842C4BD56142F8103F00239E
:108C80004FF411511948F5F7DDFDA5466FF04C067C
:108C90001CE7454683E7835C00EB020E0D2B04D0F6
:108CA0000A2B02D061B93A2B0CD01CF8031001F04A
:108CB000030101294FF0000108BF20338EF8003076
:108CC000013270E70121FBE74022284604F12C0124
:108CD000FEF726FF814658B333685A07D6D06C4654
:108CE0008AB004AA114BC2E90530C1E77CCD00204F
:108CF000B31C0400EC1C0400B71D0400371D040065
:108D0000801D0400E31D04007B1D0400DC2B040017
:108D1000091E04007D1D0400131E04001F1E040014
:108D200003000001341E0400040000015D1E040065
:108D3000C022284604F16C01FEF76EFFD8B13368FB
:108D40005B0713D06E468AB004AA964BD561C2E980
:108D5000053040F201331384934B42F8103F4FF437
:108D600011514B469148F5F76DFDB54604F5167067
:108D700006F0C4F88AE794F8713194F8282001339A
:108D8000DBB29A4284F87131BFF49EAE33685E075D
:108D900004D00121864A85480BF023FC6FF01E06A3
:108DA00094E6D4F82C316068CBB994F845312A4662
:108DB000002B37D07F4912F0F2F980B163687E4909
:108DC000C21AAA1A12F0EBF9814640B162687B49D7
:108DD000821AAA1A12F0E3F9786000283AD12A46DA
:108DE0007749606812F0DBF958B17048036813F0F6
:108DF000060F03D00221734A0BF0F3FB012384F822
:108E0000443194F85431002B4FD0D4F850315BBB2F
:108E1000664803685D073FF439AF6B4A01210BF0E8
:108E2000E0FB33E7694912F0BAF90028D7D03A21BC
:108E300012F06FF9626881460028D0D0821A5F492B
:108E4000AA1A12F0ACF978600028C8D0D4F83031F2
:108E5000C4F82C3109F1010011F07EFFD4F82C3157
:108E60000344C4F82C31BAE794F845218AB9D4F800
:108E70003021002A0CBFC822CE2293420BD04B488F
:108E8000026854073FF402AF0121514A0BF0B2FBD4
:108E9000FCE6CE22F1E7D4F82C31CBB94348036885
:108EA00059073FF4F3AE4B4AB8E7626802EB080398
:108EB0009A427B6004D219780D2901D00A291CD16D
:108EC0007D6815F8013C0D2B19D00A2B17D0AD1A6F
:108ED000002D64DBA84515D10023C4F834310025EA
:108EE000D4E94B329B1A202B28BF2023AB422EDD26
:108EF000002E3FF4E9AD0026E8E5013BD8E7013D4F
:108F00007D60DDE745B16068A8EB05084246411980
:108F100011F051FFC4F8348194F854318BB9A3682F
:108F2000D4F834219342DAD120480268520703D0A2
:108F30000121294A0BF05EFB6FF00606C6E5C4F876
:108F40003481B8F1000F4546CADA4646BEE52A44E8
:108F5000C4F8302125B12A4620466168FFF7B8FBE6
:108F600094F8453153B1D4F848311D446369C4F8CD
:108F700048519D4224BF012384F87031D4E94B321B
:108F80009A4202BF012384F8383184F870310023FB
:108F9000C4F8343194F83831002BA9D0ABE72E4611
:108FA00094E500BF531B0400040000017CCD0020A9
:108FB000861E0400AD1E040013D703007D1D0400AF
:108FC000CE1E0400E21E04000A1F0400BD1E0400A1
:108FD0003B1F04005D1F04006F1F0400002307B542
:108FE000CDE90033044B8DF800001B6868469847B4
:108FF00003B05DF804FB00BFD4F7002008B50649B4
:10900000064811F08EFB06490648FFF7ABFB10B986
:109010000122054B1A7008BD8590020078E00020FF
:10902000FCC90020A8E00020F218012007B56FF06D
:10903000010111480FF08BFC104B1B7873B100221B
:10904000CDE9002205228DF804300D4B68461B68DF
:109050008DF80020984703B05DF804FB6FF0200105
:1090600005480FF074FC83064CBF0620012003B0B6
:109070005DF804EBFFF7B2BF9CF50020F318012068
:10908000D4F70020F0B585B0334802AFD0E8AF3F49
:10909000D90608D44FF400420023304806F0C2F944
:1090A0000C37BD46F0BD6FF004010FF050FC381DC9
:1090B00000F07AFB2A4C0546E8B123685A0714D021
:1090C0006E468AB002AA274B5361274BC2E906308D
:1090D0004FF400731384254B42F8103F00234FF4E4
:1090E00011512046F5F7AEFBB5460523204A137013
:1090F000FFF79CFFD4E77E681E4B1F4A00961B6853
:1091000012681E491E48FFF783FB2368C0B15B0746
:1091100014D06E468AB002AA1A4B53611A4BC2E9A8
:1091200006304FF400731384104B42F8103F4FF495
:1091300011512B462046F5F785FBB5460223D5E7AE
:1091400003F00703022BABD90321334620460F4A15
:109150000BF050FAA4E700BF9CF5002078E0002057
:109160008CCD0020A41F0400F7210400040000019E
:10917000F3180120CCF70020D0F70020A4F700203E
:10918000A8E00020CA1F0400E7210400F41F040027
:1091900070B5044686B0002800F0A4810378032B44
:1091A00000F2E280DFE813F004000001E300910127
:1091B0006FF0020188480FF0CAFB830740F1A380DB
:1091C000864987480FF048FB58B10522854B1A7035
:1091D0006FF0040180480FF0BAFB002000F0FAFAAB
:1091E00089E0814BD4E901011B787BB100F096FA4C
:1091F0007E4D287068B97E4803685E0703D07D4ABB
:1092000001210BF0EEF90322764BE0E700F068FA5B
:10921000EEE7794B1B7830EA03020DD0744C2268DC
:10922000550706D001210093744A034620460BF0EF
:10923000EBF904226B4BCAE7684E714B0021326890
:1092400000F07CFA10F11B0F034605D16848036853
:109250005907D8D06B4AD3E700280ADA6448026875
:10926000520703D0684A01210BF0C4F906225D4B76
:10927000ADE7ADD103A800F097FA0028F6D1039B23
:10928000002B3BD05448D0E8AF3F1B071DD56FF0F3
:1092900004010FF05CFB00F0B9FA014640B1544BF9
:1092A0001B685D07E2D001210346584A5048DBE7BE
:1092B000534B3268287800F041FA034618B34C4803
:1092C00002685407D2D0524ACDE704210FF034FB94
:1092D00043480FF097FA00234FF400424D4806F040
:1092E000A1F84348036803F00703022B03D90321C5
:1092F000494A0BF076F94FF0FF3036E06FF0040189
:1093000035480FF024FBD4E9010100F057FA10F1C1
:10931000160F034609D13648036803F00703022BF2
:109320007FF671AF03213D4A6BE728B130480268F0
:1093300051079BD03A4A96E7294803A90FF0ADFAA6
:1093400000287FF442AF254B1A68002A3FF43DAF56
:109350006421039B8DF810004B43B3FBF2F305939C
:10936000304B04A81B689847002006B070BD012050
:1093700000F030FA034618B900F066FA034630B13F
:109380001B48026852073FF471AF274A6BE76FF042
:10939000010111480FF0DBFA10210F480FF0CCFA51
:1093A0000120FFF71BFEDFE7204E114D3368002B35
:1093B00040D0426812F1680F01D00B323AD12A68CE
:1093C00012F0060F04D00221194A09480BF012F9D5
:1093D0003368013B3360C7E79CF5002084F500202B
:1093E000A8E00020F3180120F5180120F41801204E
:1093F0008CCD002012200400B9CC002025200400D0
:109400006589030058200400662004007F200400C2
:10941000A320040078E00020CB200400F02004000A
:10942000FE200400D4F7002018210400A0F700203B
:10943000322104002B685E0705D0636801212B4AA6
:109440002B480BF0D7F8002000F0C4F910F10D0FF5
:1094500008D038B12B68580704D00121254A244888
:109460000BF0BFF86368244A13F16E0F10DA13F1A2
:109470007B0F1CDB01217B3301FA03F313F4A95F9B
:109480001CD113F0C00F1BD1D90710D5072318E04A
:1094900013F1220F14D013F1210F0ADA13F16A0F1E
:1094A00011D004DB13F1680F0AD04D3308D0052327
:1094B00007E013F1160F06D00733F7E7117087E6C0
:1094C0000223137084E60823FBE70C4C102120468E
:1094D0000FF032FAD4E8AF3F5B073FF545AFFFF737
:1094E000A5FD41E76FF015003FE700BF5C210400D8
:1094F0008CCD002076210400F31801209CF500207B
:109500002DE9F04F85B00D461E4604460392002813
:109510007AD0002978D0414B1B68002B74D00121F0
:109520003F480FF009FA10EA010970D13D4F9DF84C
:109530003830052E7B710F9BBB606BD86FF010012C
:1095400037480FF004FA6FF0040135480FF0FFF9C7
:10955000354B204683F80090EFF7B8FB01462046D4
:10956000F2F7CAFE82462846EFF7B0FB01462846CE
:10957000F2F7C2FEDFF8B4808146D8F80020DFF8A9
:10958000B0B0924503D1DBF80020904236D00821DC
:1095900023480FF0D1F9274BC8F800A01C60264BD8
:1095A000CBF800901D60039B43B13EB1234B039960
:1095B0001846B20011F0F2FB3E7138600221204BD8
:1095C0009DF8402019601F4B15481A700FF0B4F930
:1095D00000232246009313492B461B48FFF718F936
:1095E000044638B16FF001010D480FF0B0F916488C
:1095F0000FF008F9204605B0BDE8F08F6FF00801C4
:1096000007480FF0A4F9C6E76FF01504F2E76FF012
:109610007704EFE76FF00604ECE700BFD4F7002013
:109620009CF50020A4F70020F3180120C8F70020C3
:10963000C4F70020D0F70020CCF7002088F50020E8
:10964000A0F70020B9CC0020A8E00020B0B500AF02
:1096500068B3184B4FF400711860174800F068FBAE
:109660000446D0B1154803685B0713D06D468AB035
:109670006A46134B5361134BC2E906344FF400732F
:109680001384114B42F8103F00234FF41151F5F7AA
:10969000D9F8AD462046BD46B0BD0C4B18700C4BFA
:1096A0001B78002BF6D1FFF7A9FC0446F2E76FF018
:1096B0001504EFE7D4F70020A0F500208CCD0020A2
:1096C000AB210400D421040004000001F51801209E
:1096D000F2180120014B1860704700BF08CA002033
:1096E0001F2910B504460ED900F01AFB68B92046B0
:1096F00000F09EF958B9074803685B0703D00121C1
:10970000054A0AF06EFF002010BD0120FCE7022090
:10971000FAE700BF6CCD00204722040008B50548D9
:1097200003685B0703D00121034A0AF05AFF0020B7
:1097300008BD00BF6CCD00204722040010B50446D0
:10974000012C10461A4603D0022C0FD1104C05E014
:10975000104B1C68104B9C4213D01C460D4B1C60D8
:109760000E4B19602368BDE8104018470C48036889
:109770005B0703D001210B4A0AF033FF6FF085002D
:1097800010BD064B1B688B42E8D10020F8E700BFF4
:1097900028D20300D8F7002010D203000CCA002002
:1097A0006CCD002012200400034B1B680BB15B68DA
:1097B00018476FF00C007047D8F70020044A126871
:1097C00012B108B1936818476FF00C00704700BFE2
:1097D000D8F7002010B50A4B1B686BB1DB689847BF
:1097E000044638B1074803685B0703D00121064AE5
:1097F0000AF0F7FE204610BD6FF00C04FAE700BF38
:10980000D8F700206CCD00206522040038B50B4D40
:109810002B687BB15B699847044648B108480368E8
:109820005B0703D00121074A0AF0DBFE204638BD62
:109830002860FBE76FF00C04F8E700BFD8F70020C2
:109840006CCD002065220400034B1B680BB11B6923
:1098500018476FF00C007047D8F7002030B5144C53
:1098600085B02368F3B900B30568F5B14168E1B18B
:109870008268D2B125600293436901930369009322
:10988000C3680C48F5F77CFB044640B10A480368FE
:109890005B0704D001212346084A0AF0ABFE2046AC
:1098A00005B030BD6FF00D04F9E76FF01504F6E771
:1098B000DCF70020E0F7002078CD002083220400B0
:1098C00010B5044602480AF0C8FF2060002010BD11
:1098D000E0F700200A4610B50146002307480AF0C9
:1098E00078FF044640B1064803685B0704D00121B5
:1098F0002346044A0AF07EFE204610BDE0F7002011
:1099000078CD0020A522040010B528B9002400223B
:109910000B4B20461A6010BD002201231146094856
:109920000AF057FF04460028F0D0074803685B0799
:10993000EDD001212346054A0AF05CFEE7E700BFAF
:10994000DCF70020E0F7002078CD0020A5220400FD
:1099500008B50023064883600361C36833B14169D9
:1099600000F0C8FA0022034B1A6008BD1846F9E758
:10997000E0F70020DCF70020F7B5274D2B6803F057
:109980000703022B04D903212846244A0AF029FEA2
:1099900010F0ACFC024658B1112809D02B685907C9
:1099A00003D01F491C480FF002F86FF00D041BE0B4
:1099B0001C4F00203B6898473C2601A810F001FC92
:1099C0000446D8B1721C03D101203B6898473C265D
:1099D000112C0CD0052C0AD02B685B0704D0224632
:1099E00011490D480EF0E3FF204603B0F0BD4FF4DF
:1099F0000040002110F06AFF013EDEE73B680220D4
:109A000098472B6803F00703022BEDD90321074A7F
:109A100001480AF0E6FDE7E774CD0020DC220400EF
:109A2000132304000CF80020352304005223040003
:109A30004068024BC31A5842584170476D654475DF
:109A40002DE9F04399B002AF344B07F10C090646FB
:109A500048461A6010F0F1FB314C054668B12368A6
:109A6000580704D02A4620462E490EF0A0FF6FF07A
:109A70000D005C37BD46BDE8F08307F130082423B4
:109A800025214046284ACDF8009007F0F5FB2368D1
:109A900003F00703022B12D9E94688B002AA234B30
:109AA000C2E905384FF400739383214B42F8103F0D
:109AB0004FF4E6512B462046F4F7C4FECD4607F19D
:109AC000080010F09CFB024628B123685907CED04D
:109AD00018491348C9E7BB68B3420CD22268520741
:109AE00006D001210093144A33460D480AF08CFD3C
:109AF0006FF01A00BDE7381D10F063FB38B1112874
:109B000009D023685B07B2D002460C49E1E77B68C5
:109B1000B3F5201FADD1FFF72FFFAAE70CF8002007
:109B200074CD00206B230400B4D8030095230400F7
:109B300003000001B0230400E42304001324040004
:109B400008B510F03EFB024640B1054803685B07CC
:109B500002D004490EF02BFF6FF00D02104608BD35
:109B600074CD00201324040070B505460E4604F0A1
:109B70004BFE024660B110F1780F09D0214803680E
:109B8000590702D020490EF012FF6FF00D0070BD92
:109B900001221E4B314628461A7010F06AFB041E43
:109BA00006DA184803685A07EFD022461849EAE750
:109BB00023D0144803685B0703D0224615490EF0F2
:109BC000F6FE012C1BD0A31E0C2BDED80123A340D4
:109BD00013F40A7F0ED113F4904F04D1022CD4D188
:109BE0006FF00600D3E7FFF7C7FE31462846FFF7C0
:109BF000BBFF10B16FF01500C9E70020C7E76FF099
:109C00000B00C4E774CD002047240400F620012097
:109C100084240400A924040008B504F025FE0246AB
:109C200050B1074803685B0702D006490EF0BFFE3B
:109C30006FF00D02104608BD034B1870FAE700BF25
:109C400074CD0020C6240400F620012010B510F0C9
:109C500036FB044613280F48036809D15B0703D07D
:109C600001210D4A0AF0BDFC6FF01504204610BD1D
:109C700003F007033CB11BB1224608490EF097FEE2
:109C80006FF00D04F2E7022BF0D90321044A0AF029
:109C9000A8FCEBE774CD0020F92404003325040070
:109CA0006625040008B5074B1B781BB9BDE80840C2
:109CB00010F01CBB0020FFF7AFFF0028F6D06FF0BC
:109CC0000D0008BDF62001200548036803F00703D6
:109CD000022B04D900230321024A0AF08BBC7047EF
:109CE00070CD0020AC25040013B5002108460CF00F
:109CF0002FF8044660B1084803685B0705D00023CD
:109D00000121064A00940AF07FFC204602B010BDF3
:109D1000FFF7DAFFF9E700BF70CD0020E625040069
:109D20000068024BC31A5842584170473DB8F39639
:109D300040B110F0030305D1044A1060044A1846EC
:109D4000116070476FF01500704700BF18F80020D1
:109D500014F80020F0B58BB00025324A324C156063
:109D60002268034602AF6AB9304803685D0703D032
:109D700001212F4A0AF035FC6FF0120420462437E7
:109D8000BD46F0BDB0F5E02F0DD928480268540754
:109D900006D04FF4E02201210092264A0AF034FC5A
:109DA0006FF01A04EAE7244E304610F0EBFA03464F
:109DB000C0B91E480268510711D06C4688B002AA8B
:109DC0001E4951611E4991614FF4007191831D49F3
:109DD00042F8101F4FF4E251F4F734FDA5466FF03E
:109DE0000D04CBE7184B4FF40022C7E90136236876
:109DF000381DFB60154BFD611B683B614FF4E02390
:109E0000C7E90523FFF72AFD041E09DA074803689E
:109E10005B07B3D0012123460D4A0AF0EBFBADE707
:109E20002C46ABE710F8002018F8002070CD002079
:109E3000112604004526040090BE03007726040086
:109E40009A26040003000001AE26040014F8002046
:109E5000B726040010B50446FFF732FD20B9034AC7
:109E6000236812681344236010BD00BF10F800205F
:109E700030B4064A064C136824680B44B3FBF4F56F
:109E800004FB1533136030BCFFF724BD10F800202D
:109E900014F8002038B50546FFF736FD044650B1EA
:109EA0000C4803685B0704D0012123460A4A0AF0E4
:109EB000A1FB204638BD15B1084B1860F9E70548ED
:109EC000036803F00703022BF3D90321044A0AF0C5
:109ED00088FBEEE770CD0020D826040010F80020A3
:109EE000F82604000022024B1A60FFF731BD00BFC4
:109EF00010F800207FB50446C06801AA0DF0EBF809
:109F0000054658B1144803685A0704D001212B466E
:109F1000124A0AF06FFB284604B070BD206ADDE9E2
:109F200001128B189842F6D2E0680BF004FD064649
:109F300050B1094803685B0704D001213346084A41
:109F40000AF058FB3546E6E7DDE901321344626961
:109F50009B1A2362DFE700BF68CD0020BAEA030046
:109F60002A2704002DE9F043224885B00EF02CFD8D
:109F7000002604461F4B204FD3F83880DFF87C9032
:109F8000B04503D8002005B0BDE8F083636A97E8C8
:109F900007001D6801AB83E807000C22194628461C
:109FA00010F0ECFE78B975B122692B699A420AD19A
:109FB000AB69A2699A4206D8E2699A4203D96369F9
:109FC0006A6993430CD0256A75B10D4809F058FBB6
:109FD000002383F31188BFF36F8F0423184602DF39
:109FE000E36801361C44CBE7484609F049FB636A45
:109FF0001D60F5E700820100C0C50300852704004D
:10A000005C27040010B5084908480EF0ECFC044633
:10A0100040B1074803685B0704D001212346054A85
:10A020000AF0E8FA204610BD09A302001CF800203F
:10A03000D8CD0020B82704002DE9F843DFF8589266
:10A04000964DD9F870402B68072C0E4600AF00F0F3
:10A05000080803F0070372D0132C00F0D080052C01
:10A0600040F0F580D9F854901BB128468C490EF089
:10A07000B6FC19F4805F54D02B68590703D0894986
:10A0800086480EF0ACFC172419F4006F07D02B683B
:10A090005A0703D0844981480EF0A1FC182419F412
:10A0A000007F14D02B685B0703D080497B480EF0FB
:10A0B00096FC7F4B19F4004F9B6B07D02A6854071E
:10A0C00004D001217B4A75480AF094FA192419F446
:10A0D000806F07D02B68580703D077496F480EF080
:10A0E0007EFC1A2419F4807F1DD02B68590703D0F9
:10A0F00072496A480EF073FC1B24F369B8F1000F33
:10A1000040F0C480C3F3080222B96FEA53236FEA18
:10A110004323F36131462046F7F770FCBD46BDE8A6
:10A12000F8831624B0E719F4005FE6D02B685A07CD
:10A1300003D0634959480EF052FC1C24DDE7D9F8DE
:10A140005C401BB128465F490EF049FC630609D507
:10A150002B68580706D0D9F8683001215A4A4F4871
:10A160000AF048FAE10708D52B685A0703D0574987
:10A170004A480EF034FC2624BFE7A30708D52B6815
:10A18000580703D0524945480EF029FC2724B4E76C
:10A19000610708D52B685A0703D04E493F480EF097
:10A1A0001EFC2824A9E7230708D52B68580703D0ED
:10A1B00049493A480EF013FC29249EE7E10608D5E8
:10A1C0002B685A0703D0454934480EF008FC2A246E
:10A1D00093E7A30608D52B685D0703D040492F48B5
:10A1E0000EF0FDFB2B2488E724064DD52B6858077D
:10A1F00003D03C4929480EF0F2FB2C247DE7D9F826
:10A200006C901BB1284638490EF0E9FB19F0020F9B
:10A2100006D02B68590703D0344920480EF0DFFBE5
:10A2200019F0010F06D02B685A0703D030491B489C
:10A230000EF0D5FB19F0040F3FF45FAF2B685B07FE
:10A240003FF45BAF2B4915480EF0C9FB55E7CBB186
:10A25000294A2A4BE9468AB00F2CC8BF13466A46E2
:10A260002749103CC2E905134FF400731384254BB2
:10A27000D46142F8103F00234FF411512846F4F7FF
:10A28000E1FACD46002438E7252436E723F4FF73AE
:10A2900023F001033DE700BF1CF80020D8CD0020CB
:10A2A0006101040077010400DBFF03008801040062
:10A2B00000ED00E0A1010400B6010400D10104009A
:10A2C0003B000400F22704000B2804001B280400B4
:10A2D000312804004F2804006A280400872804005D
:10A2E0009C280400B6280400C9280400E3280400C0
:10A2F0001329040041290400FE010400E9010400BF
:10A30000DF0204000400000100B5104B89B05A6A56
:10A31000D86C00929A6A20F005000192DA6A6946C8
:10A3200002921A6B03925A6B04929A6B0592DA6B43
:10A3300006921A6C1B6D07929B0748BF40F0040001
:10A34000FFF77AFE09B05DF804FB00BF1CF800209F
:10A35000F0B585B06E4681680546103921F00704D6
:10A360000AF030FA32460A4B03F1100C37461868EF
:10A370005968083303C763453E46F7D11023214689
:10A3800028460AF0ECF9003818BF012005B0F0BDEE
:10A3900090D403002DE9F7431D4606460F4690462C
:10A3A0000AF007FA6C1E044440420440082C06D907
:10A3B0004FF4B4710F4B104A104806F007F93046BD
:10A3C0000AF000FA81462A464146684610F0E6FC4B
:10A3D0004946621B0DEB050010F007FD23466A4657
:10A3E000394630460AF0BBF9003818BF012003B0E7
:10A3F000BDE8F0838F120400FF29040075290400D2
:10A4000030B50D46816887B0102302AA1039044682
:10A410000AF090F9002802DA012007B030BD1022BE
:10A42000204602A90EF00CFB00283AD110221E494A
:10A4300002A810F0A3FC00280CBF012302232B70FC
:10A4400020460EF0F7FA012301460DF107022046DF
:10A450000AF070F90028DFDB9DF80730204603F092
:10A460000F021B096A702B7101220DF107010EF01A
:10A47000E7FA10B96B78042B03D901236B70002322
:10A480002B71A2682046183A22F00702083AA91C4C
:10A490000EF0E9FA0028BFD12046E91C0EF010FBAF
:10A4A000BBE70323CBE700BF90D403000E2A13B50C
:10A4B000044606D90C4B4FF4CF710C4A0C4806F0F9
:10A4C00085F80E2901D90B4BF5E741EA02118DF809
:10A4D00007100EF0AFFA012301460DF107022046E6
:10A4E000FFF758FF02B010BDB8290400EA290400A4
:10A4F00075290400CA290400F7B50D1E69460CBF72
:10A5000017462F460446FFF77BFF78B99DF8006099
:10A51000022E22D0032E0BD0012E26D135B19DF86C
:10A520000330032B02D120460EF0C3FA03B0F0BD76
:10A53000002DFBD12046FFF70BFF0028F6D157B1C5
:10A5400020460EF0B6FA0028F0D10022314620460F
:10A55000FFF7ACFFEAE70226F7E76DB90146A2680C
:10A5600020460AF011F90320E0E740F24F21034BA7
:10A57000034A044806F02AF80420D7E78F120400A3
:10A58000DC2904007529040013B50C4B0C4603EBC1
:10A59000C00001A90079F4F717FC014660B9221E3A
:10A5A00018BF01220198FFF7A7FF044601980AF09F
:10A5B000C0F8204602B010BD0124FAE740D20300E3
:10A5C0002DE9F041A2B005460E461746984610F018
:10A5D000B8F870B9114B1B785BB14FF0FF324FF0F8
:10A5E000FF330F4804F012FC044618B16FF08305E6
:10A5F00010E0012468460BF0C1F942463946304666
:10A60000289BA847054668460BF0B9F914B90448D9
:10A6100004F074FC284622B0BDE8F0810621012038
:10A6200040CF0020002300B589B0CDE9063303AB4D
:10A630000493042303900593A9B10B6806934B6818
:10A6400007930223111E18BF01210848CDE90021FC
:10A6500040F2F53104AA00F02FF80028B8BF01201D
:10A6600009B05DF804FB0123ECE700BF05010040E1
:10A6700070B5402696B006AB05460C463246002122
:10A68000184610F0B2FB4FF48072CDE90206CDE916
:10A690000454ADF8402054B1012304AA00920021D3
:10A6A0000448019302AA00F007F816B070BD2046D6
:10A6B000FBE700BF0001004010B4B1F5004F029C61
:10A6C0000ED2042B0CD8042C0AD8240444EA0364C8
:10A6D000134644EA0102014610BC0348FFF770BF6D
:10A6E0006FF0800010BC7047217C01002DE9F0471D
:10A6F0000A688B6806465C1CD018D35C0F46222B78
:10A70000144440F0E18025460023D1F804C0A91A82
:10A71000614580F0D9802978222919D1C3F101033C
:10A72000281A3A69184490478146002800F0CC80E6
:10A730008046AC4216D3002388F800301023012055
:10A74000C6E903393B68ED1A0135BD60BDE8F08705
:10A750005C2905D10135A91A614580F0B580013326
:10A760000135D4E723785C2B06D0013408F10102CF
:10A7700088F800309046DCE76378752B0AD86D2B9B
:10A780000FD8622B2AD023D82F2B39D05C2B37D06F
:10A79000222B35D048467B6998473B68E41ABC6059
:10A7A00095E06E3B072BF5D801A252F823F000BFCD
:10A7B000E9A7020095A7020095A7020095A702004D
:10A7C000F1A7020095A70200F9A7020007A802005E
:10A7D000662BDFD10C2308F1010202E0082308F107
:10A7E000010202210C44C3E70A2308F10102F8E741
:10A7F0000D2308F10102F4E7092308F10102F0E753
:10A8000008F10102EDE72B1B052BC3DDA01C0EF0A8
:10A8100079F9A0F55C43B3F5806F8246BAD3A0F511
:10A820005843B3F5806F2CD2A31DEB1A052BB1DD75
:10A83000A3795C2BAED1E379752BABD104F1080081
:10A840000EF060F9A0F55C43B3F5806FA2D20C2145
:10A85000204BC0F3090003EA8A23034303F5803A3F
:10A86000F020042202F1FF3C58FA8CFCE0455FFA2C
:10A870008AF320D1012A14BF034303F07F0342442B
:10A88000B0E77F280BD9B0F5006F0CD3B0F5803F4F
:10A890000DD3B0F5881FBFF47DAF0621E0E7062198
:10A8A00000200122DEE70621C0200222DAE706218D
:10A8B000E0200322D6E703F03F0363F07F030CF8A8
:10A8C00001394FEA9A1AD1E7002C7FF466AF0020D5
:10A8D0003CE700BF00FC0F002DE9F74F4D4B04464D
:10A8E0001A889B780F46ADF804208DF8063019B908
:10A8F000002003B0BDE8F08F38B34FF0000B0146E5
:10A900004548884611F8013B6BBBA8EB0408D844C6
:10A91000384608F103010EF037F905460028E7D064
:10A92000222308F1010A08F10209461C0370BBF159
:10A93000000F2ED142462146304610F02FFA222336
:10A9400005F80A3005F809B00BE0032138460EF08F
:10A950001BF90028CCD0D7E9012301A9D21A10F0A5
:10A96000FFFB0120C5E7222B0BD8072B0ED9A3F143
:10A970000802D2B220FA02F2D20705D50BF1010B80
:10A98000BFE75C2BBDD1F9E71F2BBAD80BF1050B44
:10A99000B7E74FF05C0804F1FF3B1BF8013F2BB910
:10A9A000222205F80A2005F80930DAE71F2B06D91C
:10A9B000222B04D05C2B02D033700136EDE73046F9
:10A9C00000F8018B9BF800300D2B0ED8072B10D907
:10A9D000A3F10802052A0CD8DFE802F0031A160BCF
:10A9E0001418622373700646E7E7222BFAD05C2B1B
:10A9F000F8D039687C68411A084A611A06F03CFCB4
:10AA00000536DAE76623EDE76E23EBE77223E9E725
:10AA10007423E7E7252A0400370000041F2A0400F6
:10AA2000F8B50D460446002834D0002931D084689A
:10AA3000FAB9194E74B3236AC3B1AB4221D005F100
:10AA4000FF3C013B1CF8011F0F46725C02F0030241
:10AA5000012A13F8012F08BF01F12007B05C00F0B4
:10AA60000300012808BF203297420FD02468E1E795
:10AA700024687CB1216A21B12846EEF71DF900282F
:10AA8000F6D1236A002B08BF002403E00029D9D1A6
:10AA9000F7E70C462046F8BDDC2B040070B50546F0
:10AAA00040B1EEF713F9074B461C30461B68984738
:10AAB000044610B90024204670BD3246294610F0E5
:10AAC0006DF9F8E710CA0020F8B50D4614460746A0
:10AAD00000B3F9B1F2B190421CD093B1D66846F4FC
:10AAE0000076E3689B0504D4206A10B10A4B5B68CA
:10AAF00098472562E66021463846BDE8F8400EF0EA
:10AB000081B80846FFF7CAFF054618B1E66826F483
:10AB10000076E6E70020F8BD10CA00202DE9F04FCE
:10AB20000C4606468FB0C8B1C1B1057B102D00F0B0
:10AB3000D9800ADC6B1E072B10D8072B0ED8DFE854
:10AB400003F023390D0F0D0D0D3B402D00F01B813F
:10AB5000802D00F0B480202D00F0CA80002525E073
:10AB6000A14B18681B790790052120468DF82030ED
:10AB70000EF00AF80546C8B1D4E9012307A9D21A94
:10AB800010F0EEFA012511E0984B062118689B8819
:10AB900007902046ADF820300DF0F6FF0028DDD0FC
:10ABA000D4E9012307A9D21A10F0DAFA28460FB027
:10ABB000BDE8F08F8E4BD4E70021D0E9068916223C
:10ABC00008A8079110F011F9002200234046CDE9B2
:10ABD0000423494642464B46EDF788FF90B929F0D9
:10ABE000004B4FF0FF3240465946824BC246EDF7CC
:10ABF0007DFFE8B94FF0FF32404659467D4BEDF7F7
:10AC000057FFA8B9784907A810F090FA0425204604
:10AC1000691C0DF0B9FF0028A0D0034607AA291827
:10AC20008B4247D100234355A3682B44A360A9E777
:10AC30001A21714ACDE9008907A806F01DFB6F496A
:10AC4000054604AA07A806F04BFB012826D1DDE93A
:10AC50000423CDE90223DDE9026323F000473246F5
:10AC60003B4650465946EDF719FF08B1B246BB4680
:10AC7000DDE9020142464B46EDF7E6FA00220646C0
:10AC80005F4B21F0004750465946EDF795FC0246D0
:10AC90000B4630463946EDF70BFF38B91A21CDE99E
:10ACA0000089584A07A806F0E7FA0546192D3FF72C
:10ACB00055AFACE712F8016B03F8016BB0E7006920
:10ACC00000283FF44BAFEEF701F8451C294620461B
:10ACD0000DF05AFF00283FF441AF2A46316910F0C9
:10ACE0005DF84FE700690FB0BDE8F04FFFF7F4BD26
:10ACF0008668012120460DF047FF00283FF42EAF63
:10AD00005B232C274FF000080370A3680133A36076
:10AD1000E3680133E3606EB9022120460DF034FF91
:10AD200000283FF41BAF5D2346700370E368013BCE
:10AD3000E36027E721463046FFF7F0FE00283FF4A6
:10AD40000DAF20460DF014FF3368BBB16369204698
:10AD5000002B0CBF4FF001094FF0020909F101016E
:10AD60000DF012FF00283FF4F9AE077063693BB99C
:10AD7000431C83F80080A3684B44A3603668CAE78D
:10AD8000831C4570F5E74B698568002B0CBF0127D4
:10AD900002272046791C0DF0F7FE00283FF4DEAEB6
:10ADA0007B230370E3680133E36063690BB10A231B
:10ADB0004370A36809263B443A27A36063691DBB1F
:10ADC000002B00F08180E168013120460DF0DCFEAF
:10ADD00000283FF4C3AE6369002B7FD103467D2278
:10ADE0001A7000225A70A1E7282A04003F2A0400A2
:10ADF000452A0400FFFFEF7F2D2A0400342A0400B7
:10AE00000000B03C382A040073B12046E1680DF020
:10AE1000BBFE00283FF4A2AE0346E268191A8A423C
:10AE20004FD8A3681344A3602146286AFFF754FD56
:10AE300000283FF493AE20460DF09AFE6369204649
:10AE4000002B0CBF4FF001084FF0020841460DF0F7
:10AE50009BFE00283FF482AE0770636903B1467021
:10AE6000A368214643442846A360FFF757FE002805
:10AE70003FF474AE20460DF07BFE63692A68B3F19F
:10AE8000000818BF4FF00108002A18BF08F1010898
:10AE9000204608F101010DF077FE00283FF45EAE78
:10AEA0002B6813B12C2300F8013B636913B10A230B
:10AEB00000F8013B00230370A3684344A3602D689E
:10AEC0007CE703F8016BA8E702217EE703F8015B4A
:10AED000E268191A013A8A42F8D880E70346092540
:10AEE000F6E700BF70B5234D8AB00E46242200213C
:10AEF000044601A80FF079FF2B684FF48070984743
:10AF00004FF48072034606960AAE0190029295E8CD
:10AF1000070006E907007BB1204601A9FFF7FEFD07
:10AF200050B101A80DF024FEAE68039956B1019806
:10AF30000131B0470446C8B9019808B16B68984719
:10AF4000002413E02B68481C984704460028F3D0DF
:10AF5000039A029B01329A4228BF1A4601990FF0C8
:10AF60001DFF039BE6546B680198984720460AB082
:10AF700070BD00BF10CA002070B504460F4D04B963
:10AF800070BDE3682668D90504D4A06870B920694B
:10AF90006B6888B9E3689B0503D4206A08B16B68C5
:10AFA000984720466B6898473446E8E7FFF7E4FF88
:10AFB000E368DA05EBD5EDE79847EBE710CA002028
:10AFC0002DE9F04305464FF0000989B02F4F0C469C
:10AFD000164600211C2201A898460FF006FFC7E97B
:10AFE000009925B90024204609B0BDE8F083002C63
:10AFF0003DD0274BCDE9015493E8070008AB03E9A6
:10B0000007000DF014FE0446002830D0019850B11E
:10B01000039BE3B9029B042B04D903221D4910F0C2
:10B020008DF888B101A80DF08CFD01462046EEF7A1
:10B030009BF8C8B1B8F1000F0BD1002ED3D0019B03
:10B04000039A13443360CEE703230393EAE74846A9
:10B05000E9E701A80DF075FDDDE90223934203D273
:10B06000019AD35C002BE8D02046FFF785FFDDE98D
:10B070000223934201D332B1531E0EB1EA1832605B
:10B08000C7E90053AEE71346F7E700BF90F800208A
:10B0900010CA00204A2A040038B50A4B0546186831
:10B0A0000DF0C5FD044648B11023C3602846FFF7E4
:10B0B000F5FC206118B92046FFF75EFF002420460A
:10B0C00038BD00BF10CA002008B5044B18680DF049
:10B0D000AEFD08B14023C36008BD00BF10CA002008
:10B0E000014B5B68184700BF10CA002030B50468E8
:10B0F000ACB1B4FA84F30122C3F11F03DBB29A406E
:10B1000024EA0202D0E8EF5FA54204D1C0E8EC2FA8
:10B11000BCF1000FF6D1EAD102480B7030BD0248F5
:10B12000FCE700BF0000AD0B0200AD0B10B50368DB
:10B13000CB40DB0710D401238B40026843EA0201B5
:10B14000D0E8EF4F944204D1C0E8EC1FBCF1000FEF
:10B15000F6D1F2D1014810BD0148FCE70000AD0B6B
:10B160000400AD0B014BC3F80405704700700140AB
:10B170000146014800F01AB91CCA0020F7B506467E
:10B1800018B301281FD104224FF4807301462948C7
:10B190000025C0F80813012142F2107402F1804228
:10B1A00003F1804303F5A04302F5A04211601D6046
:10B1B0008E421B681F4F8DF8071008BF0DF1070561
:10B1C00046B1012E23D003B0F0BD0C224FF48273A0
:10B1D0000221DCE7D7F8183403F480333DB9002BA3
:10B1E000F1D001200DF06DFD013CF3D1EBE7D7F874
:10B1F000182402F003022A70002BE4D09DF8070007
:10B200000128E0D10DF05DFD013CD9D1DBE7D7F895
:10B210000C3403F480333DB9002BD4D001200DF061
:10B2200050FD013CF3D1CEE7D7F80C2402F0010227
:10B23000E1E700BF00500040044B1A7922B9012217
:10B2400018601A71024870470248704798F8002049
:10B250000000AD0B0C00AD0B08B5074B1B6833B1FC
:10B260000520F6F7F1FF10B90520F6F7CBFF012214
:10B27000024BC3F8182508BD98F800200050004084
:10B2800010B510B1012848D010BD294BD3F81814BF
:10B29000D3F81824C90324D502F00303022B05D0E8
:10B2A000012B02D00020FFF769FF0123204A022072
:10B2B000C2F8183508224FF48273002103F180434D
:10B2C00003F5A04319601C68012402F1804202F5D5
:10B2D000A0421460174A12681AB3154BC3F804034E
:10B2E000D2E7D3F81424D207DFD5D3F81C2402F018
:10B2F0000302013A012AD5D80E4A12681AB1022275
:10B30000C3F80423C0E7D3F80421002AFBD00022AD
:10B31000C3F80421D3F80431B6E700224FF4807358
:10B32000CBE71A68002AFCD019601B68ACE700BFA5
:10B330000050004098F80020F8B50126194C1A4F2B
:10B34000D4F8045305B9F8BDB5FA85F0C0F11F0073
:10B35000830003F580739BB203F1804303F5A043A0
:10B3600006FA00F21968D2B225EA02050029E9D0EE
:10B370000021022A19601B68C4F808230DD1D4F8F3
:10B380001834D4F8183403F00303012B05D1C4F8A2
:10B390001825C4F80423A360D4E73B68C0B29847DB
:10B3A000D0E700BF0050004098F800200079024B21
:10B3B00003EB0010FFF79ABE24CA0020036803F0D5
:10B3C0001F025B090260024818BF0020704700BFDF
:10B3D0000025844070B5C3B20C4C083334F81330E8
:10B3E0000546DA050E4607D5C3F3432304EBC30233
:10B3F000526854F833309847A3682BB13146284639
:10B40000E268BDE87040184770BD00BFA0F800209A
:10B41000024611F0010004D003490B6A13600B626D
:10B4200003B90020704700BF0025844010B4124AC1
:10B43000C0B2083032F81030D9051BD5C3F3432110
:10B4400023F4F85322F81030002002F10E0434F8EF
:10B45000023F13F4807F03D0C3F34323994209D002
:10B4600001302028F3D1002342F83130034810BCCA
:10B47000FFF75CBE10BC7047A0F80020F8F8002071
:10B48000F0B50446002001260746124B124D0B442E
:10B490009900124B8B420BD1114BD3F87C2132B166
:10B4A0000022C3F87C21D3F87C3140F00040F0BD8D
:10B4B0005A19920806FA02F2144208D0D3F800C0D2
:10B4C000BCF1000F03D01F60D3F800C01043043359
:10B4D000E0E700BF40C4001000EFFCBF00110340D4
:10B4E00000100340064BC0B2083033F8100083064A
:10B4F00043BF400B800000F580704FF4BE70704772
:10B50000A0F80020CBB2024608460D49083331F8B6
:10B510001330990611D599070FD4012110685B0BE0
:10B520009940C0F80813126802EB8303D3F8102582
:10B5300022F00302C3F81025704700210DF015BC5E
:10B54000A0F80020F7B5194ECDB2083536F8153001
:10B550000746DB070C4626D5FFF7D4FF36F8153033
:10B560009A0608D55A0B3B6803EB82030022C3F806
:10B570001025C3F810252046FFF758FF002301A827
:10B5800026F815300194FFF719FF019B00EB8300AB
:10B59000D0F80022064B134043F00203C0F80032FB
:10B5A000044803B0F0BD0448FBE700BFA0F800204A
:10B5B000F0F8FCFF0000AD0B0400AD0B2DE9FF41DE
:10B5C000136807460C461646FBB1DFF84881CDB23A
:10B5D000083538F8152002F02202222A22D0002253
:10B5E0002046CDE900228DF80E208DF80F200DF1B8
:10B5F0000E010DF10F020DF06FFB38F8153023F03E
:10B60000020343F0010328F81530736863B393F81D
:10B6100000C058683F4AE3B2083332F813108D0770
:10B6200002D5C8B13C4822E021F02001C904C90C70
:10B6300022F8131080B1BCF1030FF3D870683D6895
:10B64000406890F800E005EB8E05BCF1000F11D1C9
:10B65000C5F810C5C5F810C532F8131021F01C014B
:10B6600041EA8C0122F81310B3684BBB2B4804B09D
:10B67000BDE8F081D5F8108541EA4E3128F0030885
:10B68000C5F810853D6841F0200105EB8E05D5F821
:10B69000100522F8131020F4473020F44070C5F84C
:10B6A00010052002D5F8107500F4F85040EA0C405F
:10B6B0003843C5F8100502EB4E00A0F85C40CBE71C
:10B6C0002046D3E90067FFF7B1FE002ECED0114D22
:10B6D000D5E90023964203D19F4201D1002209E01F
:10B6E0000F480DF10F01FFF701FD0C4B9842BED141
:10B6F0009DF80F20E4B205EBC20308345F6035F813
:10B70000143045F8326043EA422343F4807325F84D
:10B710001430ABE7A0F800200400AD0B0000AD0B27
:10B72000F8F800202DE9FF4107460C461E4612B3EB
:10B73000DFF8D480CDB2083538F81530980701D439
:10B74000990621D413F01C0F02D05378012B1BD083
:10B7500001238DF80F3000232046CDE900230DF1A1
:10B760000F01931C01320DF0B7FA38F8153043F091
:10B77000030328F81530002E44D0234DE1B20831E0
:10B7800035F81120930703D4204804B0BDE8F081B8
:10B79000002096F800E03B6822F02002D20403EB80
:10B7A0008E03D20CC3F8100525F81120C3F810053C
:10B7B00096F801C04FEA8E08BCF1000F22D038681D
:10B7C000B6784044D0F810354FEA0C4C23F4981367
:10B7D00023F4F853C0F81035230203F4F8530CF4A3
:10B7E000403C3605D0F8107543EA0C0306F4801689
:10B7F000334342EA4E323B4342F02002C0F8103558
:10B8000025F811200248C0E7A0F800200400AD0B85
:10B810000000AD0B014BC3E902127047A0F80020F5
:10B82000054BC9B2083133F81130990643BF5B0BA1
:10B830000248137002487047A0F800200000AD0BCA
:10B840000400AD0B70B50E4C064694F86C50A5B9CB
:10B850004022294604F110000FF0C7FA3068C0F802
:10B860007C51D0F87C3140F30730F6F7CBFC012354
:10B87000044884F86C30A36570BD0348FCE700BF42
:10B88000A0F800200000AD0B0C00AD0B034B93F8AB
:10B890006C00003818BF0120704700BFA0F80020DE
:10B8A0000079024B03EB8000FFF740BC34CA002054
:10B8B0000079024B03EB8000FFF718BC34CA00206C
:10B8C00073B5CBB20C462149083331F81330016807
:10B8D0009D0619D513F0020616D15B0B9C0004F5EA
:10B8E00080754E51495901682144D1F8104544F002
:10B8F0000104C1F810452AB10122016802FA03F3DC
:10B90000C1F8043302B070BDD1F80423C3F382033D
:10B91000002AA4BF4FF00042C1F80423042B11D029
:10B92000052B11D001A80194FFF748FD019A036986
:10B93000D34003F00103991C204602B0BDE87040DB
:10B940000DF013BA0321F7E70221F5E7A0F8002074
:10B950002DE9F74F4F4F0821D7F80403C0B240F04C
:10B960000040FFF78DFD051E17DA00230121684610
:10B9700000934FF00108FFF74BFDDFF81C91009991
:10B9800091B94FF00040FFF77BFD01216846FFF7BA
:10B990003FFD0028F3D125F0004501243E4E002D47
:10B9A00063D103B0BDE8F08F91FAA1F4B4FA84F446
:10B9B000E00804F1080339F813A004F007021DF8A9
:10B9C000003008FA02F223EA02030DF8003001A861
:10B9D0000194FFF7F3FC019B4FEA9A01803350F882
:10B9E0002360CAF3820B4B07DA46C6F3014621D522
:10B9F00020465946FFF7EEFC01A80194FFF7DEFC54
:10BA0000019BF6B2803350F82330C3F301439E42CA
:10BA100007D1002120460DF0A8F9314620460DF04F
:10BA2000A4F901A80194FFF7C9FC019B08FA03F3EC
:10BA30000362A4E7022E0CD1032120460DF095F9F4
:10BA40000BF00503012BECD151462046FFF7C2FC59
:10BA5000E7E7022120460DF088F9BBF1030FF3D090
:10BA6000032EDED1BBF1020FEDE795FAA5F3B3FA91
:10BA700083F304FA03F225EA020503F5A27257F8EC
:10BA8000221006EB4303B3F85C00C1F30141FFF75A
:10BA9000A1FC84E700100340A0F8002070B5084C1A
:10BAA0000E462379154643B92A20F6F7ABFB01234E
:10BAB000044823712660A56070BD0348FCE700BF01
:10BAC00010F900200000AD0B0C00AD0B002330B5C9
:10BAD0000D4A50F8234003F5A2710133082B42F8B8
:10BAE0002140F6D10023084A00F11C0103F5B2748D
:10BAF00051F8045F0133082B42F82450F6D1036C4F
:10BB0000C2F8043330BD00BF00A0024038B50024A5
:10BB1000154D2A20C5F81045C5F81445C5F8184537
:10BB2000C5F81C45C5F82045C5F82445C5F8284585
:10BB3000C5F82C45C5F89045C5F89445C5F8984515
:10BB4000C5F89C45C5F8A045C5F8A445C5F8A84565
:10BB5000C5F8AC45F6F764FB4FF0FF33C5F8083382
:10BB6000024B1C7138BD00BF00A0024010F900203C
:10BB70000123024A8340C2F80433704700A0024008
:10BB80000123024A8340C2F80833704700A00240F4
:10BB9000F8B5012600270B4B0B4DD3F80C4304B925
:10BBA000F8BD94FAA4F0B0FA80F006FA00F324EAA3
:10BBB0000304064B82009F502B68002BEFD0A9682E
:10BBC0009847ECE700A0024010F9002000A10240D5
:10BBD000044AD2F80834DB07FBD50160BFF35F8F5E
:10BBE000704700BF00900340C0F30B037BB90222F3
:10BBF000084BC3F884254FF0FF320260D3F80024CD
:10BC0000D207FBD500220448C3F8842570470348B7
:10BC1000704700BF009003400000AD0B0A00AD0B61
:10BC2000012310B5044CC4F88435FFF7D1FF00237D
:10BC3000C4F8843510BD00BF00900340430904D10F
:10BC40000123034A83409360704700239B60FFDE1B
:10BC5000002584400C4B984213D00AD80B4B9842D5
:10BC60000FD00B4B98420CD00A4BC31A5842584184
:10BC70007047094B984204D0084B984201D0084BBA
:10BC8000F3E70120704700BF40420F0090D003004F
:10BC900020A1070048E8010000093D0000127A00D9
:10BCA00080841E00431C14D000F01F0340090BD1F8
:10BCB000084A02EB8302D2F80012074B0B4043F014
:10BCC0000203C2F8003270470022803352F823305A
:10BCD000FFDE704700258440F0F8FCFF430904D1E3
:10BCE0000123034A8340D36070470023DB60FFDEFB
:10BCF0000025844038B51446421C054616D001295B
:10BD000002D1A3B1FFF79AFF05F01F036D0911D10E
:10BD10000B4A41EA840402EB8303D3F80002094A88
:10BD20000240144344EA4101C3F8001238BDFFF752
:10BD3000D5FFE9E70022803352F82330FFDE00BF51
:10BD400000258440F0F8FCFF2DE9F843504B4D6985
:10BD500006469D420C4690F8049000F0848077D807
:10BD60004C4B9D4200F082804B4B9D4200F0818005
:10BD70004A4B9D420CBF4FF000754FF08045242286
:10BD8000DFF81C81E07E02FB0983997F60F30001EC
:10BD900099773379217C02FB03839A7F61F3410217
:10BDA0009A77E77EEFB9237E3A46012B94BF0023B2
:10BDB000012301212068FFF79DFF3B463A46012100
:10BDC0006068FFF797FF3B463946A27EA068FFF701
:10BDD00091FF237C3A460121E06883F00103FFF7DD
:10BDE00089FF242303FB0983E2681A62217C9A7F7E
:10BDF00061F341029A77277FA07C217E637E3268BF
:10BE000047B9D4E900C7A468C2F808C5C2F80C75E0
:10BE1000C2F81045003B18BF01230229C2F8C00533
:10BE2000C2F824552BD003292CD0012901D143F08D
:10BE30000203C2F8543524223379534358F80330AF
:10BE40001BB33068BDE8F84340F30730F6F7DAB9C2
:10BE5000144B9D4210D0144B9D420CBF4FF0004537
:10BE60004FF080458BE74FF0805588E74FF08065B5
:10BE700085E74FF0006582E74FF000557FE743F01C
:10BE80000403D6E743F00603D3E7BDE8F88300BF19
:10BE900040420F0090D0030020A1070048E80100B5
:10BEA0001CF9002080841E0000127A002DE9F8435E
:10BEB0000746242597F80480124C05FB08F504EB8F
:10BEC00005091E4699F81C30C3B999B14869FFF7B6
:10BED000C1FEA8B138466251C9F80460FFF734FFCB
:10BEE000242303FB084400236377012306482377B8
:10BEF000BDE8F8836251C9F80460F1E70348F7E749
:10BF00000348F5E71CF900200000AD0B0C00AD0B59
:10BF10000400AD0B2DE9F041044606790068194D87
:10BF200040F30730F6F77CF924237343EB5853B101
:10BF30002368154A06EBC601C3F80823206805EB01
:10BF400081010CF084FF2368242404FB0654D3F8F9
:10BF50000805D3F80C75D3F81085A37FDB070AD446
:10BF6000FFF7A0FE4046FFF79DFE3846FFF79AFE1A
:10BF7000206AFFF797FE242303FB065500232B7747
:10BF8000BDE8F0811CF900205201080024232DE9AE
:10BF9000F0430779534D7B439046EA180E46517F94
:10BFA000814685B0002940F09B80EB5823B118F002
:10BFB000140F04BF01235377242496E80F0004FBD9
:10BFC000075404F10C0C8CE80F00206A421C04D0CA
:10BFD000A37F9B071AD5FFF731FE3368D9F80040DD
:10BFE00023B103F06043B3F1005F06D1B36883B1BE
:10BFF00003F06043B3F1005F0BD02423002203FB66
:10C00000075339485A7705B0BDE8F083FFF766FE5D
:10C01000E3E718F0010318BF0123C4F8503518F006
:10C02000020318BF0123EC46C4F8403596E80F0020
:10C030008CE80F00039BC4F84405C4F84815C4F805
:10C040003425C4F838350023C4F81831D4F8183131
:10C050000723C4F8003524237B4318F0080F05EBB1
:10C0600003021DD10121E858216158B9D4F81831D3
:10C07000002BFBD06246402120460CF0AAFE242370
:10C080007B43EA18EB5813BB106A461C13D107EB2D
:10C09000C707204605EB87010CF0D9FE1348B2E72D
:10C0A000EB58A3B9106A411CF8D0937F9A070BD5BF
:10C0B000FFF714FEF2E7937F9B0702D5FFF70EFE12
:10C0C000E5E7FFF7BBFDE2E7FFF7B8FDE6E7402352
:10C0D00018F0040F14BFC4F80833C4F80433DDE7C4
:10C0E000034890E71CF900200A00AD0B0000AD0BDF
:10C0F0000B00AD0B10B540210F4A10480CF069FE43
:10C10000C8B10F4C206A421C04D0A37F9B070FD5F7
:10C11000FFF7E4FD637F1BB1094908480CF097FE67
:10C12000002323720748D4E90031BDE810401847C6
:10C13000FFF784FDEEE710BD28F9002000B00040B5
:10C140001CF9002024F9002010B4CC7B8A68036815
:10C150002CB9D1E90041C3F80845C3F80C15C3F860
:10C160002425282203795343054AD3582BB100686C
:10C1700010BC40F30730F6F745B810BC704700BF5D
:10C1800040F9002000F01F0340090BD1084A02EBE0
:10C190008302D2F80012074B0B4043F00203C2F8AF
:10C1A000003270470022803352F82330FFDE00BF98
:10C1B00000258440F0F8FCFF70B5817BE9B9046884
:10C1C00004F01F0364091AD140F20C65104A114EA5
:10C1D00002EB8303D3F8001231402943C3F8001265
:10C1E000416801F01F0349090DD102EB8303D3F825
:10C1F000002232402A43C3F80022012070BD803360
:10C2000051F82330FFDE803354F82330FAE700BFC3
:10C2100000258440F0F8FCFF2DE9F041074690F836
:10C220000480282000FB08F0144E0C46351895F8C1
:10C230002210F1B9A96032506B6085F8251085F89D
:10C2400024106CB1A37B204685F82730FFF7B4FF9C
:10C2500088B1637B2146384685F82630FFF774FFA6
:10C26000282303FB08660123054886F82230BDE831
:10C27000F0810448FBE70448F9E700BF40F90020DB
:10C280000000AD0B0C00AD0B0400AD0B06210368E4
:10C290000279C3F800152821034B01FB0233022267
:10C2A00083F82220704700BF40F90020282102793E
:10C2B0000B4B01FB02330021996002680948C2F868
:10C2C0000803D2F8000220F4BC50C2F80002C2F801
:10C2D0000015012283F8241083F82220704700BF44
:10C2E00040F9002002029C0170B5044606790068FE
:10C2F000104D40F30730F5F793FF2046FFF7D6FFC8
:10C30000282303FB065393F8272062B993F82630BD
:10C310004BB92368D3F80805D3F80C45FFF732FF73
:10C320002046FFF72FFF282303FB0655002385F83F
:10C33000223070BD40F900202DE9F84F28239046A7
:10C34000002290F80490AE4D046803FB095383F873
:10C3500023204B680E4633B1CB6803F06043B3F142
:10C36000005F40F085813378023B012B06D83369AA
:10C3700003F06043B3F1005F40F07A81A14BC4F851
:10C380000833282303FB095393F8241001F0FF021C
:10C3900039B19B68DFF870B2C4F804335846BDE881
:10C3A000F88F18F0140F0CBF0121002183F824101E
:10C3B000317809EB890783F82010717805EBC707FE
:10C3C00083F82110F168D960716819613169596188
:10C3D000B168C3F81C809961C8F3001183F8251077
:10C3E0007378C4F88835C4F86021D4F86031C4F893
:10C3F0004821D4F84831C4F82421D4F82431C4F8B1
:10C400000421D4F8043118F0010318BF0123C4F843
:10C41000503518F0020318BF0123C4F840353378B3
:10C42000032B00F2A480DFE803F0799962024FF455
:10C430008073C4F80032D7E90323C4F84425C4F854
:10C4400048350123A3604FF4801120460CF05AFDBB
:10C450000028F8D1D7E90523C4F84425C4F84835A5
:10C4600028234FF4802203FB09539A60DFF89CB124
:10C47000282202FB09F218F0080AAB5805EB02006B
:10C4800013D13178032910D0012940F08680216032
:10C49000002B6FD0282202FB09F27168AA5821B93B
:10C4A000002A00F0BB8001226261282202FB09F20F
:10C4B000A918AA58002A00F0B18018F0040F1CBF78
:10C4C00000228A6018F0400F06D1282202FB095290
:10C4D000916841F002019160282202FB09529168A3
:10C4E00041F4007191609268C4F8042356E7D7E9DB
:10C4F0000323C4F84425C4F84835D7E90523C4F814
:10C500003425C4F838354FF48453C4F8003201237D
:10C5100023622823022203FB0953A6E718F0200F09
:10C52000D7E90323C4F8442514BF4FF480724FF4B5
:10C530000072C4F848354FF0280315BFC4F8002234
:10C54000C4F800224FF48022022214BF03FB0953D7
:10C5500003FB09539A600123236287E7D7E903238A
:10C56000C4F83425C4F838354FF48053CDE7DFF8EC
:10C57000A0B07DE7026902B961612649DFF898A0A1
:10C5800020460CF0BFFC012210F4007F18BF62614E
:10C5900010EA0A0F1F49F3D07CE70121A160002BAC
:10C5A0007FF478AF006918B31B4B1AEA030F7FF4CE
:10C5B00071AF204617490CF0A5FC10F4007F8246AD
:10C5C000F2D04FF0807120460CF09CFCD4F80012A1
:10C5D00080B111F4007003D10122824622626261AF
:10C5E000CB05E1D54FF4802120460CF08BFC04E014
:10C5F0006161D9E70122226262614FF0000AD3E74C
:10C6000040F9002002029C010B00AD0B0000AD0BB5
:10C610000400AD0B0202040002000400282101FB0B
:10C6200009550021D4F8C424C4F8C42485F8241082
:10C630008AB11149114B12F0010F14BF8B469B4672
:10C64000013112F0020F18BF8B4612F0040F0C4A92
:10C6500018BF9346A2E618F0400F7FF49FAE39460C
:10C6600020460CF00DFC054A002808BF934695E6CD
:10C67000DFF810B092E600BF0000AE0B0100AD0B7A
:10C680000200AE0B0A00AD0B70B55D4D022186B005
:10C6900028460CF037FC4FF40071064628460CF093
:10C6A00031FC584CD8B1E6B9A3684FF08071C5F899
:10C6B00008330223A360A3682846C5F804330CF0AE
:10C6C00021FC18B1D5F800329B0503D401224C4B54
:10C6D0001A625A61012384F8233006B070BD002E1F
:10C6E00058D0E5696E060AD494F823303BB9454921
:10C6F00043480CF0C5FB80F0010084F8230015F0DE
:10C70000040525D13E4B94F82520C3F86051D3F899
:10C710006011C3F85C51D3F85C1112B194F8232076
:10C720005AB10022C3F80022A260374AC3F8082396
:10C730004FF48062354BC3F88021238CADF8043070
:10C74000E36804932369029363690593A3690393E0
:10C750002B4AD2F8C4349807C2F8C4344AD45907D3
:10C760004AD4DA074AD494F823309B00DBB28DF820
:10C77000003094F825300BB984F82430E3695B0766
:10C7800003D594F82330002BA7D0D4E900316846B4
:10C790009847A2E74FF4802128460CF0B3FB94F8A9
:10C7A0002030ABB994F8253053B94FF48062C5F806
:10C7B0000032A360144BC5F80833144BC3F8802132
:10C7C00000238DF8043094F821308DF80530B7E758
:10C7D0004FF40073C5F8003240F20223A36003F166
:10C7E000CE73C5F80833A368C5F804330123AB60E2
:10C7F0002B6272E70123BAE70223B8E70323B6E707
:10C8000000A0004040F9002002029C0100E100E08D
:10C81000036803F01F025B090260024818BF002092
:10C82000704700BF00258440F7B506460CF094FB26
:10C8300008460CF091FB01A80196FFF7E9FF0C46B2
:10C8400040F20D61019B2B4D00EB8300D0F80032CC
:10C8500001942B400B43C0F8003201A8FFF7D8FF2A
:10C86000019B012700EB8300D0F800322B400B43E3
:10C87000C0F8003204200CF024FA092501A8019424
:10C88000FFF7C6FF019A0369D340DB0714D401A860
:10C890000196FFF7BDFF019B013D07FA03F3C3605B
:10C8A00004200CF00EFA30460CF056FB04200CF07D
:10C8B00008FA15F0FF05E1D101A80194FFF7A8FFE0
:10C8C0000123019A9340C36004200CF0FAF920463A
:10C8D0000CF042FB04200CF0F4F901A80194FFF7DE
:10C8E00097FF019A03690448D34003F00103C01A7B
:10C8F00003B0F0BDF0F8FCFF0100AD0B37B501252A
:10C90000074C4FF4FA7065610BF05DF90023636129
:10C910000193256123690193019B03B030BD00BFE2
:10C920000056004030B50D4D89B0036A03AC01904C
:10C930008DF808300FCD0FC42B6801A823600CF0D0
:10C940002FFB40B9044603AD55F8043B984710B996
:10C950000134052CF8D109B030BD00BFD8C50300A3
:10C96000034BD3E8EF2FC3E8E10F0029F9D170475B
:10C9700068F9002038B50546002850D0436A002BDE
:10C9800050D0836A002B4DD00124294BD3E8EF2FE0
:10C99000002A03D1C3E8E14F0029F7D145D1686AE5
:10C9A00000F04EF8F9F7F2F8224BC8209C660BF025
:10C9B0000AF92846FFF7B6FF044640B901221D4B8D
:10C9C0000220DA66FFF7CCFF0024204638BDFFF7CF
:10C9D00095FF002C11DBAB6A20469847164B9C4212
:10C9E0001AD013DCA4F18864033C012C11D828462A
:10C9F000FFF798FF04460028E0D001220D4BDA66CD
:10CA0000F9F7DCF80020FFF7ABFFDEE70B4B9C42A9
:10CA1000EDD06FF00404F0E76FF00A04EDE76FF07B
:10CA20000D04D2E76FF01504CFE74FF0FF34CCE7E9
:10CA300068F9002000500040050040040100500546
:10CA4000014B1860704700BF6CF9002007B5044B1C
:10CA5000CDE900011B686846984703B05DF804FB08
:10CA60006CF90020014B1870704700BFF7200120BF
:10CA7000024B1878431E584258417047F720012056
:10CA800070B503680446033BDBB2052B03D8094AA3
:10CA900052F823502DB9A06858B1BDE8704000F09D
:10CAA0001DB80CF0C1FA21682B46BDE87040090C96
:10CAB000184770BD48D20300014B5B69184700BF9F
:10CAC00038CA0020014B1B68184700BF38CA002035
:10CAD000014B5B68184700BF38CA0020014B1B6937
:10CAE000184700BF38CA0020014B9B68184700BF99
:10CAF00038CA0020014B1B6A184700BF38CA002003
:10CB0000014B5B6A184700BF38CA0020014B186808
:10CB1000704700BF70F90020002230B50B4B196838
:10CB20000C6894420FD001EBC2039D68A8420BD160
:10CB30004FF003020433D3E8CF1F002903D1C3E829
:10CB4000C02F0028F7D130BD0132EAE790F900206C
:10CB50002DE9F041002406460F462046DFF85480B8
:10CB60003368A34201D8BDE8F08106EBC4056B68C9
:10CB7000DBB2012B16D16A68B8F80030B3EB124F64
:10CB800010D1022FA8680FD1FFF77AFF01206B6840
:10CB900023F0FF0343F003036B60B8F80030013368
:10CBA000A8F800300134DBE70168090C0CF0ECF95F
:10CBB000ECE700BF98FD002010B5074C022160682B
:10CBC000FFF7C6FF0028F9D101212068FFF7C0FF59
:10CBD0000028F3D110BD00BF98F9002070B50728D8
:10CBE00060D8DFE800F00B5F475F435F3C0401F073
:10CBF000ADFE0320BDE87040F8F790BF03202A4B3C
:10CC0000D3F81446D3F81866284B1D781870EDB287
:10CC1000FFF728FF012D10D1254B264A9C4212D048
:10CC2000230C1B04B3F1886F0DD0A4F58033203B97
:10CC3000022B0FD96FF0040313603146C4F30B00CD
:10CC4000FFF704FF00E014601B4B18680AF0C5FFF3
:10CC50000020CFE7194931F913301360F4E70024BD
:10CC6000124B20461C70FFF7FDFEEDE7FFF7A4FF17
:10CC70000220BFE70D4B1A78012AD0B20ED1104A1C
:10CC80001168104A8C6854604968116002221A7059
:10CC9000FFF7E8FE084B18680AF09FFFFFF78CFFCC
:10CCA0000120A7E770BD00BF00A00240F9200120CD
:10CCB0000100500594F9002080F90020A0D4030061
:10CCC0007CF9002098F900200A23F7B54FF47A7513
:10CCD0000C4E0D4F0193316838680CF080F9044612
:10CCE00040B90AF078FF40B9012001A9F8F71AFE0F
:10CCF0006E30F0D1204603B0F0BD019868430AF0D1
:10CD000062FFE8E784F900208CF90020054B1B78CE
:10CD10002BB9054B1968054B18680CF060B9002059
:10CD2000704700BFF820012088F9002090F900200A
:10CD300070B5164B42681B6822F0FF0242F00202F7
:10CD4000C31A42601248134A0168C3F38913D2E838
:10CD5000DF4F651CC2E8D65F002EF8D101EBC3019E
:10CD60004A6892B242EA04424A600268032002EB37
:10CD7000C302536823F0FF0343F0010353600AF03A
:10CD800022FF0122044BDA6070BD00BF88F9002049
:10CD900090F900209AFD002000A002402DE9F04FFC
:10CDA00095B038220021064603A80EF01EF8022393
:10CDB0000493082306932023089304230D93102340
:10CDC00040250F9380230122CDE91153D523002163
:10CDD00059480B921393F8F765FE0546002840F07A
:10CDE000A880024655493079FEF758FE03A8FEF7A1
:10CDF0006DFE34686268B2F59D6F40F0978061699E
:10CE0000E3680B44E16903F59D630B44B3F5003F10
:10CE100000F28C80206829460DF0E7FF33681C681B
:10CE2000D3F81C9004F53A72019204F16007444A69
:10CE300004F1A40804F1200BB9F1000F60D1C2F88D
:10CE400000B000254FF0010A2570657084F802A03B
:10CE5000E570336840461B69636033685B69C4F8FA
:10CE600014B0A360374BC4F81890C3F80080364B59
:10CE7000E7601F600823C4F8108084F8A43088F8A5
:10CE8000015088F8025088F8035084F860307D70B3
:10CE9000BD70FD700CF086F838460CF083F82B4B13
:10CEA00004F53A7231681A60294B04F1E802C86847
:10CEB0001A60284B284E18600869496958609960C3
:10CEC000264B2749C3F81046C3F81456254B264C69
:10CED0001D80264B86F800A01D80254B02952560FD
:10CEE0001D611B690293029B134B18680AF077FEC1
:10CEF00098B103236FF073043370FEF707FE11E05F
:10CF00009B6904F14009636433684846DB69C2F8F1
:10CF100000B0236401F0F2FC93E72468002CECD10C
:10CF2000144B1C70204615B0BDE8F08F6FF015044F
:10CF3000E3E76FF02D04F5E780F90020DDCB020078
:10CF40007CF9002090F900208CF9002088F900205D
:10CF500084F9002070F90020F920012000A002408F
:10CF6000F04902009AFD002094F9002098FD00206D
:10CF700000560040F820012070B5164B42681B682F
:10CF800022F0FF0242F00102C31A42601248134A23
:10CF90000168C3F38913D2E8DF4F651CC2E8D65F8E
:10CFA000002EF8D101EBC3014A6892B242EA044272
:10CFB0004A600268032002EBC302536823F0FF03B8
:10CFC00043F0010353600AF0FEFD0122044B5A6056
:10CFD00070BD00BF84F900208CF900209AFD00206C
:10CFE00000A0024010B5FFF76FFE012400220321CC
:10CFF000047081704270C270FFF7BEFF054B1C7059
:10D000000BF0E3FFBDE81040034B47F230511868C6
:10D010000AF0E5BDF820012080F9002038B50A4B60
:10D0200004461B78022BDDB20DD1FFF74DFE50B147
:10D03000002201218460017042708570C270BDE8D9
:10D040003840FFF799BF38BDF9200120034A126824
:10D0500012B1002800DB1047704700BFACF9002078
:10D060002DE9F743002581460F4610482946904692
:10D070001E46019304F0D4FB041E11DB013420464C
:10D080000BF0FFFFC9F8000068B133464246214665
:10D09000019604F0C5FB28463C6003B0BDE8F08370
:10D0A0006FF01500F9E76FF00B00F6E778C60300A4
:10D0B00010B50E4B04461B68A3B1EBF707FE08281A
:10D0C00010D9237A3F2B0DD009490822204604F0BD
:10D0D00031F9014630B904F108000A22BDE81040D8
:10D0E00004F0EEBA4FF0FF3010BD00BFACF90020E5
:10D0F0004E2A0400F7B504460F46042000211646C8
:10D100001D460BF093FF024638B914B120460BF0D0
:10D11000BAFF6FF00B0003B0F0BD00206FF05803B2
:10D1200014600D4C137350739073D073207031469C
:10D13000032057600BF09AFF4FF0FF3301932378E1
:10D14000AB4201D10020E6E7022001A9F8F7EAFB93
:10D150000028F4D0DFE700BFFA200120F8B505462B
:10D1600000240F4F57F8046B284631460EF04AF85A
:10D1700028B90134042CF5D14FF480300DE06CB1A6
:10D18000A31E012BF8D83046EBF7A0FD0A220021A0
:10D19000284404F07BF940EA0440F8BD2046FCE74F
:10D1A00060D20300014B186000207047B0F90020E6
:10D1B000014B1860704700BFACF900200FB42DE997
:10D1C000FF410A9CFFF754FC00284AD0002C4BD0AA
:10D1D000284E294F316838680AF023FD002846D1CF
:10D1E000264D316828680AF0FAFC002836D122461C
:10D1F0000BAB03A902A80193FFF732FF044658B115
:10D2000028680AF0EAFC38680AF009FD204604B0F4
:10D21000BDE8F04104B07047029C2046FFF748FF8C
:10D2200002230646012220460399FFF763FF0446C6
:10D230000028E5D1DFF84880D8F80000FFF78EFF1E
:10D240000446D8F800000BF018FF28680AF0C5FC67
:10D25000002CD8D13046FFF7F9FED4E76FF00A046E
:10D26000D1E74FF0FF34D1E76FF00D04CEE76FF058
:10D270000A04CBE7C4F90020BCF90020C0F9002063
:10D28000B4F900200CB42DE9F04F8BB007460E46E0
:10D29000149CFFF7EDFB002800F0C380002F00F086
:10D2A000C380002C00F0C080002E00F0C080DFF8AA
:10D2B0008C81634BD8F8001018680AF0B2FC002883
:10D2C00040F0B8805F4DD8F8001028680AF087FC5D
:10D2D000002840F0A380224615AB09A908A80793AF
:10D2E000FFF7BEFE044618B128680AF076FC3CE061
:10D2F000DDE908830393544B1C68002C5AD0C246C6
:10D30000DDF80C90CDF804809AF80030202B36D050
:10D31000093B042B33D90C224FF0000B4B4BCDF8BB
:10D3200008B01B6802FB03430493049B9C422ED16C
:10D33000029B002B3ED028680AF04FFC019A114650
:10D3400011F8013B202B0191F8D0093B042BF5D9B2
:10D3500031463846029B9847044618B93846FFF7CD
:10D36000FDFE044640460BF08EFE354B18680AF071
:10D3700056FC20460BB0BDE8F04F02B07047B9F143
:10D38000000FC8D00AF1010A09F1FF39BCE7A36810
:10D390005B450DD94B451A46504628BF4A46216881
:10D3A000059303F0C7FF18B963680293059B9B467A
:10D3B0000C34BAE74046FFF77BFE02238146012288
:10D3C00040460399FFF796FE044600288CD1DFF80B
:10D3D00080803846D8E9004AB2455246214628BFE7
:10D3E00032460DF0DBFCB245204607D90BF045FE76
:10D3F00028680AF0F2FB6FF00604B6E7FFF7AEFE0E
:10D400000446D8F800000BF038FE28680AF0E5FB67
:10D41000002CAAD14846FFF719FEA6E76FF00A04D0
:10D42000A3E74FF0FF34A4E76FF00D04A1E76FF01E
:10D4300015049EE76FF00A049BE700BFC4F90020C3
:10D44000BCF90020C0F90020A4F90020A0F90020B8
:10D45000B4F900200EB42DE9F343DDF824808146B1
:10D46000FFF706FB00285FD0B9F1000F5FD0B8F1DD
:10D47000000F5CD0314C324F216838680AF0D1FB84
:10D48000002857D12F4E216830680AF0A8FB0028E9
:10D4900047D14846EBF71AFC451C28460BF0F1FD36
:10D4A000044668B930680AF098FB6FF00B043868DE
:10D4B0000AF0B5FB204602B0BDE8F04303B0704768
:10D4C00049462A460DF04CFE2046FFF7F1FD0223A7
:10D4D0008146012220462946FFF70CFE044618B17A
:10D4E00030680AF07AFBE2E7174B30681D680AF0F3
:10D4F00074FBB9F1000F06DB2846FFF72FFE10B9C9
:10D500004846FFF7A3FD0AAA41462846019204F0C7
:10D51000B9F9041E284608BF6FF04C040BF0ADFDAE
:10D52000C5E76FF00A04C2E74FF0FF34C2E76FF0BF
:10D530000D04BFE76FF00A04BCE700BFC4F9002088
:10D54000BCF90020C0F90020B4F9002038B5C36848
:10D550000446A72B01D0206810E0032907D0042936
:10D5600026D0022902D10122154B1A7038BD144B66
:10D5700000681A78022A05D10028F7D0BDE83840A3
:10D580000BF07BBD0F4D2A6862B12B6898470023D2
:10D5900020682B600BF071FD0B4B1868BDE838401C
:10D5A0000AF01BBB094A1060616851600222DCE787
:10D5B000074B1B68002BCED000689847CBE700BF15
:10D5C000FA200120A8F90020C0F90020B4F90020B9
:10D5D000B0F90020012210B511460B48F8F762FAA5
:10D5E00070B90A48F8F780FA014648B94FF0FF329F
:10D5F000074B1A60BDE8104001230522FFF77ABDF2
:10D600006FF02D0010BD00BFC0F90020BCF9002054
:10D61000C4F9002010B400F11C03D3E8EF2F511E11
:10D62000C3E8E41F002CF8D1012A0CDC074BD0E83A
:10D63000EF2FC0E8E13F0029F9D16422002110BC9E
:10D6400004300DF0D2BB10BC704700BF1EF10100CA
:10D6500010B500240A4B4FF45072214609481C7043
:10D660000DF0C3FB21462246064B0748013108292D
:10D67000C3E900029A6003F16803F7D110BD00BF4F
:10D68000FB200120C8F900201EF10100164830B52A
:10D69000002203464FF0FF34144DD0E8EF1FA9429B
:10D6A00004D1C0E8EC4FBCF1000FF6D10CBF012152
:10D6B000002112D1682101FB023301220C49DA61F9
:10D6C000097893F8202061F3451283F82020022284
:10D6D000A3F8482083F84A2030BD0132082A00F11F
:10D6E0006800DAD10846F7E7C8F900201EF101000A
:10D6F000FB20012030B5024600236825054905FBC3
:10D7000003F460180C59944203D00133082BF6D16E
:10D71000002030BDC8F9002010B5044604300BF0DD
:10D72000A9FE606C08B1F8F71DFA064BD4E8EF2F9C
:10D73000C4E8E13F0029F9D12046BDE81040FFF7D9
:10D7400069BF00BF1EF1ADDE70B50825064C074E5F
:10D750002368B34202D02046FFF7DEFF013D04F10B
:10D760006804F5D170BD00BFC8F900201EF10100AA
:10D770002DE9F8430F4C06460025A0464FF06809F6
:10D780000D4B0E4F18702368BB420CD009FB05836C
:10D7900093F8202066F3451283F82020A36B13B181
:10D7A00020460BF0D2FC0135082D04F16804EAD1C3
:10D7B000BDE8F883C8F90020FB2001201EF101001C
:10D7C000112807DC002801DA00207047064B23FAF5
:10D7D00000F005E0A0F1FF03122BF5D80348D84074
:10D7E00000F00100704700BF410002000900040082
:10D7F00010B5436904461BB90CF074FB2368436001
:10D80000044B18680AF0E9F92046BDE810400CF016
:10D810006BBB00BF08FD0020032208B51146044879
:10D82000F8F740F9002818BF6FF02D0008BD00BFC1
:10D8300008FD00202DE9F04F9A46002387B081466D
:10D840000E461446CDE903330593FFF711F940B9AD
:10D8500001200AF0BAF96FF00A04204607B0BDE8CB
:10D86000F08FB9F1000F5CD1002E00F0C28000F003
:10D87000EDFC08B90D20ECE7002C49D10025062766
:10D880004FF0010801950A220021304603F018FFED
:10D890004FF6FE73421E9A4200F21B814FEA002BA4
:10D8A0004BEA102B1FFA8BFB002C6FD02368DB0494
:10D8B0006CD53A2130460DF02CFC00B1461C3046A8
:10D8C00085490DF09FFC0A22002872D00021033008
:10D8D00003F0DCFD0446814B4FF47A6118680AF0CE
:10D8E0007EF9002840F08C80B9F1000F64D04846E2
:10D8F000EBF7ECF9014618200BF098FB06460028E0
:10D900005CD1764B6FF0090418680AF066F9A4E759
:10D91000236823F4A05323F002038BB14FF0FF34AC
:10D920009BE700F093FC0028A4D0002CF0D1002E3F
:10D93000A4D1354606274FF00108B346019625E0ED
:10D94000606838B9A06860B10BF034FD48B96FF079
:10D95000060482E70BF028FD0028F3D16FF00504E0
:10D960007BE7E068A8B9606800F032FEC3B20193BB
:10D97000A368E768002B08BF0123002F08BF062714
:10D9800025685FFA83F8BFB256B9B3464FF0FF344B
:10D99000A1E7A1680BF022FD0028E4D16B2058E735
:10D9A00005F4A053B3F5805F7FF46DAF4FF0000B2B
:10D9B0007CE7014630468BE749469CE70461B9F1B4
:10D9C000000F07D04846EBF781F949460246306818
:10D9D0000DF0E4F9019B314647F20D00B361C6F842
:10D9E0001C803762756103AA00F012FE16280446F7
:10D9F00002D16FF0010430E705DC50B10B2806D1ED
:10DA00006FF0020429E7722801D1732021E7204634
:10DA10001FE72020DDF81090F8F79CF80646CAF8BA
:10DA2000000070B3D9F808000CF0C6F97060DAF89D
:10DA300000607368012B0DD0022B25D03046F8F71B
:10DA400091F86FF00504049800283FF406AF0BF03E
:10DA500014FB02E70823C6E902870027336135601B
:10DA6000F76109F118085A464046B9F814100BF04E
:10DA700012FB7061DAF8006073693BB93046F8F761
:10DA800071F86FF00904DEE71623E4E715F00205EC
:10DA90001DD0B9F816000130F8F75CF8DAF800305C
:10DAA000B061986928B95869F8F75CF8DAF80000AD
:10DAB000E5E7B9F81410B9F8162041440DF06EF9F5
:10DAC000DAF80020B9F816309269D754BBE7B5618F
:10DAD000B9E76FF00704C0E6572A040008FD0020EC
:10DAE000F8B548F20F03994205460E4640D022D8B9
:10DAF00048F20D03994233D048F20E03994233D0D5
:10DB00000069FFF7F7FD044610B3B6F5004F1FD9C3
:10DB1000A6F50046013E0B2E1AD8DFE816F0AE003F
:10DB2000E800B600B600B6003A013A01B600C400FB
:10DB3000190019000B0149F2040399421CD0B1F5F8
:10DB4000104F3FD9C068FFF7D5FD0446002848D1E3
:10DB50002868002800F02D81BDE8F8400BF08DBA50
:10DB6000BDE8F840FFF744BEBDE8F8400BF0E6BC66
:10DB7000BDE8F8400BF08CBC0369082B00F219815A
:10DB8000DFE813F01000160009000E001600170160
:10DB9000170118001E000020BDE8F840FFF7E8BD9F
:10DBA0000120F9E70021E868BDE8F8400BF0C0BBB0
:10DBB0000121F8E70021E868BDE8F8400BF0C4BB9C
:10DBC0000121F8E70069FFF795FD04460028BFD062
:10DBD00048F281039E42BBD10146284600F054FB27
:10DBE00056E049F202039E4200F0CD8037D80BF098
:10DBF00027FB0746E0B91020F7F7ACFF0646B8B19F
:10DC0000394610220DF0F1F82B6873606B68338190
:10DC1000698A002900F0C8802A8A05F114000BF0F7
:10DC20003AFAF060002840F0BF803046F7F79AFFDC
:10DC300028680BF022FA20460BF0C4FA58B12046AF
:10DC40000BF0FEFA38B994F8203043F0800384F8E2
:10DC500020300C23A36120460BF0B9FA18E049F2FA
:10DC600003039E423DD049F282039E427FF470AF8F
:10DC70000146284600F020FB0AE06B692BB92846D4
:10DC80000CF030F9AA6943681A6028460CF02CF9A8
:10DC900020460BF0E5FA002800F08B802046BDE816
:10DCA000F8400BF052BA90F8203043F0010380F8AE
:10DCB00020300BF0ACFA18B13E4B186809F08DFF1C
:10DCC00094F82030204623F00A0384F820300BF02B
:10DCD000C7FA10B120460BF038FA2046FFF71CFDBA
:10DCE000D3E7286969280BD16823A361D0E790F8AE
:10DCF0002030EE686FF3410380F82030686918B176
:10DD00000CF09FF8A061C3E720460BF06AFA28B92F
:10DD100094F8203043F0040384F8203020460BF0C0
:10DD200060FA0028B4D0002EB2D00021204600F0C6
:10DD3000E1FAADE76B69F3B928460CF0D3F8AA69AC
:10DD400043681A60426892F8203043F0040382F876
:10DD50002030436822691A61436862695A618368A6
:10DD60004BB105F10C0205F1300152F8040B8A4267
:10DD700043F8040BF9D194F82230002B85D0013BF5
:10DD800084F8223081E790F82230013380F8223085
:10DD90007EE728460CF0A6F86B6913B9AB694360BF
:10DDA00073E74FF0FF33FAE7314620460BF0EAF90C
:10DDB0006EE7F8BD0CFD00202DE9FF412D4B80469C
:10DDC0001B780F4616463BB90D2009F0FEFE4FF0BA
:10DDD000FF3004B0BDE8F0810BF0E6FA08B96A2024
:10DDE000F3E73046FFF7ECFC08B97B20EDE7384657
:10DDF0000BF0E0FA08B96B20E7E7394630460BF044
:10DE0000EDFA0028F7D0FFF741FC054608B91720C6
:10DE1000DBE7002114200BF009F9044620B928465D
:10DE2000FFF77AFC6920D0E74FF0FF3303744374A7
:10DE30008374C374404600F0CBFB606138460BF03E
:10DE4000C3FF0146A06130460BF0BFFF2146E061F1
:10DE500001AA47F20100029500F0DAFB044620B166
:10DE60002846FFF759FC2046AFE7C5E90387286835
:10DE70006E61AEE7FC20012030B585B00546FFF7A6
:10DE800039FC044628B9092009F09FFE4FF0FF3005
:10DE90000EE0FEF7EDFD68B920460BF0B8F918B1B9
:10DEA0000E4B186809F099FE2046FFF735FC00205C
:10DEB00005B030BD002108200BF0B8F8014608B9C4
:10DEC0006920E1E7056101AA47F2090000F0A0FB23
:10DED0000028ECD01628EAD0D6E700BF0CFD0020C1
:10DEE0002DE9F04385B08146884614461D460C9EB8
:10DEF000FFF700FC40B9092009F067FE4FF0FF333F
:10DF0000184605B0BDE8F08315B90EB11620F3E749
:10DF1000B8F1290F00F09D800CDCB8F1010F11D091
:10DF2000B8F1060F00F09180B8F1000F00F08F807B
:10DF30006D20E1E7B8F58D7F39D0B8F5007FF7D1D6
:10DF40001E2C08E0222C10DC202C05DC142C12D016
:10DF5000152C17D0022CEBD1314610200BF066F8AF
:10DF60000746002879D16920C6E73C2C11D03D2C0A
:10DF700016D0282CEFE73246294605B0BDE8F0431D
:10DF80000BF0B6BF3246294605B0BDE8F0430BF0B2
:10DF9000BDBF3246294605B0BDE8F0430BF0C4BF13
:10DFA0003246294605B0BDE8F0430BF0DDBF631EE5
:10DFB000112BBDD801A252F823F000BF13E00200DC
:10DFC0003DE0020059DF020031DF02002FE00200D5
:10DFD00005E0020031DF020031DF020031DF020024
:10DFE00031DF020031DF020021E0020059DF0200D0
:10DFF00059DF020059DF020031DF020059DF020061
:10E0000059DF02003246294605B0BDE8F0430BF067
:10E01000CEBF3246294605B0BDE8F0430BF0DBBF6A
:10E020003246294605B0BDE8F0430BF0E9BF324661
:10E03000294605B0BDE8F0430BF0F4BF324629464F
:10E0400005B0BDE8F0430BF0FCBF372C83E71F2C75
:10E0500081E7202C80D03E2C7DE7C0F81090404610
:10E060000BF0D2FE7861204600F0BAFAB86125B113
:10E070003246294638680CF091FE394647F20300D3
:10E080007E6001AA00F0C4FA034600283FF438AFCE
:10E0900032E700BF2DE9F04385B08146884614463B
:10E0A0001D460C9EFFF726FB40B9092009F08DFDA7
:10E0B0004FF0FF34204605B0BDE8F08305B10EB93E
:10E0C0000E20F3E7B8F1290F00F094800CDCB8F1D2
:10E0D000010F11D0B8F1060F00F08780B8F1000FE2
:10E0E00000F086806D20E1E7B8F58D7F2DD0B8F582
:10E0F000007FF7D11E2C79E0152C1FD00ADC042CF0
:10E1000015D0142CEED13246294605B0BDE8F043B7
:10E110000BF0D1BFA4F12103012BE3D8102031680B
:10E120000AF084FF0746002868D16920BEE732461E
:10E13000294605B0BDE8F0430BF0ADBF3246294695
:10E1400005B0BDE8F0430BF0C5BF621E122AC9D866
:10E1500001A151F822F000BFCFE10200DDE1020091
:10E160001DE102001DE10200C1E10200A5E1020083
:10E17000E5E00200E5E00200E5E00200E5E0020083
:10E18000E5E00200B3E10200E5E002001DE102006B
:10E190001DE102001DE10200E5E00200E5E00200F1
:10E1A0001DE102003246294605B0BDE8F0430BF000
:10E1B000A0BF3246294605B0BDE8F0430BF0AFBF23
:10E1C0003246294605B0BDE8F0430BF0BABF3246EF
:10E1D000294605B0BDE8F0430BF0C5BF32462946DD
:10E1E00005B0BDE8F0430BF0D0BF372C96D079E7EF
:10E1F0001F2CFBE7202C91D03E2CF7E7C0F81090A5
:10E2000040460BF001FE7861204600F0E9F93946FE
:10E21000B86101AA47F20400D7F8008000F0F8F9CD
:10E22000044620B140460AF02EFF20463EE77A68B9
:10E23000336841469A4228BF1A46284632600CF09D
:10E24000ADFD40460AF01FFF34E700BF014B1878D0
:10E25000704700BFFC20012008B5FFF7F9F9FFF770
:10E26000DBFA40B9012206481146F7F71BFC18B942
:10E270000122044B1A7008BD6FF02D00FBE700BFB0
:10E280000CFD0020FC20012010B543690C467BB139
:10E2900091F820306FF3C30381F8203040690BF010
:10E2A000D0FD044BA061BDE81040186809F095BC92
:10E2B00010BD00BF0CFD002010B591F820300C46B9
:10E2C0006FF3C30381F82030006960B9DBB223F03B
:10E2D000140343F0140381F82030054BBDE81040CF
:10E2E000186809F07ABC0BF0ACFDA061F5E700BF3F
:10E2F0000CFD00202DE9F743DFF8FC900446D9F827
:10E300000000019109F06BFC074650B1019B002B06
:10E3100070D11023A3614FF0FF37384603B0BDE83A
:10E32000F083606CD8B1EAF7D1FC461C94F84B80BE
:10E3300031464FEA880808F10C000AF077FE0546DE
:10E3400078B920460AF068FF08B16923A361D9F8BB
:10E35000000009F042FC692009F037FCDBE73E468B
:10E36000E4E723684246036194F8483004F14C0125
:10E37000037594F84A30183000F8023C94F849309C
:10E3800000F8033C94F84B3000F8013C0CF006FD1B
:10E39000F6B13246616C28680CF0E2FE6E6094F8CB
:10E3A0002030042043F008032A4647F2810184F814
:10E3B00020300AF05BFE20460AF02EFF0028ACD188
:10E3C00020460AF024FF40B9A0690028A5D0C3E781
:10E3D0002E706E70AE70EE70E0E7022001A9F7F7C4
:10E3E000A1FA10F10B0F05D00028E9D00028B8BF22
:10E3F0004042B1E77420AFE70CFD00202DE9F74F54
:10E400000025074688462C464FF00A0ADFF8689038
:10E410008DF8045001AE17F801BBBBF1000F09D114
:10E42000032D27DD0124019BC8F80030204603B0EE
:10E43000BDE8F08F594610480CF06BFE68B1327899
:10E44000A0EB09031AFB0233FF2B11D814B90135D5
:10E45000042DEBDC01243370DDE7BBF12E0F07D177
:10E46000002CE3D0042D03D0707004460136D2E7AF
:10E470000024DBE75C46D9E77D2A04002DE9F04F54
:10E4800087B00D46019201B12AB90E2009F09DFB1B
:10E490004FF0FF3088E0012803D0022808D06A201E
:10E4A000F4E72846019907B0BDE8F04FFFF7A6BF93
:10E4B0001022002102A80CF098FC2B783A2B03D1F3
:10E4C0006B783A2B6FD101350024A9462746A34625
:10E4D000A04602AE15F801ABBAF1000F23D1BBF193
:10E4E000000F64D0B51C06AB9D425CD864BA348082
:10E4F000B8F1000F64D006AB9D42A5EB080852D0DE
:10E500001A4600210123984553DA019A02AB06AD61
:10E510001C4603CCAC4210605160234602F1080255
:10E52000F6D1012040E0514627480CF0F2FD88B9B1
:10E53000514626480CF0EDFD70B1244A032F32DC21
:10E54000821A42EA0414B4F5803F2CD24FF0010B3A
:10E550000137BFE71C4AF1E7BAF13A0F16D1BBF118
:10E56000000F05D1B8F1000F1DD1A946B046B1E7A3
:10E570002B78C3B1B31C06AA934214D864BA348072
:10E58000A9461E46044607468346A3E7BAF12E0F66
:10E5900009D1351D06AB9D4205D831464846FFF7E7
:10E5A0002DFF0028A4DC002007B0BDE8F08F354621
:10E5B0009EE715F8010D013302F8010D2970A2E75D
:10E5C00006AB9D42EFD1A0E76C2A04005B2A040051
:10E5D00003289CBF014B1856704700BF882A0400CF
:10E5E00002383C289ABF034B53F820004FF0FF300D
:10E5F000704700BF84D20300013804289ABF034B40
:10E6000053F820004FF0FF30704700BF70D2030076
:10E610004FF0FF3337B50D4DCA60144615600A46FA
:10E620000146042001930AF021FD2068A84202D08F
:10E630000BF007FC08E0022001A9F7F773F90028A6
:10E64000F3D00028B8BF404203B030BDEEC100BCDB
:10E650002DE9F041056807460C463DB101F47043D1
:10E66000B3F5005F04D1404BC3E90015BDE8F0816C
:10E670003E4E336863B144F20402914264D00CD838
:10E6800044F2020399424ED044F20303994253D01C
:10E690003868BDE8F0410AF0F0BC44F2012221F4F0
:10E6A000807393420FD044F203139942F0D1304C5F
:10E6B000206808B10AF0E1FC01222E4B1A70256097
:10E6C0000420336826E0DFF8B080D8F8000008B1F5
:10E6D0000AF0D3FC44F201339C420CBF0322022215
:10E6E00095F85170254B264C1A70C8F8005017F059
:10E6F00008053368227810D01AB9052098470123FD
:10E70000237007F04107012F02D102203368984798
:10E7100001203368BDE8F0411847002AF1D00620F7
:10E7200098472570EDE7174C206808B10AF0A5FC62
:10E73000032033682560EDE70D4C206808B10AF02E
:10E740009CFC00220B4BB9E72A78032AA0D8DFE80B
:10E7500002F0020507090720984799E70820FBE720
:10E760000920F9E70A20F7E720FD002010FD00202E
:10E7700014FD0020FD2001201CFD0020FE200120B2
:10E78000FF20012018FD002008B50023094A0A488F
:10E7900013700A4A13700A4A13700A4A13700A4A1D
:10E7A000136001221146F7F77DF9002818BF6FF0BA
:10E7B0002D0008BDFF20012028FD0020012101209F
:10E7C00000210120FE20012010FD002010B50B4C7F
:10E7D000206818B10AF051FC00232360084C20681F
:10E7E00018B10AF04AFC00232360064C206818B1D7
:10E7F0000AF043FC00232360002010BD1CFD002014
:10E8000018FD002014FD00201FB5FEF731F900B3FC
:10E81000144C237803BB01A80BF0D3FCB8B9014614
:10E8200008200AF003FC0146C8B1019B02AA03615B
:10E83000032000F035F850B9C8230293002002A944
:10E84000F7F770F802980028F8D10123237004B07C
:10E8500010BD4FF0FF30FAE76FF07700F7E76FF089
:10E860000B00F4E70221012007B5FEF701F978B1AA
:10E87000002104200AF0DAFB014660B16A46062056
:10E8800000F00EF808B9054B187003B05DF804FBF2
:10E890004FF0FF30F9E76FF00B00F6E7022101209F
:10E8A0004FF0FF3337B50B4DCA60144615600A466A
:10E8B0000146062001930AF0D9FB2068A84201D046
:10E8C000404205E0022001A9F7F72CF80028F4D017
:10E8D00003B030BDEEC100BC30B4074B1C6844B17E
:10E8E00043688589A4460268C1899BB2E8B230BCFE
:10E8F000604730BC704700BF2CFD00200021012282
:10E90000074B1970074B1A70074B1970074B1960AA
:10E91000074B1960074B18600748F7F7C3B800BFEB
:10E9200003210120052101200421012034FD0020C4
:10E9300038FD002048FD002030FD0020024B186803
:10E9400008B109F04AB9704730FD002070B4284B77
:10E950001B68196958691A7C00221A745C7C5A7405
:10E960009C7C9A74DC7CDA741C7D1A755C7D5A750B
:10E970009C7D03299A75DC7DDA7529D0042929D07C
:10E9800001290FD185681B4E954210D11A7A0121B9
:10E9900000221972597A5A72997A9A72DA7A6FF059
:10E9A0005F02DA72144B70BC186809F016B9911C3A
:10E9B00000EB81014C682178622907D0633918BFC8
:10E9C0000121490046F821400132DDE70121F9E744
:10E9D000187ADEE7187A1972597A5A72997A9A7205
:10E9E000DA7A6FF05F02DA720122044B1A70D9E70B
:10E9F00048FD00203CFD002030FD002004210120C6
:10EA0000034A044B026024209B1AB3FBF0F07047CA
:10EA1000DCBD030068BF0300014B98689830704765
:10EA20004CFD002010B50446EFF76AFD0548036869
:10EA30005B0703D00121044A05F0D3FD20460BF00B
:10EA4000ACFC00BFD8CD00208C2A04002DE9F04793
:10EA500004460D4600AFEFF31189202383F312889B
:10EA6000BFF36F8FDFF8CC80334AD8F80030966858
:10EA700059075CD0042898BF304BEA468AB0117C15
:10EA800098BF53F820306A4688BF2D4BC2E9073142
:10EA900040F201332B4893842B4BC2E9050442F822
:10EAA000103F00234FF431512248EFF7CBFED546FB
:10EAB00065B1EB69D8F80020C3F3080333B15207FE
:10EAC0001ED00121214A1B4805F08BFDD8F80030EB
:10EAD0005B0715D016BB1E48E8468AB06A461D4B38
:10EAE000D061C2E9053640F2013313841A4B42F873
:10EAF000103F00234FF411510E48EFF7A3FEC54617
:10EB000029462046FFF78EFF89F31188BFF36F8FE8
:10EB10003046F3F71DFBBD46BDE8F08730460BF0ED
:10EB200016FE0028D7D00378002BD4D0D4E7002DD0
:10EB3000BFD1E5E7D8CD00204CFD002078D30300FD
:10EB40009B2A0400B12A040005000001D92A040010
:10EB5000A92A0400FA2A04000400000138B50A4B6F
:10EB600053F82040013053F82050A54200D838BD5A
:10EB7000606830B1037FDB0701D40BF016FC08346A
:10EB8000F3E723689847FAE78CD30300012270B5B6
:10EB9000294B032086B01A70FFF7E0FFF2F71CFF45
:10EBA0000420FFF7DBFF254C254D2646AE4204F13D
:10EBB000300410D300F086FF204C224EAC4226D306
:10EBC00000F094FFECF7D8F81F4A137B23F0010301
:10EBD000137306B070BD54F80C3C059354F8103C08
:10EBE000049354F8143C039354F8183C029354F8DB
:10EBF0001C3C019354F8203C009354E90A2354E947
:10EC00000C0100F095FC54F8303C5E65CDE7D4E98A
:10EC10000A23B3F1FF3F08BFB2F1FF3F05D052EA2C
:10EC20000301206803D101F01DF83034C6E73146F6
:10EC3000183001F01FFAF8E70621012070C1030027
:10EC400070C1030063A8030090E9002008B50348E1
:10EC5000034A0021121A0BF0BFFB08BD78D0002038
:10EC600008210120B82370B5144E86B003FB00665E
:10EC7000134B012205930F23CDE903320023CDE985
:10EC8000013314234FF4A0720E4D0F4903FB0055BE
:10EC9000044602FB00110D4B3046009500F048FC85
:10ECA000737B2C7423F004037373094B013403EB5F
:10ECB000C423EE606B6006B070BD00BFD8E80020D2
:10ECC0005C2B04004CFD002008460120E1A4030059
:10ECD000083E0120BFB50020FFF740FF2A4B03F597
:10ECE000006282F3088883F30A880024E023274D1A
:10ECF000274F85F82230EC772C766C76AC7685F849
:10ED000020406B6A43F4E0236B6285F82340F3F7FD
:10ED100085F9F3F71BFB4FF0FF33AB62EB62F3F7C0
:10ED2000C3FCF3F737FBEFF72DFB1A4800F08EFC1E
:10ED30000BF027FB0120FFF711FF0220164DFFF714
:10ED40000DFF00F007FF154B15495D61154B4FF4A2
:10ED50008052059301232846CDE90343CDE90144C0
:10ED60003B46009400F0E4FB06466A7B284622F00E
:10ED700004026A730BF038FD2046FFF773FF3A4632
:10ED800031462846F3F7C6FA083E012000ED00E0C0
:10ED90008DEB020048EA002090E900204CFD0020A5
:10EDA0004847012041D6030038B5064C064DAC4219
:10EDB00001D3002038BD2046D4E901120BF052FBEC
:10EDC0001434F4E750CE002078CE00201FB5054C57
:10EDD000CDE9002302940A4600210BF001FB04B0A8
:10EDE00010BD00BFF7340300002038B5054C064DB8
:10EDF000AC4200D338BD20460BF058FB0028F9DBAD
:10EE00001C34F5E750CE002050CE00202DE9F34110
:10EE1000044617461E46EFF31188202383F3128819
:10EE2000BFF36F8FC368334A7BB1806891688842B3
:10EE300019D057EA060318D188F31188BFF36F8FF2
:10EE40006FF00F0002B0BDE8F081916891F90E10EB
:10EE50000133E36093682161A36088F31188BFF3F5
:10EE60006F8F0020EEE72169F2E791F90E1090F91B
:10EE70000E306FF07E029942A8BF19469142B8BF8A
:10EE800011468B422DDD0BF036FB054622464146EE
:10EE9000CDE90076184800F03DFD0028E1D0EFF301
:10EEA0001186202383F31288BFF36F8FA068D0B13F
:10EEB000236821699C420AD04BB193F90E309942E4
:10EEC000A8BF19466FF07E039942B8BF19460BF0F0
:10EED00012FB40B13146084800F0B0FD6FF00A0067
:10EEE000B0E70025D2E7002DF4D186F31188BFF3F7
:10EEF0006F8FF3E74CFD002007210120F8B58368F0
:10EF00000546002B40D0234A926893423FD1C36804
:10EF1000012B03D9013BC3600020F8BDEFF311873B
:10EF2000202383F31288BFF36F8F016980680BF091
:10EF3000E2FA2C68AC4207D10023C5E9023387F31B
:10EF40001188BFF36F8FE7E7002CF5D0D4E90032CA
:10EF5000002613605A60637BC4E9006623F0020355
:10EF60006373A66004F118000BF011FDAC6094F916
:10EF70000E3020462B61C4F8B0600BF035FC3946EA
:10EF8000054800F05BFDC7E76FF01500C5E74FF0DF
:10EF9000FF30C2E74CFD00200721012037B51146A4
:10EFA000EFF31185202282F31288BFF36F8F04687C
:10EFB0009CB12368426823F003039442036008BFB6
:10EFC0004360012120460BF023FB044685F31188A2
:10EFD000BFF36F8F204603B030BD51EA0302F5D076
:10EFE00000F10802CDE900131046294600F092FC1A
:10EFF0000028EFD1014B9B681C69EBE74CFD00201A
:10F0000070B5EFF31186202383F31288BFF36F8F5F
:10F010000468A0421BD0D4B1D4E9003200251360AB
:10F020005A60637BC4E9005523F002036373A56053
:10F0300004F118000BF0ABFC2046C4F8B0500BF004
:10F04000D3FB3146BDE87040094800F0F7BCD0E979
:10F0500002329A4218BF01330221836010300BF054
:10F0600030FE0028EDD186F31188BFF36F8F70BD9D
:10F070000721012013B5EFF31181202484F31288B6
:10F08000BFF36F8F846844B1013C846081F31188C1
:10F09000BFF36F8F002002B010BD52EA030406D107
:10F0A00081F31188BFF36F8F6FF00F00F3E7CDE9A5
:10F0B00000230246014800F02DFCECE70721012067
:10F0C0002DE9F8430546EFF31188202383F31288D6
:10F0D000BFF36F8F00266FF00A0937462C68A542F0
:10F0E00016D0ACB1D4E9003213605A60637BC4E936
:10F0F000007723F002036373A76004F118000BF09C
:10F1000046FC2046C4F8B0900BF06EFB0126E5E704
:10F1100000230221AB6005F110000BF0D2FD30B9E5
:10F120002EB988F31188BFF36F8FBDE8F88341468D
:10F13000BDE8F843014800F081BC00BF0721012071
:10F140002DE9FF41044620274E4EEFF3118887F347
:10F150001288BFF36F8FD4F8BC50F5B9022104F1C7
:10F16000D4000BF07CFA002868D004F1CC05002212
:10F17000012128460BF0D1FB0028F8D100234FF0E5
:10F18000FF3202934FF0FF334146CDE900233E4862
:10F1900004F1C40200F030FED7E7D4F8C0202B6899
:10F1A0009542C4F8BC3008BFC4F8C030D4F8D4309D
:10F1B00043F00203C4F8D430EB6823F0040343F0B7
:10F1C0000103EB606B6888F31188BFF36F8F2846EB
:10F1D0009847EFF3118887F31288BFF36F8FEB68BE
:10F1E000D80623F0010236D4EA60EB689A0716D5F8
:10F1F000306823F00203EB6088B10021036870B12E
:10F200004268954235D1036869BB726833608242B7
:10F2100000D17360002340F8083BFFF7F1FED4F8FB
:10F22000D43023F00203C4F8D43088F31188BFF33C
:10F230006F8FDB0589D400F095FC86E7D4F8D430D5
:10F24000D9069BD5C4F8D40088F31188BFF36F8F1B
:10F2500004B0BDE8F08123F01103EB6005F110006C
:10F26000FFF7CEFEC1E70B607368834208BF716091
:10F27000D0E723B11A68014618461346BFE71A467D
:10F28000F9E700BF70FD002007210120F8B5C36831
:10F2900004469A070F46C3F340062ED45B071CD4DE
:10F2A0000B680BB983680B60E368DD0742BFA36896
:10F2B00002263B603D6858BF0126002D3CD0204B04
:10F2C0009A68D5F8B8309A420AD0D5F8D430D80721
:10F2D000C3F3800214D46FF0120600233B6025E0D4
:10F2E0000BF02FFAD5F8D4300028F0D1D907C3F3AA
:10F2F000C002F0D552B15B0708D46FF00F06ECE7FF
:10F30000002AFAD1C3F3C003002BF6D100232360F7
:10F31000D5F8C03063B9C5E92F4428460BF0B9F9D8
:10F32000E36843F00403E3603B68A3603046F8BD44
:10F330001C60C5F8C040F0E76FF01506CDE700BFD0
:10F340004CFD0020014601480BF0DBB920EB00200A
:10F35000F0B50446002089B0C4E92F000E9D04F1E9
:10F36000C400C4E9310004F1CC00C4E9330055B352
:10F370002879002840F2011008BF0120C4F8D40009
:10F3800000204FF0FF364FF0FF37CDE90330CDE9D5
:10F390000100CDE9066720460C4B009400F02AF9E5
:10F3A00055B1296811B1204600F070F86B791BB196
:10F3B000237B43F001032373204600F053FCC4F881
:10F3C000B84009B0F0BD0120D8E700BF41F102000C
:10F3D00037B501900846EFF31184202181F312889C
:10F3E000BFF36F8FC16811F01E0F16D153EA0205EB
:10F3F00008D101A9FFF74AFF84F31188BFF36F8F8B
:10F4000003B030BD41F00801C16001991030816145
:10F41000034900F02FFE0120EEE70020ECE700BFDB
:10F42000A1A6030001460148FFF7D2BF20EB002050
:10F43000F7B50C4616461D460190EFF311872023C1
:10F4400083F31288BFF36F8F08460BF013F955EA68
:10F45000060309D1204601A9FFF718FF87F3118899
:10F46000BFF36F8F03B0F0BDE368324643F008038B
:10F47000E360019B0449A36204F110002B4600F0F5
:10F48000F9FD0120EAE700BFA1A6030010B504467C
:10F4900008B9054B9C681F2204F178000BF060FE50
:10F4A000002084F8970010BD4CFD00202DE9F84F96
:10F4B0000C46A1B39AB390F80D90DFF86880084627
:10F4C000571EB9F1000F25D00025DFF85CA0B8F871
:10F4D00004B019EA0B0F19D0B8F806307E1B9E4213
:10F4E00028BF1E46D8F8001032460BF057FC2E44B9
:10F4F00039EA0B0904EB06000CD0BD1B012D28BF17
:10F50000012551462A460BF049FC354408F108080C
:10F510006019DCE7002303702046BDE8F88F03483C
:10F52000FBE700BFA4D30300642B040057EF0300E4
:10F530002DE9F04F1F4685B000F15803C0E916339E
:10F54000129B0025037304230E46044643730732BF
:10F55000119B22F0070A5246C0E906558560837365
:10F56000C57301EB0A093046AA21DDF838B0DDF891
:10F570004C800BF03AFC109BC4E9276AC4F8A450F5
:10F5800002930F9B4A46CDE900B331463B462046E5
:10F59000F2F7A0FE0F9BC4E9197BE366109B65653B
:10F5A0002367EFF31183202282F31288BFF36F8F5A
:10F5B0000F4E326A3462626783F31188BFF36F8F34
:10F5C000B8F1000F11D01F22414604F178000BF072
:10F5D000C7FD84F89750B3680BB1D3F8A8304846FC
:10F5E000C4F8A83005B0BDE8F08F84F87880F2E761
:10F5F0004CFD0020F0B5002587B00595109DDDE994
:10F60000127604950F9D044603950E9D02950D9D5F
:10F6100001950C9D0095FFF78BFFB6F1FF3F08BFEA
:10F62000B7F1FF3F05D056EA070305D1204600F0A9
:10F6300019FB204607B0F0BD3A46334604F11800E6
:10F64000014900F017FDF4E763A8030040F201133D
:10F650008381002310B50446C0E9273300F092FFF0
:10F66000014B9C6010BD00BF4CFD00206FF00A01F3
:10F67000094A9368C3F8B0100849C3F8AC004B6856
:10F6800043F080534B60002383F31188BFF36F8FE7
:10F690009368D3F8B00070474CFD002000ED00E007
:10F6A00070B590F90D20437B002A36DBD90634D1A2
:10F6B0001B4C63F07F032246437352F8183FE16905
:10F6C000934207D1C0E900210860E06111E099424E
:10F6D000F8D01B68002BF5D090F90E5093F90E600E
:10F6E000B542F4D0AE42F2DD5968C0E9003108609D
:10F6F0005860A569954200D005B9E568A3685A7BB2
:10F70000D20604D1DA897F2A01D9AA6932B1AB4283
:10F7100002D0284600F0B0FB656170BD6361FCE774
:10F720004CFD002038B590F90D200146002A437B9E
:10F7300004DA03F07F0343730BF01CF80D4D2A46E7
:10F7400052F8184FAB68944200D004B9EC688B4271
:10F7500007D05A7BD20604D1DA897F2A01D9A2695F
:10F760002AB1A34202D0204600F086FB23466B61FB
:10F7700038BD00BF4CFD0020B3F1FF3F08BFB2F120
:10F78000FF3F03D00249183000F074BC704700BF3F
:10F7900063A8030070B590F90D200146002A437B51
:10F7A00004DA03F07F0343730AF0E4FF1C4C4B7B45
:10F7B000224663F07F034B7352F8183FE06993428F
:10F7C00007D1C1E900200160E16111E09842F8D061
:10F7D0001B68002BF5D091F90E5093F90E60B542DD
:10F7E000F4D0AE42F2DD5868C1E9003001605960E2
:10F7F000A569A368954200D005B9E5688B4207D09A
:10F800005A7BD20604D1DA897F2A01D9AA692AB1A2
:10F81000AB4202D0284600F02FFB2B46636170BD3F
:10F820004CFD0020F8B5394C0746A268824224D12D
:10F83000EFF305830BBBEFF31186202383F31288CC
:10F84000BFF36F8F537B03F07F0343F010035373B9
:10F850000AF090FF234653F8185F9D4200D005B987
:10F86000E568A3689D4202D0284600F005FB3046BB
:10F870006561BDE8F840FFF7F9BEEFF3118520237D
:10F8800083F31288BFF36F8F7B7BD90604D585F392
:10F890001188BFF36F8FF8BDD90943F0100219D159
:10F8A0007A73A6691A4B9E4200D006B9E668A3682F
:10F8B000B34202D0304600F0DFFAA36866619F428F
:10F8C000E5D1EFF30583002BE1D13A7BD2070AD4CF
:10F8D0002846CEE703F07F0343F0100338467B73DE
:10F8E0000AF048FFDDE785F31188BFF36F8F83F3DC
:10F8F0001188BFF36F8F0423184602DFEFF31180E6
:10F90000202383F31288BFF36F8FB2E74CFD0020F2
:10F9100064FD0020F8B5DDE906670D4B0C469868DC
:10F9200011460C4A1060EFF31182202282F31288F4
:10F93000BFF36F8F9D6828460AF02EFF2846324697
:10F940003B46FFF719FF2046BDE8F840FFF78EBEA3
:10F950004CFD002078FD0020F8B50446EFF3118738
:10F96000202383F31288BFF36F8F437B49B203F0E8
:10F970001F02002A0CBF0126002639D103F07F03A5
:10F980002D4D43730AF0F6FE2A46437B817363F0E4
:10F990007F03437352F8183F934227D1E869C4E9C3
:10F9A00000200460EC610FE09842F8D01B68002B47
:10F9B000F5D093F90EC06145F6D08C45F4DD596859
:10F9C000C4E900310C605C60AC69944200D004B9B9
:10F9D000EC68AB689C4202D0204600F04DFA6C61A6
:10F9E00087F31188BFF36F8F3046F8BDE869DEE713
:10F9F0009B071ED585680AF0BDFE81732B689D426A
:10FA000009D16B68C4E900531C606C60E8E76A6860
:10FA10009342F6D01B68002BF3D093F90E2091424D
:10FA2000F5D08A42F3DD5A68C4E9003214605C60A4
:10FA3000D6E78173D4E700BF4CFD002049B9EFF34E
:10FA4000058030B9054B5A699B689A4201D0FFF78F
:10FA50000DBE81F31188BFF36F8F70474CFD0020FE
:10FA600010B5EFF31184202282F31288BFF36F8F59
:10FA7000427BD10604D484F31188BFF36F8F10BD8D
:10FA800022F010024273FFF70BFE2146BDE8104042
:10FA90000148FFF7D3BF00BF07210120034648B943
:10FAA000EFF3058232B9064A51699268914201D05A
:10FAB000FFF7DCBD83F31188BFF36F8F704700BF82
:10FAC0004CFD0020EFF31181202383F31288BFF354
:10FAD0006F8F054B9A68D37B013BD37381F31188F9
:10FAE000BFF36F8F704700BF4CFD002070B5EFF380
:10FAF0001186202383F31288BFF36F8F144DAB68F8
:10FB0000DA7B0132DA732A4652F8184F944200D059
:10FB100004B9EC685A7BD20604D1DA897F2A01D96C
:10FB2000A2692AB1A34202D0204600F0A5F92346DB
:10FB30006B6186F31188BFF36F8FEFF31180202381
:10FB400083F31288BFF36F8FBDE87040FFF7A6BF45
:10FB50004CFD0020024B03F11802C3E90622704756
:10FB60004CFD002070B5EFF31186202383F312883B
:10FB7000BFF36F8F1B4CA168E0690B68814214BF13
:10FB80001A46002249680B605960A368E1692AB9E6
:10FB9000154AC3E900210B60E3610CE093F90E0004
:10FBA00092F90E50A84218D0854216DD5168C3E97B
:10FBB00000210B605360A5690B4B9D4200D005B935
:10FBC000E568A3689D4202D0284600F055F96561BA
:10FBD0003046BDE87040FFF749BD8A42D8D0126870
:10FBE000D5E700BF4CFD002064FD0020F8B550EAC9
:10FBF000010306460C4603D1FFF7B4FF0020F8BD11
:10FC0000EFF31187202383F31288BFF36F8F124D18
:10FC1000124BA8681860FFF785FDA8682346324696
:10FC20000F49183000F026FAAA680446537B38467C
:10FC300043F004035373FFF719FDAB68D3E90A23BC
:10FC4000B3F1004F08BF002AD8D10AF0C8FE201A2D
:10FC500020EAE070D3E700BF4CFD002078FD0020D3
:10FC600063A8030038B50446EFF31185202383F31E
:10FC70001288BFF36F8F437B5B070FD518300AF0F4
:10FC800086FE637B204623F004036373FFF708FDC1
:10FC90002946BDE838400448FFF7D0BE85F31188F7
:10FCA000BFF36F8F38BD00BF07210120014B98685B
:10FCB000704700BF4CFD00202DE9F8430446077B48
:10FCC000EFF31185202383F31288BFF36F8F437BFB
:10FCD000190705D585F31188BFF36F8FBDE8F88349
:10FCE000D90943F008025DD14273A36813B12046DD
:10FCF0000AF048FD04F118000AF049FEA66D04F16F
:10FD00005808B04511D04FF0000976B130460AF0DE
:10FD100039FD06F118000AF03AFE3046C6F8B090F8
:10FD2000FFF7BEFCA66DB045EFD1DFF8C080D8F874
:10FD300008309C423ED1EFF30589B9F1000918BFA4
:10FD40004FF00109D8F81860294A964200D00EB940
:10FD5000D8F80C60B34202D0304600F08DF820464F
:10FD6000C8F8146000F0E0F8B9F1000F02D02148A3
:10FD7000FFF76CFCD8F808309C4231D1EFF30583D3
:10FD800073BB227BD20718D42846FFF76FFCFB0712
:10FD9000A4D5002383F31188BFF36F8F0423184683
:10FDA00002DF9BE703F07F0343F0080343730AF08D
:10FDB000E1FC9AE74FF00009C4E785F31188BFF32F
:10FDC0006F8F83F31188BFF36F8F0423184602DF10
:10FDD000EFF31180202383F31288BFF36F8FD4E7F2
:10FDE00085F31188BFF36F8FD1E700BF4CFD002072
:10FDF00064FD002048EA0020D3B5DDE90667089CD1
:10FE0000CDE90067FFF786FD1CB1034B9B681B69BA
:10FE1000236002B0D0BD00BF4CFD00200122044B86
:10FE2000C01A044BC0105843034B1A54704700BF0C
:10FE300000EB0020ABAAAAAA07210120C3897F2BCF
:10FE400012D80A4B1B6863B1094B90F90E201B684E
:10FE50009A4209DB437BDB0606D1064BC31A18BF67
:10FE6000012303F0010070470023FAE760CA002075
:10FE70007CFD0020D8E8002070B50E4B0E4C1E7C97
:10FE8000054606EB460304EBC30420460AF07FFD5B
:10FE900000220A4B28469A55FFF7D0FF48B1084B7D
:10FEA0002046BDE870401A680649013AD31700F0B1
:10FEB000E1B870BD4CFD002000EB002007210120BF
:10FEC00060CA00201DFE020038B5EFF31185202323
:10FED00083F31288BFF36F8F104B114A9C68106830
:10FEE000A04206D1FFF7C8FF85F31188BFF36F8FDB
:10FEF00038BD00211B7C11600A4AD35C002BF3D073
:10FF00002046FFF79BFF0028EED0637BDB0602D183
:10FF10002046FFF73FFC2046E4E700BF4CFD0020F1
:10FF200078FD002007210120EFF31181202383F3C6
:10FF30001288BFF36F8F0A4A136A834207D15B6F3F
:10FF4000136281F31188BFF36F8F70471346002B44
:10FF5000F7D05A6F8242F9D1426F5A67F1E700BF7A
:10FF60004CFD0020F8B505460E46EFF3118720231F
:10FF700083F31288BFF36F8F064B1C6A24B987F393
:10FF80001188BFF36F8FF8BD20463146A847646FD4
:10FF9000F4E700BF4CFD0020F8B506460F46EFF32E
:10FFA0001183202282F31288BFF36F8F15460B490D
:10FFB0000C6A24B983F31188BFF36F8FF8BD83F304
:10FFC0001188BFF36F8F39462046B047EFF3118396
:10FFD00085F31288BFF36F8F646FEAE74CFD002052
:10FFE000074808B5074A0849121A0AF0F7F9BDE8A8
:10FFF00008400648064A0749121A0AF0EFB900BF3E
:020000040003F7
:1000000080C5002074D00020882F040068C500201F
:1000100080C50020702F0400024B1868984208BF6A
:100020000020704764CA0020034B1B680BB9F5F72A
:10003000E7BB0020704700BF80FD002030B570B1E5
:100040000B4B5B6898420AD0036843B1D3E90421A3
:10005000D0E90445121941EB0501C3E90421D0E9B7
:10006000003213605A600023C0E9003330BD00BF86
:1000700064CA0020B3F1FF3F08BFB2F1FF3F2DE992
:10008000F84F0446994615461F467BD08160EFF332
:100090001188202383F31288BFF36F8F013279F127
:1000A000FF33DFF8E8A020DBFFF7BEFFDAE9002727
:1000B000013549F100092D1849EBE07306464FF070
:1000C0000109C4E90453AD1843EB0707FFF7A4FF88
:1000D0000346DFF8BCE0DEF804A0EBB9C4E900EAAF
:1000E000CAF80040CEF8044028E06FF00103DAE9D6
:1000F00000125B1A4FF0FF3161EB02025B1B62EBF7
:100100000902012B72F10001BCBF012300224FF054
:100110000009C0E90432D9E7D3E9041CD4E904207A
:100120008A4270EB0C0B24DA891A5A686CEB0000D7
:10013000C3E90410C4E9003214605C60FFF76CFF8F
:1001400084420ED1134B1B685BB9B9F1000F02D189
:10015000FFF76AFF064630460AF002FC0021F5F779
:1001600021FB88F31188BFF36F8F28463946BDE81D
:10017000F88F521A60EB0C009A45C4E90420ADD008
:100180001B68AAE700252F46EFE700BF18EB002009
:1001900064CA002080FD00202DE9F047EFF31185AF
:1001A000202383F31288BFF36F8FDFF8A09000261F
:1001B000C9F800000027FFF72FFFDFF89480D9F877
:1001C0000030D8E900ECD91750B1D0E90442A3427D
:1001D00071EB020A1BDAE41A62EB0102C0E9044285
:1001E000002413EB0E034CEB01012046C8E900315B
:1001F000C9F800400AF0B4FB2146F5F7D3FA85F3BD
:100200001188BFF36F8FBDE8F047FFF75DBE14EBB9
:100210000E024CEBE473C0E90467C8E90023FFF762
:100220000DFF85F31188BFF36F8F83689847EFF355
:100230001185202383F31288BFF36F8FD9F8003024
:100240001B1BC9F80030FFF7E7FEB8E780FD002070
:1002500018EB002010B5EFF31184202383F31288EC
:10026000BFF36F8FFFF7E0FE0346054AD2E90001B6
:10027000181841EBE37184F31188BFF36F8F10BD41
:1002800018EB0020F8B50446EFF31187202383F321
:100290001288BFF36F8F026822B187F31188BFF312
:1002A0006F8FF8BDD0E90A36581C46F100010228CC
:1002B00071F1000127D3012B76F10001BCBF0123AE
:1002C00016465D1E46F1FF360AF08DFB013041F106
:1002D0000001401946EB0101012871F100013ADBF0
:1002E0000AF081FB013041F100016FF00102401979
:1002F00046EB01034FF0FF31121A61EB0303204676
:100300001749FFF7B7FE236B01332363236A6BB1F1
:1003100087F31188BFF36F8F2046236A9847EFF366
:100320001187202383F31288BFF36F8F54F8185F6F
:10033000A542B2D0002DB0D028460AF064FA0023BE
:10034000C5F8B03087F31188BFF36F8F2846BDE83A
:10035000F8400AF049BA6FF001024FF0FF33CEE7E0
:10036000850203002DE9F04105461C4690461F46D4
:10037000EFF31186202383F31288BFF36F8FB4F15C
:10038000FF3F08BFB2F1FF3F05D186F31188BFF3ED
:100390006F8FBDE8F081531C74F1FF3309DB012A34
:1003A00074F10003BCBF0122002412F1FF3844F1B4
:1003B000FF3728460AF0EBFADDE906010023C5E91C
:1003C0000A012B6342463B4628460249FFF752FE8C
:1003D000DBE700BF850203001423F0B500242027CB
:1003E00003FB0100134E01B9F0BD10F8073CA0F16A
:1003F000140C03F03F03102B40F80C4C0CD826FAD9
:1004000003F3DB0708D550F8143C2BB150F8105C0F
:100410002B605D6040E9054482F31188BFF36F8F64
:10042000EFF3118287F31288BFF36F8F60460139B3
:10043000D9E700BF160101002DE9F74F1D46274BF4
:1004400016469F68012387F8603087F8613052EACA
:1004500005030CBF0123002307F1600280460AF068
:100460005BFB8146EFF3118B4FF0200A8AF3128871
:10047000BFF36F8F97F860404CB901465A4640462B
:10048000FFF7AAFF8BF31188BFF36F8F0BE00023F8
:1004900087F8603056EA050309D18BF31188BFF362
:1004A0006F8F6FF00A04204603B0BDE8F08F594605
:1004B000CDE900650A4A0B48FFF72CFA0446EFF332
:1004C00011858AF31288BFF36F8F2A46494640464A
:1004D000FFF782FF85F31188D6E700BF4CFD0020AF
:1004E0006CCA00200821012038B50346EFF31185BE
:1004F000202282F31288BFF36F8FC16001218160D7
:100500000068834206D185F31188BFF36F8F002402
:10051000204638BDD0E9003213605A600023C0E99C
:1005200000330AF07CFB294604460248FFF786FAAE
:10053000EEE700BF082101202DE9F04105460E46F7
:1005400017460AF0FEF830B9074B9B68D3F8A8406D
:1005500014B9BDE8F081054C3B4632462946204699
:10056000BDE8F0410AF0D9BB4CFD002050CE002080
:1005700002460021014B02480AF0CFBBF7340300CA
:1005800050CE0020014BC0F8A830704750CE00205C
:100590000146024A0020FFF7CFBF00BFF734030037
:1005A00007B5074B4FF48052009306494FF0FF33D5
:1005B0000548FEF7CDFE002003B05DF804FB00BF48
:1005C000E4D3030048D7012020EB00201FB51446D8
:1005D0001A46094B05461B68D86854B9074B1C4698
:1005E00000910749CDE901342B4600F015F8F2F7E8
:1005F0001BF9044BF4E700BF74CA002057EF030057
:10060000AC2B04009F2B0400024B0A4601461868DD
:100610000AF0F3BB74CA00200EB403B503AB014665
:10062000054853F8042B0068019300F07DF902B0EF
:100630005DF804EB03B0704774CA002038B50B4B6B
:1006400004461D68EB6B53B9242000F0B9F802464C
:10065000E86320B9064B39210648FFF7B7FFE96B7D
:100660002046BDE8384000F007B800BF74CA00203B
:10067000DC2C0400F32C04002DE9F0414C4A0C461C
:100680000023D0E90001E8F78FFA002A4FF46161F6
:1006900000F52F20B7BF02F5A83200F66C2000F657
:1006A0006B2002F5C072B2FBF1F301FB13223C2177
:1006B000A360B2FBF1F301FB13223E496360C31C4C
:1006C0002260072293FBF2F2C2EBC2029B1A55D5BD
:1006D0000733A361A0F50E33A3F52C7393FBF1F15F
:1006E000354B40F2B45C40F26D17642603FB010009
:1006F00048F6AC634FF00508B0FBF3F3B0FBFCF237
:1007000003449B1A2D4AB0FBF2F29B1AB3FBF7F29B
:10071000B3FBFCF3B2FBF6F5EB1A0344992007FB9D
:10072000123303EB830703F1010E0237B7FBF0FC32
:1007300000FB0CF00230B0FBF8F0AEEB000040F232
:10074000F95E77458CBF6FF00907022767444FF4C5
:10075000C87C0CFB0121012F98BF0131B3F5997FB3
:1007600012D3A3F59973A1F26C71E3610023E060E9
:1007700020462362C4E90471BDE8F0810028A3612A
:10078000A8DB90FBF1F1ABE712F0030F02D106FBFF
:1007900015255DB94FF4C875B2FBF5F605FB1622B9
:1007A000B2FA82F252093B331344DCE70122FAE742
:1007B00080510100B13A02004FC5FDFFB03A02007E
:1007C000024B0146186800F055B800BF74CA0020FB
:1007D000024B0146186800F003B800BF74CA00203D
:1007E00038B50546002941D051F8043C0C1F002BB8
:1007F000B8BFE41801F0B2FC1D4A136833B9636056
:1008000014602846BDE8384001F0AEBCA34208D9C8
:10081000206821188B4201BF19685B6809182160A4
:10082000EDE71A465B680BB1A342FAD9116850187C
:10083000A0420BD120680144501811608342E0D1DE
:1008400018685B68084453601060DAE702D90C232B
:100850002B60D6E7206821188B4202BF19685B68BD
:100860000918636008BF21605460CAE738BD00BF43
:1008700088FD0020F8B5CD1C064625F00305083597
:100880000C2D38BF0C25002D01DBA94203D90C2308
:1008900033600020F8BD01F061FC21490A6814466C
:1008A0009CB9204F3B6823B92146304600F0D4FC68
:1008B00038602946304600F0CFFC431C23D10C237E
:1008C0003046336001F050FCE3E723685B1B17D42C
:1008D0000B2B03D923601C44256004E06368A2420B
:1008E0000CBF0B605360304601F03EFC04F10B007E
:1008F000231D20F00700C21A1CBF1B1AA350C9E712
:1009000022466468CCE7C41C24F00304A042E3D070
:10091000211A304600F0A0FC0130DDD1CFE700BF46
:1009200088FD002084FD00202DE9F04F0D469DB08C
:1009300014469846064618B183690BB901F00AF9C6
:10094000874B9D421BD175686B6ED90705D4AB8967
:100950009A0502D4A86D05F075F8AB891B0701D57F
:100960002B69EBB92946304600F0FAFFC0B16B6E37
:10097000DC070ED54FF0FF301DB0BDE8F08F794B8E
:100980009D4201D1B568DFE7774B9D4208BFF5680E
:10099000DAE7AB899805EDD4A86D05F059F8E9E7D9
:1009A0000023CDF80C804FF00109DFF8C0810993D6
:1009B00020238DF8293030238DF82A3023469A469B
:1009C00013F8012B0AB1252AF9D1BAEB040B0BD08D
:1009D0005B462246294630460AF032FA013000F0E2
:1009E000A680099A5A4409929AF80030002B00F028
:1009F0009E8000234FF0FF320AF1010A049307930F
:100A00008DF853301A93CDE90523544605225748F3
:100A100014F8011B0AF0A4F9049BD0B9D90644BF0D
:100A200020228DF853201A0744BF2B228DF8532023
:100A30009AF800202A2A14D0079A544600204FF032
:100A40000A0C214611F8013B303B092B4AD970B9F9
:100A500014E0A0EB0800A24609FA00F01843049045
:100A6000D3E7039A111D1268002A039101DB079254
:100A700004E0524243F002030792049323782E2BA2
:100A80000AD163782A2B32D1039B02341A1D1B68CA
:100A900043EAE37303920593DFF8D4A0032221789D
:100AA00050460AF05DF938B1A0EB0A004022049BE1
:100AB000013482401343049314F8011B06222D488D
:100AC0008DF828100AF04CF900283FD02A4B1BBBA8
:100AD000039B073323F0070308330393099B3B442D
:100AE00009936BE70CFB02320C460120A9E70023B7
:100AF00001344FF00A0C19460593204610F8012BDB
:100B0000303A092A03D9002BC6D00591C4E70CFB63
:100B1000012104460123F0E703AB2A4604A930462D
:100B20000093164B00F02CF80746781CD6D16B6E5C
:100B3000D90705D4AB899A0502D4A86D04F088FFC3
:100B4000AB895B063FF516AF099815E703AB2A465C
:100B500004A930460093094B00F048FAE4E700BFCF
:100B600058D4030038D4030018D40300672D0400C0
:100B70006D2D0400712D0400810B030041AE0300B4
:100B80002DE9F04F91B00C4616461F46DDF86880FF
:100B9000054601F08DFA036818460893E8F796F8C1
:100BA000002309900E93D8F8003094F818A007336A
:100BB000D4F800B023F0070303F10802C8F80020BE
:100BC0004FF0FF32D3E9008929F00043CDF82880A7
:100BD0000B939D4BDDE90A01C4E91289E7F786FF13
:100BE00070BB4FF0FF32984BDDE90A01E7F760FF79
:100BF00030BB0022002340464946E7F74FFF10B1C3
:100C00002D2384F84330914A914BBAF1470F94BF9A
:100C10009046984603234FF0000923612BF004030C
:100C2000236033460FAA2146284600970AF0BAF9F6
:100C3000013040F099804FF0FF3011B0BDE8F08FE7
:100C400042464B4640464946E7F750FF40B14B46C7
:100C5000804A002BBCBF2D2384F843307E4BD4E761
:100C600063685A1C29D1062363604BF48063002219
:100C70002846236006920EAACDE904A20DAA03928B
:100C80000DF13302CDE901326368424600934B46D1
:100C90000AF0E8F8BAF1670F80460D9915D1CB1C20
:100CA0003BDB6368994238DC0E9B994255DB236835
:100CB0002161D80745D54B1C42E00AF0DF02472AE4
:100CC000D3D1002BD1D10123CEE7BAF1470F07D101
:100CD000C81C25DB63688B4222DB4FF0670AE3E721
:100CE000BAF1650F1FD80139524604F150000D9139
:100CF0000AF01FF90E9A81461318012A236102DCBB
:100D00002268D20701D5013323619DF83330002BCF
:100D100087D02D2384F8433083E74FF0650AE2E75C
:100D20004FF0450ADFE7BAF1660FBDD100296368CD
:100D30000BDD216113B92268D00702D501330B44C2
:100D400023614FF00009A165DFE713B92268D207DC
:100D500001D50233F4E70123F2E70029D4BFC1F142
:100D6000020201221344EBE723685A0507D42369E2
:100D7000424631462846B84701302BD15BE7BAF1ED
:100D8000650F40F2DC8000220023D4E91201E7F76E
:100D90007BFE002833D00123304A31462846B8472D
:100DA00001303FF448AFDDE90D38434502DB2368ED
:100DB000D8070FD531462846DDE90823B84701306A
:100DC0003FF439AF4FF0000908F1FF3804F11A0A77
:100DD000C84509DC23689B0700F10281E0680F9B8E
:100DE0009842B8BF184628E70123524631462846A4
:100DF000B84701303FF41FAF09F10109E8E70D9B47
:100E0000002B38DC0123154A31462846B84701300B
:100E10003FF411AFDDE90D3959EA030302D123682C
:100E2000D907D7D531462846DDE90823B847013030
:100E30003FF401AF4FF0000A04F11A0B0D9B5B4227
:100E400053450DDC4B4693E7FFFFEF7F782D040001
:100E5000B2EA03007C2D0400802D04008F120400F0
:100E600001235A4631462846B84701303FF4E3AEE5
:100E70000AF1010AE2E7A36DDDF838A05345A8BFE7
:100E80005346002B994636DC4FF0000B29EAE979EE
:100E900004F11A02A36D0A93A3EB09035B4531DC4D
:100EA0000D9B9A453ADC2368DA0737D40D9BAAEBF1
:100EB00003090A9BAAEB03039945A8BF9946B9F118
:100EC000000F33DC4FF0000829EAE97904F11A0B2E
:100ED0000D9BAAEB0303A3EB090343457FF77AAF0E
:100EE00001235A4631462846B84701303FF4A3AEA5
:100EF00008F10108ECE7424631462846B847013080
:100F0000C2D198E60123314628460A92B8470130FB
:100F10003FF491AE0BF1010B0A9ABBE7DDE9082320
:100F200031462846B8470130C0D184E60A9A4B467C
:100F3000314628464244B8470130C3D17BE6DDF84C
:100F400038A0BAF1010F01DCDB0736D50123424698
:100F500031462846B84701303FF46DAE3146284649
:100F6000DDE90823B84701303FF465AE00220023D5
:100F70000AF1FF3AD4E91201E7F786FDC0B95346FA
:100F800008F1010231462846B84701300CD152E63B
:100F900001235A4631462846B84701303FF44BAE4C
:100FA00008F10108D045F3DB4B4604F15002E0E6BE
:100FB0004FF0000804F11A0BF4E701234246E1E781
:100FC00001234A4631462846B84701303FF433AE44
:100FD00008F10108E3680F995B1A4345F0DCFDE670
:100FE0004FF0000804F11909F4E700BF2DE9FF47AD
:100FF0000F7E914680460C46782F9A460C9D01F153
:10100000430207D8622F0AD8002F00F0E080582F43
:1010100000F0BB8004F1420684F842703AE0A7F188
:101020006303152BF6D801A151F823F085100300B6
:10103000991003001510030015100300151003008C
:10104000151003009910030015100300151003007C
:101050001510030015100300B5110300291103003A
:101060006B1103001510030015100300D7110300C6
:1010700015100300291103001510030015100300BB
:10108000731103002B6804F142061A1D1B682A60C5
:1010900084F842300123ABE0236829681F0601F180
:1010A0000400286001D50D6803E05E06FBD5B1F9A8
:1010B0000050002D61687ADA2D200029A16084F8A3
:1010C00043002DDA6D425E480A231646B5FBF3F164
:1010D00003FB1157C75D06F8017D2F460D46BB4245
:1010E000F4D9082B0BD12368DF0708D52369616881
:1010F0009942DEBF302306F8013C06F1FF36921B11
:1011000022614B4603AA21464046CDF800A009F0D3
:1011100049FF013071D14FF0FF3004B0BDE8F087D6
:1011200023F004032360CDE72B682068191D296094
:10113000050601D51D6802E04106FBD51D886F2F0D
:101140003F4814BF0A230823002184F8431066682F
:10115000002EA660B9DB216821F004012160002D7A
:10116000B3D1002EB1D11646BBE7236843F020036C
:1011700023607827334884F84570296823680E1D5A
:101180002E601E0603D50D6804E02D48F3E75D06CA
:10119000F9D50D88D90744BF43F0200323600DB172
:1011A0001023D1E7236823F020032360F8E72448C5
:1011B0000A23CCE72B682668181D6169286035066C
:1011C0001B6801D5196002E07006FBD51980002369
:1011D0001646236195E72B6800211A1D2A601E68B8
:1011E0006268304609F0BCFD08B1801B606063682E
:1011F0002361002384F8433083E72369324649465C
:101200004046D047013086D023689B0714D4E0685D
:10121000039B9842B8BF18467FE7012332464946F0
:101220004046D04701303FF476AF0135E36803997B
:101230005B1AAB42F1DCEAE7002504F11906F5E799
:10124000842D0400952D0400024B0A4601461868BF
:101250000AF0DBBB74CA002038B50023054D0446F4
:1012600008462B60F1F7CCFA431C02D12B6803B17E
:10127000236038BD8CFD00200CB4184B30B50C1E1B
:101280009DB01D6808DA8B234FF0FF302B601DB036
:10129000BDE8304002B070474FF4027302900690F0
:1012A00002A9ADF8143014BF04F1FF332346209A8D
:1012B0002846049307934FF6FF73ADF8163021AB21
:1012C000019301F029FB431CBCBF8B232B60002C36
:1012D000DDD0029B00221A70D9E700BF74CA00203B
:1012E0000EB430B59CB04FF401721FACADF81420B1
:1012F000029054F8045B0690E7F7E8FC0B4B2A4693
:10130000039002A90B93002307900F9314934FF6B9
:10131000FF730748ADF8163023460068019401F0CA
:10132000F7FB1CB0BDE8304003B07047ABB0030022
:1013300074CA002070B50A4405460E4E914201D190
:10134000002011E015F8013B11F8014BF05C00F0B2
:1013500003000128305D00F0030008BF203301289E
:1013600003D12034181BE9D070BD181BFCD1002C10
:10137000E4D1F9E7DC2B04000A4601460248034B9E
:101380000068E8F7A5B800BF74CA0020D8CA0020DA
:10139000242B2DE9F0478646904601D8012B06D133
:1013A00004F058FB162303600020BDE8F0870D46CB
:1013B00035482A4615F8014B065D16F00806F8D1A7
:1013C0002D2C24D12C780126951C2BBB302C30D011
:1013D0000A2306F1004C00220CF1FF3C1046BCFB36
:1013E000F3F903FB19CAA4F13007092F28D83C46AA
:1013F000A34234DD571C07D081452DD301D1A2452E
:101400002ADB00FB0340012215F8014BEBE72B2CF4
:1014100004BF2C78951CD8E7102BDAD1302CD8D10A
:101420002A7802F0DF02582AD3D16C7810230235D3
:10143000CFE72B7803F0DF03582BF6D00823C8E75B
:10144000A4F14107192F01D8373CD1E7A4F1610776
:10145000192F04D8573CCBE74FF0FF32D4E7531C89
:1014600008D122236046CEF80030B8F1000F9CD09E
:10147000691E06E006B14042B8F1000F95D0002A7F
:10148000F6D1C8F8001090E7DC2B040013460A469A
:10149000014602480068FFF77BBF00BF74CA002006
:1014A0002DE9F04F904685B089461E460D46454AC7
:1014B00002902B4615F8014B175D17F00807F8D17D
:1014C0002D2C41D12C7801279D1C002E41D1302C90
:1014D0004CD00A2607F1004A07F1FF3BF3173246CA
:1014E0000AF1FF3A584603935146E7F7ADFB0192E4
:1014F00000228E46844611461046A4F13003092B83
:1015000005D9A4F14103192B37D8A4F137039E4222
:101510003DDD541C15D084457EEB010234D38E454D
:1015200008BF844502D1019A9A422DDB039A714388
:1015300000FB0211A6FB00020A44181842EBE371FB
:10154000012215F8014BD8E72B2C04BF2C789D1CE9
:10155000BBE7102EBED1302CBCD12B7803F0DF03BB
:10156000582BB7D16C7810260235B3E72B7803F0EF
:10157000DF03582BF6D00826ACE7A4F16103192B42
:1015800005D8A4F15703C2E74FF0FF32D9E7531C47
:101590000AD12223029A584651461360B8F1000F2F
:1015A0000AD105B0BDE8F08F17B1404261EB4101AF
:1015B000B8F1000FF5D00AB105F1FF39C8F8009075
:1015C000EFE700BFDC2B040013460A460146024841
:1015D0000068FFF765BF00BF74CA00202DE9F04323
:1015E00086460D46354E284615F8014B375D17F0F7
:1015F0000807F8D12D2C26D12C780127851C3BBB60
:10160000302C32D00A234FF0FF380026B8FBF3F815
:1016100003FB08F930466FEA0909A4F1300CBCF16C
:10162000090F29D86446A34237DDB6F1FF3F07D042
:1016300080452FD301D1A1452CDB00FB03400126BF
:1016400015F8014BE9E72B2C04BF2C78851CD6E755
:10165000102BD8D1302CD6D1287800F0DF005828B4
:10166000D1D16C7810230235CDE72B7803F0DF035E
:10167000582BF6D00823C6E7A4F1410CBCF1190F92
:1016800001D8373CCFE7A4F1610CBCF1190F04D8A5
:10169000573CC8E74FF0FF36D2E7731C06D1222330
:1016A0003046CEF8003032B9BDE8F08307B1404291
:1016B000002AF9D006B1691E1160F5E7DC2B0400A1
:1016C00013460A46014602480068FFF787BF00BF7D
:1016D00074CA00202DE9F74F91468A461E460D46F2
:1016E000494A01902B4615F8014B175D17F0080782
:1016F000F8D12D2C43D12C7801279D1C002E43D1ED
:10170000302C4ED00A264FEAE67B32464FF0FF30AF
:101710004FF0FF315B46E7F797FA32460090884674
:101720005B464FF0FF304FF0FF31E7F78DFA0023B3
:1017300018461946A4F1300CBCF1090F38D864469C
:10174000A64246DDB3F1FF3F16D0009B834278EB03
:1017500001033BD3009B884508BF834201D1A242CD
:1017600034DB714300FB0B11A6FB00031944201866
:101770004FF0010341EBE47115F8014BDAE72B2C34
:1017800004BF2C789D1CB9E7102EBCD1302CBAD1E7
:101790002B7803F0DF03582BB5D16C781026023577
:1017A000B1E72B7803F0DF03582BF6D00826AAE721
:1017B000A4F1410CBCF1190F01D8373CC0E7A4F1EA
:1017C000610CBCF1190F04D8573CB9E74FF0FF3357
:1017D000D2E75A1C0AD10199222218460A601946FA
:1017E000B9F1000F0AD103B0BDE8F08F17B1404244
:1017F00061EB4101B9F1000FF5D00BB105F1FF3AF2
:10180000C9F800A0EFE700BFDC2B040013460A462E
:10181000014602480068FFF75DBF00BF74CA0020A0
:1018200007B5009313460A4601460348006809F0CD
:1018300024FD03B05DF804FB74CA002070B51E4699
:101840009AB04FF40173044608461546ADF80C30C3
:1018500000910491E7F73AFA094B2A46694601904C
:1018600009930023059020460D9312934FF6FF73C2
:10187000ADF80E30334601F04BF91AB070BD00BF21
:10188000ABB0030013460A46014602480068FFF762
:10189000D5BF00BF74CA0020F8B50E4614460546F1
:1018A00018B183690BB900F055F9214B9C4210D156
:1018B0006C68A369A360A3891A0701D5236993B94A
:1018C0002146284600F04CF868B14FF0FF37384603
:1018D000F8BD184B9C4201D1AC68EAE7164B9C421C
:1018E00008BFEC68E5E72369F6B220683746C01AFE
:1018F0006369834205DC2146284600F0ADF80028E4
:10190000E3D1A3680130013BA36023685A1C226025
:101910001E706369834204D0A389DB07D7D50A2EE2
:10192000D5D12146284600F097F80028CFD0CCE743
:1019300058D4030038D4030018D4030038B5044643
:10194000064D0846114600222A601A4604F0AAF9FC
:10195000431C02D12B6803B1236038BD8CFD0020ED
:10196000314B70B51D6806460C4625B1AB6913B9FD
:10197000284600F0EFF82D4B9C420ED16C68B4F96C
:101980000C301A072CD4DD0611D40922326043F042
:1019900040034FF0FF30A3813DE0254B9C4201D135
:1019A000AC68ECE7234B9C4208BFEC68E7E75807BC
:1019B00012D5616B41B104F14403994202D0304623
:1019C000FEF70EFF00236363A38923F02403A381A2
:1019D0000023636023692360A38943F00803A38184
:1019E00023694BB9A38903F42073B3F5007F03D0B7
:1019F0002146304600F072FBB4F90C3013F00102BE
:101A00000AD00022A26062695242A261226942B9F0
:101A100013F08000BBD170BD990758BF6269A26006
:101A2000F4E70020F7E700BF74CA002058D4030091
:101A300038D4030018D4030038B50023054D0446FC
:101A400008462B6004F029F9431C02D12B6803B12E
:101A5000236038BD8CFD002038B50B6905460C4667
:101A600013B90025284638BD18B183690BB900F0B9
:101A700071F8144B9C421BD16C68B4F90C30002BEC
:101A8000EFD0626ED00704D4990502D4A06D03F0A4
:101A9000D9FF2846214609F0A8FC636E0546DA07FF
:101AA000E0D4A3899B05DDD4A06D03F0D1FFD9E775
:101AB000054B9C4201D1AC68DFE7044B9C4208BF58
:101AC000EC68DAE758D4030038D4030018D40300D4
:101AD000002310B504468360818119464366C281A4
:101AE00008228361C0E90033C0E904335C3009F0A7
:101AF0007CF9054B24626362044BA362044BE362EE
:101B0000044B236310BD00BF89B00300AFB00300D6
:101B1000E7B003000BB10300014909F0FBBC00BFB3
:101B2000591A0300014803F08DBF00BF8CCE00207E
:101B3000014803F08DBF00BF8CCE0020014803F0A8
:101B400081BF00BFA0CE0020014803F081BF00BFCD
:101B5000A0CE002010B50446FFF7F0FFA3691BB12B
:101B6000BDE81040FFF7F0BFC4E9123323652046FB
:101B7000124B134A1B68A262A34204BF0123A36154
:101B800000F020F86060204600F01CF8A0602046BD
:101B900000F018F800220421E0606068FFF798FF69
:101BA00001220921A068FFF793FF02221221E068B9
:101BB000FFF78EFF0123A361D2E700BFECD3030040
:101BC000191B0300F8B50746FFF7ACFF1E4B1E6854
:101BD000B36913B93046FFF7BDFF4836D6E9013483
:101BE000013B03D533680BB33668F7E7B4F90C5003
:101BF000D5B9164B04F158006566E36003F018FF91
:101C0000FFF796FF0822294604F15C002560A561D4
:101C1000C4E90155C4E9045509F0E7F8C4E90D55D4
:101C2000C4E912552046F8BD6834D9E70421384686
:101C300009F05AFC044630600028D5D1FFF778FF40
:101C40000C233B60EEE700BFECD303000100FFFF75
:101C50002DE9F04F8BB08B4690460593AC4B02902C
:101C60001B6818460393E7F731F8039B0190034480
:101C700013F8013C0693DBF800309A1C174612F863
:101C8000010B3028FAD0FB1AA3F1020A09F0B2FCCA
:101C90000446002838D1019A3846039909F04EFAD3
:101CA0000546002864D1019BF85CFE1809F0A2FCEF
:101CB00000285FD0334618781F4601333028FAD009
:101CC00009F098FCB0FA80F435464FF0010A640937
:101CD0003A4616460132307809F08CFC0028F8D1DB
:101CE000019A3046039909F029FA80B94DB9019B50
:101CF000F5182A4616460132307809F07BFC002898
:101D0000F8D1AD1BAD0004E000242546E0E7002D2E
:101D1000F7D1337803F0DF03502B38D173782B2BB6
:101D20002AD02D2B2CD0711C4FF00009087809F017
:101D300061FC431EDBB2182B29D8A0F1100211F868
:101D4000010F09F057FC431EDBB2182B1BD9B9F168
:101D5000000F00D052421544CBF80010CCB1BAF1BC
:101D6000000F0CBF0626002630460BB0BDE8F08FF2
:101D70003E4625460124CCE74FF00009B11CD5E7CB
:101D80004FF00109FAE70A2303FB0200D5E73146C9
:101D9000E2E7F31B2146013B072B0ADC029800F027
:101DA000E9F9044640B95B4B0246DE215A48FEF78A
:101DB0000DFC01315B10EFE74FF0000B019B00F1D0
:101DC0001409C3F10103DA46CDF810900893B74225
:101DD00038D3049E504646F804ABA6EB0906B6106D
:101DE0002661760109F033FDD8F80070361ABE423C
:101DF00060DDF61B2046314609F0E6FD824678B1EB
:101E0000731E4FF0010A591103F01F0259F82110F7
:101E10000AFA02F20A4203D0534542DC4FF0020AAA
:101E200035443146204609F094FBD8F80830AB42DF
:101E30004EDA2146029800F0DDF90023149AA32619
:101E4000136091E7731E069A079316F8013C9342BC
:101E500017D0BBF1200F06D1049B43F804AB4FF021
:101E6000000A0493D34616F8010C09F0C3FB00F0F6
:101E70000F00079B00FA0BF00BF1040B4AEA000A73
:101E80000DE0731E089A1344BB42E2D31846019A30
:101E90000399099309F052F9099B0028D9D11E46EC
:101EA00095E7B11E204609F08FFD0028B6D04FF00F
:101EB000030AB5E709DABE1B214602983246AD1B7C
:101EC00000F066FB044600F114094FF0000AACE78D
:101ED000D8F80430AB4270DD5D1BAF4235DCD8F87A
:101EE0000C30022B29D0032B2BD0012B1CD1AF425D
:101EF0001AD1012F12D1D8F804306226059A136046
:101F000001232361C9F80030149B1C602CE700BF3B
:101F100078D40300272E0400382E0400791E2046B2
:101F200009F052FD0028E6D12146029800F062F93E
:101F30000023149A5026136016E7159B002BF3D14B
:101F4000D9E7159B002BD6D1EEE76E1EBAF1000F34
:101F500030D126B13146204609F036FD8246721155
:101F6000012306F01F06294659F822202046B340D7
:101F70007F1B0226134218BF4AF0020A09F0E9FA51
:101F8000D8F80450BAF1000F47D0D8F80C30022B23
:101F900015D0032B17D0012B09D11AF0020F06D050
:101FA000D9F800304AEA030A1AF0010F0ED146F0C0
:101FB000100632E04FF0010AD1E70126E2E7159B57
:101FC000C3F101031593159B002BF0D0D4F810B08A
:101FD00004F114034FF0000C4FEA8B0A03EB8B0162
:101FE000184653F8042BB2F1FF3F1BD001320260B8
:101FF000022E04F114033CD1D8F80020013ABA4271
:1020000009D17911012207F01F0753F8213002FA94
:1020100007F71F423AD146F02006149B1C60059B2F
:102020001D60A1E6994243F804CCD9D8A3689B452A
:1020300017DB61680298013100F09CF8814618B9FD
:102040001A4B02468421B1E6226904F10C010C30DE
:102050000232920008F0A2FE21464C46029800F09F
:10206000C9F823695A1C04EB8303226101225A61D7
:10207000BEE722695A450BDD0121204609F069FAC5
:102080000135D8F80830AB42FFF6D3AE0126C2E7DF
:1020900017F01F07FAD05344C7F1200753F8040C78
:1020A00009F0D5FBB842E7DBF0E700BF272E0400BC
:1020B00000487047C8CB002038B50446064D084696
:1020C000114600222A601A4603F0EFFD431C02D19C
:1020D0002B6803B1236038BD8CFD00208B89F7B5D8
:1020E0009D0706460C4607D504F14703236023618C
:1020F0000123636103B0F0BD01AB6A4609F050FBF8
:10210000009F054630463946FEF7B4FB48B9B4F99E
:102110000C309A05EED423F0030343F00203A381AD
:10212000E2E70D4BB362A389206043F08003A381F3
:10213000019BC4E904075BB1B4F90E10304600F00E
:10214000E1FF28B1A38923F0030343F00103A38136
:10215000A3891D43A581CDE7191B0300014803F0A6
:1021600071BC00BF78CE0020014803F071BC00BFF5
:1021700078CE002070B5466A04460D4676B9102028
:10218000FEF71EFB0246606220B9184B6621184814
:10219000FEF71CFAC0E901660660C660666AF3686D
:1021A00083B1636ADB6853F82500B8B90121204682
:1021B00001FA05F6721D920008F01FFE60B1C0E939
:1021C00001560EE021220421204608F016FE636A23
:1021D000F060DB68002BE4D1002070BD026843F89A
:1021E00025200023C0E90333F7E700BFDC2C0400FF
:1021F000BA2E040070B5466A05460C4676B9102022
:10220000FEF7DEFA0246686220B9094B8A210948C6
:10221000FEF7DCF9C0E901660660C6603CB16B6A96
:102220006268DB6853F82210216043F8224070BDD9
:10223000DC2C0400BA2E04002DE9F04101F1140C4D
:1022400007460C461E460D690020DCF800300130C0
:1022500099B2854202FB01614FEA13464FEA1143EE
:1022600089B202FB063301EB03414FEA13464CF8F7
:10227000041BEADC0EB3A368AB4219DC6168384684
:102280000131FFF777FF804628B902460C4BB52194
:102290000C48FEF79BF9226904F10C010C30023264
:1022A000920008F07BFD214644463846FFF7A2FF26
:1022B00004EB850301355E6125612046BDE8F081B0
:1022C000272E0400BA2E04002DE9F84315461F46B8
:1022D000092208330C460646002193FBF2F3012243
:1022E0009A4209DB3046FFF745FF40B90246194BD9
:1022F000CE211948FEF76AF952000131F0E7089B38
:10230000092D43614FF00103036116DD04F1090952
:102310002C44C84618F8013B01460A223046303B9F
:10232000FFF78AFFA045F5D1A5F108044C442D1B09
:102330006319BB4204DBBDE8F8830A340925F6E7DC
:1023400014F8013B01460A223046303BFFF774FF88
:10235000EEE700BF272E0400BA2E040010B50C468D
:102360000121FFF707FF024628B9054B4FF4A07182
:102370000448FEF72BF901234461036110BD00BF3F
:10238000272E0400BA2E04002DE9F04F14460A69E6
:102390000F4685B023699A42A2BF23460C461F46CA
:1023A000D4F810A0A368D7F8109061680AEB09066A
:1023B000B342B8BF0131FFF7DDFE30B90246454BED
:1023C00040F25D114448FEF701F900F114050022C6
:1023D00005EB86082B46434521D307F1140104F190
:1023E000140204F1150702EB8A0201EB8903029340
:1023F000131B153B23F003030433BA4238BF0423F5
:102400000193029B03918B420CD8002E03DD58F8F8
:10241000043D002B5BD0066105B0BDE8F08F43F8AA
:10242000042BD8E7B1F800A0BAF1000F24D004F1D2
:10243000140EA9464FF0000C5EF8047BD9F800306A
:102440001FFA87FB72459BB24FEA17470AFB0B3313
:102450006344D9F800C04FEA1C4C0AFB07C707EBDE
:1024600013479BB24FEA174C43EA074349F8043B32
:10247000E2D8019B45F803C0039B0431B3F80290F6
:10248000B9F1000F21D02B6804F1140CAE464FF0C7
:10249000000ABCF800B09BB2BEF8027009FB0B77D3
:1024A000574443EA07434EF8043B5CF8043B4FEAC9
:1024B000134ABEF80030624509FB0A3303EB1743A9
:1024C0004FEA134AE5D8019FEB51043599E7013EE5
:1024D0009BE700BF272E0400BA2E04002DE9F84325
:1024E000154612F0030207460E4607D0013A254C66
:1024F000002354F82220FFF79FFE0646AD103DD082
:102500007C6A7CB91020FEF75BF90246786228B934
:102510001D4B4FF4D7711D48FEF758F8C0E9014430
:102520000460C460D7F82480D8F808404CB940F261
:1025300071213846FFF712FF00230446C8F808004F
:1025400003604FF00009EB070AD5314622463846B2
:10255000FFF71AFF8046314638464646FFF74AFEE7
:102560006D100BD0206838B9224621463846FFF757
:102570000BFF2060C0F800900446E4E73046BDE859
:10258000F88300BF84D40300DC2C0400BA2E0400BE
:102590002DE9F0470C46074691464FEA621A236937
:1025A000496803EB6218A36808F10106B3420BDB2C
:1025B0003846FFF7DFFD054648B90246284B40F292
:1025C000D9112848FEF702F801315B00EEE700233D
:1025D00000F1140100F110021846534533DB2AEADA
:1025E000EA7A04F11403206919F01F0901EB8A014A
:1025F00003EB800C2BD0C9F1200E8A46002218680C
:1026000000FA09F010434AF8040B53F8042B9C45D8
:1026100022FA0EF2F3D8ACEB040304F11500153BDB
:1026200023F003030433844538BF0423CA500AB19E
:1026300008F10206013E384621462E61FFF7DAFD19
:102640002846BDE8F087013342F8040FC5E7043996
:1026500053F8042B9C4541F8042FF9D8EAE700BF52
:10266000272E0400BA2E04002DE9F74F89460646AE
:1026700011461446484609F039F9051E12D129467B
:102680003046FFF777FD024628B9404B40F2322131
:102690003F48FDF79BFF0123C0E90435104603B016
:1026A000BDE8F08FBCBF4B46A1463046B8BF012500
:1026B000D9F80410B4BF1C460025FFF75BFD0246A5
:1026C00018B9324B4FF41071E2E7D9F8107004F1E9
:1026D000140E266900F1140BC56009F1140509F107
:1026E00010030EEB860605EB8708D9464FF0000C69
:1026F0000193019B5EF8040B53F804AF81B2764559
:1027000001931FFA8AF34FEA1040A3EB0103C0EBD9
:102710001A40634400EB23409BB24FEA204C43EA4B
:10272000004349F8043BE4D8331B1534153B23F030
:1027300003030433A64238BF04231D445B442C46E4
:102740001E4644450ED308F10301491B033D21F009
:102750000301A84538BF00210B4453F8041D99B16B
:1027600017619BE754F8041BE6461FFA81FC080C2E
:102770007144F44489B200EB2C4041EA00414FEA35
:10278000204C46F8041BDCE7013FE6E7272E040057
:10279000BA2E04000E4B0B40A3F15073002B08DC43
:1027A0005B42B3F1A07F4FEA235204DA4FF40023D7
:1027B0001341002208E0A2F114031E2BD6BF4FF0F4
:1027C00000420122DA40002319461046704700BF3C
:1027D0000000F07FF8B5026900F11406214F06EB06
:1027E000820252F8044C151F204609F030F80346C7
:1027F000C0F120000A2B086013DCAE42C3F10B0CC1
:1028000003F1150334BF52F8082C002224FA0CFE01
:1028100004FA03F322FA0CF24EEA07011A431046B7
:10282000F8BDAE4236BFA2F10805002252F8082CCE
:102830000B3B14D0C3F120079C40B54222FA07F1AC
:1028400002FA03F244EA010444F07F518CBF55F8C8
:10285000044C002441F44011FC402243DFE744EAE9
:102860000701DCE70000F03F2DE9734301219046AA
:102870009946089EFFF77EFC044630B90246244B79
:1028800040F20A312348FDF7A1FEC9F30A55C9F306
:1028900013030DB143F480130193B8F1000324D066
:1028A0006846009308F0F5FFDDE90012D8B1C0F1E9
:1028B000200302FA03F3C2400B4301926361019BC0
:1028C000002BA3610CBF012202222261ADB1A5F24F
:1028D00033450544C0F135003560099B186020463A
:1028E00002B0BDE870836161E9E701A808F0D1FF9B
:1028F000019B203001226361E7E7A0F2324004EB44
:1029000082033060186908F0A2FFC0EB4210E4E7D0
:10291000272E0400BA2E04002DE9F04F98468B892B
:102920009DB007461B060D46144610D50B6973B9BA
:102930004021FDF79FFF2860286130B90C233B60E0
:102940004FF0FF301DB0BDE8F08F40236B610023D6
:10295000CDF80C804FF00109DFF8A0810993202306
:102960008DF8293030238DF82A3023469A4613F803
:10297000012B0AB1252AF9D1BAEB040B0BD05B4627
:1029800022462946384609F065F8013000F0A78054
:10299000099A5A4409929AF80030002B00F09F805F
:1029A00000234FF0FF320AF1010A049307938DF8D8
:1029B00053301A93CDE90523544605224F4814F8A5
:1029C000011B08F0CDF9049AD8B9D00644BF2023E2
:1029D0008DF85330110744BF2B238DF853309AF8EC
:1029E00000302A2B15D0079A544600204FF00A0CCD
:1029F000214611F8013B303B092B4BD9B0B107926E
:102A000014E0A0EB0803A24609FA03F3134304936E
:102A1000D2E7039B191D1B68002B0391BBBF5B42D0
:102A200042F0020207930793B8BF049223782E2B3B
:102A30000AD163782A2B32D1039B02341A1D1B68FA
:102A400043EAE37303920593DFF8B4A003222178ED
:102A5000504608F085F938B1A0EB0A004022049BEB
:102A6000013482401343049314F8011B06222548C5
:102A70008DF8281008F074F9002836D0224B1BBBC3
:102A8000039B073323F0070308330393099B334465
:102A900009936AE70CFB02320C460120A8E70023E9
:102AA00001344FF00A0C19460593204610F8012B0B
:102AB000303A092A03D9002BC6D00591C4E70CFB94
:102AC000012104460123F0E703AB2A4604A9384656
:102AD00000930E4BFEF754F8421C0646D6D1AB8944
:102AE0005B063FF52DAF09982CE703AB2A4604A9F6
:102AF00038460093054BFEF779FAEDE7672D0400A1
:102B00006D2D0400712D0400810B030055BA0300E4
:102B10002DE9F0470C46ADF5227D002106460DF16A
:102B20000408A74F0093CDF81881CDE94411A549B9
:102B3000A091A549A1911378002B00F05C81F95C6C
:102B4000551C11F0080119D06368002B0FDD2368B4
:102B50001A78BA5C120701D42A46ECE7459A013389
:102B60000132236045926268013A6260ECE7A19B02
:102B70002146304698470028E9D0EDE7252B12D0B2
:102B800099466368002B40F39480226813784B4584
:102B900040F0318163680132013B22606360459BF4
:102BA00001334593D8E74191439153782A2B04BFD1
:102BB0001023951C4FF00A0208BF4193A94619F84B
:102BC000011BA1F13003092B1ED9DFF800A203225B
:102BD000504608F0C5F838B1A0EB0A000123419A2D
:102BE0004D4683401343419315F8013B782B06D89B
:102BF000572B10D8252BC3D056D8002B64D00323D5
:102C000047930A2342936AE0439B4D4602FB03111C
:102C100030394391D2E7A3F15802202AEFD801A11D
:102C200051F822F0132D0300FF2B0300FF2B0300AC
:102C3000352D0300FF2B0300FF2B0300FF2B0300A8
:102C4000FF2B0300FF2B0300FF2B0300FF2B0300D0
:102C50004B2D0300312D0300AF2C0300AF2C0300DC
:102C6000AF2C0300FF2B0300252D0300FF2B0300D7
:102C7000FF2B0300FF2B0300FF2B03005B2D030042
:102C80002D2D0300CF2C0300FF2B0300FF2B03008F
:102C9000572D0300FF2B0300312D0300FF2B0300F2
:102CA000FF2B0300132D0300453B022BA7D8052360
:102CB00014E0A19B21463046984700283FF465AFB9
:102CC0004498002840F08F804FF0FF308FE0419B08
:102CD00043F408734193102342930423479363689A
:102CE000002B4ADD419B590604D423681A78BA5C4C
:102CF000120749D4479B022B58DC6B46224641A958
:102D0000304600F07DF8012875D002287FF424AF0A
:102D1000D6E7419A42F40072419210226E2B429201
:102D200002D9DAE7002342930323D7E70823D3E746
:102D30000A22F3E72946404608F03FFF419B05463B
:102D400043F0400341930123C8E7419B43F0400314
:102D500041930023C2E70223C0E74198C3063FF531
:102D6000FBAE009B10F0010F459A03F104010091A6
:102D70001B6814BF1A801A60EEE6A19B21463046FC
:102D800098470028AED09BE7459A01324592626889
:102D9000013A002A626002DD01332360A5E7A19BAE
:102DA00021463046984700289FD089E7042B0FDC46
:102DB0006B46224641A9304600F07CF8A3E700BFED
:102DC000DC2B04000BBB030081BB03006D2D040052
:102DD0000A4B002B3FF4C0AE6B46224641A9304659
:102DE000AFF300808FE7A3895B063FF56DAF0DF56C
:102DF000227DBDE8F0874498F9E700BF000000009D
:102E00002DE9F84315468A6880460C4632B98A692E
:102E1000002A14BF4FF0FF3201228A602268002787
:102E2000DFF88C90D1065FBF1A68111D1960166813
:102E3000A06988B1012807D12B681A7863699B5C67
:102E400053B9002F31D022E0022820D12B681B7803
:102E500019F803301B071AD423680137DA065EBF5E
:102E60002B681B7806F8013B2A686B680132013B2E
:102E70002A60A2686B60013AA26042B1002BD7DCE5
:102E8000D4F880312946404698470028D0D023689E
:102E900013F0100305D1E2680132E260A26902B1C9
:102EA0003370236900203B442361BDE8F88300BFF1
:102EB000DC2B04002DE9F04F984687B0784B0C4688
:102EC0008246164627464FF0000B93E8070003ABF7
:102ED00083E80700734BA169734A032908BF1A46A8
:102EE000A36801925A1EB2F5AE7F89BF6FF4AE752A
:102EF0004FF0000903EB050940F25D1388BFA360A2
:102F000057F81C3B43F450633D462360316803ABE4
:102F10000222097853F82B0007F022FF002840D046
:102F2000BBF1010F12D162682AB92268082142F46C
:102F3000007261602260226822F4A0622260A268AE
:102F4000511EA160DAB94FF0020BDFE7BBF1020FAF
:102F500006D0A268511EA1608AB94FF0010BD5E7D7
:102F6000226802F4C061B1F5007F1FD142F4807283
:102F700010212260A2686160511EA160B2B1326866
:102F8000511C3160127805F8012B7268013A002A51
:102F9000726006DCD4F88021314650469047002804
:102FA00074D10BF1010BBBF1030FAFD163680BB907
:102FB0000A23636063684FF0000B3C496069C91ADB
:102FC00008F0FBFDA368226873B33168606991F86B
:102FD00000C010F80C0038B3BCF1300F16D110054A
:102FE00014D50BF1010BB9F1000F03D0013309F136
:102FF000FF39A3607368013B002B73600DDD3368FC
:1030000001333360A368013BA360DBE722F4106265
:1030100022600B7805F8013BECE7D4F880313146AB
:10302000504698470028EDD02368D9050DD5BD42FC
:1030300009D905F1FF3915F8011CD4F87C31324665
:103040004D4650469847BD4228D0226812F01002E3
:1030500013D12A70394663685046019EB047D8F8AC
:10306000003021681A1D11F0200FC8F800201B68DD
:103070000FD01860E3680133E360ED1B2369002083
:103080005D442B44236107B0BDE8F08F4FF0000B87
:10309000CAE7CA074CBF18801860EBE70120F2E7C7
:1030A00000C6030073B2030077B203003F2F040091
:1030B00038B50446064D0846114600222A601A46D5
:1030C00002F0EDFD431C02D12B6803B1236038BD33
:1030D0008CFD002000200149704700BF0000F87FF0
:1030E00038B50023064D0446084611462B6002F011
:1030F000DEFD431C02D12B6803B1236038BD00BF45
:103100008CFD002038B50023054D044608462B6091
:1031100002F089FC431C02D12B6803B1236038BD47
:103120008CFD0020704701F05CBA01F063BA002307
:10313000EBF788BB836800EBC101B3F5004F2CBFF0
:1031400051F8220031F81200704700EBC10180688D
:10315000B0F5004F2CBF41F8223021F812307047F3
:10316000012208B5FFF7E6FFD04008BD836800EBF9
:10317000C101B3F5004F08D34B681AB143F0010306
:103180004B60704723F00103FAE74B881AB143F014
:1031900001034B80704723F00103FAE7530001223B
:1031A000FFF7D3BF8368B3F5004F34BF0423082370
:1031B000C91A081AC0087047B0F5004F34BF04237D
:1031C0000823481C0833A0EBD300B0FA80F0C0F10C
:1031D0001F0070472DE9F041174603220E460446B2
:1031E000FFF7A8FF8642054607F104080AD101222D
:1031F000E368BA4023EA0203E360002344F828307E
:10320000BDE8F081314602222046FFF793FF0646D3
:103210002B4601460322204644F82850FFF795FF2D
:10322000334629462046BDE8F0410222FFF78DBF14
:1032300070B50D4686680446FFF792FFB6F5004F5D
:10324000014601D3012809D03046FFF7B5FF2946D2
:1032500002462046BDE87040FFF7BCBF70BD2DE9B7
:10326000F04705468068FFF7A7FF05EB800ADAF80C
:10327000109088460646B9F1000F1BD00327DAF8F4
:10328000104028462146FFF76BFF404507D33246E2
:1032900021462846FFF79EFF2046BDE8F08703221F
:1032A00021462846FFF746FF013FCAF8100001D02B
:1032B0008145E4D14FF0FF34EB680136B4401C4047
:1032C000EAD094FAA4F2B2FA82F2131D55F8234020
:1032D000DEE72DE9F04114460E460546FFF740FFB4
:1032E000A4EB0608371B0744424631462846FFF741
:1032F00055FF3A4621462846FFF750FF4346002235
:1033000021462846FFF721FF21462846FFF728FFE0
:103310003B46211800222846BDE8F041FFF715BFC3
:103320002DE9F041164604460F46FFF719FF3146D6
:1033300005462046FFF714FF05442A463946204635
:10334000FFF72CFF31462046FFF70AFF2B463118C6
:1033500000222046BDE8F041FFF7F7BE2DE9F0411D
:103360000D4686680446FFF7FBFEB6F5004F0146A2
:1033700001D3012832D03046FFF71EFF04EB800155
:103380000E6996B90122E36882401343E36002228A
:103390000D612B4629462046FFF7D7FE032229461A
:1033A0002046BDE8F041FFF7D0BE0222314620465C
:1033B000FFF7C0FE0746034629462046FFF7C5FE35
:1033C0000322334629462046FFF7BFFE39462B46E7
:1033D0002046FFF7BAFE02223146E1E7BDE8F08160
:1033E000F8B50C460546FFF7BBFE2618012231460C
:1033F0002846FFF79FFEC3070CD431462846FFF747
:1034000017FF21462846FFF7ABFE21462218284623
:10341000FFF786FF002221462846FFF78BFE271A7A
:10342000012239462846FFF785FE10EA020613D12D
:1034300039462846FFF7FCFE214632462846FFF76C
:1034400079FE2246211A2846FFF76AFF21463246B6
:103450002846FFF76FFE241A21462846BDE8F840AB
:10346000FFF77CBF38B571B1056800222846FFF729
:1034700099FE044601462846FFF778FE2146BDE83E
:103480003840FFF7ADBF38BD70B5066809B90020F8
:1034900070BDB368B3EBD10FF9D9B3F5004F34BFAA
:1034A00004230823CC1D1C44E40821463046FFF7C2
:1034B000D6FE05460028EAD001463046FFF750FE0A
:1034C000A04209D92C44294630462246FFF701FF85
:1034D00021463046FFF742FF304601222946FFF7DA
:1034E00045FEB368B3F5004F34BF0423082303EB54
:1034F000C5031844CCE71146FFF7C6BFB2F5802FCD
:103500002CBF082304232DE9F0410026D21A8C1881
:10351000CD1D25F0070524F00704641BE4080560B1
:1035200021462046AC60EE60FFF746FE421D920049
:10353000013002F107074FEAD7073146A2F1100226
:1035400005F11000B8BF324607F04FFC3A4631464D
:103550002846FFF723FE3346324631462846FFF71A
:10356000F4FDA4EB0708284631460122FFF7FEFDD3
:1035700042463946FFF712FE3B4632463946284658
:10358000FFF7E3FD21462846FFF708FE4346324693
:1035900021462846FFF7D9FD214628460122FFF79C
:1035A000E5FD3946BDE8F041FFF7D8BE2DE9F0470B
:1035B00006460D46174698462BB34FF0000A98F87A
:1035C000004093F80190DB78A40004EB430498F8E2
:1035D00002301C444444CA4509D339463046AC46FF
:1035E000D8F8042008F10803BDE8F047604714F854
:1035F000013B0AF1010A204648F82340E5F766FB43
:1036000001300444E7E76FF01500BDE8F08770B5BE
:10361000002502462846144614F8013B0BB918460B
:1036200009E098B18D4207D1702B04D0A3F140027C
:103630003A2A0BD8002070BDA3F140063A2E05D8D7
:1036400053780135941C002BE9D00020252B22460D
:1036500008BF80F00100DEE70020704730B50C683D
:103660008B6814B14A689A4202DC01338B6030BD2A
:10367000013A9A4214BF05460025E5548B68F4E7E9
:103680000FB407B504A951F8040B019100F00BFF2A
:1036900003B05DF804EB04B070470CB407B504AB9D
:1036A00053F8042B0193E9F747FA03B05DF804EBF4
:1036B00002B0704708B5FBF7A3FC002008BD08B5B1
:1036C000FBF7D8FC10F10B0F05D010F1100F08BF5D
:1036D0006FF0730008BD6FF07300FBE7044608B598
:1036E000084611461A46A047FCF7E0FAEEF730FD0F
:1036F0000020704708B502F0ADF9162303604FF0C3
:10370000FF3008BD08461146EFF762B80CB4034617
:1037100007B504AA084652F8041BDB6801929847D3
:1037200003B05DF804EB02B07047FBF76FBBFBF72B
:10373000E5BBE9F7D1BA07B500930023E9F766FACC
:1037400003B05DF804FB07B500930123E9F75EFAC7
:1037500003B05DF804FB2DE9F041074688461546A5
:103760001E461446B44205D30EB1601B08E0237810
:10377000002BFAD0414614F8010BB8470028F1DAC3
:10378000BDE8F08110B50369024613F0080009D1C5
:103790001368D4689C429BBF0120126AE31AD31AB3
:1037A0000B6010BD00231846FAE713B501A90446C3
:1037B000FFF7E8FF20B1019BE268013B134401934E
:1037C000206A019BC01A013802B010BD10B5044632
:1037D00050182269236AD20702D5013B184010BD58
:1037E000984228BFC01AFAE710B504460A46C168D5
:1037F000FFF7ECFF2369E06023F00803236110BDAD
:1038000038B50D46C2698B00016843F002030446D7
:1038100042F8213001682A46FFF7D8FFE368616863
:10382000984208BF2369206008BF43F008032A4676
:10383000204608BF2361FFF7C9FF606038BD2DE94E
:10384000F74FC768C6699B4606EB8703009316F8D7
:103850002730044603F00303022B884691464FF0BD
:1038600000030BD01360CBF8003023699B0713D4FF
:103870004FF0000A504603B0BDE8F08F56F827100D
:1038800013608908CBF80030EFD0FFF7ADFFE36895
:10389000A3604FF0010AEDE7A36906EB87009847A4
:1038A00016F82720054612F0010AE1D012F00202B4
:1038B0001FD0B8F1000F03D041462046FFF7A0FF0C
:1038C00061682A462046FFF781FFD4E90221914230
:1038D000606006D12A462046FFF778FF4FF0000AC5
:1038E000A060A2682260E260226942F008022261C0
:1038F000C0E7014620460192FFF776FFE368A36028
:10390000B8F1000F04D02168E369019A43F821203F
:1039100005EB0802CBF8002021682046FFF756FF90
:103920002369206043F00803236116F827306FF302
:10393000000306F82730009BC9F80030A9E770B5EE
:1039400004461546FFF742FF2368834205D12369E9
:10395000216023F00803236170BDE269AB0043F0EE
:10396000020342F8213061682A462046FFF72EFF05
:103970006060F1E738B5036904465B0706D5456A20
:10398000FFF713FF85422CBF6562606238BD38B512
:103990000D4604461C22002107F027FA0022EB689E
:1039A000A361AB6863612B68E3616B686262236249
:1039B0002A6923B1591E194208BF42F0010222614F
:1039C000012204F128000021BDE8384006F037BE8E
:1039D0002DE9F04F002587B00093036A04468B421F
:1039E0000E469246A9460395059539D3EFF3118B00
:1039F000202383F31288BFF36F8F059AD8462AB12C
:103A000029462046FFF79BFF0023059304A9204683
:103A1000FFF7B8FE04990746B1422AD32268E3694A
:103A2000204613F8221003EB820921F0030103F86A
:103A3000221021683246FFF7C9FEE36820609842F1
:103A400012D0002788F31188BFF36F8F039929B133
:103A500062690AB12046904700230393002FC5D125
:103A6000484607B0BDE8F08F236943F0080323619F
:103A7000E7E718B12046FFF7C3FEE3E7009B5AEAE9
:103A800003021CD0019106F05CFE0199B8B9BBF1AC
:103A9000000F14D187F31188BFF36F8F5246009B3C
:103AA00004F12800FBF7E6FAEFF31188202383F3F3
:103AB0001288BFF36F8FB0FA80F77F09C2E7204604
:103AC00005AB03AA2568FFF7BAFE0746BAE770B54B
:103AD0000446836908460D4698470246EFF311866F
:103AE000202383F31288BFF36F8F2B78204643F097
:103AF00001032B706168FFF769FE60602046FFF7E5
:103B000039FF86F31188BFF36F8F70BD2DE9F04147
:103B100004462027EFF3118687F31288BFF36F8FD7
:103B2000236913F0080FA36802D16268934200D999
:103B3000226AD21AE16932B986F31188BFF36F8F16
:103B40004FF0000833E011F8232001EB830812F056
:103B50000300F1D0022803D151F82350AD0805D15C
:103B6000D00712D44046A36998470546A1682A4663
:103B70002046FFF72BFE2946A0602046FFF734FEC3
:103B800086F31188BFF36F8FC4E742F0020201F899
:103B90002320A3694046A568984729460246204647
:103BA000FFF714FEA06086F31188BFF36F8F4046C5
:103BB000BDE8F081F8B50446836908460D4698478C
:103BC0000646EFF31187202383F31288BFF36F8F2C
:103BD0002B786FF300032B7023699B0705D5E268F0
:103BE000E36903EB82039D421AD12B786FF3410303
:103BF0002B70D4E90231994204D132462046FFF7B6
:103C0000E5FDA06031462046FFF7EEFD87F3118801
:103C1000BFF36F8F04F12800BDE8F840FBF7F0B95F
:103C20002B6860F39F032B60F0E7EFF311812023F3
:103C300083F31288BFF36F8F036913F0080F836853
:103C400002D14268934200D9026AD31A81F31188E3
:103C5000BFF36F8F181E18BF01207047A0F130030B
:103C6000DBB2092B02D800200B707047A0F1610372
:103C7000052B02D85738C3B2F5E7A0F14103052B55
:103C800001D83738F7E76FF015007047F7B50546EC
:103C900001F0010000EB51069E424FEA510703D9A3
:103CA0000026304603B0F0BD58B128780DF1070169
:103CB000FFF7D4FF0028F3DB9DF80730013502F849
:103CC000013B01351744BA42EBD015F8010C0DF158
:103CD0000701FFF7C3FF0028E2DB9DF8074024013E
:103CE000E4B2147015F8020BFFF7B8FF0028D7DB19
:103CF0009DF807301C4402F8014BE4E738B5E9F7BA
:103D000021FD05460C4601F0A5FE00230360214677
:103D1000284638BD038B13F0070305D10368002B39
:103D20000CBF002003207047022B05D1408BB0FA56
:103D300080F0400980007047012B05D10368002BFB
:103D40000CBF0020052070470020704710B50C46BE
:103D500000B111B96FF0150010BD081D00F093F807
:103D60000028F9D1A368032BF6D9F3E72DE9F04138
:103D70000D4607461946281D90461E4600F097F846
:103D8000044638B13346424629463846A446BDE883
:103D9000F0416047BDE8F08110B4EFF311822024B8
:103DA00084F31288BFF36F8F416110BC0121E9F7E2
:103DB0003DBD38B50C46054658B151B10B6843B10D
:103DC0004B6833B11C22002107F00FF800202C6152
:103DD00038BD6FF01500FBE770B505460E46FFF7DE
:103DE000B5FF041E14DBEFF31182202383F3128846
:103DF000BFF36F8F4FF6FF716B8B2C8B8B4204F0F0
:103E0000070407D182F31188BFF36F8F6FF00A04A4
:103E1000204670BD022C0CD101336B8382F31188D4
:103E2000BFF36F8F0023224631462846FFF79EFFDF
:103E3000EEE7062C14D8DFE804F004131313041A79
:103E40000400002333606B683BB9C5E90066ACB978
:103E500002212846E9F7EAFCDAE71E606E60F6E721
:103E600082F31188BFF36F8F6FF00404D0E782F301
:103E70001188BFF36F8F6FF08504C9E782F3118853
:103E8000BFF36F8FC4E7034640B1426802F00302FC
:103E9000022A06D0032A04D0012A05D06FF01500AB
:103EA00070471A68002AF9D000209860704710B552
:103EB0004268034602F00302022A4FF000048160C8
:103EC00007D0032A02D05C60002001E018685C6023
:103ED00010BD18685C600028F6D0FCF705FBF3E71E
:103EE00070B506460C888888241A3069A4B28442CA
:103EF00085B224BF641BA4B22D1BA8B2984228BF70
:103F000018463368234413600B8803440B8070BD4C
:103F100070B4838985880669ED1AADB2731B93422C
:103F200028BF134670BC0A46011DFFF7D9BF70B405
:103F30000E460146C58831F80A3FEC1AA3B29342F7
:103F400028BF1346324670BCFFF7CABF10B54B8876
:103F50000C88E41AA4B294420ED31A4492B28B880D
:103F60004A800A800069D21A92B2824201D20020AD
:103F700010BD03448B80FAE76FF01500F8E72DE9D8
:103F8000F34106460F4615464FF000082A463046D4
:103F900001A9FFF7BDFF044640B10246394601982A
:103FA00006F0FCFE2D1BA0442744EFD142463046CC
:103FB000311DFFF7CBFF404602B0BDE8F0812DE98F
:103FC000F34107460E4615464FF000082A4638468C
:103FD00001A9FFF7ACFF044648B12EB10246019992
:103FE000304606F0DBFE26442D1BA044EED14246AF
:103FF000384607F10A01FFF7A9FF404602B0BDE8C5
:10400000F081704770B4066884890D0C16FA81F14E
:1040100005FB0411806A84682468A44670BC60476C
:104020002DE9F0430646884617461C46C36A89B008
:104030001D686D4205F020051CB9204609B0BDE899
:10404000F083AC42A14628BFA9466A464B4641468A
:104050003046FFF7D7FF0028F0D16B46484502D124
:10406000241A8044E8E713F8012BBA4201D1013049
:10407000F4E70120E2E70B6803F580330B60C089A9
:104080001A0CB0EB134F04BFA3EB02430B60704755
:1040900000F0A7BA38B5828903680D0C090C0446F4
:1040A00002FB0131806A2D0401F045FC50B9E26A3F
:1040B00029462046A3895279FFF7B2FF002818BF8E
:1040C0006FF0050038BD014610B507220446FF20F9
:1040D000E8F7FCF8E07110BD0368012B81BFC91837
:1040E00001F1FF315B421940084670472DE9F0416C
:1040F0000C4605460821C06AFFF7EEFF0722074677
:104100002146FF206688B4F80480E8F7DFF8E379F9
:10411000834208D1A8894644C01BB04294BF002006
:104120000120BDE8F0810020FBE738B505460C46CC
:10413000FFF7DCFFA0B1A08898B94FF6FF73228883
:104140009A420DD10821E86AFFF7C6FF6288AB8961
:104150009B1AB3FBF0F202FB1030B0FA80F040097A
:1041600038BD0020FCE7F7B504460D46C06A0821BB
:10417000FFF7B2FF0823074629682046FFF742FFF2
:104180000646002836D12B683B442B60A28999B2A1
:10419000D21B91422ED11A0C09BFE289A3F58031BE
:1041A00002F1FF3203EB0241204608236A462960F0
:1041B000FFF728FFE8B9E36A5A796B4613F8011B49
:1041C0008A420CD101300828F8D1636805E02B68D9
:1041D000BDF802201B0C1B0413442B600AE0694647
:1041E0002046FFF7A2FF0028F1D129462046E9F733
:1041F0002BFC0646304603B0F0BD2DE9F0430746E0
:1042000090461E4689B01BB9002009B0BDE8F08376
:104210003C688389080C14FA81F100FB0314FB6AE3
:104220001D686D4235400CD0B86A83682146D3F8CA
:1042300004902B46C8470028E7D1761BE4D02C44D5
:10424000A84432464146684606F0A8FDFD6A0DEBDB
:1042500006002A686979921B06F0C7FDB86A2B68C8
:104260008268214655686A46A847CEE710B50A46D7
:10427000082341680446FFF7C0FF08210246E06AB0
:10428000FFF72AFF63681B1A6360104610BD4FF6E4
:10429000FF7313B500220446ADF800308DF80630E8
:1042A00083686846ADF80420ADF80230FFF70BFFD5
:1042B00069462046FFF7DAFF02B010BD2DE9F04F46
:1042C000082195B00446C06AFFF706FF05466368FB
:1042D00020461B0C1B0403A90393FFF7CCFEDDF85B
:1042E0000CB0A68906AA5E44761B082331462046F8
:1042F0000496FFF787FE021EC0F2A980E36A06AAB1
:104300005979002312F8010B814240F08F8001336C
:10431000082BF7D1A36862682B449A427ED2594693
:104320002046FFF7B7FE024691E0BDF81A30360C82
:1043300036041E44049608AA204604A9DDF810A0FD
:10434000FFF711FF0246002840F08180204608A9AF
:10435000FFF7CCFE18B9019B9A45ECD1DAE7636808
:1043600005930AAA204605A9059EFFF7FCFE024612
:1043700000286CD1BDF82820BDF820309A4227D003
:104380006268059B9A42ECD15645E4D1BDF82430D1
:10439000002BE0D0BDF822704FEA1A431B041F44E3
:1043A000A36808A8ADF82230FFF78DFEE36ABDF8D8
:1043B00024901E68764206F02006B9F1000F0ED157
:1043C000204608A9FFF752FF02460028C3D03EE06E
:1043D00020460AA9FFF78AFE0028D1D0D4E74E452F
:1043E000B04628BFC8460CAA434639462046FFF7C8
:1043F00009FE024658BB4346A1680CAA2046FFF7B7
:10440000FCFE41460246E06AFFF766FEA3680344ED
:10441000A360E2B9A9EB08094744CEE72046FFF7BD
:1044200036FF024600283FF47AAF10E0731B2046A7
:1044300006A90193FFF779FE00287FF476AF2046A6
:1044400004A9E9F701FB024600283FF474AF1046C7
:1044500015B0BDE8F08F00231A46E9F72BBD13B560
:1044600000240094E9F700FE02B010BD03785B075A
:104470005FBF03684288C3F34A2303EB12105DBF9A
:10448000173020F007008008002070470020704798
:1044900003F095BB0346D3E8EF0F421CC3E8E12FBE
:1044A0000029F8D170471FB50023CDE902011A4653
:1044B00019461846CDE90033EAF74CFA05B05DF825
:1044C00004FB0120E9F70CBF0020704718B14068D9
:1044D0000079EAF71BB94FF0FF30FAE738B5044628
:1044E0000D4643681146DA71EAF76EF901226368F6
:1044F0001D6063685A71BDE83840E9F7E3BE10B546
:10450000436804465B7913B10021EAF75DF90022A4
:1045100063685A7110BD70B5D2E901369B1B8B429E
:104520000C4615460AD313680A460146981906F048
:1045300035FC2046AB682344AB6070BD6FF01B00B8
:10454000FBE770B50E4615461946044618B9BDE896
:104550007040E9F7C5BE33B1C2F34A231030120DE3
:10456000184406F01BFCC4E900562046BDE8704024
:10457000EAF772B82DE9F3415F1C4FEA8708064657
:1045800008F1170020F0070080080C461546E9F7EF
:1045900023FF00238DF80470ADF805308DF8073047
:1045A00068B10346019AA8F1040143F8102F2A4686
:1045B000294452F8045B8A4243F8045FF9D100238E
:1045C0003146A20102F4E07242EA482222F07F4220
:1045D00022F4700222F03F0202B0BDE8F041FFF782
:1045E000B0BF07B50123019201AAFFF7C3FF03B0D3
:1045F0005DF804FB07B5CDE9002302236A46FFF707
:10460000B9FF03B05DF804FB1FB5CDE90123069B9C
:1046100001AA03930323FFF7ADFF05B05DF804FB88
:10462000F8B506460D4614461F4604B9F8BD2146A6
:1046300028463A46B047241A0544F6E710B54268C2
:104640000446D2E9002381680068FFF7E9FF0022F1
:1046500063681A6010BD13B500240094E8F7A8FC45
:1046600002B010BD38B54B6805461A68CB680C46D9
:104670009A4202D10846FFF7E1FF6368D3E8EF2FC3
:10468000511CC3E8E01F0028F8D1A36800209D5406
:1046900038BD0A2838B504460D4602D10D20FFF773
:1046A000E1FF29462046FFF7DDFF002038BD2DE958
:1046B000F043054687B008460E8891F800900C46F6
:1046C000D1F808801746EAF79DF9011EC6F3821655
:1046D000C9F3C2091EDB4846E9F7D0FF034621466D
:1046E00051F8102B6088C2F34A22002A01EB020421
:1046F00008BF00210022C0F30B10CDE90407CDE96B
:1047000002142846414601960092EAF7A7F907B03D
:10471000BDE8F0830023E2E7002908DB80688842D7
:1047200005D9401A904234BF002001207047002074
:104730007047704770B516461A4605460C46FFF797
:10474000EBFF48B16968E868214482681468324622
:10475000A446BDE8704060476FF0150070BD70B5AD
:1047600016461A4605460C46FFF7D6FF48B169685B
:10477000E8682144826854683246A446BDE8704027
:1047800060476FF0150070BD10B50B460446FFF78B
:10479000C3FF40B16168E068194483689B682BB12E
:1047A000BDE8104018476FF0150010BD6FF05700BE
:1047B000FBE708B5C0688368DB689847006808BDF8
:1047C000C068704708B5C0688368DB68984740795F
:1047D00008BD2DE9F047894616469846044698B329
:1047E00082680369134482693344934230D80025B8
:1047F000D4E90170A6EB050A3F1ABA4515D2B542B5
:1048000009D223685246184409EB050106F0C6FA9E
:10481000A3685344A360B8F1000F1CD0A068A8B1EE
:104820002046BDE8F047EAF7F5BA23683A4618444F
:1048300009EB050106F0B2FA63682046A360EAF7C7
:10484000E9FA18B93D44D3E76FF00D00BDE8F087F1
:104850006FF00B00FAE74046F8E70069704770B563
:104860000D461646044630B329B32022002106F037
:10487000BCFA288811220221EEF734FB0028E06000
:1048800004DA01F0E7F80068404270BD324629467C
:1048900001F0F5FA0028E06802DA01F0EEFAF0E73C
:1048A0000121A36844F8330004EBC3020B44918058
:1048B0000020A360E9E76FF00D00E6E710B1C068E3
:1048C00001F0DBBA7047012008B5E8F725FF0020AA
:1048D00008B5E8F721FF0B68834204BF01230B7181
:1048E000704710B504468EB06946012001F0E5F925
:1048F00005A96846FBF7C0FE204605A9EAF7BEFEFB
:1049000000200EB010BD03785B075FBF03684288CC
:10491000C3F34A2303EB12105DBF173020F00700EA
:1049200080080020704783689B6903B1184770476F
:1049300008B54368197311B11868FFF7F4FF002038
:1049400008BD10B540681C462430FFF738FB2060D6
:10495000002010BD10B5406850F8804B06F096F866
:104960002046FFF7E0FFA3685B6A0BB1204698473B
:10497000002010BD2DE9F04145681E462B7B0C46FA
:10498000174693B101EB0208A04507D1376001201B
:10499000D5E9013198470020BDE8F081286814F876
:1049A000011B83685B689847EEE705F11000FFF78D
:1049B000E6FA0121306005F1B803D3E8EF2FC3E830
:1049C000E01F0028F9D1002AE5D1286883685B69D7
:1049D000002BE0D09847DEE70023826882F856304B
:1049E0008268A2F852308268A2F8503070470346BD
:1049F00010B5D3E8EF0F40EA0102C3E8E42F002C22
:104A0000F7D110BD034610B5D3E8EF0F00EA01025D
:104A1000C3E8E42F002CF7D110BDFAF7F7B973B54E
:104A20000901856801F51F71044616460D44694663
:104A3000284601AA06F06CF9009B23B1284606F02F
:104A400064F92046B04702B070BD0EB403B503AAA6
:104A500052F8041B0192ECF7E5F802B05DF804EBA4
:104A600003B0704708B510B1E4F730F980B208BD63
:104A70008B6820B903F51F700021FBF735BD03F5E6
:104A80002B70F9E738B583680446D3F87832DB0732
:104A90001BD4C06900F044FD606803685B689847F8
:104AA000054620B9E06800F077FEA3681D75A3688D
:104AB0005B6C13B12946204698470022A368C3F8CF
:104AC0002023FBF7F3F8EDF743FB6FF00F05EEE75C
:104AD00000F51E7019B14FF40061FFF788BF6FF445
:104AE0000061FFF78FBF00F51E7011B10421FFF7C1
:104AF0007EBF6FF00401FFF785BF08B500F51D709C
:104B000029B10121FFF773FF00F0010008BD6FF02C
:104B10000101FFF777FFF7E7FAF7F0B9002373B564
:104B200004460093204600F0F5FAE06900F037FDF6
:104B300005462046A668ECF719FCA36806F51F7623
:104B4000B3F8503023B14FF4F670002105F0BEFEEB
:104B50006946304601AA06F0DBF815B1009B002B30
:104B6000E0D002B070BD38B5836804461A7D012AD2
:104B70002DD1D3F87822510408D5D3F874225207E6
:104B800004D40146DA6CC06900F0B3FCA06840F2BE
:104B90006762002300F54370FFF73FFF054618B139
:104BA0006FF00F05284638BD08212046ECF794FA2F
:104BB0006069EBF775F92046EBF732FB204600F011
:104BC000A7FBA06800F54370FFF7A6FFEAE76FF0C8
:104BD0008505E7E7F8B5044680681F46037D0D4666
:104BE000022B164607D0BDE8F8404FF4805100F57F
:104BF0001E70FFF7FCBE40F26762002300F54370B1
:104C0000FFF70BFF58BBA368D3F87822100508D430
:104C10009A6C32B9D3F87432990602D5204600F066
:104C200079FA3B4632462946204600F0D1FAA3687D
:104C3000D3F87822120508D49A6C32B9D3F87432BA
:104C40009B0602D52046ECF791FB606900F091F8D5
:104C5000A068BDE8F84000F54370FFF75DBFF8BD00
:104C60000CB407B504AB53F8042B0193FFF7B2FF64
:104C700003B05DF804EB02B070470EB403B503ABAC
:104C800053F8042B08210193FFF7A4FF02B05DF84D
:104C900004EB03B070470EB403B503AB53F8042B19
:104CA00003210193FFF796FF02B05DF804EB03B018
:104CB00070470EB403B503AB53F8042B01210193E5
:104CC000FFF788FF02B05DF804EB03B07047F8B55A
:104CD00005460F46D1B10846FFF7C4FE0646A86850
:104CE00040F26762002300F54370FFF796FE04462A
:104CF00018B16FF00F042046F8BD731C142BA86880
:104D000000D836B900F54370FFF706FF6FF01504C1
:104D1000F1E7394606F00AFAAB6883F83C60A86808
:104D200000F54370FFF7F8FEE5E710B5044680682C
:104D300040F26762002300F54370FFF76EFE48B94A
:104D40002046EBF79DF8A068BDE8104000F54370E1
:104D5000FFF7E2BE10BD18B18368D3F82403704793
:104D60006FF0150070478368996409B9FFF734BE86
:104D7000704710B502690446836812680168C0680C
:104D80009847002223691A6010BD38B5CB680546E4
:104D90001B7C0C46022B04D10A2802D10D20FFF700
:104DA000F4FF236922681B68D55422691368013314
:104DB000136023691A6863689A4202D12046FFF79C
:104DC000D8FF002038BD08B510B1E3F77FFF80B2EF
:104DD00008BD10B5047B43892244B2FBF3F02144A3
:104DE00003FB1022B1FBF3F003FB1010101A10BDEF
:104DF00010B5047B438921441019B0FBF3F0B1FBDB
:104E0000F3F1401A10BD30B5057B43892944B1FB4D
:104E1000F3F403FB14112A4401310180B2FBF3F1D6
:104E200003FB11220134848001324C1CC480428077
:104E300030BDF8B50E4611460746154606F0E2F9B4
:104E40000446E0B12846FFF7BEFFA742054607D259
:104E500014F8013C202B02BF0135ADB204F1FF3440
:104E60002046FFF7B0FF3388421C5B1B521B338088
:104E70002046611992B2BDE8F84005F09CBFF8BD2C
:104E80002DE9F0410F461646044686B070B1034640
:104E900001AC00F11005224618685968083303C2B6
:104EA000AB421446F7D1186801AC10604FF000080F
:104EB000414632462046EBF7A9FF08F101080546B6
:104EC00028B138462968E3F7F7FE0028F0D12846D4
:104ED00006B0BDE8F0812DE9F0471C4600230F46DF
:104EE0001646DDF820809DF824902360236805464F
:104EF000BB421BD256F8230000F0D8FC2368824640
:104F000018B1013328462360F0E74246284656F898
:104F10002310FFF7B5FF48B123685A1C2260B9F18E
:104F2000000FE3D08045E1D1554623602846BDE817
:104F3000F08773B5037804462D2B0D46164606D12F
:104F40006FF0150300253360284602B070BD00F0F5
:104F500081FD00232A46036001A92046FCF7B0FB2F
:104F6000054600F077FD0368222B02D16FF0210384
:104F7000E8E700F06FFD0368002BE1D1019BA3423D
:104F8000DED01B78002BDFD0DAE70EB403B503AA1E
:104F900052F8041B0192EBF745FE02B05DF804EBFA
:104FA00003B0704710B50446E3F790FEB4F85030F4
:104FB00013FA80F038B1638FB0FBF3F203FB1200F9
:104FC000B0FA80F0400910BD38B584682046E3F798
:104FD0007DFED4F87452B4F85230C5F3400580B267
:104FE00005FB0300638FB0FBF3F203FB1200B0FA82
:104FF00080F0400938BD10B50446FFF7E5FF18B949
:10500000A068FFF7CFFF20B16069BDE81040EBF763
:10501000B7BF10BDF8B50546846804F13000B4F898
:105020005020B4F85210FFF7EEFEA868A78EE68E67
:10503000FFF7B8FF10B16869EBF7A2FFB74207D1DD
:10504000218E638E2846C91ABDE8F840EBF7B4BF3D
:10505000E18EA38E2846C91AEBF798FFF0E7F8B562
:1050600004460D468068B0F85210B0F85020303039
:105070000D44FFF7C8FEA068ADB2B0F852102A4642
:105080003030FFF7B5FE0746A0682A46B0F8521048
:105090003030FFF79EFE064679422046EBF776FF5A
:1050A00031462046EBF788FFA368A3F85250F8BDBD
:1050B0008368B3F85210494209B2FFF7D0BF836842
:1050C000B3F85010B3F85230C91A09B2FFF7C7BF8E
:1050D0008368B3F852301BB14FF0FF31FFF7BFBF09
:1050E00070478368B3F85220B3F850309A4202D226
:1050F0000121FFF7B4BF70478268B2F85210A2F8DE
:1051000050108368B3F852201344002283F85620CD
:10511000EBF72ABF10B504468068B0F85020B0F80D
:1051200052103030FFF76FFEA3682046198EC1F190
:105130000101EBF741FFA3682046998E0139EBF797
:1051400025FF2046BDE81040EBF70EBF2DE9F041EA
:1051500005460F461446002686B084B906B0BDE861
:10516000F081D3F878229207FBD503F51E73D3E8BC
:10517000EF1F21F00201C3E8E21F002AF7D168689F
:1051800022460368B919D3F80C806B46C047009AD1
:105190001644A41A002AE0D1AB68197D0329EED089
:1051A0000229DED8012103F52B7301A805F07AFD51
:1051B0004FF0FF324FF0FF33012101A8FBF73CF91C
:1051C000A86800F52B7005F0A0FDD8E7FFF7BEBF7B
:1051D000F7B51E4683681546D3F874220446D206F6
:1051E00013D593F83E208A420FD0DB8FADF8043000
:1051F000EBF772FF324629466069EBF713FD204654
:1052000001A9EBF789FF03B0F0BD3246294660697A
:1052100003B0BDE8F040EBF705BD0CB407B504AB37
:1052200053F8042B0193FFF7D3FF03B05DF804EBB1
:1052300002B070472DE9F04187680546B7F8506025
:105240008846B318FF2B144626DCB7F85230F61AFE
:1052500056331F44B6B232463946381905F0ABFD15
:1052600022464146384605F099FDAA68B2F850300A
:105270002344A2F85030AB68B3F850201344002206
:1052800083F85620AB68D3F87412890706D4B3F8B4
:1052900052201444A3F85240BDE8F081314628461C
:1052A000BDE8F041EBF7BABFFFF7C4BF38B505461C
:1052B0008068B0F85220B0F85040A41AA4B29CB153
:1052C00056321044411C224605F075FDAA68611E45
:1052D000B2F850302846013BA2F8503089B2012282
:1052E000BDE83840EBF79ABF38BD10B58368044677
:1052F000B3F850205AB1B3F8523043B14FF0FF31F8
:10530000FFF7ADFE2046BDE81040FFF7CFBF10BD50
:10531000002370B505464FF47A7492B00193686823
:105320004022036802A91E6901ABB047019B13B17B
:1053300008B9013CF3D112B070BDF8B5C3695E691C
:105340005F6883683046D3F87452FEF7DFFBC5F31D
:105350000015044650B1014605F18E023846FFF7AC
:10536000A6F930462146FEF725FC0120F8BD43682A
:105370001B68D3E90632D3E8EFCF8C44C3E8E0CF13
:105380000028F8D19368D3E8EF0F0844C3E8E20F90
:10539000002AF8D170472DE9F047436807461E6898
:1053A0000D46F369B268D3F81480D2F874429A6853
:1053B000D3F804901279C4F30014012A03D0032A0D
:1053C0004ED0BDE8F087D8680B784FF0000A590737
:1053D00040F2E7314FF4004C8E46514658BF2B68DF
:1053E000E0FB0CE15CBFC3F34A246B884FF47A7294
:1053F0005EBF04EB1314173424F007044FF00003CE
:1054000070464CBF0024A408E3F71EFC02460B467E
:1054100040462146FEF7DCFA814628B93846BDE809
:10542000F0470121FFF7A3BF012CF7D9294651F816
:10543000043B0268C3F39D0363F39F0240F8042B0F
:10544000621E920005F0AAFC40464946FEF73FFB6B
:10545000B06800F523705146BDE8F047FBF744B84B
:105460003046FFF757FE05F06CF904F18E0704464D
:1054700000B3EFF31184202383F31288BFF36F8FFF
:10548000B368D3F878321A051ED53A4629464846FD
:10549000FFF70DF9B368D3F878321B0502D4304614
:1054A000EBF764FF05F04DF990B184F31188BFF379
:1054B0006F8F86E7B06800F543704FF0FF324FF012
:1054C000FF33F9F7A3FCDBE73046FFF723FEDCE709
:1054D000B06800F54370BDE8F047F9F70FBD13461B
:1054E00010B50C460A4601461846FFF76FFE2046E7
:1054F00010BD70B504460D46D0E904101646FEF7FF
:1055000046FA324629462068FEF7E8FF0022636823
:105510005B685D60A3681A600122A3681A7170BDA0
:1055200010B504460068FEF7EAFF0222A3681A716C
:1055300010BD10B5436801211C68606803689B6852
:10554000984738BB0322E3699B681A71A36803F587
:105550001E73D3E8EF1F41F40051C3E8E21F002A95
:10556000F7D1A068B0F85020B0F852103030FFF7F3
:105570004AFC4FF0FF312046EBF708FDA3682046B8
:10558000198E4942EBF718FD2046FFF7D6FE00289A
:10559000FAD110BDE069BDE81040FFF7C1BF73B597
:1055A00004460021036882685B681D68AB68D3F815
:1055B0007432C3F30013D2E8EF6FC2E8E01F002893
:1055C000F9D126B14BB931466068E9F7B5FB2846F9
:1055D00002B0BDE87040FFF7B0BEAB682846DB8F75
:1055E0000121ADF80430EBF777FD31466068E9F74B
:1055F000A3FB284601A9EBF78FFDE8E70EB403B53E
:1056000003AA52F8041B0192EBF70CFB02B05DF801
:1056100004EB03B0704700207047836900201860D6
:1056200070470EB403B503AA52F8041B0192EBF7BE
:10563000F9FA02B05DF804EB03B0704708B50168F1
:10564000FFF745FB002008BD836803F51D73D3E811
:10565000EF1F21F02001C3E8E21F002AF7D100204C
:105660007047836803F51D73D3E8EF1F41F008010D
:10567000C3E8E21F002AF7D100207047836803F5D2
:105680001D73D3E8EF1F21F01001C3E8E21F002AC9
:10569000F7D100207047836803F51D73D3E8EF1F2F
:1056A00021F00801C3E8E21F002AF7D1002070476B
:1056B000836803F51D73D3E8EF1F21F00201C3E8EF
:1056C000E21F002AF7D100207047836803F51D739D
:1056D000D3E8EF1F41F01001C3E8E21F002AF7D121
:1056E00000207047836803F51D73D3E8EF1F41F076
:1056F0002001C3E8E21F002AF7D100207047836829
:1057000003F51D73D3E8EF1F41F00201C3E8E21F68
:10571000002AF7D10020704708B58368D3E900213B
:105720000A60516000211A89C3E900115B89006891
:105730001A440C32FEF743FC012008BD0023C3606D
:105740007047F8B51F46034653F8044F16469C426F
:1057500002D100203880F8BDC568B1B9002DF8D05D
:10576000AC4202D10023C360F3E76C68C460002C34
:10577000EFD02289304604F10C0105F00FFB002226
:10578000238901203B80F254E5E7002DEED08368A9
:10579000AB42E7D02C68E9E738B50446051D6368DD
:1057A000AB4204D02046FFF7B7FF0028F7D138BD41
:1057B0002DE9F04F02F10C050368C5F100091B69E2
:1057C00009F003094D4485B09D42044617460191F6
:1057D00010D80023C3606AB1466800F1040AB245DC
:1057E0000BD05EB13389934208D106F10C0005F06D
:1057F000C5FA18B905B0BDE8F08F1E464FF0000B92
:1058000023685989DA88914204BFC3E901BBC3F810
:105810000CB0206883898288011DD21A036992B274
:105820009B1AAB4228BF2B4603AAFEF759FB8542C1
:10583000804628D9206883898288011DD21A03698D
:1058400092B29B1AAB4228BF2B4603AAFEF748FB35
:10585000854219D1738943447381A844039D3A4614
:1058600001992F81A5F80A9005F10C0005F096FA30
:1058700063684246C5E9003A5D6020686560011DC5
:10588000FEF764FBB6E7E9D020680022011DFEF7B1
:105890005DFB63689A45B3D02046FFF73DFFAFE755
:1058A000031DC0E901330023C360704710B50446EF
:1058B00028B1E3F70BFA002380B2984201D8002008
:1058C00010BDE25C3F2A03D02A2A01D00133F4E75D
:1058D0000120F5E710B5044680684FF4807200217E
:1058E00000F5AB7005F081FAA068B0F8502000F127
:1058F000560100F5AB7005F051FAA06800F5AB70E9
:10590000EBF7BEFAA46804F5AB70E3F7DFF90130FA
:10591000A4F8540010BD10B504468068B0F85420B7
:1059200000F5AB71563005F039FAA368B3F854208E
:10593000A3F8502010BD2DE9F04187680446FB68AC
:105940000D4616469847BB682BB13246294620467D
:10595000BDE8F04118476FF05700BDE8F0810146FF
:105960000068ECF74BB808B5ECF7B8F8BDE80840AC
:10597000ECF7B8B80A460121FEF733BE704770470E
:1059800000210120ECF73AB8D0F89C3083F30B8863
:10599000704761B662B680F31188BFF36F8F7047AE
:1059A00072B6002383F31188BFF36F8FBFF34F8F5D
:1059B00030BF62B6BFF36F8F704772B6002383F3B8
:1059C0001188BFF36F8FBFF34F8F20BF80F3118813
:1059D000BFF36F8F62B6704740E800F313F4803F67
:1059E000D8B208BF6FF01500704730B50C684B682F
:1059F00085B00A894D890094013B24F01F0423449B
:105A000002F01F0242EA451223F01F0369468DF897
:105A100008200393ECF7F4FC05B030BD002070477C
:105A20004FF0FF3070470228CCBF002001207047A4
:105A300010B504461420FAF7C3FE2060BDE81040FC
:105A400004F061BD4FF0FF324FF0FF33F9F7DEB9DC
:105A5000F9F754BAF8F7E0BF2DE9F04F85B08A4660
:105A600015460446029300283ED000293CD0002B66
:105A700000F00C810A46A046294618F8010BECF705
:105A8000CFFF0346C0B23F280646177827D013F051
:105A9000C00F0BD1C8B12A2837D029463846ECF7B9
:105AA000BFFF864202F101022DD01DE05B287AD0B3
:105AB0005C28F2D1EB07F0D46078ECF7B1FF10F07E
:105AC000FF0618BF04F10208E7E7EC0601D52F2F07
:105AD00002D0381E18BF012005B0BDE8F08F1FB1FD
:105AE0002F2F03D1A8070DD50120F5E72E2F09D1BF
:105AF000690707D55245F7D0AB0703D512F8013C2B
:105B00002F2BF1D001324446B5E76078ECF788FFDF
:105B1000C1B22A2918D02E2F09D16F0707D55245B7
:105B2000E2D0AE0703D512F8013C2F2BDCD079B9B7
:105B300015F00200D0D0ED0600F1AA802F2110460A
:105B400005F0E7FA0038C5E7294618F8010FDDE748
:105B50002F2908D1AC0706D5104605F0DAFA02461F
:105B60000028D0D1C0E71646029B25F0040A03F1B5
:105B7000FF3905F00207B34629469BF80000ECF711
:105B80004FFF10F0FF0406F10106ADD04B46524620
:105B900059464046FFF760FF01289DD12F2CEAD1DE
:105BA000002FE8D098E7002F9ED02F2F01D1A80713
:105BB0009AD43846ECF734FF63788146212B01D024
:105BC0005E2B1DD101230234294614F8010B0193E9
:105BD000ECF726FFC6B25D2E15D04FF0000B2F2E2E
:105BE00048D05C2E07D1EB0708D4294614F8010BE6
:105BF000ECF716FFC6B2002E3FF476AF234605E061
:105C000044460023E0E723464FF0000B21782D297E
:105C100037D1294660780393ECF702FF10F0FF00BC
:105C2000039B18D05D2816D05C2804F102030CD128
:105C300015F0010F09D1E31CA0780393ECF7F0FEF7
:105C400010F0FF003FF450AF039B4E4503DC484586
:105C5000A8BF4FF0010B1C46294614F8010BECF7C6
:105C6000DFFEC6B25D2EBAD1019B5B453FF43CAF6F
:105C7000611C03D15B2F7FF437AF4446A04601324D
:105C800041E74E4508BF4FF0010BE4E7032023E74F
:105C9000084621E74023FFF7DFBEE7F7BFB8002340
:105CA000FDF749BD0023FDF74EBDE7F701B9E7F762
:105CB000E5B800F0CFB800F053B8ECF74DBEE3F70D
:105CC000E7B90CB4034607B504AA084652F8041B0A
:105CD000DB680192984703B05DF804EB02B07047AF
:105CE0002DE9F041141E05460E4613DB4FF4004724
:105CF00040F2E73000214FF47A720023C4FB070121
:105D0000E2F7A2FF02460B4631462846BDE8F041C5
:105D1000ECF78ABF4FF0FF321346F5E707B501AB4A
:105D200002F0D8FE02280AD003280BD068B90198E7
:105D3000003818BF0120404203B05DF804FB6FF04B
:105D40001500F9E76FF08500F6E74FF0FF30F3E755
:105D500008B5F4F719FC002818BF6FF00D0008BD56
:105D60002DE9F14F80460D4616461F46EDF7F2F835
:105D700040B13B4632462946404601B0BDE8F04FAF
:105D8000EDF7F4B844210120FAF73EFC04463860F0
:105D900000285CD0B8F1000F26D06EB3D6E902B966
:105DA000B9F1020F2ED04FF0060A4FF0010940461C
:105DB000E2F78CFF04F1240601463246404600F02B
:105DC000C5FA88B1B4F82480BBF1000F01D0D845E2
:105DD0000AD1D5B10A2200212846FBF757FB4FF61E
:105DE000FE73421E9A4211D93868FAF7F1FC00237B
:105DF0006FF001003B6027E04FF0060A4FF0010909
:105E0000B346D4E74FF0110AD1E72846B8F1010FA5
:105E1000C4E90289C4F810A005D0B8F1020FE3D19B
:105E20001823E66101E00823E661A36104F12C0375
:105E30002362002384F82C302360030243EA2023EA
:105E40000020E384A4F8248001B0BDE8F08F6FF057
:105E50000900F9E710B50446EDF77CF820B12046BB
:105E6000BDE81040EDF78CB82046BDE81040FAF7C9
:105E7000AFBCF8F7CBBFF9F741B8E6F7CFBF73B5C2
:105E80000D461646694601AAE6F746FF044640B9A4
:105E9000FFF7E0FD09234FF0FF340360204602B016
:105EA00070BD009B9B691BB9FFF7D4FD5F23F2E730
:105EB00001984FF0FF324FF0FF33FFF7DAFF009BFE
:105EC0003246294620469B69984704460198FFF7C9
:105ED000D2FFE3E72DE9FF410D46164602A903AACA
:105EE0001F46E6F719FF044648B9FFF7B3FD09233B
:105EF0004FF0FF340360204604B0BDE8F081029B00
:105F00005B6A1BB9FFF7A6FD5F23F1E703984FF02B
:105F1000FF324FF0FF33FFF7ACFF0B9B324601938C
:105F20000A9B29460093029B2046D3F824803B46D7
:105F3000C04704460398FFF79EFFDCE773B50D46A4
:105F40001646694601AAE6F7E7FE044640B9FFF7A0
:105F500081FD09234FF0FF340360204602B070BD7D
:105F6000009B5B6B1BB9FFF775FD5F23F2E70198A0
:105F70004FF0FF324FF0FF33FFF77BFF009B3246BD
:105F8000294620465B6B984704460198FFF773FF4C
:105F9000E3E72DE9FF410D46164602A903AA1F4675
:105FA000E6F7BAFE044648B9FFF754FD09234FF05F
:105FB000FF340360204604B0BDE8F081029B9B6A79
:105FC0001BB9FFF747FD5F23F1E703984FF0FF325E
:105FD0004FF0FF33FFF74DFF0B9B324601930A9BB7
:105FE00029460093029B2046D3F828803B46C047B1
:105FF00004460398FFF73FFFDCE708B5EDF754F9D7
:10600000B0FA80F0400908BD2DE9FF410D46164663
:1060100002A903AA1F46E6F77FFE044648B9FFF728
:1060200019FD09234FF0FF340360204604B0BDE89A
:10603000F081029B1B6B1BB9FFF70CFD5F23F1E79F
:1060400003984FF0FF324FF0FF33FFF712FF0A9B28
:1060500032460093029B2946D3F8308020463B46C7
:10606000C04704460398FFF706FFDEE738B1036830
:106070002BB11B689B682BB15B681BB118470023D1
:106080009B68FFDE0020704708B5ECF71FFFECF7B8
:10609000AFFFEDF70BF8002008BD10B1006800B1AC
:1060A0004068704710B1006800B10068704728B1BF
:1060B000006818B1C069003818BF0120704738B1B6
:1060C000006828B10C30D0E8AF0F084100F00100A3
:1060D000704760B1036853B101220C3302FA01F139
:1060E000D3E8EF0F0843C3E8E20F002AF8D1704766
:1060F00068B103685BB1012202FA01F1C9430C33B4
:10610000D3E8EF0F0840C3E8E20F002AF8D1704748
:10611000F8F77CBE4FF0FF324FF0FF331430FFF73B
:10612000F7BF10B50346FFF7B8FF28B1C2681AB130
:10613000BDE810401846104710BD38B5036800216F
:10614000044693F82050FFF7BAFFD0B90220236825
:10615000A3B383F82000236893F8203083422DD125
:10616000062824D1062D29D008212046FFF7B1FFAB
:106170002046FFF79CFF08BB2046BDE83840FFF7EC
:10618000D0BF2046FFF78EFF04F0FCF868B109216C
:106190002046FFF794FF0028D8D00A212046FFF7B9
:1061A0008EFFC0F10600C0B2D1E70320CFE7062D75
:1061B00004D108212046FFF79BFFD9E738BDF8F747
:1061C0009DBE38B50546FFF7A5FF00212846FFF71D
:1061D00076FF10BB2846FFF760FF044680B1846855
:1061E00074B12846FFF75EFF04F0CCF8C0B1284632
:1061F000FFF753FF0121836828469847041E06DBFA
:1062000028460021FFF765FF2846FFF796FF05F1B6
:106210001400FFF7D4FF204638BD6FF07704F6E78F
:106220006FF00504F3E708B50346FFF740FF48B1F8
:106230001846FFF737FF8368986818B18047C31E78
:106240005842584108BD10B50C0901F00F0103B9BF
:1062500044B1092C85BFA2F10A03E4183034E4B23A
:1062600000F8014B0023092985BF0A3A891830310B
:10627000C9B2017000F8013F10BD10292DE9F047A7
:106280009A4680460B460C46164628BF102300252A
:1062900086B0AB4243DC1D46BAF1000F45D02A461A
:1062A0003A21404604F05CFD8146A0B3A0EB080310
:1062B0009D42A8BF1D4641464FF0000801AF2A4647
:1062C000384604F06BFD05F118036B4403F8148C99
:1062D00001203946321DECF7E7FF40451BDB012367
:1062E0003380BAF1000F2FD0013C641B224609EB2A
:1062F0000301384604F052FD04F118030DEB0304CA
:106300000A226946384604F8148CFBF7D9F9009B39
:10631000BB420CD158B9002006B0BDE8F08718F890
:106320000520002AB8D00135B3E7D146C3E79DF870
:106330000420002AEFD01B78002BECD1B0F5803F71
:1063400083B2E8D25BBA73800120E5E770B4A8B1EC
:10635000A1B1037893B15B2B10D0044600230E1833
:1063600014F8015B25B13A2D08BF0133B442F7D1CF
:10637000012B18BF002370BCFFF77FBF002070BC4B
:106380007047D0E90032D21A012A06D933F8022B1D
:1063900052BA0A800360002070476FF01500704702
:1063A00010B5044600200860D4E9003293421CD2A4
:1063B0001B78C0EBC00203F07F0393400A680130F2
:1063C0001A440A6023685A1C226093F90030002B9B
:1063D00006DB0B68B3F1805F28BF6FF0150010BDBE
:1063E0000428E1D16FF01500F9E76FF00A00F6E735
:1063F00038B50D461146D0E90032934208D013F863
:10640000012B2A700360FFF7CBFF00EAE07038BD74
:106410006FF01500FBE770B5D1E90036B34202D149
:106420006FF0150070BD1C4614F8015BA6420C60AD
:10643000F6D05C7802330B60547090F88630002000
:10644000032B1CBF05F001031370EBE7F7B51D46E6
:10645000089C1646A27D4B0003F0020322F00302C3
:10646000C1F34101134321722846A3750DF10601C2
:10647000FFF787FFD8B9D5E90012BDF80630521AE8
:106480009A4212DB636073B12A6822601A442A6060
:10649000237A67686BB9BB1C9E4206D30020F61AAC
:1064A000E060266103E02360F2E76FF0150003B0BF
:1064B000F0BD284604F11401FFF763FF0028F6D170
:1064C0003B1DE9E7084608B51146FFF75AFF00EA09
:1064D000E07008BDFFF7F6BFFFF7F4BFFFF7F2BFAC
:1064E00010B50C4611462046FFF74BFF40B9D4E9E2
:1064F00000239B1A8B6023B122684A601A442260F1
:1065000010BD4860FCE708B508461146FFF739FFA3
:10651000002008BDD1E90032D21A012A81BF020A47
:1065200058701A70023386BF00200B606FF00B00AA
:10653000704738B50546D1E9002340689B1A821C94
:1065400093420C460DD380B2FFF7E4FFD5E9001269
:10655000206804F023FC002023686A681344236049
:1065600038BD6FF00B00FBE7F0B514680646641AFF
:10657000B4F1805F2DD220460023C00903F101034E
:10658000FBD10133576803F0FF035D42CB1ABB42D6
:10659000136018BF4E5521461CBF01331360D2E96A
:1065A0000036B34207D201F07F061E70C909136896
:1065B00007D10133136013681D44234415605360F1
:1065C000F0BD1E7866F07F061E70136801331360FD
:1065D000E5E76FF07900F3E770B506461446084624
:1065E00069B11568114605351560FFF793FF40B98D
:1065F000224629463046BDE87040FFF7B5BF6FF030
:10660000150070BD2DE9F8438F7D0C7A07F0010865
:106610000D469146C7F340070CB18B8A83B3D9F876
:106620000060494605362846C9F80060FFF781FF3B
:10663000B0B92B7AB3B9600000F006002A69D9F826
:106640000030384340EAC800134440F030004A4666
:106650003146C9F8003000F03F00FFF785FF40B138
:10666000BDE8F8834946A88AFFF754FF0028E2D026
:10667000F6E7D9F804302A699B1AC9F80430EFE725
:106680006FF01500ECE740200988FFF7A5BF2DE962
:10669000F843CB880E46154643B3176811460537B5
:1066A0001760F088FFF736FF044608BB4FF00C0870
:1066B000B388A34206DC2A463946BDE8F843822067
:1066C000FFF752BF08FB04F9306829464844FFF73A
:1066D00030FF80B933684B441A7AD5E900318B42D8
:1066E0000BD003F8012B2B600134E1E76FF01504A8
:1066F0002046BDE8F8830446FAE76FF00B04F7E79D
:10670000F8B50D46D1E90031CB1A9342064601D3C4
:106710000020F8BDD41A0F19D0E91D2313449F425D
:1067200013D8974211D300232246ECF799FF002893
:10673000EFDB0DD0F369A0420344F3616B680344BF
:106740006B60E5D26FF00A00E3E76FF00B00E0E763
:106750006FF07F00DDE770B5436FC2698EB00493C0
:106760000546134402220593284604A9FFF7C8FFF3
:10677000041E2DDB6B6F03AA0DF10B0104A804931B
:10678000FFF736FE10F10B0F04464FF00102EBD07D
:1067900000283FDB9DF80B6006F0F003302B1BD187
:1067A0000222284604A9FFF7ABFF041E10DB049B5E
:1067B00016F0060F1A88284652BA92B20CBF02325F
:1067C000043204A9FFF79CFF00EAE074002C0ADA07
:1067D00014F10B0F1ED11CE02846039A04A9FFF701
:1067E0008FFF0446F2E79DF80B402022002106A807
:1067F000039E04F0FAFA04F0F003602B76D017D869
:10680000402B68D009D8202B32D0302B4DD000231C
:10681000EB61002420460EB070BD502BF7D104234D
:10682000284607AA04A98DF81830FFF753FE5AE04E
:10683000B02B6DD00CD8702B61D0902BE7D10723F3
:10684000284607AA04A98DF81830FFF749FE4AE048
:10685000D02BDCD195F98730002BD2BF002303F178
:10686000FF335BB285F8873009238DF818300FE0CD
:10687000284607AA04A9FFF7CEFD0446002833D115
:106880009DF81D304BB9AB690D9043F00403AB612B
:10689000284606A900F0ECF8B9E7284606A90D93AA
:1068A0006FF06E0400F0E4F8B4E702238DF81830BE
:1068B00007AB21460093324604AB2846FFF7C6FDDE
:1068C00004460B9B0D902B62284606A900F0D0F8D9
:1068D000002C9CDA9EE70323284607AA04A98DF81A
:1068E0001830FFF7EFFD04460D94EDE70523284629
:1068F00007AA04A98DF81830FFF7EEFDF3E7062389
:10690000284607AA04A98DF81830FFF7E7FDEAE743
:106910000823284607AA04A98DF81830FFF7F3FDCD
:10692000E1E72DE9F341002406460F461546A0464F
:10693000AC4201D300200DE0F06A0023CDE90088CD
:106940002A1B3919FFF7C6FA031E06DAFFF782F889
:106950000068404202B0BDE8F0811C44E8E72DE940
:10696000F041002507462B460C46C9688B4210D1E2
:106970000026B046AE4216D2F86A00222146FFF742
:10698000DDFA031E0CDAFFF765F800684042BDE847
:10699000F081A26802EBC302526801331544E5E7B7
:1069A0001E44B54217D80020F1E71B1AC1F8048035
:1069B0000132E1689142DDD9A16801EBC20148686A
:1069C0009842F2D9C01A4860A06850F832101944B1
:1069D00040F83210CEE70022EBE713B5C06A00247E
:1069E00083F00103CDE900449B01FFF7D2FA0028B0
:1069F00003DAFFF72FF80068404202B010BD08B577
:106A0000C06AFFF73AFA002804DAFFF723F80068B3
:106A1000404208BD0020FCE738B504460D46D0F8DA
:106A200080200021C06F04F0E0F9E36F2B60D4F800
:106A3000802013446B6038BD08B503F0D4FF4FF4D9
:106A40007A72A0FB020302FB0133C00B40EA434011
:106A500008BD4FF0FF324FF0FF33F8F7D7B910F011
:106A6000040F0CBF6FF07F0000207047F8F746BAA4
:106A700038B5036F04460D4653B1FFF7F7FF2046C4
:106A80002946236F98472046BDE83840FFF7E1BF0D
:106A900038BD70B588B004460D461646ECF7EEFDDD
:106AA0000021C4E90511C4E907115EB11C22684642
:106AB00004F09BF90123694620468DF800300795C4
:106AC000FFF7D6FF08B070BD38B50546ECF7B0FD4E
:106AD000041E06DA012221462846FFF7DAFF204687
:106AE00038BDFFF7A9FF00246861F8E72DE9F04100
:106AF0000F4690461E46054628B3FFF7AAFF2C6AAC
:106B0000BCB144452246334628BF42463946284652
:106B1000ECF7A6FD044616B910F10B0F09D0002CB6
:106B20000DDC08BF6FF07F04012221462846FFF7E5
:106B3000B0FF2846FFF79AFF2046BDE8F0812B6A98
:106B40001B1B2B62F5E76FF01504F5E710B5044643
:106B500090B19022002104F048F9204603F0D3FCC4
:106B6000042384F8863094F888306FF3410384F866
:106B700088301E23A4F8843010BD37B505460028A0
:106B80003AD0436DC3B3FFF764FFEB6F8BB36B6F0A
:106B90007BB32846ECF742FD041E24DB69462846F9
:106BA000FFF73AFFAB69694643F002032846AB6141
:106BB000ECF752FC041E13DBDDE900122846521AE2
:106BC000ECF736FD041E0BDBFFF736FF002468618F
:106BD00085F887402846FFF749FF204603B030BDBF
:106BE0002846ECF74BFD0023C5E90533C5E907331B
:106BF000F0E76FF00B04F6E76FF01504EDE770B502
:106C00000E4605468EB000283CD000293AD0FFF74A
:106C100020FF284601A9FFF7FFFEA869FFF71FFF25
:106C2000041E24DB3146284601AAFFF7EBFC041EB4
:106C30001DDB019A029B03929B1A1C220493F368AA
:106C40000021059333690DEB0200069304F0CDF8A3
:106C500003AB09930223284607A90A93ECF7F4FC37
:106C6000041E0ADA012221462846FFF712FF2846B1
:106C7000FFF7FCFE20460EB070BDFFF7DDFE0024DE
:106C80006861F4E76FF01504F4E773B50E46054646
:106C9000F8B1F1B1FFF7DDFE28466946FFF7BCFE0B
:106CA000A869FFF7DCFE041E0DDB6A463146284664
:106CB000FFF7E9FC041E06DBDDE900122846521A44
:106CC000FFF702FF04462846FFF7D0FE204602B039
:106CD00070BD6FF01504F9E773B50E46054620B395
:106CE000FFF7B7FE28466946FFF796FEA869FFF74B
:106CF000B6FE041E13DB6A4631462846ECF72EFC2E
:106D0000041E0CDBDDE900122846521AFFF7DCFEF8
:106D1000041E04DB012200212846FFF7BAFE2846A4
:106D2000FFF7A4FE204602B070BD6FF01504F9E72E
:106D300073B50E460546F8B1F1B1FFF78AFE284655
:106D40006946FFF769FEA869FFF789FE041E0DDB9F
:106D50006A4631462846FFF79AFC041E06DBDDE949
:106D600000122846521AFFF7AFFE04462846FFF7E6
:106D70007DFE204602B070BD6FF01504F9E737B50F
:106D8000054618B3FFF765FE28466946FFF744FE3F
:106D9000A869FFF764FE041E12DB6846ECF7F0FBFF
:106DA000041E0DDBDDE900122846521AFFF78CFEA7
:106DB000044695F987307F2B1CBF013385F8873057
:106DC0002846FFF753FE204603B030BD6FF0150490
:106DD000F9E738B50446F0B1FFF73BFE6569FFF708
:106DE0002BFE401B06D52046FFF740FE6FF00A053C
:106DF000284638BDB4F88430002BF4D04FF47A72B2
:106E000053438342EFD82046FFF7B9FF054620469B
:106E1000FFF72CFEECE76FF01505E9E738B50546FE
:106E2000D8B1FFF716FEAB699B0710D52B6A8BB95B
:106E30002846FFF790FC041E04DA0122214628466A
:106E4000FFF727FE2846FFF711FE204638BD6FF0FA
:106E50007F04F7E76FF00F04F4E76FF01504F4E731
:106E60000123FFF743BE2DE9F341002406460F46F8
:106E70001546A046AC4201D300200DE0F06A002385
:106E8000CDE900882A1B3919FFF724F8031E06DA1A
:106E9000FEF7E0FD0068404202B0BDE8F0811C440E
:106EA000E8E72DE9F041002507462B460C46C96866
:106EB0008B4210D10026B046AE4216D2F86A0022AC
:106EC0002146FFF73BF8031E0CDAFEF7C3FD00680E
:106ED0004042BDE8F081A26802EBC3025268013370
:106EE0001544E5E71E44B54217D80020F1E71B1A08
:106EF000C1F804800132E1689142DDD9A16801EB5B
:106F0000C20148689842F2D9C01A4860A06850F897
:106F10003210194440F83210CEE70022EBE713B5E7
:106F2000C06A002483F00103CDE900449B01FFF710
:106F300030F8002803DAFEF78DFD0068404202B009
:106F400010BD08B5C06AFEF798FF002804DAFEF706
:106F500081FD0068404208BD0020FCE70C22036967
:106F6000C9B201FB0233186C00F00700704770B51E
:106F7000C9B20369EFF31185202484F31288BFF3AB
:106F80006F8F0C2606FB0134246C14F0C00408D06B
:106F9000A24206D085F31188BFF36F8F4FF0FF3008
:106FA00070BD012271430B441A6485F31188BFF34D
:106FB0006F8F43680B445B6898470020F0E780229E
:106FC000FFF7D5BFF8B5069F0469C9B2EFF3118684
:106FD000202585F31288BFF36F8F0C2569430C447D
:106FE000256C05F0070CBCF1010F0BD1276486F36B
:106FF0001188BFF36F8FC4E90E2343685B5898472D
:107000000020F8BD05F0C005AF4286F31188BFF33C
:107010006F8F0CBF6FF077004FF0FF30F1E713B5C3
:1070200080240094FFF7CEFF02B010BD10B41C24E2
:107030000069CBB203FB0400002110BC1047002004
:10704000F4F71EB9002001F045BE1046F7F7D8BF8F
:10705000084608B51146F3F70BFB002818BF6FF080
:10706000040008BD08B501F033FD002818BF6FF01B
:10707000040008BDF7B51C4600231646826823604D
:10708000A3600D465369694601AA9847019B5A1EA1
:1070900001921BB96FF0150003B0F0BD0098A26813
:1070A00047682168676085B9B31AD0F800C06345A6
:1070B00028BF634603FB07111A442160A2600268DF
:1070C0009A4206D808300090E0E76B1AB3FBF7F35A
:1070D000EBE70020E0E713460022FFF7CBBF10B537
:1070E0000C4601F058FE0023C4E90003184610BD09
:1070F00038B505460C4601F04EFE002D07DBA842D0
:1071000005D9401B84428CBF0020012038BD0020DF
:10711000FCE770B50C461946204616461D46FFF79B
:10712000E7FF28B929462046BDE87040ECF710BDBE
:107130005DB1B4F5C03F2A462146304603DABDE8CA
:107140007040FEF7EBBD03F029FE002070BD4368E0
:107150001C330B60012313607047436800209B6958
:10716000C1E900307047F7F74BBF4FF0FF324FF0E7
:10717000FF33F7F77FBFF0B58FB04468D0F810C089
:107180000020DDE914658DF800100121CDE90950DA
:10719000CDF801008DF80500D007CDE90716CDE93F
:1071A0000B1602F08007CDF818D00D9514D59CF879
:1071B0001C201BBAD107049357BFBDF81130CDF87E
:1071C0000130ADF801309DF813304EBF05238DF826
:1071D0000330042307930B9306AB0293211D0AABE4
:1071E0007FB1002D14BF02220122CDE90323022327
:1071F0000593206883681C68002302AAA0470FB08B
:10720000F0BD0122CDE903230223059320688368A2
:107210001C6804ABF1E7002373B50D1E466814BF6C
:1072200004210621CDE9003380220446FFF7A3FFA5
:1072300096F830309B0609D540B93DB90346CDE9F3
:107240000000802298212046FFF795FF02B070BD14
:107250001FB5012301930DF10F03009300230521B6
:107260001A46FFF788FF08B99DF80F0005B05DF8D2
:1072700004FB2DE9FF41064615461C4601270DF18A
:107280000F08002305211A463046CDE90087FFF795
:1072900072FF40B99DF80F30DB0704D52846214620
:1072A00003F014FBEDE704B0BDE8F0812DE9F347EE
:1072B0001F4643680D1E064690469B695CDBEA1933
:1072C0009A4259D80069FFF750FF00213046FFF776
:1072D000A2FF0446002844D181462FB9012130463F
:1072E000FFF799FF044640E0B7F5807FBA4628BF14
:1072F0004FF4807A2A4605EB0A03002D03F1FF3391
:107300004FEA1323B8BF05F1FF02B3EB222F08D0D9
:107310006B42DBB25FFA85FA58BFC3F1000ACAF5C7
:10732000807A0023802206213046CDE90099FFF7BC
:1073300022FF0446A8B92B46812202213046CDE91E
:10734000008AFFF718FF044658B90122002330468F
:10735000FFF78FFFA7EB0A070446D04455440028E7
:10736000BBD001213046FFF756FF3069FFF7FBFE27
:10737000204602B0BDE8F0876FF01504F8E7F7B5D6
:107380001E4643680D1E044617469B6914DBAA1966
:107390009A4211D80069FFF7E8FE2B46012203212B
:1073A0002046CDE90076FFF7E6FE05462069FFF7A7
:1073B000DAFE284603B0F0BD6FF01505F9E7F7B522
:1073C0004468054694F830309A0744D5076903F0BD
:1073D0000AFB4FF47A76A0FB063206FB0122DB0B98
:1073E00043EA4243BA699B1A13D4628DA68D9B1A55
:1073F000B3420EDA4FF4004740F2E7300021F61AAC
:107400004FF47A720023E6FB0701E1F71DFC03F05D
:107410005DFA94F8303013F004031CD18022AB21C4
:107420002846CDE90033FFF7A6FEA8B994F830301E
:107430009B0710D540F2E7314FF400450E46014658
:10744000E48D4FF47A72E5FB046100233046E1F7E6
:10745000FBFB03F03BFA002003B0F0BDF8B50D468E
:1074600016460024476825FA04F3DA0704D40134E9
:10747000052CF8D10020F8BD26FA04F3DB074CBF39
:107480000823092306217868E2B200F07CF900287D
:10749000EDD0F0E70022FFF7E1BF0A46FFF7DEBFBD
:1074A00013B540680DF107030C461E220621406803
:1074B00000F062F90028A2BF00209DF80730236089
:1074C00002B010BD37B50D4601A90446FFF7E8FF2D
:1074D000002808DB019A2946D243204603B0BDE8C4
:1074E0003040FFF7BBBF03B030BD70B50C4615464A
:1074F000466803F026F9002856D1042C57D8E90332
:1075000070680AD5EA074CBF0423032322460621EC
:1075100000F039F900280EDA18E06B0501D50623D2
:10752000F4E7290501D50723F0E72A0301D508234D
:10753000ECE7AB030BD404F1140206217068C5F329
:107540004003D2B200F01FF9002802DA70BD09230F
:10755000DCE704F10A0206217068C5F30013D2B219
:1075600000F011F90028F1DB04F10F020621706828
:10757000C5F34013D2B200F006F90028E6DB621D25
:1075800006217068C5F30023D2B200F0FCF8002891
:10759000DCDB04F119027068C5F340230621BDE865
:1075A0007040D2B200F0EFB86FF00A00CEE76FF093
:1075B0001500CBE708B54368586802F0E3FE0028E1
:1075C0000CBF6FF01200002008BD436800205B680C
:1075D0001B690B607047436802EA01005B6821EA9F
:1075E000020198600020D9607047436800205B6802
:1075F00099607047436800205B68D96070474368B2
:107600005A68536821EA03000B4090600020D36061
:10761000704710B503695868F8B1884219D19C6861
:107620000868A142586000D19860002008602AB123
:107630005A680A609A68596002B99960002010E09F
:10764000814206D10868206098688142EDD19C6033
:10765000EBE7044600680028F2D1002AE8D16FF079
:10766000150010BD00F043B8002201210A20EAF7FE
:10767000F9BD38B50446056901222846114602F0D5
:10768000DEFF012205F11800002102F0D8FF20469C
:10769000BDE83840EDF71CB80069F7F7EBBC0069AE
:1076A000F7F7AEBC13B501AA044600F07BF800283A
:1076B00005DB019B226819791868EDF729F902B0FA
:1076C00010BD10B544680021606AFFF7EBFF20464B
:1076D000BDE81040F4F7DABD10B544682046F4F771
:1076E000E5FD606A0121BDE81040FFF7DBBF10B582
:1076F0004468FFF7F1FF2046F4F7F6FD002010BDC7
:1077000001F10C00F7F71EBE1FB50346CDE90112CB
:10771000022200689B888DF80C209DF80C2081685F
:1077200042F002028DF80C208C68012201A9A047CA
:1077300004B010BD30B589B08DF804100021446844
:107740001D462068A3888DF810100C998DF805202F
:1077500001AA0292069102220721039205958DF853
:107760001C109DF81C10846811438DF81C10A4682F
:1077700002A9A04709B030BD13B501240094FFF75A
:10778000D9FF02B010BD07B58DF804108DF80520A3
:1077900001A9032240688DF80630FFF7B5FF03B05A
:1077A0005DF804FB30B543681360057A446804EB68
:1077B000C504A34202D36FF0010030BD5C798C4256
:1077C00001D00833F0E70020F7E743681B68D3F8DF
:1077D0008004C3F88004704742681368D3F810012E
:1077E00050B10020D26912780A70C3F81001D3F8A2
:1077F000102101221A6070474FF0FF307047002AB5
:107800000FDD42681368D3F8100158B10020C3F8A7
:107810001001D3F810010120D26912780A701860A3
:1078200070470020704710B5436819680369EFF38B
:107830001182202080F31288BFF36F8F0024186814
:10784000847301201B68D8734FF48003C1F804339C
:1078500082F31188BFF36F8F10BD012103691A688D
:10786000917300221B68DA7370470269034611683E
:10787000C87B40B15B681B68D3F8580118B100237E
:107880000B6113689889704743681B68D3F810012F
:10789000003818BF01207047102243681B68C3F8E6
:1078A00004237047102243681B68C3F808237047FD
:1078B0004FF4007243681B68C3F8042370474FF409
:1078C000007243681B68C3F80823704738B54368E3
:1078D00004461D68D5F804335B0205D4D5F80403CB
:1078E00010F0100006D138BDFFF7BFFF0028F5D01B
:1078F0000120F8E72046FFF7C7FF003818BF012036
:10790000F1E7012070470369186801601B685A603D
:10791000704702680346D2F8580140B95B68DB073C
:1079200006D4D2F82001003818BF0120704701208A
:10793000704710B4436802691B68D3F80413C90583
:1079400017D5D3F82011A1B1EFF31181202484F3CE
:107950001288BFF36F8FD3F8204134B10024C3F8ED
:107960002041D3F820410124DC6081F31188BFF36A
:107970006F8F1168D3F8584171B17CB100240C614C
:107980001168C97B19B94FF48001C3F80813116855
:107990008C7B1CB100238B7310BC7047D3F824116F
:1079A00021B10021C3F82411D3F8243112681368DF
:1079B000002BF1D0516810BC184713B501AA04463A
:1079C000FFF7F0FE002805DB019B22681979186893
:1079D000ECF79EFF02B010BD2DE9F04106690546A7
:1079E000336801279C8910339442A8BF1446D3E81A
:1079F000EF2F002A03D1C3E8E07F0028F7D10CBFA6
:107A00003B4600232BD133682246986803F0C6F921
:107A1000EFF31188202383F31288BFF36F8F696817
:107A20000846FFF776FF326840B90446106188F3D4
:107A30001188BFF36F8F2046BDE8F0810B68926814
:107A4000C3F844250022C3F84845C3F82021D3F8E1
:107A50002011C3F85821D3F858219F60E7E71C464E
:107A6000E9E7FCF7BEBD002201210B20EAF7FABBD3
:107A700010B50B6813B91846136005E003685C681D
:107A80001CB114600368186810BD083303600B68EC
:107A9000013B0B60EDE713B501AA0446FFF782FE38
:107AA000002805DB019B226819791868ECF730FF84
:107AB00002B010BD03460A4619790123006803FA93
:107AC00001F103691B68194218BF82F0010212B16B
:107AD0008368DB68184783681B69FBE738B505696D
:107AE000446895F86D302BB12046F4F713FA002363
:107AF00085F86D300121606BFFF7CDFF002038BDA8
:107B000010B504460068D0B18368C3B149B1012102
:107B10000830FFF7CFFF23681869BDE8104002F076
:107B20002CBC12B98388DB0409D4006902F025FC5F
:107B300020680021BDE810400830FFF7BBBF10BD32
:107B400010B5012200210446FFF7DAFFA36933B91B
:107B5000636004F11000BDE81040F7F751BA10BDA2
:107B600010B5006903688B4206D190F86C4034B9B7
:107B7000FFF7E6FF204610BD6FF01500FBE76FF042
:107B80000F00F8E738B505690446296405F12800B7
:107B9000F7F736FA002285F86C2020691146BDE817
:107BA0003840FFF7ADBF002200F150039B009BB2AD
:107BB00003F1804303F5A8331A601B68704708B5CA
:107BC000EDF78CFC08BD02F0D8BB10B50446FDF7FC
:107BD00041FF046010BD02F0B4BDF7F711BA4B1CB1
:107BE00070B5054617D021EAE1744FF4004640F223
:107BF000E73000214FF47A720023C4FB0601E1F75D
:107C000023F802460B462846F7F734FA002818BF37
:107C10006FF00A0070BD4FF0FF321346F3E7F7F73D
:107C20006DB94B1C70B5054617D021EAE1744FF4CD
:107C3000004640F2E73000214FF47A720023C4FB83
:107C40000601E1F701F802460B462846F7F7DEF891
:107C5000002818BF6FF00A0070BD4FF0FF321346C6
:107C6000F3E7002070472DE9F0411446002286B06A
:107C700001290D461E46CDE90422DDF83080076853
:107C80000AD1192C13D1FDF7E5FE5F2303604FF0F5
:107C9000FF3006B0BDE8F0812146284603AAEDF783
:107CA000C3FF00281EDAFDF7D5FE6D23EEE721465F
:107CB000284603AAEDF7B8FF0028F4DB143C012C9A
:107CC00007D836B14FF008083268B36804920593BC
:107CD00004AE334629463846039ACDF80080F6F7BD
:107CE000FFF8D6E7B5F58D7FF3D10C2C08BF4FF028
:107CF0000408EEE72DE9F0411D4600238AB00F4647
:107D00001446CDE9043308230668214638460DEBB6
:107D10000302DDF840800393EDF786FF002809DABF
:107D2000FDF798FE6D234FF0FF36036030460AB032
:107D3000BDE8F081012F1CD1A4F11403012B18D848
:107D400003AA04AB304600923946029AF6F7A2F92C
:107D500006460028EAD1012FE8D1042C0CD128686E
:107D60000028E3D0FFF731FFFDF774FE03682B60B6
:107D7000DCE742462B46E5E7143C012CD6D8D8F880
:107D80000040049B102C28BF1024CDE90630059B31
:107D90002246284606A9089303F000F8C8F80040D8
:107DA000C4E7006801F0BFBC38B5044604B938BD6B
:107DB000E069256802F0C9FF204602F0C6FF2C46A4
:107DC000F4E7F7F723B8F7F799B82DE9F04389B04E
:107DD0000546D0E900900E4617469846109C08B11B
:107DE000FFF7F1FFA4B9CDE9004443463A463146D6
:107DF000484601F05FFD0446686828B14FF0FF3245
:107E00004FF0FF33FFF7DDFF204609B0BDE8F083F8
:107E10002388012B0BD1ADF8083063686288039387
:107E20000823ADF80A2001936B440093DDE7022B91
:107E300018D16288ADF80830ADF80A20231D0DF185
:107E40000C0C04F1140E624618685968083303C21A
:107E500073459446F7D1237D8DF81C30162301938A
:107E600002ABE2E7FDF7F6FD6A234FF0FF34036053
:107E7000C2E7002307B5CDE90033FFF7A6FF03B043
:107E80005DF804FB2DE9F04F064640688BB00C46C8
:107E9000DDE914579046994608B1FFF794FFD6F8EC
:107EA00000A005B1AFB900232146CDE90033424619
:107EB0004B46504601F03EFE0446706828B14FF034
:107EC000FF324FF0FF33FFF77CFF20460BB0BDE8D9
:107ED000F08F4FF0160B04AB5A460021184602F003
:107EE00084FF03AACDE9000221464B464246504694
:107EF000CDF80CB001F01EFE041EDEDBBDF8102034
:107F0000012A0AD1039B082BD7D1BDF812102A8071
:107F1000059A69806A603B60CFE7022ACDD1039B56
:107F2000162BCAD1BDF812300DF1140C6B802B4604
:107F30000DF1240E23F8042B624603CA7245186023
:107F40005960944603F10803F6D19DF824302B754F
:107F50001823E0E7002307B5CDE90033FFF792FFD0
:107F600003B05DF804FB38B505460068F5F784FFFB
:107F7000044610B92846EDF7DFFF204638BD2DE94D
:107F8000F04F14460E4600218BB00546202202A871
:107F90001F46019102F029FF5CB163680293E36818
:107FA0000493A368039323690593236A03B1089399
:107FB00002AC31462246284601ABF5F73BFC0646AB
:107FC00048B9804681464FF0180A019D386035B99E
:107FD000019801F05FFA30460BB0BDE8F08F442005
:107FE000F8F7C6FA044600284FD0C0F80090C0F851
:107FF00020902B684360AB68C3606B688360EB685C
:108000000361D5F804B0BBF1010F15D10820F8F7D2
:10801000AFFAE061002835D00823A3616B695A8864
:10802000A0F800B042805B684360B8F1000F2FD128
:108030003C60A046ED69CAE7BBF1020F09D002F02F
:1080400084FE6FF005063868FFF7AEFE00233B6044
:10805000BEE71820F8F78CFAE06198B1C4F818A0D0
:108060006A695388111D4380034602F1140C23F8FA
:1080700004BB51F804EB614543F804EBF9D1137DDF
:108080000375D2E7204602F060FE6FF00906DAE7DA
:10809000C8F80040CDE7F0B50A880B46012A06680B
:1080A00087B00DD1ADF80020082249885B68ADF893
:1080B000021001936946304601F0ECFA07B0F0BDBA
:1080C000022A15D14988ADF80020ADF802101A1D1A
:1080D00001AD03F114072C4610685168083203C43F
:1080E000BA422546F7D11B7D16228DF81430E1E700
:1080F000FDF7B0FC6A2303604FF0FF30DEE7F0B518
:10810000056808880B46012887B00DD14A884B685E
:10811000ADF802200822ADF8000001936946284618
:1081200001F019FA07B0F0BD022815D14A88ADF860
:108130000000ADF8022001AE0A1D01F1140734461B
:1081400010685168083203C4BA422646F7D11B7D35
:1081500016228DF81430E1E7284607B0BDE8F0405C
:1081600001F0F9B903780D2B07D143780A2B04D11C
:108170008078003818BF01207047002070472DE933
:10818000FF419846002305460E461746CDE90133C8
:108190000393002A6ED0EEF705F9044688B9AB6860
:1081A000013B99429CBF2B68C5E90130284601A9D3
:1081B000EEF70CF9AB680446013B9E4205D9002856
:1081C000F4D0204604B0BDE8F0810028F9D19DF834
:1081D0000C30052B06D0082B0CBF6FF03C046FF061
:1081E0005E04EEE7FDF736FCB8F1050F0460019878
:1081F00013D103782D2B02D16FF02104E1E70A227D
:108200002146F9F703FB06460D46FDF723FC0368FC
:10821000222BF1D0C7E90065D3E70A222146F9F7FE
:10822000D3F908F1FF3805460E46B8F1030F03D81D
:10823000DFE808F00D10141810F5004341F10006B6
:10824000B3F5803F76F10006D6D23D80B9E7B0F5B0
:10825000803FF7E710F1004341F10006002ECBD13B
:108260003D60AEE7FDF7F6FB0368222BC4D0C7E9FB
:108270000056A6E76FF01504A3E72DE9F0431F466B
:10828000002385B0054689461646CDE901339DF8A1
:1082900030800393002A40D0002F3ED0EEF782F8C2
:1082A000044688B9AB68013B99429CBF2B68C5E97D
:1082B0000130284601A9EEF789F8AB680446013B76
:1082C000994505D90028F4D0204605B0BDE8F083D3
:1082D0000028F9D19DF80C30013B082B20D8DFE8AD
:1082E00003F0080808081F08080508006FF03C04A0
:1082F000EAE7029DB8F1000F03D0019B33603D60B7
:10830000E2E73A686B1C9A420DD32A46304601993F
:1083100002F044FD06F80580F1E76FF01504D3E79D
:108320006FF05E04D0E76FF00B04CDE77FB500235C
:1083300006460D46CDE901330393A1B1EEF732F8BD
:10834000044668B9304601A9EEF740F80028F9D094
:10835000B3682B60431D03D010F10B0F18BF044608
:10836000204604B070BD6FF01504F9E70223FFF753
:1083700006BF13B500240094FFF77FFF02B010BDC5
:108380000B7830B5412B22D017D8252B03D003F022
:10839000F703232B13D14B785A2B15D8402B02D837
:1083A000303B092B0BD84B1C5C785D1C3A2C37D02A
:1083B0002DD8303C092C2ED901E0612B07D00023A9
:1083C000C0E90033836030BD613B192BEAE74B788D
:1083D00003F0DF03542BF2D18B788D1C233BDBB2EF
:1083E000082B0DD840F2051424FA03F3DB0707D558
:1083F000CB785A2B1CD8402B1FD8303B092B1CD9CB
:1084000002B115606D1A016045600323DAE75A2C4A
:1084100003D8402CD3D92B46C6E7613C192CCAE7B8
:10842000023342B95B1A013B436001600423C9E790
:10843000613B192BE3E71360F4E7CB1C5C785D1C10
:108440003F2C1CD012D8392C03D82F2CD8D92B462E
:10845000F4E73D2CD4D19C783F2C18D1033302BBD8
:108460005B1A023B436001600123ABE75A2C02D840
:10847000402CC5D0EBE7613C192CE8D9C0E70233AA
:108480006AB95B1A013B4360016002239AE7023339
:1084900002B113605B1A013B01604360B5E71360F2
:1084A000EFE71360DCE730B50B78203B192B47D89A
:1084B000DFE803F00D462046464646464146464B19
:1084C0006B4B4646768787878787878787874C7871
:1084D0004B1C223C172C33D8DFE804F045323232F3
:1084E0003232483232515851323263757575757572
:1084F000757575754B1C497811B3222965D01C46DA
:1085000014F8011FE1B12229FAD1194623465C78FB
:108510002C2C14BF5D1C9D1C15F8014C02B115607C
:108520005B1A43600623016003722C2C14BF0023E6
:108530000123437208E04B7813B1283B012B46D846
:108540000023C0E90033836030BD4B78313B082BFA
:10855000F6D80B46013111F8014F2C2C4ED0303C8F
:10856000092CF8D921E08B1C8978C5E78D78292D55
:10857000E6D0282D01F10204E2D055BBE0E78C786B
:10858000313C082CDCD80231E5E70B460AB1591C16
:1085900011600360002343604FF484730381D3E7C9
:1085A0000B465C78591C2C2C28D00C4611F8015C29
:1085B00002B11160E41A03600523446003722C2D9C
:1085C000B4E70B46C7E71946C5E719469FE70B46D0
:1085D0004C1C6578282DB3D0292D01D00134CCE76F
:1085E000A578A11C2C2D0CD00C4614F8015C02B10E
:1085F0001460C91A036041600723DFE70C460131AC
:10860000D4E70334F1E708B5EEF7AEF8002008BD73
:108610000120EEF73DBA08B50120EEF7FFFA002879
:1086200018BF6FF00D0008BD08B50420EEF7F6FA8C
:10863000002818BF6FF00D0008BD08B50020EEF748
:10864000EDFA002818BF6FF00D0008BDEEF7F2B983
:10865000EEF7E4BB0A460221FBF7C3BFFBF7C1BF3D
:1086600008B5EEF729FF002008BDEEF761BF08B599
:1086700000F02EFA48B1002383F31188BFF36F8F07
:108680000423184602DF6FF0040008BD70B50546EC
:1086900000680E4602F0B6FD044630B13046E0F701
:1086A00015FB044400202C6070BD6FF01500FBE743
:1086B000FBF7A0BF2DE9F341002506460F461446FF
:1086C000A8460CB920460DE0002322463046CDE9ED
:1086D00000887919FDF7FEFB031E06DAFDF7BAF9EB
:1086E0000068404202B0BDE8F0811D44E41AE8E7AA
:1086F000431C07B50DD00023CDE90033FDF749FC3D
:10870000002803DAFDF7A6F90068404203B05DF8DF
:1087100004FB6FF01500F9E7F6F778BB1FB50023EF
:10872000019303930123024601A88DF804300291BE
:10873000904705B05DF804FB1FB50023CDE9013378
:1087400003930323024601A88DF80430904705B037
:108750005DF804FBD0F83C311B691847F6F7CEBB37
:10876000F8B504460D4600F516764FF0FF33174670
:1087700030464FF0FF32FFF7CFFF94F86C32AB4238
:1087800006D0013504D03046BDE8F840FFF7E6BF1B
:1087900084F86C72F7E770B504460D4600F516765E
:1087A0004FF0FF3230464FF0FF33FFF7B5FF94F83C
:1087B0006C423046631B5C425C41FFF7CFFF2046B2
:1087C00070BD10B504210446FFF7E5FFC8B1637E14
:1087D0007BB92046FFF7BEFF94F8383113B9206803
:1087E000FFF7AAFF01222046BDE810400421FFF751
:1087F000B7BF94F8383113B92068FFF79DFF032203
:10880000F1E710BD38B5044618B300F516752846D3
:108810004FF0FF324FF0FF33FFF77EFF022120467B
:10882000FFF7B9FF50B904212046FFF7B4FF28B97C
:108830002846FFF793FF4FF0FF3038BD05224FF079
:10884000FF312046FFF78CFF2846FFF787FF002007
:10885000F3E76FF01500F0E7F8B50E460546B0B146
:10886000A9B10021FFF797FF044698B905F51677DF
:108870004FF0FF324FF0FF333846FFF74DFFD5F88A
:108880002C3138463360FFF769FF2046F8BD6FF0A2
:108890001500FBE74FF0FF30F8E7F8B50E46054648
:1088A000B0B1A9B10021FFF776FF044698B905F5EC
:1088B00016774FF0FF324FF0FF333846FFF72CFFAB
:1088C000D5F8303138463360FFF748FF2046F8BD11
:1088D0006FF01500FBE74FF0FF30F8E708B5D0F870
:1088E0005831013303D000F5AC70EFF737FA0020B0
:1088F00008BD70B504461546D0F840610021342209
:1089000000F5A07002F071FAC4F8406129462046D3
:10891000BDE87040EFF7E4BFD0F85831013303D021
:1089200000F5AC70EFF71ABA0023C0F86631C0F852
:108930006A316FF008007047034610B5D3E8EF0FB7
:1089400040EA0102C3E8E42F002CF7D110BD034632
:1089500010B5D3E8EF0F00EA0102C3E8E42F002CC2
:10896000F7D110BD012805D0022805D030B902206A
:10897000F0F734BB0320FBE70420F9E770471FB58D
:1089800087240294079C01949DF818400094F0F706
:10899000B7FD04B010BD1FB5069C0392CDE90034AD
:1089A000D34303AADB0FFFF7EAFF04B010BD134661
:1089B0000A460121FBF71EBE0130012801D8F1F75C
:1089C00093B96FF00100704703465A6B00233C30A7
:1089D0009A4200D17047C16801330844F8E70A465B
:1089E0000121FBF7FEBD00B589B006AB0293082359
:1089F000039301AB049304230791CDE9053004AA46
:108A0000184602A9F1F70EFE0228019B09D003289F
:108A10000AD060B9181E18BF0120404209B05DF8A5
:108A200004FB6FF01500F9E76FF08500F6E74FF0F3
:108A3000FF30F3E78068183820F0070010387047DF
:108A400038B515460C4661B15AB1FBF7BBFE21465D
:108A5000254411F8013B834203D1A942F9D10120F9
:108A600038BD0020FCE738B50C46012311462246EC
:108A70000546FBF75FFE00280FDB01222146284652
:108A8000FFF7DEFF38B92378012B14BF022301233F
:108A90000020237038BD0323FAE70120FAE707B569
:108AA00001238DF8042001AAF1F774FC03B05DF8EE
:108AB00004FB81680122183921F00701FFF7EFBF9D
:108AC0008268183A22F00702FFF7CDBF00207047F6
:108AD0000020704710B588B01C4605AB01930C23ED
:108AE00002930423CDE90612CDE904300DEB030116
:108AF00003AA0020CDF80CD0F1F794FD009B236071
:108B000008B010BD002110B50A460446635CA3F10D
:108B10003000092807D8303A032903EB02000FD0B0
:108B200002010131F2E7A3F14100052801D8373AEB
:108B3000F2E7A3F16100052801D8573AECE70020DD
:108B400010BD10B528B1016881B1D0E901329A4257
:108B500005D310BD8C5C202CFBD80132826082686A
:108B60009342F7D8F5D1013B8360F2E70846F0E77E
:108B700038B5044638B1006828B1A5682844E0F744
:108B8000A5F80544A56038BD70B50446B0B10068CD
:108B9000A0B1626812B1A3689A420FD900290DDB17
:108BA000A56829444B1C9A4201D3284407E0226956
:108BB00022B9B3F1804F03D3002B0EDA002070BD31
:108BC0008E1C236A63B1314698470546B0B9E36904
:108BD00020689847C4E90055F0E76FF00046F0E7D9
:108BE0003046A369984705460028F0D0A26821685E
:108BF000013202F0D3F8E36920689847C4E90056CF
:108C0000A068D2E789B188B181420ED0836823B9C8
:108C10008160C1E90031012070475B68002BFAD008
:108C200019604B6083685960F5E700207047034680
:108C300010B528209847044618B12822002102F0D8
:108C4000D4F8204610BD00231A46F2F7B9B9002126
:108C5000F2F748B90022F1F7E3BE70B505460E46BB
:108C600010461946E0F700FC002302460446314650
:108C70002846F1F729FF054618B92046F2F77CF996
:108C80002C46204670BD70B5054610460E46F2F7DC
:108C900003FA00230246044631462846F1F714FF42
:108CA000054618B92046F2F767F92C46204670BDF4
:108CB00020B1007BA0F11003584258417047704723
:108CC000004701F05ABB40F00040C1F88000C2F8F4
:108CD00080007047F2F752BAF7B51646DDE908474B
:108CE000019001A81D46F2F769FB019BB6F1000C4B
:108CF00018BF4FF0010C00EB83000B1E18BF0123BF
:108D0000002D43EA4C0314BF4FF00C0C4FF0000C45
:108D1000002C43EA0C0314BF4FF4E06C4FF0000C3E
:108D2000002F43EA0C0314BF4FF4403C4FF0000CFB
:108D3000D0F8002243EA0C0322EA030301B10978C8
:108D40000EB13678760019430DB12D78AD00314360
:108D50000CB12478240229430FB13F783F040C431F
:108D60003C43C0F8004203B0F0BD1FB50DF10F0346
:108D7000019300238DF80F101A4619460093FFF750
:108D8000ABFF05B05DF804FBF2F7DCBBF2F7BABB52
:108D90000846F2F7A7BB4FF4801070474FF480509D
:108DA00070474FF48070704770B50126A2F580744B
:108DB000A40806FA04F4054614EA010008D0A858ED
:108DC00030B100213046A950AA581A6822431A60CF
:108DD00070BD00232DE9F34104460D4601939046F2
:108DE00001AB4FF4A672FFF7DFFF4FF48272294602
:108DF0002046FFF7D9FF4FF48C72074629462046DC
:108E0000FFF7D2FF064630B1B8F1000F1DD017B101
:108E10003E46D4F83C354FF488722946204601ABD3
:108E2000FFF7C2FF30B1B8F1000F03D016B90FB190
:108E3000D4F83C354FF490722946204601ABFFF739
:108E4000B3FF019802B0BDE8F0814646E3E770B594
:108E50004B7F04460D467BB101236426436100220B
:108E600002212046FFF7B5FF20B90120FFF729FFB7
:108E7000013EF4D100236B770023C4F8003570BDA8
:108E800091F820200346032A29D8DFE802F02125A3
:108E900019028A68500304D5D3F84C25086990421A
:108EA00007D18A6852031AD4D3F84C2589699142B4
:108EB00015D000200622C3F80005C3F8002570472E
:108EC000D3F84C2508699042F3D1D3F83C25EDE75F
:108ED000D3F84C250969EAE7D3F83C25FAE70120E5
:108EE000704730B50124A2F58075AD08AC400C4246
:108EF00007D0815829B10021815082581A68224335
:108F00001A6030BD002313B50C4601934FF4A472D0
:108F100001ABFFF7E6FF21464FF48272FFF7E1FF56
:108F200021464FF49272FFF7DCFF21464FF4A872FE
:108F3000FFF7D7FF21464FF4A672FFF7D2FF214675
:108F40004FF4B072FFF7CDFF4FF4AE722146FFF73A
:108F5000C8FF019802B010BD07B5019001A8F3F752
:108F600057FC0123019A9340836003B05DF804FB32
:108F70000020704700207047002070470020704795
:108F800000207047F3F774BD022904D0042906D0ED
:108F9000012900D17047806808B1ECF7F1BD704736
:108FA000F3F78ABD002210B50468944200D110BDC9
:108FB00000EBC2014B68013223F0FF0343F00303CF
:108FC0004B60F2E70420F2F7D3BD0420F2F7D8BDDE
:108FD00008B5F2F79BFDBDE80840F5F7AFBC38B522
:108FE00004460025031D2268AA4201D8002319E087
:108FF0004FF00002D3E8CF0F032804D1C3E8CC2FF1
:10900000BCF1000FF6D102D008330135EBE701EBDC
:10901000851318464022002101F0E7FE034604EBC9
:10902000C504A060184638BD0830704770B50646C4
:109030000D4621B9F3F746FD90B9002070BD0846F2
:10904000ECF796FD04460028F7D03046F3F73AFDDA
:1090500038B92046ECF794FD0120ECF75FFDECE712
:109060002C460661C56040F8084FE7E740EA014139
:10907000104640F8081DF3F737BDF3F72FBDF3F79F
:1090800027BDECF775BD08B5ECF77AFDBDE80840E3
:109090000120ECF743BD0429F8B50546174603D077
:1090A000102910D000240CE00820ECF753FD0446F2
:1090B0000028F7D0002343600123478003802B68FA
:1090C00043602046F8BD1620ECF744FD0446002816
:1090D000E8D0061D12220021304601F086FE022350
:1090E00023802B46678005F1100253F8041B93423E
:1090F00046F8041BF9D1E4E7134609B9116070473B
:109100000A88012A02D0022A07D070471A68082A62
:1091100028BF08221A6001F041BE1A68162A28BF2B
:109120001622F7E708B5F4F7E5FA40B100F11C03A1
:10913000D3E8EF1F0131C3E8E21F002AF8D108BDD0
:10914000006808B1F4F766BA704737B500250368C0
:1091500004460093838F6846ADF80650ADF804309E
:1091600000F0C8FD38B1A36B6846984794F83E30CC
:109170000BB1A563E56303B030BD4068003818BF8C
:109180000120704700230B60836813B9C0E9011107
:10919000704719608160704738B505460C46F3F793
:1091A000A9FCAA68236894426B6008BFAB600023E7
:1091B0002046236000F050F9BDE83840F3F7A0BC2A
:1091C000406870470069431E584258417047006923
:1091D000831E5842584170470069C31E5842584187
:1091E00070474069B0F5817F05D040F21113C31A72
:1091F0005842584170470120704790F82000C0F352
:109200004000704790F82000C0F38000704790F84D
:109210002000C0F3C0007047006C00F001007047F0
:1092200090F8200000F0010070470369012B05D180
:109230008069A0F180035842584170470020704770
:1092400090F82000C0097047836933F0800314BF91
:1092500001200020704790F82000C0F340107047B4
:10926000806B003818BF0120704790F83400431E0F
:1092700058425841704708B590F82030014613F025
:1092800001020BD1FFF7E0FF28B90846FFF7CDFF39
:1092900080F00100C2B202F0010008BD0022FAE72E
:1092A00070B504460D4616462046FFF7E4FF70B140
:1092B00055B1284600F0BFF848B931460220ECF716
:1092C00031FB0028F0D070BD6368002BF5D0002082
:1092D000F9E74068003818BF0120704790F8220075
:1092E000003818BF0120704710B50446FFF7ACFFE7
:1092F00094F82010C1F3401340EA0302236982F07E
:109300000102012B14BF0123C1F38003D2B2204616
:109310001A40FFF766FF48B1C1F300112046FFF77E
:1093200084FF0A4080F00100104010BD0121F5E7E4
:1093300010B50C46F4F7DEF928B190F8203064F34C
:10934000861380F8203010BD10B50C46F4F7D2F922
:1093500028B190F8213064F3000380F8213010BD6B
:10936000D0E9092353EA020109D04FF47A71B3FB23
:10937000F1F001FB02000128B8BF012070474FF057
:10938000FF307047D0E90B2353EA020109D04FF4B4
:109390007A71B3FBF1F001FB02000128B8BF012094
:1093A00070474FF0FF307047013802288CBF002013
:1093B00001207047013802288CBF0020012070472F
:1093C0000388012B03D0022B06D001207047082907
:1093D00014BF0020012070471629F9E7FF2818D094
:1093E00007DC06280ED0112811D0B0FA80F0400911
:1093F0007047B0F5817F05D040F21113984206D036
:1094000000207047012914BF002001207047022965
:10941000F9E70329F7E7C368012B03D0022B07D034
:10942000012070470888012814BF002001207047E0
:1094300008880228F8E700B10068003818BF01204A
:10944000704700B10068704743894068184470470E
:1094500002894089101A704710B504464068FFF72A
:109460000CFEE06808B1ECF77DFB2046BDE810403B
:10947000ECF778BB10B50446206800B910BD6268EF
:1094800003689042236008BF6360FFF7E5FFF3E7DE
:1094900000F02ABD10B5044660B1406908B1ECF790
:1094A00061FBA06908B1ECF75DFB2046BDE8104008
:1094B000ECF758BB10BD7FB504460E461546F3F7D2
:1094C000D7FA38B90120FEF780FB4FF0FF3318467A
:1094D00004B070BD631E012B01D96A20F3E716B1F9
:1094E00075B91620EFE7002DFBD129461C20FFF7A8
:1094F0009DFD044670B1057545758575C57513E00C
:10950000012C09D1042DECD100211C20FFF78EFD88
:10951000044618B96920D6E7102DF4E745612A46BC
:109520003146183001F03AFC214647F20F0001AAFB
:10953000F5F76EF803460028C9D0C4E710B5044615
:1095400000F0D0FC23684360A36983602046BDE837
:10955000104000F0C9BC73B506460C461546FFF72F
:10956000E1FD019050B90920FEF72FFB4FF0FF34C9
:1095700001A8FFF7E5FD204602B070BDFFF764FECD
:1095800010B1019B9869EFE70198FFF73BFE08B126
:109590007F20E9E70198FFF730FE08B17820E3E784
:1095A0000CB90E20E0E721460198FFF734FF08B917
:1095B0006A20D9E729462046FFF702FF08B916209E
:1095C000D2E70198FFF728FE054620B1019B5D69AF
:1095D000113D18BF012500211C20FFF727FD024681
:1095E00008B96920C0E706612388012B11D0022B3E
:1095F00018D00199042091F8203043F0020381F83B
:10960000203047F20201D560FFF730FDDDB1772051
:10961000AAE763888382042383750023C375636884
:109620008361E6E7638800F1180183821023837564
:109630000023C375231D143453F8040BA34241F8CF
:10964000040BF9D1D5E70198FFF79CFE0090019833
:10965000FFF7D3FD20B90198846984B1204683E7E0
:1096600069460220ECF75EF910F10B0F05D00028D7
:10967000EDD00028B8BF404276E7742074E7FFF7CA
:10968000B0FD00283FF474AFDDE90010F4F732FEBE
:1096900004466DE730B585B005460C46F4F72AF868
:1096A00038B90920FEF791FA4FF0FF33184605B09C
:1096B00030BD0CB90E20F5E72146FFF7ACFE08B926
:1096C0006A20EFE700211C20FFF7B0FC014608B933
:1096D0006920E7E705612388012B0AD0022B11D00E
:1096E00047F2050001AAF4F793FF03460028DDD0F6
:1096F000D8E763888382042383750023C375636876
:109700008361EDE7638800F118028382102383757B
:109710000023C375231D143453F8040BA34242F8ED
:10972000040BF9D1DCE730B585B005460C46F3F7FC
:10973000E1FF38B90920FEF748FA4FF0FF33184629
:1097400005B030BDFFF73EFD08B95F20F3E700210B
:109750000C20FFF76BFC014608B96920EBE724EA0F
:10976000E4740561446101AA47F20800F4F750FF70
:1097700003460028E3D0DEE7F0B595B007460D4676
:109780001446FFF7CFFC019050B90920FEF71DFAEF
:109790004FF0FF3401A8FFF7D3FC204615B0F0BD11
:1097A00015B11CB90E20F1E7002CFBD1FFF70AFD23
:1097B00008B95F20EAE70198FFF72EFD28B101986C
:1097C000FFF78CFD08B90B20E0E70198FFF7C8FD13
:1097D00000900198FFF724FD50B10198FFF77EFD3E
:1097E0000028D2D0F3F752FF064680B91720CDE704
:1097F0000198FFF773FD0028EFD169460220ECF7CE
:1098000091F80028E5D00028B8BF4042BEE700210B
:109810000820FFF70BFC014620B93046F3F77CFF28
:109820006920B3E70761039675B17CB10BAB47F2D2
:109830000C0002AA0493F4F7EBFE074640B1304651
:10984000F3F76AFF3846A1E72B46F0E72346EEE739
:109850003DB134B1BDF83E30042B04D0102B15D0EF
:109860002760346896E701232768ADF81430082F85
:1098700028BF0827BDF83C30ADF81630109B069382
:109880003A46284605A901F089FAE9E70223ADF82E
:109890001430BDF83C3006AFADF8163014ABADF85F
:1098A000280013E90F0087E80F002768162F28BF4C
:1098B0001627E5E72DE9F04F89B016461D46129FA1
:1098C0000390019103F0400803F4007BF3F712FFCB
:1098D000044638B90920FEF778F94FF0FF3009B097
:1098E000BDE8F08F35F4107305D1B8F1000F11D039
:1098F000BBF1000F01D05F20EDE7FFF743FD0490BF
:109900002046FFF789FCA8B9B8F1000818BF4FF04E
:10991000010805E0FFF736FD0490BBF1000FEFD022
:109920002046FFF7A2FC40B12046FFF78DFC68B14E
:10993000A069D0E74FF00108F2E72046FFF784FC6A
:109940000028F5D12046FFF770FCF0E72046FFF72E
:109950003EFC00284CD02046FFF754FC002847D19D
:109960000FB97920B7E72046FFF731FC00284AD12C
:109970002046FFF731FC002845D147F20609204672
:10998000FFF720FC40B12046FFF72BFC20B1B6F5D5
:10999000006F28BF4FF40066FFF771FBB04207D29B
:1099A0002046FFF70FFC002844D0FFF768FB06466F
:1099B00047F2060399450CBF0E232223002502938C
:1099C0002046FFF748FC18B12046FFF754FC98BB2F
:1099D00031460298FFF72AFB824600283BD101203E
:1099E00004A9EBF79FFF90BBB8F1000FF0D026E081
:1099F0002046FFF7ECFB20B92046FFF7EDFB0028DF
:109A0000BBD0002FB9D039462046FFF704FD08B976
:109A10006A2060E738461399FFF7D2FC08B9162090
:109A200059E72046FFF7DDFB08B17F2053E747F2F7
:109A30000709A4E77A204EE7B8F1000F01D00B2008
:109A400049E7022004A9EBF76DFF0028B8D00028F1
:109A5000B8BF40423FE7039B0361019B23B13246FD
:109A60001946006801F09AF994F8340020B1F4F72F
:109A7000C3FD002284F83420BBF1000F0ED0049DFA
:109A800040F040006B1C1FD04FF47A7295FBF2F54A
:109A9000ADB2B5F5167F28BF4FF4167547F2070231
:109AA0009145CAF8140034D1AAF82C503A88012AFA
:109AB0000DD0022A18D05146484605AAF4F7A8FD51
:109AC000034648BB06980AE74FF41675E6E77A881E
:109AD000AAF8182004228AF81A2000228AF81B20EB
:109AE0007A68CAF81C20E6E77A880AF11C01AAF80D
:109AF000182010228AF81A20002207F114008AF890
:109B00001B203A1D52F804CB824241F804CBF9D114
:109B1000D1E7AAF81850CEE70C2806DC0A2807DDA2
:109B2000B8F1000F3FF44CAF89E78C283FF4D3AE77
:109B30001846D0E62DE9F74F8946DDE90C7A15463F
:109B40001E4603F48078FFF7EDFA019058B909201A
:109B5000FEF73BF84FF0FF3701A8FFF7F1FA384660
:109B600003B0BDE8F08F36F4A17301D05F20EFE7BA
:109B700027B1BAF1000F04D10E20E9E7BAF1000FC6
:109B8000FAD1FFF71FFB28B10198FFF73BFB08B99B
:109B90008020DDE70198B8F1000F16D1FFF73CFBFC
:109BA00008B9730611D50198FFF7E7FA68B901986B
:109BB000FFF74AFB48B90198FFF737FB28B901982E
:109BC000FFF72EFB08B90B20C2E70198FFF7C8FB8F
:109BD0006A46009000210198FFF762FB18B1002847
:109BE000B8BF4042B4E70198FFF7C7FA88B90198B7
:109BF000FFF71BFB002876D10198FFF711FB002827
:109C0000A5D10198FFF720FB0028A3D0019B9869FC
:109C10009EE70198FFF7D4FA044627B1C16852467F
:109C20003846FFF769FA002706F0020A2046FFF7D8
:109C30000FFCA8421DD82046FFF70AFC0646002E5E
:109C40008AD02046FFF700FC09EB070B014632469D
:109C5000584601F0A3F801983744FFF7B8FA50B11D
:109C6000BAF1000F7FF478AF21460198FFF794FA1C
:109C700072E72E46E3E70198FFF7AEFA0028EFD12E
:109C8000BAF1000F14D0B5423FF466AFB8F1000F3F
:109C900004D06A4621460198FFF702FB2046AD1B1F
:109CA000FFF7CFFB04460028C0D1002F9FD053E719
:109CB0006389204633446381FFF7CAFB18B9214604
:109CC0000198FFF769FAB5423FF446AFAD1BB8F112
:109CD000000F04D06A4600210198FFF7E1FA0198CD
:109CE000FFF76EFADEE7002736E708B5F3F72CFD3D
:109CF000002008BD38B504460068F3F7FBFC0546B4
:109D000028B90120E38843F02003E38038BDFFF742
:109D100087FA0028F5D12846FFF796FAF8B1E388CC
:109D200043F00803E380A388DA0707D52846FFF746
:109D3000D0FAE8B1E38843F00103E380A3885B072E
:109D400007D52846FFF7D0FA18B1E38843F004039B
:109D5000E380B4F90600003818BF0120D6E7284692
:109D6000FFF763FA0028DED0E38843F01003D9E759
:109D70002846FFF7B3FA0028DCD12846FFF755FA4A
:109D80000028D7D1DAE738B50D461446F3F7B2FC10
:109D900028B90920FDF719FF4FF0FF3006E0032D29
:109DA00003D0042D03D01620F4E7006C38BD012C3D
:109DB000F9D804640020F9E7431F002B03D8DFE83B
:109DC00003F00100032070477047FF2816D005DC20
:109DD000062817D0112813D048B17047B0F5817FFD
:109DE00010D040F21113984208BF02207047012999
:109DF00008D08B1E594259414800704700207047D7
:109E00000220704701207047292811D00ADC012860
:109E100010D0062810D0002808BF042018BF4FF02B
:109E2000FF307047B0F58D7F08D0B0F5007FF5E7C3
:109E30000620704708207047012070474FF480705B
:109E40007047192812D9A0F164030C2B04D940F0F3
:109E50003A4040F42D0070476B3805283ED8DFE8C3
:109E600000F01D3F031D1D3B472070470138182897
:109E70000ED8DFE800F00F11131517191B1D1F175F
:109E80002123192527272129352B13132D132F00C3
:109E9000002070470C207047692070470B207047E6
:109EA00072207047802070471620704770207047DE
:109EB000782070477F207047712070476820704776
:109EC00074207047732070478C2070470D207047B6
:109ED00076207047092070475F2070476F207047D9
:109EE0007A207047C06870474269C3681A6070473B
:109EF00008B5034624301AB95A624260002008BDF2
:109F0000082A28BF082200F049FFF7E708B50346F2
:109F10002C301AB9DA624260002008BD082A28BF36
:109F2000082200F03BFFF7E738B504460D4639B18B
:109F3000082A0BD01620FDF748FE4FF0FF3038BD41
:109F4000002AF7D18263C2630020F8E7F2F7D2FD5E
:109F500095E8030004F1380383E803002046FFF787
:109F6000F4F8F2F7CDFDEFE773B5044608680D4647
:109F70001646F4F741FB002801DB042E06D016201C
:109F8000FDF723FE4FF0FF3002B070BD2B68204676
:109F900084F83430FFF769F900230028F4D0CDE9C4
:109FA00000331A4619462068FFF784FCECE708B531
:109FB00009B1042A05D01620FDF707FE4FF0FF3047
:109FC00006E00B782BB1012BF5D180F8483000204A
:109FD00008BD0223F9E710B5541E1B2C02D812F05D
:109FE000030405D01620FDF7F0FD4FF0FF3010BD43
:109FF000930880F84B304C3000F0D0FE2046F6E756
:10A0000008B509B1042A05D01620FDF7DEFD4FF092
:10A01000FF3008BD0B78003B18BF012380F84930A2
:10A020000020F6E708B509B1042A05D01620FDF78F
:10A03000CCFD4FF0FF3008BD0B6880F84A3000209F
:10A04000F9E770B5054614460E4631B9A2B116209F
:10A05000FDF7BBFD4FF0FF3070BD002AF7D0406C1C
:10A0600018B1EBF77FFD00236B64601CEBF772FD0A
:10A07000686440B96920EBE7406C10B1EBF772FD02
:10A080006C640020E8E72246314600F087FE00229B
:10A090006B6C1A55F5E710B5134612680446042A8E
:10A0A00028BF042208461A6004F1180100F076FE69
:10A0B0000020A06110BD10B5134612680446082A9E
:10A0C00028BF082208461A6004F1240100F066FE49
:10A0D000002010BD10B5134612680446082A28BF98
:10A0E000082208461A6004F12C0100F057FE0020F7
:10A0F00010BD37B505460024134695F8482008469C
:10A10000012A18BF224601921A6801A9042A28BF11
:10A1100004221A6000F042FE204603B030BD13B5A1
:10A120000446134694F84920084601921A6801A98A
:10A13000042A28BF04221A6000F030FE002002B07A
:10A1400010BD13B50446134694F84A200846019200
:10A150001A6801A9042A28BF04221A6000F01EFE12
:10A16000002002B010BD10B504460846114694F810
:10A170004B309A000B689A4228BF1A460A6004F1D5
:10A180004C0100F00BFE002010BDF8B5456C0E46EA
:10A190001446176875B12846DEF798FD0130B842BD
:10A1A000024628BF3A4629463046226000F0F6FDB6
:10A1B0000020F8BD3A462946304600F016FE2560DC
:10A1C000F6E713B50446F2F753FC78B18CB10021E1
:10A1D0000420FEF72BFF014670B16A460920F4F710
:10A1E0005FFB08B9019B236002B010BD4FF0FF3048
:10A1F000FAE76FF00D00F7E76FF00B00F4E713B527
:10A200000446F2F735FC78B18CB100210420FEF74A
:10A210000DFF014670B16A460220F4F741FB08B910
:10A22000019B236002B010BD4FF0FF30FAE76FF0E2
:10A230000D00F7E76FF00B00F4E713B50446F2F7F3
:10A2400017FC68B17CB100210420FEF7EFFE014647
:10A2500060B16A4601200194F4F722FB02B010BD00
:10A260004FF0FF30FAE76FF00D00F7E76FF00B00EB
:10A27000F4E773B506460D46F2F7FAFB98B1AEB1B6
:10A28000BDB129460420FEF7D1FE0446A0B12A46FE
:10A290003146006800F082FD6A4621460420F4F74A
:10A2A000FFFA02B070BD4FF0FF30FAE76FF00D001B
:10A2B000F7E76FF01500F4E76FF00B00F1E707B573
:10A2C000F2F7D6FB60B100210420FEF7AFFE014695
:10A2D00048B16A460520F4F7E3FA03B05DF804FBE1
:10A2E0004FF0FF30F9E76FF00B00F6E707B5F2F734
:10A2F000BFFB60B100210420FEF798FE014648B183
:10A300006A460820F4F7CCFA03B05DF804FB4FF07E
:10A31000FF30F9E76FF00B00F6E770B504460E4624
:10A3200000F025F80546206808B1FEF7A6FE48F2C1
:10A3300002039E4218D048F209039E4214D048F20C
:10A3400001039E420BD16B684BB104F1140204F17E
:10A35000380152F8040B8A4243F8040BF9D1204625
:10A36000BDE8704000F005B863696B60F7E7C0684E
:10A3700070470269C3681A60704708B1E8F75CBDAE
:10A380007047704740B1C368587810F001001EBF95
:10A390001878B0FA80F040097047EFF3118320235A
:10A3A00083F31288BFF36F8FFEE710B5436904464D
:10A3B00033B90020E268537843F00103537010BDB5
:10A3C00098470028F5D00028B8BF4042FF28A8BF12
:10A3D000FF20E3681870EDE700F007BD00F0DEBC79
:10A3E0002DE9F04F054689B0DDE912680592434634
:10A3F000324606A80F4605F1140A00F0F6FADDE928
:10A400000634CDE90234EFF311844FF0200989F3CB
:10A410001288BFF36F8F05F10C0B39462846059A59
:10A42000149B984730B184F31188BFF36F8F09B044
:10A43000BDE8F08F56EA0806F5D0DDE9022306A84C
:10A4400000F0F7FADDE906685A4621465046CDE9A4
:10A450000068F5F75FFAEFF3118489F31288BFF310
:10A460006F8FDAE710B400F10C04C0E9034410BCAC
:10A47000F9F744B838B50446EFF31185202383F388
:10A480001288BFF36F8FF8F7EDFF04F10C0000F0B6
:10A490000AFA30B1294604F11400BDE83840F5F756
:10A4A000CDBA85F31188BFF36F8F38BD41698368DA
:10A4B00043EA010212F003020FD1C2600269013ABD
:10A4C00001FB023382689A4201D900207047C268BA
:10A4D0001A604269C3609B1AF4E76FF01500704779
:10A4E000202408B5EFF3118384F31288BFF36F8F34
:10A4F000FBF756FAF6E790F90E308B4201D0F5F7EC
:10A500002BBA0020704703460020C3E90033C3E99B
:10A5100002007047D0E9003213605A600023427B8A
:10A52000C0E9003322F002024273836070472DE9D4
:10A53000F843914604460D469DF8202000F1080797
:10A54000EFF31186202181F31288BFF36F8F02B1E0
:10A550004568D4F80880474518D0B8F1000F15D0E9
:10A560004046FFF7D7FF08F1180000F010FA00236B
:10A570004046C8F8B030C8F8109000F035F93846B9
:10A580003146F5F75BFA0020BDE8F883A3B1082057
:10A59000F5F7FEFF002838D00122C0F804900260D1
:10A5A000016801F003015DB922680A430260626834
:10A5B00020606AB960600BE04846C9F80030EFE7F8
:10A5C0002A68032A16D80160616869B9C4E90000E5
:10A5D000042104F1100000F074FB0028CFD186F3B1
:10A5E0001188BFF36F8FCFE70A6802F003020243BE
:10A5F0000A60DFE722F003020A4302602A6802F0E1
:10A60000030240EA02032B60E2E76FF00B00E6E78B
:10A6100010B5044630B10268930703D0446809B10D
:10A6200000F093FB204610BD012307B500930023E3
:10A630000A461946FFF77BFF03B05DF804FB5AB1E9
:10A640008A4209D300F11003C0E90212C0E90000F8
:10A65000C0E90433002070476FF0150070470123F4
:10A6600002688B4022EA0303036022FA01F000F043
:10A670000100704710B5032104460C30FFF7EFFFCF
:10A6800030B104F1100000F082F9B0FA80F0400916
:10A6900010BD20B10022C430114600F03EB9704711
:10A6A00073B50446EFF31185202383F31288BFF3BB
:10A6B0006F8F0023A0F11006032104380193FFF7E8
:10A6C000CEFF28B1A369304601A90193F4F7DEFD5E
:10A6D00085F31188BFF36F8F02B070BD13B5019081
:10A6E0000846EFF31184202383F31288BFF36F8FA2
:10A6F00001A9F4F7CBFD84F31188BFF36F8F02B08B
:10A7000010BD10B5FFF7EAFF041E08DDEFF311805E
:10A71000202383F31288BFF36F8FF5F7BFF920462C
:10A7200010BD38B530220D460021044600F05DFB17
:10A730004FF480736560E36038BDC0E9000000201D
:10A740007047EFF30580003818BF0120704778305C
:10A750007047002310B58B4202D10020136010BD5A
:10A76000C45CAA2CF9D10133F5E70A46D0E92701E8
:10A77000FFF7EFBFD0E9003213605A600023C0E951
:10A780000033704708B5FFF7F5FF437B23F0020362
:10A7900043730023836008BD38B504460D46F4F7C3
:10A7A000C1FF637B43F002036373E5B1A5602B68CF
:10A7B0009D4209D16B68C4E900531C606C6012E0D3
:10A7C0006A689A42F6D01B68002BF3D094F90E20E9
:10A7D00093F90E108A42F3D09142F1DD5A68C4E930
:10A7E000003214605C6038BD10B5EFF31184202393
:10A7F00083F31288BFF36F8FF4F752FF84F311884D
:10A80000BFF36F8F10BD08B5EFF31181202282F3E3
:10A810001288BFF36F8F83680BB1FFF7B3FF81F32B
:10A820001188BFF36F8F08BD014610B5EFF3118497
:10A83000202383F31288BFF36F8F437B13F0280F1D
:10A840000AD183680BB1FFF79DFF4B7B084623F0CD
:10A8500004034B73F4F724FF84F31188BFF36F8F65
:10A8600010BD01211838FFF7DFBF08B50346EFF32D
:10A870001181202282F31288BFF36F8F0068834218
:10A8800007D008B1FFF77EFF81F31188BFF36F8F08
:10A8900008BD0020F8E710B5FFF7B5FFBDE8104090
:10A8A000183000F074B838B5054604680020AC4292
:10A8B00000D138BD002CFCD02046FFF7ECFF20462D
:10A8C000FFF792FF2C680120A542F1E738B5044656
:10A8D0000D46F5F78BF9B5F1FF3F08BFB4F1FF3F27
:10A8E0000246204618D000204FF47A7447F6FF73D2
:10A8F0000146C2FB0431B3F5004F71F100020BD3E6
:10A900006FF400429A4243F6FF728A4132BF6FF001
:10A910000040D80B40EA414038BD38B5EFF311850F
:10A92000202383F31288BFF36F8F0468A04213D0F3
:10A93000A4B1C4F8B01022612046FFF723FF04F150
:10A94000180000F024F82046F4F7AAFE012085F351
:10A950001188BFF36F8F38BD0020F8E72046F6E777
:10A9600008B50246F5F758FB70B1D0E904319B1ADF
:10A9700061EBE272B3F1004F72F1000104DA002AD8
:10A98000ACBF1846002008BD6FF00040FBE7024650
:10A9900038B5EFF31185202383F31288BFF36F8F4F
:10A9A0000368CBB1F5F738FB04461046F5F746FBD4
:10A9B00000224FF000438442C0E9042306D1F5F79A
:10A9C00033FBFFF7CDFF0021EAF7ECFE002085F313
:10A9D0001188BFF36F8F38BD6FF01500F7E708B52A
:10A9E000F5F738FC08BDF5F735BCB3F1FF3F08BFFC
:10A9F000B2F1FF3F70B504461D46164613D01A4308
:10AA000015D06FF001024FF0FF33921B63EB05018D
:10AA1000002904DAF5F71EFC821941EB0501C4E9AF
:10AA20000021204670BD4FF0FF321146F7E70022AB
:10AA3000FBE7B3F1FF3F08BFB2F1FF3FF8B50746B0
:10AA400016461C4610D054EA020311D0F5F702FC5A
:10AA5000B0420A46A14103460AD2F31A64EB02044B
:10AA6000C7E900343846F8BD4FF0FF331C46F7E71E
:10AA70000023FBE70023C0E9081200F11802C0E937
:10AA80000622C0E9003303634363704710B50446F0
:10AA9000FFF77DFFA8B9636A0BB12046984704F120
:10AAA0001800FFF7E2FE60B1FFF79EFEEFF31180A2
:10AAB000202383F31288BFF36F8FBDE81040F4F7B3
:10AAC000EDBF10BD70B5D0E90034984209D044B153
:10AAD000A568EDB115F9526C12F9525CB54208D077
:10AAE00007DDC1E900042160416010E0A342F8D015
:10AAF0001B68002BF5D09A6862B112F9522CAA4259
:10AB0000F4D0F3DD5A68C1E900321160596070BDBC
:10AB1000AB7BFFDE937BFCE72DE9F84F00250F466A
:10AB20001446984601462E464FF0200AA946BD42DB
:10AB300002DB3046BDE8F88FEFF3118B8AF3128801
:10AB4000BFF36F8F4B7B03F03F03082B09D853B142
:10AB5000013B072B07D8DFE803F0281C0622060676
:10AB6000062E102B2DD0B8F1000F3BD12378002BEF
:10AB700038D04B7B03F03F03082B3AD8002B3AD058
:10AB8000013B072B37D8DFE803F03F39363936363B
:10AB900036420B699B68002BE5D0022317E00B6956
:10ABA0001B68002BDFD0042311E00B699B68002B8E
:10ABB000D9D001230BE00B691B6A002BD3D01023E3
:10ABC00005E00B69DA895B899A42CCD02023CA68F8
:10ABD000C1F80890C2F38630034363F39432CA602D
:10ABE00084F800908BF31188BFF36F8F0135143117
:10ABF0009DE7102B0FD08C600136F3E722460869E1
:10AC00001030FFF75FFFF6E722460869F9E70869A9
:10AC100022462430F5E7086922462C30F1E72DE979
:10AC2000F041846805460E46D4B16378012B22D1E9
:10AC300014F8533C9A0711D5A4F160073846FFF782
:10AC40002AFE082E0CBF6FF003030023236514F8BF
:10AC5000533CDB0602D13846FFF7C6FD00232370C4
:10AC60000020EB68A860C3F38632164366F3943382
:10AC7000EB60BDE8F081022BF0D12378002BEDD002
:10AC800054F8048CB8F1000FE8D004F11400FFF779
:10AC90007EFE0023A4F1140739464046E362FFF725
:10ACA0001DFDDBE710B500245205090201F47C51BB
:10ACB00002F400120A43017B84600A43C0E90323C3
:10ACC00010BD38B5EFF31185202383F31288BFF34D
:10ACD0006F8F0468A04211D0D4E9003213605A602B
:10ACE00000232046C4E90033FFF799FF85F311885C
:10ACF000BFF36F8F201E18BF012038BD0024F5E779
:10AD00000023C0E900008360704700238360704720
:10AD100083680B60C36813607047043270B50446E3
:10AD20000ED2EFF31185202686F31288BFF36F8FC2
:10AD300041F00401984785F31188BFF36F8F08B97C
:10AD4000002070BD40F8044BFBE720B1011F50F814
:10AD5000040CFFF78FBB70470A220021F6F796BB61
:10AD6000C9B20346024410B59342184601D10020EF
:10AD700003E0047801338C42F6D110BD013902445E
:10AD800010B5904201D1002005E0037811F8014F81
:10AD9000A34201D0181B10BD0130F2E70A44431E44
:10ADA000914200D1704710B511F8014B914203F860
:10ADB000014FF9D110BD884210B501EB020402D950
:10ADC0008442234607D8431EA14208D011F8012B24
:10ADD00003F8012FF8E7024401468A4200D110BD72
:10ADE00013F8014D02F8014DF7E702440346934280
:10ADF00000D1704703F8011BF9E738B502FB01F5F4
:10AE00002946F5F737FD044618B12A460021FFF719
:10AE1000ECFF204638BD9368013B002B936010B4D3
:10AE200007DA9469A34201DB0A2902D110BCF6F7C4
:10AE300033BD1368581C10600846197010BC704769
:10AE4000F8B506460F461446D518AC4201D100208D
:10AE500007E03A4614F8011B3046FFF7DCFF431CBD
:10AE6000F3D1F8BD2DE9F04F89B0002B1D461446F3
:10AE7000BABF03F1004314460023149ABCBF1D4619
:10AE80002D23DDE91598DDE9126B28F0200A1370F7
:10AE9000BAF1460F05D0BAF1450F00D101360223B1
:10AEA00000E0032307AA049206AACDE90036CDE903
:10AEB00002922B462246DFF707F9B8F1670F0746E3
:10AEC00019D11BF0010F0ED007EB0608002200235A
:10AED00020462946DDF7D8FD08B1CDF81C80302288
:10AEE000079B434521D3079B3846179ADB1B13600A
:10AEF00009B0BDE8F08FB8F1470FE2D0BAF1460FC4
:10AF000000EB0608E2D10378302B0AD1002200239F
:10AF100020462946DDF7B8FD18B9C6F10106C9F883
:10AF20000060D9F800309844D0E7591C07911A7096
:10AF3000D6E7F7B500290270BABF49422D232B236B
:10AF40000929437028DD0DF107030A271D461A461B
:10AF5000013BB1FBF7F607FB1614303402F8014C45
:10AF60000C463146632CF2DC3031941E03F8011C90
:10AF7000411C2346AB420AD30DF109039B1AAC4294
:10AF800088BF002302330344181A03B0F0BD13F83E
:10AF9000016B01F8016FEDE7302330318370031D41
:10AFA000C170F1E72DE9F047164698468A680746D2
:10AFB0000B690C46DDF820909342B8BF134633600E
:10AFC00091F843200AB1013333602368990642BFE8
:10AFD000336802333360256815F0060506D104F1A5
:10AFE000190AE36832689B1AAB422BDC94F84330B1
:10AFF0002268003B18BF0123920630D404F14302BB
:10B0000041463846C847013023D023681A3454F8E3
:10B010000A2C03F00603042B0ABF54F80E5C00252B
:10B0200033684FF0000608BFED1A54F8123C08BF11
:10B0300025EAE5759342C4BF9B1AED18B5421AD1B3
:10B04000002008E00123524641463846C8470130F7
:10B0500003D14FF0FF30BDE8F0870135C1E7E118BB
:10B060005A1C30200233224481F8430094F84510E2
:10B0700082F84310C2E70123224641463846C847BA
:10B080000130E6D00136D9E710B50C46B1F90E1003
:10B09000F8F70EF80028ABBF636DA3891B1823F4E3
:10B0A0008053ACBF6365A38110BD002070472DE9BC
:10B0B000F0411F468B8905460C46DB05164605D533
:10B0C00002230022B1F90E10F6F7F6FFA3893246EB
:10B0D000B4F90E10284623F48053A3813B46BDE803
:10B0E000F041F6F72BBC10B50C46B1F90E10F6F78F
:10B0F000E3FF431CA38915BF606523F4805343F429
:10B100008053A38118BFA38110BDB1F90E10F6F7CB
:10B1100093BCC9B20346184613F8012B12B18A42F8
:10B12000F9D17047002918BF00207047034611F875
:10B13000012B03F8012B002AF9D1704710B56AB131
:10B140000139841810F8012B11F8013F9A4203D1FC
:10B15000A04201D0002AF5D1D01A10BD1046FCE75C
:10B160000139034610B532B111F8014F013A03F825
:10B17000014B002CF7D11A440021934200D110BD9D
:10B1800003F8011BF9E70246014410B58A42134651
:10B1900003D01C780132002CF8D1181A10BD70B5FC
:10B1A0000E461446054611463046FFF7ECFF844232
:10B1B000034601D8325C32B921463246284600F0B7
:10B1C00026FB044610B90024204670BD421B002116
:10B1D0002846FFF7C5FD0028F5D1F5E738B5034649
:10B1E0000C4669B9BDE83840FFF793BF431C0546DC
:10B1F00021461846FFF78DFF0028F7D1284638BDB5
:10B200000025F5E70A7870B56AB970BD9A4209D190
:10B210000C46054614F8013F002BF6D015F8016FD7
:10B220009E42F7D001300378002BEFD11846ECE7AF
:10B230002DE9F04190460F46F7F7ACFA04460D466B
:10B24000B8F1000F11D0C7F30A53C3F16B03002B01
:10B250000BDD1B05002403F17F55224605F5401543
:10B260002B46DDF7A9F904460D4620462946BDE8E0
:10B27000F081F6F78DB8F6F7B1B930B514469BB04A
:10B2800005461A46002C05DA8B2303604FF0FF3089
:10B290001BB030BD4FF40273009104916946ADF8C4
:10B2A0000C3014BF04F1FF332346029305934FF68D
:10B2B000FF73ADF80E301E9BF7F72EFB431CBCBF8F
:10B2C0008B232B60002CE3D0009B00221A70DFE759
:10B2D0002DE9F74F036907460C69A342C0F283804A
:10B2E000013C00F1140501F11408A30055F82420D5
:10B2F00008EB8409009305EB8403019358F824308C
:10B3000001339A42B2FBF3F631D34FF0000AC44640
:10B31000AE46D3465CF8043B98B2E1454FEA13438E
:10B3200006FB00A04FEA104280B206FB0323DEF8C2
:10B33000002092B24FEA134AA2EB00029BB2DEF861
:10B3400000005A44C3EB224392B203EB104342EA9B
:10B3500003424FEA234B4EF8042BDBD2009BEB5801
:10B360002BB9019B043B9D421A4630D33C613846C1
:10B3700000F0BCFA002826DB2946002058F8042BF0
:10B38000D1F800C01FFA82FEC1451FFA8CF34FEAC4
:10B390001242A3EB0E030344C2EB23429BB202EB27
:10B3A0001C4243EA02434FEA224041F8043BE5D203
:10B3B00055F8242005EB840322B9043B9D421A462C
:10B3C0000BD33C610136304603B0BDE8F08F126804
:10B3D000043B002ACAD1013CC5E71268043B002A9D
:10B3E000EFD1013CEAE70020EEE7B1F90C20F8B517
:10B3F000170705460C4656D44B68002B02DC0B6C35
:10B40000002B3DDDE66A002E3AD0002312F4805274
:10B410002F68216A2B6025D0626DA389580705D556
:10B420006368D21A636B0BB1236CD21A216A0023B2
:10B43000E66A2846B047411C24D000236360236994
:10B440002360A389DA0400D56065616B2F60B9B110
:10B4500004F14403994202D02846F5F7C1F90023CC
:10B4600063630DE001232846B047461C0246D4D151
:10B470002B68002BD1D01D2B01D0162B29D12F608A
:10B4800000202DE02A68B4F90C3042B11D2A01D009
:10B49000162A20D10023636023692360D5E7626008
:10B4A00022692260CEE70F69002FE9D093070E686A
:10B4B0000F600CBF4B690023F61B8B60002EDFDD95
:10B4C00033463A46216A2846D4F828C0E047002887
:10B4D00007DCB4F90C3043F040034FF0FF30A38198
:10B4E000F8BD0744361AE9E770B568234D1E0E46CD
:10B4F0005D4305F17401F5F7BDF9044640B1002143
:10B5000005F16802C0E900160C30A060FFF76DFC81
:10B51000204670BD2DE9F8430646884600F14804F0
:10B520000027D4E90195B9F1010905D52468002C5B
:10B53000F7D13846BDE8F883AB89012B07D9B5F9B7
:10B540000E30013303D029463046C04707436835E3
:10B55000E9E703694A11B3EB611F2DE9F04304DC0D
:10B56000002303610023436131E000F1140411F072
:10B570001F0104EB830604EB82050CD100F11007D8
:10B580002946B14231D39B1AEA1E9B00964238BF2E
:10B590000023234415E054F82270C1F1200805F17E
:10B5A000040EA146CF407645F44612D89A1A0135CA
:10B5B0009200043AAE4238BF0022A318A75007B148
:10B5C00004331A1BA3424FEAA2020261CAD0BDE8AB
:10B5D000F083DCF800C00CFA08FC4CEA070749F8D5
:10B5E000047B5EF8047BCF40DDE751F804CB47F8DD
:10B5F00004CFC6E7A0F13003092B02D82038C0B22F
:10B600007047A0F16103052B01D84738F7E7A0F197
:10B610004103052B01D82738F1E700207047C2F11C
:10B620000802920070B5C2F120064368046803FA6C
:10B6300006F5D3402C43046040F8043F8842F4D31D
:10B6400070BD0368013330B511F8014B14B90360C4
:10B65000012030BD13F8012BA2F14105192D98BF2F
:10B660002032A242F0D00020F3E70B6801682DE9F8
:10B67000F04F5E1113F01F034FF0000587B002EB8F
:10B68000860682469046AB4618BF04360193029563
:10B69000371F46F8045CB9463C464B1C4A78039376
:10B6A00042B3104605910492FFF7A4FF002851D140
:10B6B000049A0599202A18D8029B9B4513DD4C4516
:10B6C00006D2072D04DC2A4649462046FFF7A7FF8D
:10B6D000444551D90023A4F10409CDF808B044F839
:10B6E000043C1D464C460399D7E7292A56D102311E
:10B6F000CAF80010BBF1000F50D04C4506D2072D00
:10B7000004DC2A4649462046FFF789FF444535D9DF
:10B71000A8F10402234653F8041B9F4242F8041F79
:10B72000F9D23B1B033E0134002223F00303043310
:10B73000B44288BF0423434443F8042B9F42FBD206
:10B740003B681BB9474527D101233B60052007B063
:10B75000BDE8F08F01350BF1010B082D05DD4445E7
:10B76000C1D90023043C01252360226800F00F00AA
:10B7700040EA02102060B6E70825B4E7019B002BE1
:10B78000DED0C3F120034FF0FF32DA4056F8043C1C
:10B79000134046F8043CD3E7043FD1E70420D6E742
:10B7A00070B50C46B1F90E1096B0154600291E462C
:10B7B0000CDAA389002113F0800F14BF40234FF44B
:10B7C0008063002031602B6016B070BD6A46F7F7C9
:10B7D00087FC0028EDDB019901F47041A1F50053CD
:10B7E000594259414FF48063EBE782B001B901A996
:10B7F00042B14BB113780B601278101E18BF0120B4
:10B8000002B070471046FBE76FF00100F8E72DE942
:10B81000F0419BB1C91A1778044603F1FF3C01447B
:10B820008C42204601D9002008E005780134BD4251
:10B83000F6D10CEB0405D618A54201D1BDE8F08184
:10B8400015F8018D16F801EDF045F5D0E8E7B0F5F3
:10B85000803F034636BF030400201020B3F1807FF1
:10B860003CBF1B020830B3F1805F3CBF1B010430BA
:10B87000B3F1804F03D3002B0ADB013070479B00EC
:10B8800001D5023070475B0001D50330704720209E
:10B8900070470368024613F007000BD0D90721D484
:10B8A000980747BF5B0801209B0802204CBF13602C
:10B8B0001360704799B209B91B0C1020D9B209B9AD
:10B8C00008301B0A190704BF1B090430990704BF7D
:10B8D0009B080230D90703D45B0800F1010003D0B4
:10B8E00013607047002070472020704703460A69A4
:10B8F0000069801A30B50ED11433143103EB820481
:10B9000001EB820154F8045D51F8042D954203D0F7
:10B9100005D24FF0FF3030BDA342F3D3FBE7012047
:10B92000F9E72DE9F04F85B0CDE9001002A9F6F74F
:10B9300051FF8B4606460F46009803A9F6F74AFFCB
:10B94000019B89460D4619690446009B30461B69D8
:10B95000C91ADDE902329B1A03EB4113002BDBBF4E
:10B96000C3EB03332A463A4602EB0359C8BF02EB46
:10B97000035B22464B465946DCF748FF05B0BDE85D
:10B98000F08F013902F11403491170B501311469C6
:10B99000051F00EB810103EB8404A3420CD3A31A1F
:10B9A0001132113B23F00303A24288BF0023184445
:10B9B0000023884205D370BD53F8046B45F8046F2B
:10B9C000EBE740F8043BF4E700F114024B11006987
:10B9D000984210B511DB0ADD11F01F0107D052F8B3
:10B9E000234024FA01F000FA01F18C420BD102EB62
:10B9F0008303934203D8002010BD0346F7E753F8B2
:10BA0000041D0029F5D00120F6E7F8B507461546D4
:10BA10000C4621B91146BDE8F840F4F72BBF22B916
:10BA2000F4F7DEFE00242046F8BD00F043F9A842FA
:10BA3000F9D229463846F4F71DFF06460028F1D012
:10BA400021462A46FFF7AAF9214638463446F4F73C
:10BA5000C7FEE8E72DE9F0471F468E6882460C4690
:10BA6000BE4290460B682DD8B1F90C2012F4906FAD
:10BA700026D06569096905EB4505A3EB01097B1C27
:10BA800005EBD5754B446D109D4238BF1D465305DF
:10BA900027D52946F4F7EEFE064660B34A462169EB
:10BAA000FFF77CF9A38923F4906343F08003A3811B
:10BAB00026614E446561A5EB090526603E46A560FA
:10BAC000BE4200D93E46324641462068FFF773F930
:10BAD000A36800209B1BA360236833442360BDE858
:10BAE000F0872A46FFF791FF06460028E0D121693A
:10BAF0005046F4F775FE0C234FF0FF30CAF80030C3
:10BB0000A38943F04003A381E9E738B54B1C1446F1
:10BB100003D14FF0FF35284638BD9389CDB223F0CD
:10BB2000200393815368526B8AB1A26B9A4208DD5D
:10BB300023685A1E226003F8015C63680133636066
:10BB4000E9E7214600F072F80028F1D0E1E7216929
:10BB5000226841B1914206D212F8011CA94202D1D9
:10BB6000013A2260EAE7C4E90F2304F14403636366
:10BB70000323A363234603F8465F23600123DEE724
:10BB800010B50C46496B69B104F14403994201D0E8
:10BB9000F4F726FE0020236C6063636013B1E36B4F
:10BBA000236010BD23694FF0FF30236000236360E2
:10BBB000A38943F02003A381F3E770B50B78044613
:10BBC00001385E2B04F1FF0513BF4A1C8A1C4B7819
:10BBD000002108BF012100F8011FA842FBD10BB9C9
:10BBE000501E70BD81F001011046E154024612F86A
:10BBF000015B2D2D05D05D2D16D0002DF1D02B46EB
:10BC0000F2E746785D2EFAD0B342F8DC02301A46ED
:10BC100001329642A154FBDCF21A5D1C013AB34298
:10BC2000A8BF0022AB18E1E71046DAE72DE9F041A2
:10BC30000C46496B04F1440399421AD14FF48061D8
:10BC4000F4F718FE18B94FF0FF30BDE8F0814FF45B
:10BC50008063606300F2FD30A36394F84630837024
:10BC600094F84530437094F844300370206000200D
:10BC7000EBE7A66B77003A46FFF7C7FE05460028BC
:10BC8000E1D000EB0608014632464046FFF786F851
:10BC9000C4F80080C4E90D57E9E70346084641B1FE
:10BCA000FF2A04D98A224FF0FF301A607047012022
:10BCB0000A70704751F8043C181F002BBCBF0B588A
:10BCC000C018704746D0FD7F0100000045280200E3
:10BCD00000000000B52B020000000000D52B020080
:10BCE00000000000F52B020000000000292E0200D9
:10BCF0000000000005A0020000000000000000009D
:10BD000000BE0300A9ED020000000000E9ED020002
:10BD1000000000000000000024BE0300000000003E
:10BD200048BE0300000000006CBE0300E93A0200B8
:10BD3000000000004556020000000000A5E10100DF
:10BD40000000000005590200000000000000000093
:10BD5000DCBD03001D5A030000000000CD8A030073
:10BD600000000000A105030000000000000000002A
:10BD7000D8BE03000000000090BE030000000000D9
:10BD8000B4BE03006F860300000000000000000046
:10BD9000FCBE03000000000020BF03000000000004
:10BDA00044BF0300C1FC01000000000089600300E3
:10BDB00000000000659F02000000000051620200C8
:10BDC0000000000007860300000000004D2E020066
:10BDD000000000006186030000000000BC0A0400AF
:10BDE00000000000CCC9002000CD0020A8F40020F5
:10BDF000595D02000000000000000000000000008B
:10BE0000A6040400B8CE030010C20300ECCC00204E
:10BE100030F200207D380200000000000000000029
:10BE2000ACCE03009B06040058CF0300CCC1030036
:10BE3000F6CC0020C8F20020994202000000000069
:10BE4000000000004CCF0300D104040000000000FB
:10BE500070C10300EECC00200000000065700300FC
:10BE60000000000000000000D0CE030069080400BC
:10BE7000F4CF03002CC20300FCCC002030C900200A
:10BE8000414B02000000000000000000E8CF03006A
:10BE90003B0504000000000078C10300F0CC002046
:10BEA00000000000793B02000000000000000000DC
:10BEB000DCCE03007C0704007CCF0300F0C103004C
:10BEC000F8CC0020D4F200207376030065760300DE
:10BED0000000000070CF0300450A04003CD00300BE
:10BEE00008C20300FECC002054C90020614C0200AF
:10BEF000DD7A03000000000030D003005806040083
:10BF0000FCCE030090C10300F2CC0020A4F200207C
:10BF1000F13D02000000000000000000F0CE030030
:10BF200011080400D4CF030000000000FACC002068
:10BF300008F3002049470200000000000000000054
:10BF4000C8CF03007E06040044CF0300A8C103004D
:10BF5000F4CC0020C4F20020B575030000000000FE
:10BF60000000000038CF03000000000081590300EA
:10BF70000000000081590300000000008159030007
:10BF800000000000815903000000000081590300F7
:10BF900039B30200C18C0300000000008159030086
:10BFA00000000000815903006CBE030033790300D8
:10BFB000000000008159030089C60200C18C030003
:10BFC000F5C00200C18C030000000000815903008D
:10BFD00000000000815903000000000081590300A7
:10BFE0000000000081590300000000008159030097
:10BFF0000000000081590300000000008159030087
:10C000000000000081590300000000008159030076
:10C0100000000000D5560200000000008159030016
:10C020000000000081590300000000008159030056
:10C030000000000081590300000000008159030046
:10C040000000000081590300000000008159030036
:10C050000000000081590300000000008159030026
:10C060000000000081590300000000008159030016
:10C070000000000081590300000000008159030006
:10C0800000000000815903000000000081590300F6
:10C0900000000000815903000000000081590300E6
:10C0A00000000000815903000000000081590300D6
:10C0B000000000008159030091BB0200C18C030005
:10C0C00000000000815903000000000081590300B6
:10C0D00000000000815903000000000081590300A6
:10C0E0000000000081590300000000008159030096
:10C0F00051B90200C18C0300000000008159030007
:10C100000000000081590300000000008159030075
:10C110000000000081590300000000008159030065
:10C120000000000081590300000000008159030055
:10C130000000000081590300000000008159030045
:10C140000000000081590300000000008159030035
:10C150000000000081590300000000008159030025
:10C160000000000081590300000000008159030015
:10C17000517003000000000013710300393C0200FD
:10C18000A13B0200493B0200DF700300393B020083
:10C190007F730300AD720300D93C0200D13C020062
:10C1A0005B7103004F710300EB740300A174030083
:10C1B0005D7403009B74030095740300C574030051
:10C1C0000000000000000000000000001941020013
:10C1D000CB750300D7750300EB750300F5750300FD
:10C1E000FF750300E1420200137603000000000027
:10C1F00001460200000000002D4402000000000083
:10C2000000000000C1450200354F0200617B0300C1
:10C21000D5380200BF6F03001F700300000000004C
:10C220005D6F03000000000000000000D9770300EC
:10C230008D4A0200CB770300D9790300FF77030012
:10C24000277803005B7803006B780300997803007C
:10C25000A57803006B78030089780300B1780300A8
:10C26000BF780300CD78030003790300077903004A
:10C2700000000000010000007D5D0200A9600200D6
:10C28000CEEB03000300000067040400030000007D
:10C290004B0B0400030000003EE803000300000015
:10C2A000C30404000300000071E503000300000064
:10C2B00059E70300030000000B1504000300000011
:10C2C0004927040003000000782204000300000056
:10C2D0001727040003000000952504000300000058
:10C2E000CA220400030000001C1C0400030000001C
:10C2F00049FE030003000000DBEB03000300000025
:10C3000063050400030000000C2204000300000089
:10C310002D220400030000001A2204000300000084
:10C32000730404000300000096E90300030000000A
:10C330007A03040003000000AD06040003000000BF
:10C340008A07040003000000A5E9030003000000C1
:10C35000A9E9030003000000ED0B04000300000046
:10C3600041D603000300000076040400040000002E
:10C37000122A040003000000B414040003000000AB
:10C38000F202040003000000E803040003000000C0
:10C39000F0030400030000008D0A04000300000005
:10C3A000612B04000300000081030400030000006F
:10C3B0008B03040003000000CD0304000300000011
:10C3C000A603040003000000B30304000300000000
:10C3D000BF030400030000009703040003000000F3
:10C3E00050F503000300000056F5030003000000B1
:10C3F000FF030400030000006E06040003000000B9
:10C40000530A040003000000790804000300000040
:10C41000D5030400030000005CCA030090F0002074
:10C420006AF503000000000061F50300E8C8002081
:10C4300014ED0020C4C8002002000000E0C9030081
:10C4400010ED0020F4C90300F8CD002056F50300DC
:10C4500028D60020082C0120C8CA0300C4C7030046
:10C4600034C90300F4C8030088C9030048CA0300A4
:10C47000A0CA0300A0C8030034D10300DCCA030033
:10C480008CCA030078CA0300B4CA0300000000008D
:10C49000000000000000000000000000000000009C
:10C4A00012EC030019EC030000000000ADF10100E4
:10C4B000000000000DEE030017EE03000000000076
:10C4C00031F201000300000036EE03003DEE0300F0
:10C4D000B4C80300C74803000000000048EC030094
:10C4E0004EEC030000000000C9F101000200000052
:10C4F000CE03040069EE03002CC503000000000019
:10C5000000000000D4EC0300DBEC0300000000009E
:10C51000A98F01000101000032ED03003AED030094
:10C520000000000019F201000000000000000000FF
:10C5300000000000000000000000000000000000FB
:10C540003BF1030040F103000000000049F5010049
:10C550000200000058EF03005DEF03000000000040
:10C56000D5F2010000000000DAF00300E1F0030062
:10C5700000000000EDF4010002000000FEEF0300E7
:10C5800005F0030000000000C1F3010000000000FE
:10C5900077F003007FF003000000000091F4010039
:10C5A0000200000000000000000000000000000089
:10C5B0000000000000000000FFFFFFFFFFFFFFFF83
:10C5C000DEE61E28EAAC45B8025B0000DEE61E2867
:10C5D0004CBBCE8F025B0000D5D5020059E20200B1
:10C5E00089E70200798F0300818F0300718F0300B8
:10C5F000EB9C0300CDE702007D8F0300758F0300E5
:10C60000412F0400AE040400442F0400756E6B6ECD
:10C610006F776E00000000000000000000000000C6
:10C620000000000000000000000000001B5B4A004A
:10C63000001B5B4800001B5B324A00001B5B4A008A
:10C64000001B5B6D00001B3700001B3800001B5BEC
:10C650003F336C00001B5B4800001B5B324A00004C
:10C660001B3700001B380000000000000000000025
:10C6700000000000000000000000000000000000BA
:10C680000338FDD870470000BC89D897B2D29C3CD3
:10C6900033A7A8D523F649393DA7F444FD0FA532A9
:10C6A0009D978CCF08BA5B25436FAC642806681150
:10C6B0000080E03779C34143176E05B5B5B893469E
:10C6C000F5F93FE9034F384D321D30F94877825A6A
:10C6D0003CBF737FDD4F1575000000000000F03F88
:10C6E000000000000000244000000000000059404D
:10C6F0000000000000408F40000000000088C340A0
:10C7000000000000006AF8400000000080842E4114
:10C7100000000000D01263410000000084D7974160
:10C720000000000065CDCD41000000205FA0024266
:10C73000000000E876483742000000A2941A6D42DB
:10C74000000040E59C30A2420000901EC4BCD642CE
:10C7500000003426F56B0C430080E03779C3414379
:10C7600000A0D8855734764300C84E676DC1AB43EF
:10C77000003D9160E458E143408CB5781DAF15440D
:10C7800050EFE2D6E41A4B4492D54D06CFF08044E8
:10C79000F64AE1C7022DB544B49DD9794378EA44FD
:10C7A000B9D8030011000000000000000FD90300F9
:10C7B000110000000000000069DC03000D00000013
:10C7C00000000000CCE60300D1E60300D8C7030058
:10C7D0000000000000000000DCC70300EDE60300DD
:10C7E000F3E6030000000000A9BF01000200000002
:10C7F0000116040012E703000000000051BF010011
:10C800000200000028E7030031E7030000000000F9
:10C81000F9BE01000200000047E703004CE70300F7
:10C820000000000099BE01000100000065E7030060
:10C830006BE703000000000001C0010001000000E0
:10C8400000000000000000000000000000000000E8
:10C8500000000000F136030005370300000000006F
:10C86000F5360300E8D1002000010000C3440300B6
:10C870006D44030002000000000000009AEA03007B
:10C88000A2EA030000000000000000000000000019
:10C89000AAEA0300AEEA0300B2EA0300B6EA030024
:10C8A000E5EB0300ECEB03008CC403000000000088
:10C8B00000000000B8C8030045EE03004AEE030084
:10C8C00000000000C74803000000000057EE03000E
:10C8D0005CEE030000000000CF48030000000000F1
:10C8E0000000000000000000000000000000000048
:10C8F00000000000B6D9030094F1030008C903004A
:10C9000000000000000000000CC9030058EF030005
:10C91000A4F1030000000000A5F5010000000000E4
:10C920000000000000000000000000000000000007
:10C930000000000088D6030067F2030048C9030026
:10C9400000000000000000004CC903006B1F040041
:10C9500075F203000000000041F701000000000034
:10C960007F22040085F2030000000000E34803007A
:10C9700000000000000000000000000000000000B7
:10C980000000000000000000EEF30300F5F30300D8
:10C990009CC903004DF8010002020000A0C9030079
:10C9A000B7F40300BCF403000000000011F901001B
:10C9B0000502000015220400F4F40300000000004A
:10C9C000E9FB01000201000000000000000000007F
:10C9D0000000000000000000000000003A0000001D
:10C9E000C60301201E000000CD51030028C403002F
:10C9F000BCC8002018C4030020CA03007CF000203B
:10CA0000640000000CCA03003CF00020E0D60020C7
:10CA10008000000000000000074903000200000041
:10CA2000DF54030084F00020C60301201E00000034
:10CA3000F9FC010055490300314903007549030021
:10CA4000434903000000000082F803004BF8030094
:10CA500000000000290A02000100000097530300B3
:10CA60006F53030033550300000000000000000076
:10CA700000000000000000003FF9030046F9030039
:10CA800000000000B51602000100000070F903006C
:10CA900077F90300F0CA03005517020001010000F6
:10CAA0001CFA030024FA03000000000075160200BF
:10CAB0000100000035FA03003BFA03001CCB030021
:10CAC000000000000000000065E7030061FA0300B9
:10CAD0000000000021170200010000006FFA0300AF
:10CAE00073FA030000000000175603000000000066
:10CAF000F4CA030096FA03009EFA03000000000047
:10CB0000D915020001000000000000000000000034
:10CB100000000000000000000000000020CB030027
:10CB2000E2FA0300EBFA030000000000191602000D
:10CB30000100000008FB030017FB0300C0CB03004B
:10CB40000000000000000000C7FB0300CEFB030054
:10CB500000CD03000000000000000000E5FB030022
:10CB6000EBFB0300C0CC030000000000000000004D
:10CB700002FC030009FC030080CC0300000000005D
:10CB80000000000018FC03001DFC030040CC030063
:10CB9000D11602000101000030FC030036FC030046
:10CBA00000CC0300000000000000000000000000B6
:10CBB0000000000000000000000000000000000075
:10CBC000C4CB030048FC030052FC0300000000003B
:10CBD00097560300010000008AFC030091FC03004B
:10CBE0000000000063560300010000000000000088
:10CBF0000000000000000000000000000000000035
:10CC000004CC0300C8FC0300CEFC030000000000BD
:10CC10001B5603000100000047E70300FCFC030073
:10CC200000000000051602000100000000000000E6
:10CC300000000000000000000000000000000000F4
:10CC400044CC0300490D040028FD0300000000004F
:10CC5000B15603000100000037ED030067FD03003B
:10CC600000000000FF56030001000000000000006B
:10CC700000000000000000000000000000000000B4
:10CC800084CC0300490D04007AFD0300000000007D
:10CC9000651602000100000037ED03008AFD030065
:10CCA000000000003D5603000100000000000000ED
:10CCB0000000000000000000000000000000000074
:10CCC000C4CC0300490D040099FD030000000000DE
:10CCD000495603000100000037ED0300B1FD0300D9
:10CCE00000000000E5560300010000000000000005
:10CCF0000000000000000000000000000000000034
:10CD000004CD0300490D0400C8FD0300000000002D
:10CD10007D5603000100000037ED0300E0FD030035
:10CD200000000000CB5603000100000000000000DE
:10CD300000000000000000000000000000000000F3
:10CD40000F000000000000000000000000002000B4
:10CD5000FCBE0300010000000000000000C0000055
:10CD600090BE03000200000000C000000040000070
:10CD700090BE03000300000000000100000200005C
:10CD800090BE030004000000000001000000070046
:10CD900090BE0300050000000000010000800000BC
:10CDA00090BE0300060000000002010000FE060025
:10CDB00090BE03000700000000020100007E00009A
:10CDC00090BE030008000000008001000080060003
:10CDD00090BE0300090000000080010000800600F2
:10CDE00090BE03000A0000000000080000000700D9
:10CDF00090BE03000B00000000000F000080000048
:10CE000090BE03000C00000000800F0000600000D6
:10CE100090BE03000D00000000800F0000600000C5
:10CE200090BE03000E00000000E00F000020000094
:10CE300090BE030080C50020000000000600010035
:10CE40000200000048CE030000000000620304005E
:10CE500002000000E0FF0F0068C500206A03040024
:10CE600021000000E0FF03209A04040004000000F9
:10CE70009F04040006000000A5350200236903009A
:10CE80005F690300DB690300FF690300913602005C
:10CE9000676E0300A36E03001F6F0300436F030060
:10CEA00005380200D537020000000000B0CE0300B4
:10CEB00001000000B10404005D390200493802009D
:10CEC000B70404003F70030045700300BD04040074
:10CED000D4CE030001000000D9040400E0CE03001A
:10CEE00001000000520504000400000000FF0000E3
:10CEF000F4CE03000100000064060400D8BE030065
:10CF0000406BED070001000024BE03000400010097
:10CF100000000000000020002000000000000100D0
:10CF2000EF401800000001000000010002000000B6
:10CF30000100000000FF00003CCF030001000000E2
:10CF40008E0604001F00000020BF030050CF030026
:10CF500001000000A7060400FFFFFFFF002584403A
:10CF6000FFFF000000000000001003400000000070
:10CF700074CF0300010000008507040000A00040FA
:10CF80000000000000000000000000000000980108
:10CF900000000101F5430200100000006976030063
:10CFA000ACCF030026040120FF1F000000A00040BA
:10CFB000B8CF030001000000C0CF03000200000052
:10CFC0000200000C0100000BCCCF030001000000A8
:10CFD00019080400B4BE03006B00000024BE030067
:10CFE0000800000001030000ECCF03000100000076
:10CFF00073080400008000400100000000000000F1
:10D0000014D003000000D601000000003704012006
:10D01000360401200080004020D003000100000001
:10D0200028D00300020000000B0000000A000001ED
:10D0300034D00300010000004E0A040000B000409C
:10D040000000000000127A00000000000000000054
:10D0500000000000FFFFFFFF0000FF0000000000D5
:10D060000000000101000000677A0300FF1F0000BC
:10D0700084D00300FFFFFFFF00000000000000005D
:10D080000000000000B0004090D00300010000004C
:10D0900098D003000300000006000004070000050C
:10D0A0000500000624BE03000400010000800020EB
:10D0B000E8040000E88400200020000068A50020AB
:10D0C000002000000000000000000000010000003F
:10D0D00029620200455802007F7F0300A97D0300FA
:10D0E000557F0300737E0300677F03009D5F02008E
:10D0F0000000000097800300FF800300A37D030071
:10D1000045610200CB7D0300857E0300F57C0300B2
:10D11000677C0300E55D02000000000000000000E5
:10D1200000000000560B04005B0B0400630B0400BE
:10D130006F0B0400E20C0400E60C040048D103006D
:10D1400000000000000000004CD10300F70C0400B8
:10D15000FE0C0400000000008D66020000000000CC
:10D160001C0D0400240D0400000000006D66020088
:10D1700000000000430D04004D0D040000000000FD
:10D180004D660200000000000000000000000000EA
:10D190000000000000000000000000005511040025
:10D1A000671104007911040086110400971104002E
:10D1B000A7110400B1110400C4110400D711040028
:10D1C000EA110400000000008B1204009112040018
:10D1D000971204009D120400A3120400A912040077
:10D1E000AF1204000816040013160400C71A040046
:10D1F000FF180400CE1A040085890200F38803009A
:10D20000DD880300B589020019890300258A020020
:10D21000559D0200559E0200719E0200959E0200DF
:10D22000B9890300E59E0200419A0200419B020079
:10D23000699B0200199C02004D9C0200A59C020003
:10D24000040000000A0000004DD50200E1DA0200EF
:10D25000000000001BA3030051E60200D9E8020011
:10D26000560B04005B0B0400630B04006F0B0400FF
:10D27000000000020000000100000004000000089F
:10D280000000001004100000017000000470000095
:10D29000FFFFFFFFFFFFFFFFFFFFFFFFFFFFFFFF9E
:10D2A000FFFFFFFFFFFFFFFFFFFFFFFFFFFFFFFF8E
:10D2B000037000000270000005700000067000009E
:10D2C00008700000097000000A700000FFFFFFFFF7
:10D2D000FFFFFFFFFFFFFFFFFFFFFFFFFFFFFFFF5E
:10D2E000FFFFFFFFFFFFFFFFFFFFFFFFFFFFFFFF4E
:10D2F000FFFFFFFF018000001040000010600000F1
:10D300001130000012300000FFFFFFFFFFFFFFFFA2
:10D31000FFFFFFFFFFFFFFFFFFFFFFFF10300000D9
:10D32000FFFFFFFFFFFFFFFFFFFFFFFFFFFFFFFF0D
:10D33000FFFFFFFFFFFFFFFFFFFFFFFFFFFFFFFFFD
:10D34000FFFFFFFFFFFFFFFFFFFFFFFFFFFFFFFFED
:10D35000FFFFFFFFFFFFFFFF06500000FFFFFFFF83
:10D36000FFFFFFFFFFFFFFFFFFFFFFFFFFFFFFFFCD
:10D37000FFFFFFFF20600000122B0400202B0400A1
:10D38000342B0400432B04004F2B0400CCBC0300BF
:10D39000CCBC030034BD03003CBD0300BCBD030096
:10D3A000DCBD0300662B040001000500872B040090
:10D3B000020007006C2B040004000800752B040019
:10D3C000080004007A2B040010000900A41E0400C9
:10D3D00020000800842B040040000A008F2B04006A
:10D3E00080000600962B04000001000078CA00208F
:10D3F00034000000CEFBFFFFCB0300000100000063
:10D400000000000035000000CEFBFFFFCB03000052
:10D41000010000000000000000000000000000000B
:10D4200000000000000000000000000000000000FC
:10D4300000000000000000000000000000000000EC
:10D4400000000000000000000000000000000000DC
:10D4500000000000000000000000000000000000CC
:10D4600000000000000000000000000000000000BC
:10D4700000000000000000005A21040057EF0300E4
:10D48000BACC002005000000190000007D0000005B
:10D4900077C295F360D2EF7F3552500F2CB679806A
:10D4A000EAFF7AFFF4FF436C6F75642063616C6C74
:10D4B0006261636B005075626C69736820696E7499
:10D4C000657276616C00426C796E6B204D515454DC
:10D4D0002053616D706C652E20426F6172643A203A
:10D4E0002573202046573A20257320204275696C09
:10D4F000643A20257320257300636972637569742B
:10D50000646F6A6F5F666561746865725F6E72668C
:10D510003931353100322E302E30004D61722033DA
:10D520003020323032360032323A31363A3433003B
:10D53000427574746F6E204750494F206E6F74208F
:10D540007265616479004661696C656420746F205E
:10D55000696E69742063726564656E7469616C7369
:10D560002073746F726167652E20286572723A208D
:10D57000256929004661696C656420746F20696EB5
:10D580006974206D6F64656D206C69622E2028655A
:10D5900072723A2025692900556E61626C652074AB
:10D5A0006F207365742063616C6C6261636B2E2005
:10D5B0004572723A20256900436F6E6E6563746927
:10D5C0006E6720746F2063656C6C756C6172206E81
:10D5D0006574776F726BE280A6004661696C656462
:10D5E00020746F20636F6E6E6563742E20457272B7
:10D5F0003A20256900427574746F6E2070726573ED
:10D6000073656400556E61626C6520746F2070757F
:10D61000626C69736820627574746F6E2E20457237
:10D62000723A20256900556E61626C6520746F2026
:10D630007075626C6973682E204572723A20256994
:10D64000006D61696E004F54412070726F677265A2
:10D6500073733A2025642525004F544120646F7769
:10D660006E6C6F616420636F6D706C65746520E231
:10D670008093207265626F6F74696E6720746F208B
:10D680006170706C7920757064617465004F5441ED
:10D6900020646F776E6C6F6164206572726F7220A8
:10D6A00028636175736520256429004F5441206407
:10D6B0006F776E6C6F61642063616E63656C6C651F
:10D6C00064004F5441206E6F7469666963617469C8
:10D6D0006F6E207265636569766564004E6F204FDA
:10D6E00054412055524C20666F756E6420696E203F
:10D6F0007061796C6F6164004F54412055524C3A0F
:10D700002025730068747470733A2F2F0068747446
:10D71000703A2F2F004661696C656420746F207029
:10D7200061727365204F54412055524C00687474E7
:10D7300070733A2F2F257300666F74615F646F7783
:10D740006E6C6F61645F7374617274282920666106
:10D75000696C65643A202564004D51545420434F50
:10D760004E4E41434B20E2809320636F6E6E6563A3
:10D7700074656420746F20426C796E6B005375621F
:10D780007363726962696E6720746F20426C796E90
:10D790006B20646F776E6C696E6B20746F70696359
:10D7A00073004661696C656420746F206372656103
:10D7B00074652064657669636520696E666F204ACA
:10D7C000534F4E00746D706C004D617220333020E9
:10D7D000323032362032323A31363A3434006275E1
:10D7E000696C6400727862756666004661696C6592
:10D7F0006420746F2073657269616C69736520645D
:10D80000657669636520696E666F005055424C49C4
:10D81000534820E28692202573004465766963654B
:10D8200020696E666F207075626C6973682066612E
:10D83000696C65643A202564004D51545420434F6F
:10D840004E4E41434B206572726F723A2025640040
:10D850004D51545420646973636F6E6E65637465D3
:10D86000642028726573756C743D256429004D51E0
:10D8700054542053554241434B202869643D25753B
:10D8800029004661696C656420746F20726561646B
:10D89000204D515454207061796C6F61643A202599
:10D8A00064005055424C49534820E2869020746FE2
:10D8B0007069633D252E2A7300646F776E6C696E04
:10D8C0006B2F726564697265637400496E76616C72
:10D8D0006964207265646972656374207061796C33
:10D8E0006F616420286C656E3D257A75290042724F
:10D8F0006F6B65722072656469726563742072650E
:10D900007175657374656420E286922025730064E6
:10D910006F776E6C696E6B2F6F74612F6A736F6EA9
:10D9200000646F776E6C696E6B2F64732F00446FA9
:10D93000776E6C696E6B20445320746F7069633D21
:10D94000252E2A732076616C75653D252E2A73007D
:10D950005265636F6E6E656374696E6720696E20D1
:10D96000256473E280A6005265736F6C76696E67FA
:10D97000204D5154542062726F6B65723A202573AA
:10D980000067657461646472696E666F2829206639
:10D9900061696C65643A20256420286572726E6F37
:10D9A0003D2564290042726F6B657220E2869220E9
:10D9B00025733A25750064657669636500436F6E6B
:10D9C0006E656374696E6720746F20426C796E6B4C
:10D9D000204D5154542025733A256420E280A6003E
:10D9E0006D7174745F636F6E6E6563742829206651
:10D9F00061696C65643A202564004D51545420637C
:10DA00006F6E6E6563742074696D656F7574007AEE
:10DA1000736F636B5F706F6C6C2829206661696C33
:10DA200065643A202564006D7174745F696E707569
:10DA3000742829206661696C65643A202564006D4C
:10DA40007174745F6C6976652829206661696C65FC
:10DA5000643A202564004F544120696E2070726F33
:10DA6000677265737320E2809320736B69707069CD
:10DA70006E67207075626C697368004E6F74206306
:10DA80006F6E6E656374656420746F20426C796E8E
:10DA90006B2C20736B697070696E67207075626C97
:10DAA000697368005055424C49534820E2869220E1
:10DAB0002573203D202573006D7174745F7075624D
:10DAC0006C6973682829206661696C65643A202551
:10DAD00064004E6F7420636F6E6E656374656420BE
:10DAE000746F20426C796E6B2C20736B6970706957
:10DAF0006E6720627574746F6E207075626C6973E6
:10DB00006800253034642D253032642D2530326490
:10DB100020253032643A253032643A2530326400B0
:10DB20005055424C49534820E28692202573203DAF
:10DB30002025732028627574746F6E20707265736F
:10DB400073656429004661696C656420746F2063A5
:10DB50006865636B20666F722063657274696669BD
:10DB6000636174653A20256400436572746966696F
:10DB700063617465206D61746368004365727469E4
:10DB8000666963617465206D69736D617463682093
:10DB9000E280932072652D70726F766973696F6E83
:10DBA000696E67004661696C656420746F20646506
:10DBB0006C657465206F6C64206365727469666956
:10DBC000636174653A2025640050726F76697369E9
:10DBD0006F6E696E67204341206365727469666980
:10DBE0006361746520746F206D6F64656D004661BC
:10DBF000696C656420746F2070726F766973696FE9
:10DC00006E2063657274696669636174653A202584
:10DC1000640043657274696669636174652070723B
:10DC20006F766973696F6E696E67206661696C658E
:10DC3000643A20256400666F74615F646F776E6C70
:10DC40006F61645F696E69742829206661696C651B
:10DC5000643A202564006D7174745F706F6C6C00A1
:10DC6000696E666F2F6D637500646F776E6C696E99
:10DC70006B2F64732F230064732F56320064732F4D
:10DC80005631002D2D2D2D2D424547494E2043451F
:10DC90005254494649434154452D2D2D2D2D0A4DB1
:10DCA000494946617A434341314F6741774942418F
:10DCB000674952414949517A374453514F4E5A525C
:10DCC00047506775324F43697741774451594A4B02
:10DCD0006F5A496876634E4151454C425141770A2B
:10DCE000547A454C4D416B474131554542684D434F
:10DCF00056564D784B54416E42674E5642416F54D2
:10DD000049456C7564475679626D563049464E6C8C
:10DD1000593356796158523549464A6C63325668D0
:10DD20000A636D4E6F49456479623356774D52559B
:10DD30007745775944565151444577784A55314A89
:10DD40004849464A76623351675744457748686385
:10DD50004E4D5455774E6A41304D5445774E444DA3
:10DD6000340A5768634E4D7A55774E6A41304D54A8
:10DD700045774E444D34576A42504D517377435165
:10DD800059445651514745774A56557A45704D4347
:10DD900063474131554543684D67535735305A58AD
:10DDA0004A750A5A5851675532566A64584A70641F
:10DDB000486B67556D567A5A57467959326767529C
:10DDC000334A76645841784654415442674E56422D
:10DDD000414D5444456C54556B6367556D397664B9
:10DDE0004342590A4D544343416949774451594A82
:10DDF0004B6F5A496876634E415145424251414406
:10DE0000676749504144434341676F4367674942ED
:10DE1000414B336F4A4850304644667A6D35347210
:10DE2000567967630A68373763743938346B4978D1
:10DE300075504F5A586F486A3364634B692F765652
:10DE4000716276594154796A62336D69476245530C
:10DE5000547472466A2F5251536137386630756F69
:10DE6000786D79462B0A30544D38756B6A313358CA
:10DE70006E6673376A2F457645686D6B7642696FBB
:10DE80005A786155706D5A6D7950666A7877763632
:10DE900030704967627A354D446D674B376953344A
:10DEA0002B336D5836550A41352F54523564386D31
:10DEB00055676A552B6734726B384B62344D753039
:10DEC000556C586A49423074746F763044694E65B7
:10DED000774E7749527431386A41382B6F2B75333E
:10DEE00064706A712B73570A54384B4F4555742B25
:10DEF0007A77766F2F3756334C7653796530726761
:10DF00005442496C4448434E41796D6734564D6BD9
:10DF10003742505A37686D2F454C4E4B6A442B4A56
:10DF20006F324652337179480A423554305933487A
:10DF3000734C754A765735694234596C634E486C58
:10DF400073647538376B474A353574756B6D69384E
:10DF50006D78644151345137653252434F4676757E
:10DF60003339366A33782B55430A423569504E6748
:10DF70006956352B49336C673032645A3737446EF3
:10DF80004B78485A7538412F6C4A42646942335184
:10DF900057304B745A42366177426470554B44395E
:10DFA0006A6631623053487A55760A4B4264733060
:10DFB000706A4271416C6B643235484E37724F72F1
:10DFC000466C65614A312F6374614A78515A424BFD
:10DFD00054355A5074306D3953544A456164616FF9
:10DFE000307841483061686D62576E0A4F6C4675F3
:10DFF000686A756566584B6E456756345765302BB1
:10E000005558675643774F506A6441764262492BB0
:10E0100065306F6353334D4645767A4736754251C6
:10E02000453378446B33537A796E546E0A6A683894
:10E0300042434E4177314674784E7251487573456C
:10E04000774D467849743449376D4B5A395949717F
:10E05000696F796D437A4C7139677751626F6F4D93
:10E06000445161485742664562777262770A714847
:10E0700079474F30616F534371493348616164722E
:10E0800038666171553947592F724F504E6B337353
:10E09000677244516F6F2F2F666234685643314365
:10E0A0004C514A31336865663459353343490A72F5
:10E0B00055376D325973367874306E5557372F7621
:10E0C0004754314D304E5041674D424141476A51AE
:10E0D0006A42414D41344741315564447745422FAE
:10E0E00077514541774942426A415042674E560A4C
:10E0F00048524D4241663845425441444151482FAF
:10E100004D42304741315564446751574242523580
:10E1100074466E6D6537626C3541467A6741694970
:10E120007942705939756D62626A414E42676B710E
:10E130000A686B6947397730424151734641414F14
:10E140004341674541565239597162797971464464
:10E1500051444C4859476D6B674A796B4972474641
:10E1600031584970752B494C6C61532F56396C5A94
:10E170004C0A7562687A45466E54495A642B3530AC
:10E1800078782B374C53594B30357141767146793D
:10E19000465768664651446C6E727A75425A3662CA
:10E1A000724A46652B476E592B456750626B365A4B
:10E1B00047510A33426562596874463847615630A0
:10E1C0006E787677756F3737782F50793961754A61
:10E1D0002F4770734D69752F58312B6D766F6942DB
:10E1E0004F762F32582F716B5373697352634F6A96
:10E1F0002F4B4B0A4E46745932507742795653355D
:10E200007543624D696F677A6955777468447943DD
:10E21000332B3657567757364C4C7633784C664806
:10E22000546A7543766A4849496E4E7A6B7448431E
:10E23000674B51350A4F52417A49344A4D504A2B67
:10E2400047736C575948623470686F77696D35371A
:10E2500069617A74584F6F4A775464774A78346E9C
:10E260004C4367644E624F68646A736E767A717667
:10E2700048753755720A546B58575374416D7A4F2D
:10E28000567979676871705A586A46614833704F99
:10E29000334A4C462B6C2B2F2B734B4149757674AC
:10E2A0006437752B4E786535415730776465526C0D
:10E2B0004E384E7764430A6A4E50456C707A566DFC
:10E2C000625571344A55616745697554446B487AA3
:10E2D00073784870464B564B3771342B3633534D59
:10E2E000314E393552314E6264576873636443620C
:10E2F0002B5A414A7A56630A6F7969334234336E36
:10E300006A544F5135794F662B31436365577847CF
:10E310003162515673355A756670734D6C6A71343B
:10E320005569302F316C76682B776A436850346BAF
:10E33000714B4F4A327178710A3452677173616858
:10E340004459567654483977376A5862794C65692A
:10E350004E646438584D327739552F7437793046CA
:10E36000662F39796930474534345A613472463200
:10E370004C4E396431315450410A6D5247756E55D7
:10E380004842636E574576674A42516C396E4A453A
:10E390006955305A736E7667632F75626850675897
:10E3A000525234587133375A306A347237673153A6
:10E3B0006745457A7778413537640A656D795078D5
:10E3C000676359786E2F655234342F4B4A34454277
:10E3D000732B6C564452337665794A6D2B6B5851CA
:10E3E00039396232312F2B6A6835586F7331416E7B
:10E3F000583569497472654743633D0A2D2D2D2DAB
:10E400002D454E44204345525449464943415445C5
:10E410002D2D2D2D2D00286E6F742073657429000D
:10E420005365727665723A20202020202025730AD9
:10E430000054656D706C6174652049443A20257301
:10E440000A004175746820746F6B656E3A20202550
:10E45000730A0055736167653A20637265642074BE
:10E46000656D706C617465203C74656D706C617471
:10E47000652D69643E0A0054656D706C6174652099
:10E4800049442073617665643A2025730A00557308
:10E490006167653A206372656420736572766572A0
:10E4A000203C686F73743E0A005365727665722073
:10E4B00073617665643A2025730A00557361676558
:10E4C0003A206372656420746F6B656E203C6175E1
:10E4D00074682D746F6B656E3E0A00417574682018
:10E4E000746F6B656E2073617665642E0A004372EB
:10E4F0006564656E7469616C7320636C65617265D7
:10E50000642E205265626F6F74696E67E280A60A9E
:10E5100000286E6F6E6529004661696C6564207421
:10E520006F206F70656E2073746F72616765207005
:10E530006172746974696F6E3A20256400466C617B
:10E54000736820646576696365206E6F74207265F8
:10E55000616479006E76735F6D6F756E7428292023
:10E560006661696C65643A20256400626C796E6B43
:10E570002E636C6F7564004E6F2061757468207433
:10E580006F6B656E2073746F7265642E20557365B2
:10E59000207368656C6C20746F2070726F7669737D
:10E5A000696F6E3A0020206372656420746F6B653A
:10E5B0006E203C796F75722D617574682D746F6B68
:10E5C000656E3E0020206372656420736572766517
:10E5D00072203C686F73743E202020202020286F1A
:10E5E0007074696F6E616C2C2064656661756C7403
:10E5F0003A20257329002020637265642074656DBC
:10E60000706C617465203C69643E202020202020CD
:10E61000286F7074696F6E616C29002020637265C9
:10E62000642073686F772020202020202020202065
:10E6300020202020202873686F7720637572726510
:10E640006E742076616C7565732900202063726595
:10E650006420636C6561722020202020202020200F
:10E66000202020202028657261736520616C6C2059
:10E6700063726564656E7469616C732900437265C9
:10E6800064656E7469616C73206C6F616465643A73
:10E690000020205365727665723A202020202020C9
:10E6A000257300202054656D706C617465204944A9
:10E6B0003A2025730020204175746820746F6B65C3
:10E6C0006E3A2020252E3873E280A60063726564BE
:10E6D00000426C796E6B2063726564656E7469616B
:10E6E0006C206D616E6167656D656E7400746F6B33
:10E6F000656E0053657420426C796E6B2061757491
:10E700006820746F6B656E20287265626F6F74731A
:10E71000290053657420426C796E6B2073657276A4
:10E72000657220686F73740074656D706C617465D8
:10E730000053657420426C796E6B2074656D706C4B
:10E740006174652049440073686F770053686F7780
:10E750002063757272656E742063726564656E7491
:10E7600069616C7300636C65617200457261736509
:10E7700020616C6C2063726564656E7469616C7392
:10E7800020287265626F6F7473290000070E091CE0
:10E790001B1215383F363124232A2D28756E7369D4
:10E7A000676E6564292063686172202A207573652D
:10E7B0006420666F722025257020617267756D6513
:10E7C0006E742E2049742773207265636F6D6D65BA
:10E7D0006E64656420746F206361737420697420B3
:10E7E000746F20766F6964202A2062656361757397
:10E7F00065206974206D6179206361757365206D92
:10E8000069736265686176696F7220696E206365FD
:10E81000727461696E20636F6E6669677572617488
:10E82000696F6E732E20537472696E673A22257376
:10E830002220617267756D656E743A2564006362AB
:10E840007072696E74665F7061636B6167650028E2
:10E850006E696C29004661696C656420746F207272
:10E8600065626F6F743A207370696E6E696E6720AF
:10E87000656E646C6573736C792E2E2E0A004E568D
:10E8800053206E6F7420696E697469616C697A6572
:10E890006400436F756C64206E6F74206F627461E6
:10E8A000696E20666C61736820706172616D657459
:10E8B00065727300556E737570706F727465642045
:10E8C000777269746520626C6F636B2073697A6517
:10E8D00000556E61626C6520746F206765742070EE
:10E8E00061676520696E666F00496E76616C696468
:10E8F00020736563746F722073697A6500436F6E6D
:10E9000066696775726174696F6E206572726F7285
:10E91000202D20736563746F7220636F756E7400B1
:10E92000474320446F6E65206D61726B657220668F
:10E930006F756E64004E6F20474320446F6E6520F4
:10E940006D61726B657220666F756E643A207265D8
:10E950007374617274696E67206763002564205365
:10E960006563746F7273206F66202564206279740A
:10E97000657300616C6C6F63207772613A20256467
:10E980002C2025780064617461207772613A20251B
:10E99000642C2025780066735F6E7673006C6F6759
:10E9A00067696E67006C6F67006C6F675F6D676D9E
:10E9B00074004D65737361676520282225732229D1
:10E9C0002064726F70706564206265636175736541
:10E9D00020697420657863656564732073697A655E
:10E9E000206C696D69746174696F6E2028257529C2
:10E9F000004D6573736167652064726F7070656444
:10EA0000206265636175736520697420657863654C
:10EA10006564732073697A65206C696D69746174CB
:10EA2000696F6E2028257529001B5B306D002573EA
:10EA300020005B2530386C755D20005B2530327519
:10EA40003A253032753A253032752E253033752C03
:10EA5000253033755D200025732F003C25733E2043
:10EA60000025733A20002530327820002020200035
:10EA70007C00206D657373616765732064726F70CD
:10EA8000706564202D2D2D0D0A1B5B306D001B5B06
:10EA9000313B33316D2D2D2D20001B5B313B33314C
:10EAA0006D001B5B313B33336D0065727200777212
:10EAB0006E00696E6600646267004572726F722054
:10EAC0002564207768696C652067657474696E6772
:10EAD000207061676520696E666F004572726F72A3
:10EAE000202564207768696C652065726173696EA2
:10EAF0006720706167650073747265616D5F666C35
:10EB00006173685F666F72776172645F657261736B
:10EB1000652025642072616E67653D307825303848
:10EB20007A7800666C6173685F77726974652065D6
:10EB300072726F72202564206F66667365743D3053
:10EB4000782530387A7800666C6173682072656168
:10EB500064206661696C65643A2025640063616CB9
:10EB60006C6261636B206661696C65643A20256440
:10EB7000004275666665722073697A652069732044
:10EB80006E6F7420616C69676E656420746F206DB0
:10EB9000696E696D616C2077726974652D626C6F46
:10EBA000636B2D73697A6500496E636F727265637A
:10EBB0007420706172616D657465720053697A6565
:10EBC00020697320696E636F7272656374005354B9
:10EBD0005245414D5F464C41534800666C61736835
:10EBE0005F696D67006B65726E656C004B65726E78
:10EBF000656C20636F6D6D616E6473006379636C27
:10EC000065733A202575206877206379636C657396
:10EC10000A006379636C6573004B65726E656C20E6
:10EC20006379636C65732E00556E61626C65207448
:10EC30006F20706172736520696E7075742028652D
:10EC40007272202564290A00736C656570006D730B
:10EC500000557074696D653A20256C6C75206D7374
:10EC60000A002D70002D2D70726574747900556E38
:10EC7000737570706F72746564206F7074696F6EF5
:10EC80003A2025730A00757074696D653A20256C09
:10EC90006C7520646179732C20256C6C7520686F0D
:10ECA0007572732C20256C6C75206D696E7574659A
:10ECB000732C20256C6C75207365636F6E64732CE8
:10ECC00020256C6C75206D696C6C697365636F6E63
:10ECD00064730A00757074696D65004B65726E65CA
:10ECE0006C20757074696D652E2043616E206265BD
:10ECF0002063616C6C656420776974682074686552
:10ED0000202D70206F72202D2D7072657474792003
:10ED10006F7074696F6E7300342E312E3939005A5A
:10ED200065706879722076657273696F6E202573DD
:10ED30000A0076657273696F6E004B65726E656C62
:10ED40002076657273696F6E2E0054686973206354
:10ED50006F6D6D616E6420697320646570726563A8
:10ED60006174656420617320697420697320612077
:10ED70006475706C69636174652E20557365202716
:10ED80006C6F6720656E61626C652720636F6D6DC7
:10ED9000616E642066726F6D206C6F6767696E6765
:10EDA00020636F6D6D616E6473207365742E0A004D
:10EDB000556E61626C6520746F207061727365209E
:10EDC0006C6F672073657665726974792028657247
:10EDD00072202564290A00496E76616C6964206C92
:10EDE0006F67206C6576656C3A2025640A00556E65
:10EDF00061626C6520746F2066696E64206C6F6759
:10EE000020736F757263653A2025730A006C6F6713
:10EE10005F6C6576656C003C6D6F64756C65206E2B
:10EE2000616D653E203C7365766572697479202852
:10EE3000302D34293E007265626F6F740052656236
:10EE40006F6F742E00636F6C6400436F6C6420728C
:10EE500065626F6F742E007761726D005761726D1D
:10EE6000207265626F6F742E004B65726E656C2048
:10EE7000746872656164732E005363686564756CB1
:10EE800065723A2025752073696E6365206C617325
:10EE9000742063616C6C0A00546872656164733A33
:10EEA0000A004E41002573257020252D3130730A4C
:10EEB00000096F7074696F6E733A20307825782C72
:10EEC000207072696F726974793A202564207469C0
:10EED0006D656F75743A20256C6C640A0009737453
:10EEE0006174653A2025732C20656E7472793A201E
:10EEF00025700A00556E61626C6520746F20646530
:10EF00007465726D696E6520756E757365642073C6
:10EF10007461636B2073697A6520282564290A0A65
:10EF20000009737461636B2073697A6520257A75B3
:10EF30002C20756E7573656420257A752C20757389
:10EF400061676520257A75202F20257A7520282570
:10EF500075202525290A0A006C697374004C6973B1
:10EF600074206B65726E656C207468726561647381
:10EF70002E002570204952512025303264202573FF
:10EF8000287265616C2073697A652025347A752949
:10EF90003A09756E757365642025347A7509757341
:10EFA0006167652025347A75202F2025347A7520F5
:10EFB0002825327A75202525290A00257020252D3F
:10EFC00033327320287265616C2073697A6520255D
:10EFD000347A75293A09756E757365642025347A1B
:10EFE000750975736167652025347A75202F202592
:10EFF000347A752028253275202525290A00737456
:10F0000061636B73004C697374207468726561642A
:10F010007320737461636B2075736167652E005490
:10F020006872656164204944202570206973206EF0
:10F030006F742076616C69640A004572726F723A6F
:10F040005368656C6C207468726561642063616EDE
:10F050006E6F742062652073757370656E6465648D
:10F060000A0054687265616420257020737573709E
:10F07000656E6465640A0073757370656E64006B19
:10F0800065726E656C207468726561642073757357
:10F0900070656E64203C7468726561645F69643E8B
:10F0A000004572726F723A5368656C6C20746872B6
:10F0B0006561642063616E6E6F74206265207265A5
:10F0C00073756D65640A005468726561642025700B
:10F0D00020726573756D65640A00726573756D6580
:10F0E000006B65726E656C20746872656164207275
:10F0F0006573756D65203C7468726561645F6964F1
:10F100003E004572726F723A5368656C6C20746889
:10F11000726561642063616E6E6F74206265206B3E
:10F12000696C6C65640A000A205468726561642029
:10F130002570206B696C6C65640A006B696C6C00EF
:10F140006B65726E656C20746872656164206B69B2
:10F150006C6C203C7468726561645F69643E005247
:10F16000454144590044495341424C45440064657B
:10F1700076696365733A0A005B25705D002D202572
:10F18000730020204454206E6F6465206C616265BA
:10F190006C733A0044657669636520636F6D6D61D9
:10F1A0006E6473004C69737420636F6E6669677573
:10F1B00072656420646576696365730025642D2536
:10F1C0003032752D2530327520253032753A253094
:10F1D00032753A25303275205554430A00496E760F
:10F1E000616C696420686F75720A00496E76616CA3
:10F1F0006964206D696E7574650A00496E76616C8C
:10F200006964207365636F6E640A00496E76616C91
:10F210006964206D6F6E74680A00496E76616C696E
:10F2200064206461790A004661696C656420746FCA
:10F230002063616C63756C617465207365636F6EC8
:10F2400064732073696E63652045706F63680A009C
:10F25000436F756C64206E6F7420736574206461F5
:10F2600074652025640A004461746520636F6D6DC8
:10F27000616E6473005B592D6D2D645D203C483ACE
:10F280004D3A533E005B6E6F6E655D005573696E5F
:10F290006720646174612077696474682025640A5A
:10F2A00000496E636F7272656374206461746120DB
:10F2B00077696474680A00526561642076616C75D0
:10F2C0006520307825780A0057726974696E672066
:10F2D00076616C756520307825780A00696E7661F4
:10F2E0006C6964206164647220272573270A0069B1
:10F2F0006E76616C69642073697A652027257327AF
:10F300000A00696E76616C696420776964746820AC
:10F31000272573270A00613A733A773A00272D614F
:10F32000203C616464726573733E27206973206DAD
:10F33000616E6461746F72790A00272D73203C73CB
:10F34000697A653E27206973206D616E6461746F10
:10F3500072790A006465766D656D206C6F6164205A
:10F36000737570706F7274732073657474696E67EF
:10F3700020627970617373206F6E20612073696EF3
:10F38000676C6520696E7374616E63652E0A004C4C
:10F390006F6164696E672E2E2E0A7072657373201A
:10F3A0006374726C2D78206374726C2D7120746F8D
:10F3B000206573636170650A004E756D6265722029
:10F3C0006F6620627974657320726561643A2025E6
:10F3D000640A002D2D002D6500556E6B6E6F776EE3
:10F3E000206F7074696F6E20222573220A00646595
:10F3F000766D656D00526561642F77726974652062
:10F40000706879736963616C206D656D6F72790ADC
:10F4100055736167653A0A52656164206D656D6F69
:10F4200072792061742061646472657373207769F6
:10F430007468206F7074696F6E616C207769647492
:10F44000683A0A6465766D656D203C616464726536
:10F4500073733E205B3C77696474683E5D0A577243
:10F46000697465206D656D6F7279206174206164C7
:10F4700064726573732077697468206D616E64616E
:10F48000746F727920776964746820616E64207685
:10F49000616C75653A0A6465766D656D203C6164E2
:10F4A00064726573733E203C77696474683E203CE7
:10F4B00076616C75653E0064756D700055736167AB
:10F4C000653A0A6465766D656D2064756D70202DF2
:10F4D00061203C616464726573733E202D73203C2F
:10F4E00073697A653E205B2D77203C776964746888
:10F4F0003E5D0A0055736167653A0A6465766D651D
:10F500006D206C6F6164205B6F7074696F6E735DEA
:10F51000205B616464726573735D0A4F7074696F18
:10F520006E733A0A2D65096C6974746C652D656E8D
:10F530006469616E2070617273650052582072694F
:10F540006E67206275666665722066756C6C2E004B
:10F550007368656C6C2E7368656C6C5F7561727432
:10F5600000756172743A7E2420007368656C6C5F6C
:10F57000756172745F6261636B656E64005375627E
:10F58000636F6D6D616E64733A0A006E6F74207400
:10F5900065726D696E617465643A2025630A005076
:10F5A0006C6561736520737065636966792061209D
:10F5B000737562636F6D6D616E642E0A00457272C1
:10F5C0006F723A20726571756573746564206D752C
:10F5D0006C7469706C652066756E6374696F6E20FB
:10F5E000657865637574696F6E730A003A20636F9E
:10F5F0006D6D616E64206E6F7420666F756E640051
:10F60000546F6F206D616E7920617267756D656EE4
:10F61000747320696E2074686520636F6D6D616E10
:10F62000642E0A0025733A2077726F6E672070612E
:10F6300072616D6574657220636F756E740A005730
:10F6400041524E494E473A2041207072696E7420F3
:10F650007265717565737420776173206465746574
:10F6600063746564206F6E206E6F742061637469CB
:10F670007665207368656C6C206261636B656E648F
:10F680002E0A000A25732573005368656C6C20747C
:10F690006872656164206572726F723A2025640039
:10F6A000506C656173652070726573732074686552
:10F6B000203C5461623E20627574746F6E20746FDA
:10F6C0002073656520616C6C20617661696C616294
:10F6D0006C6520636F6D6D616E64732E0A00596FE7
:10F6E000752063616E20616C736F20757365207483
:10F6F0006865203C5461623E20627574746F6E20B0
:10F70000746F2070726F6D7074206F7220617574E9
:10F710006F2D636F6D706C65746520616C6C206318
:10F720006F6D6D616E6473206F72206974732073E6
:10F730007562636F6D6D616E64732E0A00596F752B
:10F740002063616E2074727920746F2063616C6C29
:10F7500020636F6D6D616E64732077697468203CFF
:10F760002D683E206F72203C2D2D68656C703E2008
:10F77000706172616D6574657220666F72206D6F65
:10F78000726520696E666F726D6174696F6E2E0AA4
:10F79000000A5368656C6C20737570706F727473B7
:10F7A00020666F6C6C6F77696E67206D6574612D74
:10F7B0006B6579733A0A20204374726C202B2028E1
:10F7C00061206B65792066726F6D3A2061626364B7
:10F7D00065666B6C6E707577290A2020416C742009
:10F7E000202B202861206B65792066726F6D3A208E
:10F7F0006266290A506C6561736520726566657280
:10F8000020746F207368656C6C20646F63756D6520
:10F810006E746174696F6E20666F72206D6F7265B1
:10F820002064657461696C732E0A000A417661690F
:10F830006C61626C6520636F6D6D616E64733A0A12
:10F8400000253038583A20007C0A005072696E74E6
:10F8500073207468652068656C70206D65737361D2
:10F8600067652E001B5B25642563001B5B313B3302
:10F8700025646D001B5B34303325646D002D6800FA
:10F880002D2D68656C7000202D20002020004C6F0D
:10F890007374206C6F67733A20256C750A0041639E
:10F8A00074697665207368656C6C206261636B6552
:10F8B0006E64733A0A0020202532642E203A2573A4
:10F8C00020282573290A005B2533645D2025730AEF
:10F8D0000020756E6B6E6F776E20706172616D6562
:10F8E0007465723A200025733A257325730A004522
:10F8F00063686F207374617475733A2025730A000E
:10F900004E6F20726573706F6E73652066726F6DD7
:10F9100020746865207465726D696E616C2C20615D
:10F920007373756D65642038307832342073637278
:10F9300065656E2073697A650A001B5B366E00721E
:10F94000657476616C005072696E742072657475AE
:10F95000726E2076616C7565206F66206D6F7374B2
:10F9600020726563656E7420636F6D6D616E6400F7
:10F97000726573697A6500436F6E736F6C6520679B
:10F98000657473207465726D696E616C2073637247
:10F9900065656E2073697A65206F72206173737577
:10F9A0006D65732064656661756C7420696E206393
:10F9B0006173652074686520726561646F75742079
:10F9C0006661696C732E204974206D7573742062B2
:10F9D0006520657865637574656420616674657219
:10F9E0002065616368207465726D696E616C207753
:10F9F00069647468206368616E676520746F206550
:10FA00006E7375726520636F7272656374207465BE
:10FA1000787420646973706C61792E0068697374FE
:10FA20006F727900436F6D6D616E642068697374E5
:10FA30006F72792E007368656C6C0055736566751E
:10FA40006C2C206E6F7420556E69782D6C696B6517
:10FA5000207368656C6C20636F6D6D616E64732ECE
:10FA600000436C6561722073637265656E2E00726F
:10FA7000656D0049676E6F7265206C696E657320F5
:10FA8000626567696E6E696E6720776974682027A2
:10FA900072656D20270064656661756C7400417342
:10FAA00073756D65203830206368617273207363ED
:10FAB0007265656E20776964746820616E64207376
:10FAC000656E6420746869732073657474696E6709
:10FAD00020746F20746865207465726D696E616C46
:10FAE0002E006261636B656E6473004C69737420F1
:10FAF000616374697665207368656C6C206261630C
:10FB00006B656E64732E0A006261636B7370616370
:10FB1000655F6D6F646500546F67676C6520626137
:10FB2000636B7370616365206B6579206D6F6465CD
:10FB30002E0A536F6D65207465726D696E616C730A
:10FB400020617265206E6F742073656E64696E67E4
:10FB5000207365706172617465206573636170659F
:10FB600020636F646520666F72206261636B7370DF
:10FB700061636520616E642064656C6574652062F4
:10FB80007574746F6E2E205468697320636F6D6D89
:10FB9000616E6420666F72636573207368656C6C58
:10FBA00020746F20696E746572707265742064656C
:10FBB0006C657465206B6579206173206261636B8D
:10FBC00073706163652E00636F6C6F727300546FA6
:10FBD00067676C6520636F6C6F7265642073796E04
:10FBE0007461782E00767431303000546F67676C22
:10FBF0006520767431303020636F6D6D616E647393
:10FC00002E0070726F6D707400546F67676C6520A2
:10FC100070726F6D70742E006563686F00546F674B
:10FC2000676C65207368656C6C206563686F2E0077
:10FC30007374617473005368656C6C2073746174C1
:10FC40006973746963732E006261636B73706163BF
:10FC5000650053657420646966666572656E74201C
:10FC600065736361706520636F646520666F7220E1
:10FC70006261636B737061636520616E64206465AB
:10FC80006C657465206B65792E0064656C657465C0
:10FC900000536574207468652073616D6520657319
:10FCA0006361706520636F646520666F72206261B6
:10FCB000636B737061636520616E642064656C655D
:10FCC0007465206B65792E007265736574005265EA
:10FCD000736574207368656C6C20737461746973E8
:10FCE0007469637320666F7220746865204C6F6757
:10FCF000676572206D6F64756C652E0047657420B2
:10FD00007368656C6C207374617469737469637370
:10FD100020666F7220746865204C6F67676572207B
:10FD20006D6F64756C652E0044697361626C65204B
:10FD30007368656C6C206563686F2E204564697418
:10FD4000696E67206B65797320616E64206D6574E0
:10FD5000612D6B65797320617265206E6F74206808
:10FD6000616E646C656400456E61626C65207368E9
:10FD7000656C6C206563686F2E0044697361626C0A
:10FD8000652070726F6D70742E00456E61626C65D7
:10FD90002070726F6D70742E0044697361626C65BF
:10FDA00020767431303020636F6D6D616E64732E18
:10FDB00000456E61626C6520767431303020636F6F
:10FDC0006D6D616E64732E0044697361626C6520B1
:10FDD000636F6C6F7265642073796E7461782E0046
:10FDE000456E61626C6520636F6C6F726564207331
:10FDF000796E7461782E00436F6D6D616E64206260
:10FE0000756666657220697320746F6F2073686F02
:10FE1000727420746F20657870616E6420616C6C00
:10FE200020636F6D6D616E6473206D6174636869CA
:10FE30006E672077696C64636172642070617474AA
:10FE400065726E3A2025730A00666C617368002A39
:10FE50002A2A20426F6F74696E67204D79204170A5
:10FE6000706C69636174696F6E2076322E302E304B
:10FE70002D376531613434666438353639202A2AA5
:10FE80002A0A002A2A2A205573696E67206E524674
:10FE900020436F6E6E6563742053444B2076332E7F
:10FEA000312E312D6532613937666532353738612B
:10FEB000202A2A2A0A002A2A2A205573696E6720D6
:10FEC0005A6570687972204F532076342E312E395E
:10FED000392D666638663063353739656562202AA4
:10FEE0002A2A0A0072302F61313A202030782530DA
:10FEF0003878202072312F61323A20203078253036
:10FF00003878202072322F61333A20203078253023
:10FF100038780072332F61343A2020307825303819
:10FF200078207231322F69703A20203078253038AD
:10FF300078207231342F6C723A2020307825303896
:10FF4000780020787073723A202030782530387825
:10FF5000004661756C74696E6720696E73747275A2
:10FF60006374696F6E2061646472657373202872B4
:10FF700031352F7063293A20307825303878005594
:10FF80006E68616E646C6564204952516E3A20253A
:10FF900064002A2A2A2A2A204D5055204641554CD1
:10FFA00054202A2A2A2A2A002020537461636B696C
:10FFB0006E67206572726F722028636F6E74657849
:10FFC000742061726561206D6967687420626520C4
:10FFD0006E6F742076616C696429002020556E7301
:10FFE0007461636B696E67206572726F72002020A6
:10FFF00044617461204163636573732056696F6C5B
:020000040004F6
:100000006174696F6E0020204D4D4641522041645D
:1000100064726573733A2030782578002020496E29
:10002000737472756374696F6E2041636365737373
:100030002056696F6C6174696F6E002020466C6F8A
:100040006174696E672D706F696E74206C617A7966
:100050002073746174652070726573657276617463
:10006000696F6E206572726F72002A2A2A2A2A200E
:100070005553414745204641554C54202A2A2A2AA7
:100080002A0020204469766973696F6E20627920A6
:100090007A65726F002020556E616C69676E6564C9
:1000A000206D656D6F7279206163636573730020E5
:1000B00020537461636B206F766572666C6F772076
:1000C00028636F6E746578742061726561206E6F4D
:1000D000742076616C6964290020204E6F20636F64
:1000E00070726F636573736F7220696E737472756B
:1000F0006374696F6E73002020496C6C6567616C76
:10010000206C6F6164206F66204558435F524554F0
:1001100055524E20696E746F205043002020496C68
:100120006C6567616C20757365206F662074686507
:100130002045505352002020417474656D70742026
:10014000746F206578656375746520756E64656687
:10015000696E656420696E737472756374696F6E1D
:10016000002A2A2A2A2A20425553204641554C5417
:10017000202A2A2A2A2A002020537461636B696E80
:1001800067206572726F7200202050726563697318
:1001900065206461746120627573206572726F728C
:1001A0000020204246415220416464726573733AD4
:1001B0002030782578002020496D7072656369735E
:1001C00065206461746120627573206572726F725C
:1001D000002020496E737472756374696F6E2062BB
:1001E0007573206572726F72005265736572766501
:1001F0006420457863657074696F6E2028005370C1
:100200007572696F757320696E746572727570743A
:1002100020284952512000457863657074696F6EDB
:10022000206F6363757272656420696E2053656325
:10023000757265205374617465002A2A2A2A2A205F
:1002400048415244204641554C54202A2A2A2A2A01
:10025000002020427573206661756C74206F6E20DB
:10026000766563746F72207461626C65207265617B
:10027000640020204465627567206576656E7400B1
:1002800020204661756C7420657363616C617469CC
:100290006F6E20287365652062656C6F7729004159
:1002A0005243485F4558434550542077697468204D
:1002B000726561736F6E2025780A002A2A2A2A2A1D
:1002C000204465627567206D6F6E69746F7220657A
:1002D0007863657074696F6E202A2A2A2A2A002A98
:1002E0002A2A2A2A20257320256429202A2A2A2A14
:1002F0002A006D7075004661696C656420746F201A
:10030000616C6C6F63617465206E6577204D50552C
:1003100020726567696F6E2025750A0050617274DE
:100320006974696F6E2025753A2073616E697479FE
:1003300020636865636B206661696C65642E0049A3
:100340006E76616C696420756E6465726C79696E35
:100350006720726567696F6E20696E646578202515
:100360007500464C4153485F30005352414D5F3059
:100370000061626F727428290A006765746F707477
:1003800000706F7369785F656E7600706F7369785F
:100390005F74696D657200707468726561645F7224
:1003A000776C6F636B00707468726561645F636F14
:1003B0006E6400707468726561645F6B657900706B
:1003C0007468726561645F6D7574657800707468D7
:1003D00072656164007873695F73696E676C655FED
:1003E00070726F63657373006E65745F627566002B
:1003F0006E65745F6275665F73696D706C650073BE
:100400006F63004661696C656420746F2073657466
:100410002056425553494E4C494D2E204572723A52
:10042000202564004661696C656420746F207361E7
:1004300076652073657474696E67732E20457272D9
:100440003A202564002A2A2A20567379732043759E
:100450007272656E74204C696D69743A202564204F
:100460006D41202A2A2A006170705F737461727472
:100470007570006673006D6375626F6F745F64669C
:1004800075007A657068797200776C616E2564001A
:100490006E6574256400E000C0004D515454004D59
:1004A000514973647000636C6F636B40353030305A
:1004B00000636C6F636B006866636C6B006C6663F3
:1004C0006C6B00636C6F636B5F636F6E74726F6CE9
:1004D000007073612D726E67007073615F726E677A
:1004E00000696E76616C696420616464726573731F
:1004F0003A2030782530386C783A257A7500756E58
:10050000616C69676E656420616464726573733AD7
:100510002030782530386C783A257A75006E6F7403
:1005200020776F72642D616C69676E65643A203064
:10053000782530386C783A257A7500666C61736876
:100540002D636F6E74726F6C6C657240333930302E
:100550003000666C6173685F636F6E74726F6C6C91
:10056000657200666C6173685F6E726600466169F1
:100570006C656420746F2065786974204450442051
:10058000282564290057616974696E6720756E7447
:10059000696C20666C6173682069732072656164A0
:1005A00079004661696C656420746F2077616974B5
:1005B00020756E74696C20666C61736820697320A5
:1005C00072656164792028256429004A45444543C1
:1005D0002049442072656164206661696C65643AF3
:1005E00020256400446576696365206964202530B0
:1005F00032782025303278202530327820646F65BB
:1006000073206E6F74206D6174636820636F6E6613
:100610006967202530327820253032782025303225
:100620007800425020636C656172206661696C6578
:10063000643A2025640A00556E61626C6520746F0F
:1006400020656E74657220342D62797465206D6F3B
:1006500064653A2025640A00773235713132386A90
:1006600076403000773235713132386A76007370F7
:10067000695F6E6F7200D810200C00000000677078
:10068000696F2D636F6E74726F6C6C6572006E7043
:100690006D313330305F6770696F006770696F402C
:1006A000383432353030006770696F30006932633A
:1006B000004E65656420746F2075736520746865ED
:1006C00020696E7465726E616C2064726976657201
:1006D0002062756666657220627574206974732085
:1006E00073697A6520697320696E737566666963DC
:1006F00069656E7420282575202B202575203E20E5
:100700002575292E2041646A7573742074686520EC
:100710007A65706879722C636F6E6361742D62758F
:10072000662D73697A65206F72207A6570687972B8
:100730002C666C6173682D6275662D6D61782D7302
:10074000697A652070726F70657274792028746898
:1007500065206F6E652077697468206772656174C3
:1007600065722076616C75652920696E20746865F4
:100770002022257322206E6F64652E00693263404B
:10078000613030300069326332006932635F6E720B
:1007900066785F7477696D00756E737570706F72CF
:1007A00074656420737065656400547279696E675E
:1007B00020746F207472616E73666572206D6F7243
:1007C00065207468616E20746865206D6178696D5C
:1007D000756D2073697A6520666F7220746869731D
:1007E000206465766963653A202564203E2025648F
:1007F000004661696C656420746F20696E69746974
:10080000616C697A65206465766963653A20257351
:1008100000706D6963403662006E706D3133303048
:100820005F706D6963000A100A200E010E0212014A
:1008300012021208160116022201220222042208C4
:10084000221000010203040506074661696C656415
:1008500020746F20616C6C6F636174652050504927
:10086000204368616E6E656C00756172744038304B
:10087000303000756172743000756172745F6E7231
:1008800066785F7561727465004661696C656420A5
:10089000746F20616C6C6F63617465204750494FC1
:1008A0005445206368616E6E656C20666F722057D8
:1008B000414B45004661696C656420746F20636F2D
:1008C0006E6669677572652057414B452070696E89
:1008D000004353204750494F20706F727420257396
:1008E0002070696E202564206973206E6F742072F9
:1008F000656164790055706461746520657863652D
:100900006564732063757272656E742062756666C5
:1009100065720048616C662D6475706C6578206E38
:100920006F7420737570706F7274656400536C61BE
:100930007665206D6F6465206973206E6F74207317
:100940007570706F72746564206F6E202573004C33
:100950006F6F706261636B206D6F646520697320D7
:100960006E6F7420737570706F7274656400576F6A
:1009700072642073697A6573206F7468657220747D
:1009800068616E2038206269747320617265206E20
:100990006F7420737570706F727465640046726551
:1009A0007175656E63696573206C6F77657220740D
:1009B00068616E20313235206B487A206172652083
:1009C0006E6F7420737570706F7274656400466129
:1009D000696C656420746F20696E697469616C6903
:1009E0007A65206E726678206472697665723A2044
:1009F000253038780057616974696E6720666F72B8
:100A00002057414B452061636B6E6F776C6564675F
:100A10006D656E742074696D6564206F7574005423
:100A2000696D656F75742077616974696E6720669A
:100A30006F72207472616E7366657220636F6D7081
:100A40006C6574650073706940623030300073709B
:100A50006933007370695F6E7266785F7370696D79
:100A6000004D6F64656D206C6962726172792069F6
:100A70006E697469616C697A6174696F6E20666110
:100A8000696C65642C20657272202564006E726644
:100A90005F6D6F64656D004D6F64656D206C69629C
:100AA0007261727920646964206E6F7420696E6966
:100AB0007469616C697A653A202564006E726639E2
:100AC000785F736F636B6574004D6F64656D20684C
:100AD000617320637261736865642C207265617351
:100AE0006F6E20307825782C2050433A20307825BE
:100AF00078004661696C656420746F20686F6F6B65
:100B00002074686520646973706174636820667519
:100B10006E6374696F6E2C20657272202564004EBE
:100B20006F206865617020737061636520666F7205
:100B300020696E636F6D696E67206E6F7469666998
:100B4000636174696F6E3A2025730061745F6D6F25
:100B50006E69746F72004F4B0D0A004552524F522E
:100B60000D0A002B434D45204552524F523A002B5F
:100B7000434D53204552524F523A004E554C4C2053
:100B8000617320612068616E646C657220726563B8
:100B900065697665643A204E6F7468696E67207483
:100BA0006F20626520646F6E652E0A546865206848
:100BB000616E646C65722063616E2062652064659D
:100BC00072656769737465726564207573696E67B1
:100BD000206C74655F6C635F6465726567697374CC
:100BE00065725F68616E646C65722829006C74655B
:100BF0005F6C63004661696C656420746F20736587
:100C0000742073797374656D206D6F646520616EF7
:100C100064206D6F646520707265666572656E63D1
:100C2000652C2065727220256400415425254645B7
:100C300041434F4E463D302C332C2564004D6F64AC
:100C4000656D206C69627261727920696E697420C9
:100C50006572726F723A2025642C206C74655F6C2B
:100C600063206E6F7420696E697469616C697A655E
:100C700064004572726F723A206C74655F6C635FDA
:100C8000706F7765725F6F6666282920726574756C
:100C9000726E65642025640A004572726F723A2094
:100CA0006C74655F6C635F6F66666C696E6528293E
:100CB0002072657475726E65642025640A00457241
:100CC000726F723A206C74655F6C635F6E6F726DE9
:100CD000616C28292072657475726E6564202564C4
:100CE0000A006C7465004C5445204C696E6B20639F
:100CF0006F6E74726F6C006E6F726D616C00536515
:100D00006E6420746865206D6F64656D20746F205B
:100D10006E6F726D616C206D6F6465006F66666CDE
:100D2000696E650053656E6420746865206D6F643C
:100D3000656D20746F206F66666C696E65206D6FDF
:100D4000646500706F7765725F6F66660053656EED
:100D50006420746865206D6F64656D20746F207009
:100D60006F776572206F6666206D6F646500436FF4
:100D7000756C64206E6F7420676574207265676996
:100D80007374726174696F6E207374617475732CFF
:100D9000206572726F723A20256400436F756C642F
:100DA000206E6F742067657420434552454720705C
:100DB0006172616D20636F756E742C20706F746545
:100DC0006E7469616C6C79206D616C666F726D65B3
:100DD00064206E6F74696669636174696F6E2C203C
:100DE0006572726F723A2025640052656769737488
:100DF000726174696F6E2072656A65637465642CD4
:100E000020454D4D2063617573653A2025642C2083
:100E100043656C6C2049443A2025642C205472614F
:100E2000636B696E6720617265613A2025642C20CE
:100E30004C5445206D6F64653A2025640046616915
:100E40006C656420746F207061727365206E6F74BE
:100E5000696669636174696F6E20286572726F726A
:100E6000202564293A20257300556E6B6E6F776ECE
:100E7000206E6574776F726B207265676973747228
:100E80006174696F6E207374617475733A202564A0
:100E900000556E6B6E6F776E204C5445206D6F64FD
:100EA000653A202564002B43455245473A20252AC0
:100EB000752C2568752C252A5B5E2C5D2C222578E7
:100EC000222C0041542B43455245473F00436F6E4F
:100ED0006E65637420616C726561647920696E204F
:100EE00070726F6772657373004661696C65642028
:100EF000746F206765742063757272656E742072FA
:100F00006567697374726174696F6E20737461745C
:100F10007573004E6574776F726B20636F6E6E65CC
:100F20006374696F6E20617474656D707420746988
:100F30006D6564206F75740041542B4345524547DD
:100F40003D35004661696C656420746F207375627D
:100F500073637269626520746F2043455245472070
:100F60006E6F74696669636174696F6E732C206556
:100F700072726F723A202564002B43455245470038
:100F80002B4346554E3A202568750041542B434665
:100F9000554E3F00415420636F6D6D616E64206655
:100FA00061696C65642C206E72665F6D6F64656D3F
:100FB0005F61745F7363616E662829207265747562
:100FC000726E6564206572726F723A202564004605
:100FD00061696C656420746F20656E61626C652068
:100FE0006E6F74696669636174696F6E732C2065D6
:100FF00072726F723A20256400496E76616C696482
:101000002066756E6374696F6E616C206D6F6465C8
:101010003A2025640041542B4346554E3D2564003B
:101020004661696C656420746F2073657420667511
:101030006E6374696F6E616C206D6F64652E2050F5
:101040006C6561736520636865636B205853595301
:1010500054454D4D4F44452E00436F756C64206ED2
:101060006F7420676574207369676E616C6C696E5C
:1010700067206D6F64652C206572726F723A20254F
:101080006400496E76616C6964207369676E616C97
:101090006C696E67206D6F64653A2025640043615A
:1010A0006E2774207061727365207369676E616C5E
:1010B0006C696E67206D6F64652C206572726F724B
:1010C0003A202564004661696C656420746F206570
:1010D0006E61626C6520525243206E6F746966695E
:1010E000636174696F6E7320282B4353434F4E29FD
:1010F0002C206572726F72202564002B4353434F7E
:101100004E0041542B4353434F4E3D310043616EDB
:101110002774207061727365206D6F64656D206542
:1011200076656E74206E6F74696669636174696F49
:101130006E2C206572726F723A202564004154252E
:10114000254D444D45563D3200415425254D444DD5
:1011500045563D3100534541524348205354415474
:10116000555320310D0A00534541524348205354F2
:101170004154555320320D0A005245534554204CDA
:101180004F4F500D0A004D4520424154544552598D
:10119000204C4F570D0A004D45204F5645524845AB
:1011A000415445440D0A004E4F20494D45490D0A12
:1011B0000050524143482043452D4C4556454C2054
:1011C000300D0A0050524143482043452D4C4556AE
:1011D000454C20310D0A0050524143482043452DD3
:1011E0004C4556454C20320D0A0050524143482090
:1011F00043452D4C4556454C20330D0A00254D44A2
:101200004D455600496E76616C696420737973743C
:10121000656D206D6F6465207265717565737465A9
:10122000643A20256400496E76616C6964204C54F0
:101230004520707265666572656E636520726571C2
:101240007565737465643A202564004154252558FA
:1012500053595354454D4D4F44453D25732C2563FB
:1012600000436F756C64206E6F742073656E64202C
:10127000415420636F6D6D616E642C206572726FD6
:10128000723A202564003031323334312C302C3026
:1012900000302C312C3000302C302C3100312C30EF
:1012A0002C3100302C312C3100312C312C300031DC
:1012B0002C312C3100312E312E312E310046616916
:1012C0006C656420746F207365742066616C6C6259
:1012D00061636B20444E5320616464726573732CA8
:1012E00020657272202564002573206973206E6F5B
:1012F0007420612076616C696420444E53207365CC
:101300007276657220616464726573730050686FF1
:101310006E65206661696C757265004D656D6F72F2
:1013200079206661696C75726500496E636F7272CF
:1013300065637420706172616D6574657273206994
:101340006E20636F6D6D616E640053797374656DAB
:10135000206572726F72004B6579206E6F74206623
:101360006F756E64004B65792061636365737320EC
:1013700072656675736564004B65792073746F726E
:10138000616765206D656D6F72792066756C6C00A4
:101390004E6F7420616C6C6F776564207768656E42
:1013A000204C544520636F6E6E656374696F6E20C8
:1013B000697320616374697665004B657920616C9F
:1013C00072656164792065786973747300496E761B
:1013D000616C696420636F6E74656E74004E6F7427
:1013E00020616C6C6F776564207768656E20706F24
:1013F000776572206F6666207761726E696E67200E
:1014000069732061637469766500556E7472616EEC
:10141000736C6174656420434D45206572726F7210
:101420002025640041542B434D45453D2564002B48
:10143000434D45453A2025640041542B434D4545D5
:101440003F004661696C656420746F207265747238
:101450006965766520434D454520737461747573E5
:101460002C206572722025640041542525434D4E81
:10147000473D322C25752C25640041542525434DCC
:101480004E473D302C25752C25642C22252E2A73A1
:10149000220041542525434D4E473D332C25752CC4
:1014A00025640041542525434D4E473D312C25757B
:1014B0002C2564006D6F64656D5F6B65795F6D678A
:1014C0006D74005468652070617373656420696E83
:1014D00020706F696E7465722063616E6E6F742028
:1014E0006265204E554C4C0056616C6964207469ED
:1014F0006D65206E6F742063757272656E746C79A1
:1015000020617661696C61626C6500646174655F1D
:1015100074696D6500636C6F636B5F676574746994
:101520006D65206661696C65642C206572726E6FF2
:1015300020256400646174655F74696D655F776F11
:10154000726B5F7100436F756C64206E6F742073F3
:1015500065742073797374656D2074696D652C20D2
:101560002564004661696C65642067657474696E02
:1015700067204C5445206E6574776F726B207265DE
:1015800067697374726174696F6E207374617475C6
:10159000732C206572726F723A20256400313233E9
:1015A0000067657461646472696E666F2C20657291
:1015B000726F723A20256400736E74705F696E6991
:1015C000742C206572726F723A20256400736E74F9
:1015D000705F71756572792C206572726F723A2036
:1015E000256400446964206E6F74206765742074FC
:1015F000696D652066726F6D20616E79204E545062
:1016000020736572766572006E74702E75696F2E28
:101610006E6F0074696D652E676F6F676C652E6302
:101620006F6D00415425255854494D453D310053B7
:1016300075627363726962696E6720746F206D6F83
:1016400064656D20415425255854494D45206E6FE1
:1016500074696669636174696F6E73206661696C31
:1016600065642C206572723D256400252558544917
:101670004D45206E6F74696669636174696F6E2091
:10168000646F65736E277420636F6E7461696E207A
:10169000272C273A2025730025255854494D4520ED
:1016A0006E6F74696669636174696F6E20746F6FC1
:1016B0002073686F72743A202573002525585449A9
:1016C0004D45206E6F74696669636174696F6E2041
:1016D000646F65736E277420636F6E7461696E202A
:1016E00027222720616674657220272C273A20253F
:1016F000730054696D652076616C7565206465635F
:101700006F64696E67206661696C65642066726FDC
:101710006D2025255854494D45206E6F74696669C2
:10172000636174696F6E20287265743D2564293A7F
:10173000202573002B43434C4B3A202225752F253F
:10174000752F25752C25753A25753A257525640064
:1017500041542B43434C4B3F00446964206E6F74EB
:10176000206765742074696D652066726F6D2063F3
:10177000656C6C756C6172206E6574776F726B202E
:10178000286572726F723A202564292E2054686988
:1017900073206D6179206265206E6F726D616C20BF
:1017A000617320736F6D652063656C6C756C61721D
:1017B000206E6574776F726B7320646F6E27742070
:1017C00070726F76696465206974206F7220746925
:1017D0006D65206D6179206E6F7420626520617681
:1017E00061696C61626C65207965742E0041542BCF
:1017F00043434C4B3D22253032752F253032752F17
:10180000253032752C253032753A253032753A251F
:10181000303275252B303364220053657474696E41
:1018200067206D6F64656D2074696D652066616900
:101830006C65642C20256400255854494D4500559D
:101840006E6B6E6F776E004661696C656420746FB5
:10185000207265736F6C766520686F73746E616D4E
:1018600065202573206F6E2025732C2065727220F1
:101870002564004661696C656420746F20636C6F39
:10188000736520736F636B65742C206572726E6F65
:1018900020256400486F7374206C6F6F6B75702027
:1018A0006661696C656420666F7220686F73746E20
:1018B000616D652025732C206572722025640048B7
:1018C0006F7374206C6F6F6B7570206661696C65E7
:1018D0006420666F7220686F73746E616D65202579
:1018E00073206F6E2049507636202865727220254D
:1018F00064292C20617474656D7074696E67204969
:10190000507634004661696C656420746F206372A0
:101910006561746520736F636B65742C20657272EA
:101920006E6F2025640042696E64696E6720746F73
:101930002050444E2049443A202564004661696C99
:10194000656420746F2062696E6420736F636B65D9
:101950007420746F2050444E2049442025642C206C
:10196000657272202564004661696C656420746F3D
:101970002073657475702070656572207665726974
:101980006669636174696F6E2C206572726E6F2078
:1019900025640053657474696E6720757020544C1B
:1019A000532063726564656E7469616C732C207377
:1019B00065632074616720636F756E742025750000
:1019C0004661696C656420746F207365747570205E
:1019D000736F636B657420736563757269747920C6
:1019E000746167206C6973742C206572726E6F204D
:1019F0002564004661696C656420746F20736574AA
:101A0000757020544C5320686F73746E616D65203F
:101A1000282573292C206572726E6F20256400467C
:101A200061696C656420746F20656E61626C65200D
:101A3000544C535F44544C535F4349443A2025640B
:101A400000436F6E6E656374696E6720746F202546
:101A500073004661696C656420746F20636F6E6EFD
:101A6000656374206F6E2049507636202865727247
:101A7000202564292C20617474656D7074696E670B
:101A80002049507634004661696C656420746F208B
:101A9000636F6E6E6563742C20657272202564001E
:101AA0004661696C656420746F2073657420736F80
:101AB000636B65742074696D656F75742C20657235
:101AC000726E6F20256400556E7370656300495017
:101AD0007636004661696C656420746F20726563B8
:101AE0006F6E6E6563742C206572722025640044ED
:101AF0006F776E6C6F616420636F6D706C65746579
:101B000000496E76616C696420737461727420732D
:101B1000746174653A202564004661696C656420CF
:101B2000746F20706172736520686F73746E616D7D
:101B300065004661696C656420746F207061727322
:101B40006520686F73746E616D652C2065727220FC
:101B50002564004661696C656420746F2070617251
:101B600073652066696C656E616D652C20657272A7
:101B70002025642C2075726C2025730050726F74C0
:101B80006F636F6C206E6F74207370656369666934
:101B9000656420666F722025732C20617474656DF6
:101BA0007074696E672025730050726F746F636F75
:101BB0006C206E6F7420666F756E6420666F722085
:101BC0002573004661696C656420746F20696E69D5
:101BD0007469616C697A65207472616E73706F727A
:101BE000742C2065727220256400446F776E6C6FD0
:101BF000616465642025752F25752062797465738D
:101C00002028256425252900446F776E6C6F616458
:101C1000656420257520627974657300646F776E42
:101C20006C6F6164657200446F776E6C6F616420E5
:101C3000636C69656E74206275666665722069738F
:101C4000206E6F74206C6172676520656E6F7567BA
:101C50006820746F2070617273652075726C002546
:101C6000732F2573004E6F207365637572697479E5
:101C7000207461672070726F766964656420666F96
:101C80007220544C532F44544C53004661696C6588
:101C90006420746F2073657420687474702072659A
:101CA00063762074696D656F75742C20657272207F
:101CB00025640052616E6765206F76657272696493
:101CC00065203E20544C53206D61782072616E6710
:101CD000652C2073657474696E6720746F20544C92
:101CE00053206D61782072616E676500474554200E
:101CF0002F257320485454502F312E310D0A486F30
:101D000073743A2025730D0A52616E67653A20623A
:101D1000797465733D25752D25750D0A436F6E6EBB
:101D2000656374696F6E3A206B6565702D616C69CF
:101D300076650D0A0D0A00474554202F257320486B
:101D40005454502F312E310D0A486F73743A2025A8
:101D5000730D0A52616E67653A2062797465733D4E
:101D600025752D0D0A436F6E6E656374696F6E3A4B
:101D7000206B6565702D616C6976650D0A0D0A0032
:101D8000474554202F257320485454502F312E316D
:101D90000D0A486F73743A2025730D0A436F6E6EF7
:101DA000656374696F6E3A206B6565702D616C694F
:101DB00076650D0A0D0A0043616E6E6F74206372C2
:101DC000656174652047455420726571756573744B
:101DD0002C2062756666657220746F6F20736D616A
:101DE0006C6C004661696C656420746F2073656E6D
:101DF00064204854545020726571756573742C20AA
:101E00006572726E6F20256400687474702F312EB5
:101E10003120000D0A6C6F636174696F6E3A005275
:101E200065736F75726365206D6F76656420746F7E
:101E3000202573004661696C656420746F207061B1
:101E40007273652070726F746F636F6C2C20657293
:101E5000722025642C2075726C2025730046616900
:101E60006C656420746F20706172736520686F7395
:101E7000746E616D652C206572722025642C20754E
:101E8000726C202573004D6178696D756D207265E7
:101E9000646972656374696F6E73207265616368EB
:101EA00065642C2061626F7274696E67000D0A634D
:101EB0006F6E74656E742D72616E6765000D0A63D6
:101EC0006F6E74656E742D6C656E677468000D0AB4
:101ED000636F6E6E656374696F6E3A20636C6F73C7
:101EE00065005065657220636C6F73656420636F75
:101EF0006E6E656374696F6E2C2077696C6C2072EE
:101F0000652D636F6E6E65637400536572766572DE
:101F100020726573706F6E7365206D616C666F7291
:101F20006D65643A2073746174757320636F6465C2
:101F3000206E6F7420666F756E6400556E657870E4
:101F40006563746564204854545020726573706FE3
:101F50006E736520636F646520256C640046696C50
:101F6000652073697A65206E6F7420736574004311
:101F70006F756C64206E6F74207061727365204899
:101F800054545020686561646572206C696E657395
:101F90002066726F6D2073657276657220283E2010
:101FA000256429002573206661696C656420746F5F
:101FB00020676574206F666673657420776974683E
:101FC000206572726F722025640025732066616936
:101FD0006C656420746F20737461727420646F7711
:101FE0006E6C6F61642077697468206572726F72BD
:101FF00020256400446F776E6C6F6164696E6720A2
:1020000066726F6D206F66667365743A203078254E
:102010007800556E6B6E6F776E20696D6167652015
:102020007479706500464F544120696D6167652081
:102030007479706520256420646F6573206E6F74F9
:10204000206D6174636820657870656374656420D1
:102050007479706520256400496D61676520746F2F
:102060006F20626967006466755F7461726765748A
:102070005F696E6974206572726F72202564005505
:102080006E61626C6520746F2072657365742044A4
:102090004655207461726765742C206572723A200F
:1020A0002564004661696C656420746F2072652D3B
:1020B000696E697469616C697A65207461726765BB
:1020C000742C206572723A2025640052656675731F
:1020D0006520667261676D656E742C20726573741D
:1020E0006172742077697468206F66667365740026
:1020F000496D616765207265667573656400646625
:10210000755F7461726765745F7772697465206565
:1021100072726F72202564006466755F7461726705
:1021200065745F646F6E65206572726F723A202508
:102130006400446F776E6C6F616420736F636B65CE
:1021400074206572726F722E20256420726574721D
:10215000696573206C6566742E2E2E00446F776E51
:102160006C6F61646572206572726F72206576654E
:102170006E7420256400556E61626C6520746F205A
:102180006465696E697469616C697A6520726573EA
:102190006F7572636573207573656420627920645E
:1021A00066755F7461726765742E002573206661C1
:1021B000696C656420746F20736574204D435562AB
:1021C0006F6F7420666C61736820627566666572F5
:1021D00020256400666F74615F646F776E6C6F6159
:1021E000645F696E6974006765745F66726F6D5FC6
:1021F0006F666673657400646F776E6C6F61645FA1
:10220000776974685F6F666673657400666F746182
:102210005F646F776E6C6F616400666F74615F649A
:102220006F776E6C6F61645F7574696C00666F7454
:10223000615F646F776E6C6F61645F64656C74611D
:102240005F6D6F64656D004E6F20737570706F7297
:1022500074656420696D61676520747970652066B6
:102260006F756E6400556E61626C6520746F2063DB
:102270006C65616E207570206466755F746172674D
:1022800065740073747265616D5F666C6173685F1D
:10229000696E6974206661696C6564202865727274
:1022A000202564290073747265616D5F666C6173CB
:1022B000685F62756666657265645F77726974658A
:1022C000206572726F72202564006466755F7461A8
:1022D000726765745F73747265616D0044656C65E7
:1022E00074696E67206669726D7761726520696DC9
:1022F0006167652C20746869732063616E20746166
:102300006B65207365766572616C206D696E75749E
:102310006573004661696C656420746F2064656C48
:10232000657465206261636B75702C206572726FD5
:1023300072202564004572726F7220647572696E36
:10234000672065726173652C206572726F7220253B
:1023500064004D6F64656D2046572064656C65743C
:102360006520636F6D706C657465004669726D778A
:102370006172652076657273696F6E207265717522
:10238000657374206661696C65642C206572726F78
:1023900072202564004D6F64656D206669726D77EB
:1023A0006172652076657273696F6E3A20257300DD
:1023B0004661696C656420746F207265747269652A
:1023C00076652073697A65206F66206D6F64656D30
:1023D0002044465520617265612C206572726F72CF
:1023E00020256400526571756573746564206669A3
:1023F0006C6520746F6F2062696720746F20666956
:102400007420696E20666C617368202564203E200C
:102410002564004661696C656420746F2072657480
:102420007269657665206F666673657420696E20D3
:102430007363726174636820617265612C206572D8
:10244000726F72202564004661696C656420746F48
:10245000207265616479206D6F64656D20666F72AE
:10246000206669726D77617265207570646174654C
:1024700020726563656976616C2C206572726F727B
:10248000202564005772697465206661696C656413
:102490002C206D6F64656D206C69627261727920A9
:1024A0006572726F722025640057726974652066C8
:1024B00061696C65642C206D6F64656D2065727256
:1024C0006F72202564004661696C656420746F201A
:1024D00073746F70204D465520616E642072656C78
:1024E00065617365207265736F75726365732C2007
:1024F0006572726F72202564004D6F64656D206691
:1025000069726D77617265207570677261646520AC
:102510007363686564756C696E67206661696C6574
:10252000642C20696E636F6D706C657465206461E6
:102530007461004D6F64656D206669726D776172BC
:102540006520757067726164652073636865647582
:102550006C696E67206661696C65642C20657272B7
:102560006F72202564005363686564756C696E67DB
:10257000206D6F64656D206669726D77617265208C
:1025800075706772616465206174206E657874206F
:10259000626F6F74006466755F7461726765745F03
:1025A0006D6F64656D5F64656C7461004D43554289
:1025B0006F6F7420696D6167652D25642075706784
:1025C00072616465207363686564756C65642E2050
:1025D00052657365742064657669636520746F2045
:1025E0006170706C7900626F6F745F726571756590
:1025F00073745F7570677261646520666F722069BD
:102600006D6167652D2564206572726F7220256487
:10261000004D697373696E672073747265616D5FD5
:102620006275662C2063616C6C20272E2E73657496
:102630005F62756627206265666F726520272E2EA1
:10264000696E69740052657175657374656420669E
:10265000696C6520746F6F2062696720746F2066F3
:10266000697420696E20666C61736820257A752014
:102670003E2030782578004661696C656420746F6F
:10268000206765742064657669636520666F7220D3
:1026900061726561202725732700226D6375626F63
:1026A0006F745F7365636F6E6461727922004D436E
:1026B00055424F4F5430006466755F7461726765B0
:1026C000745F73747265616D5F696E6974206661B1
:1026D000696C6564202564006466755F7461726767
:1026E00065745F73747265616D5F646F6E6520659C
:1026F00072726F72202564004D4355426F6F7420D3
:10270000696D6167652075706772616465206162DB
:102710006F727465642E006466755F7461726765BC
:10272000745F6D6375626F6F74004572726F7220B3
:102730002564207768696C6520666C617474656EC9
:10274000696E672070616765006466755F73747297
:1027500065616D5F666C617474656E004552524FC1
:10276000523A2043616E6E6F742066756C66696CB8
:102770006C204558545F41504920726571756573EE
:10278000742E0D0A005741524E494E473A204F7061
:1027900074696F6E616C204558545F4150492072D6
:1027A000657175657374206E6F742066756C6669EB
:1027B0006C6C65642E0D0A0054462D4D206E6F6EB4
:1027C0002D7365637572652063616C6C6261636B08
:1027D00020696E697469616C697A6174696F6E20D1
:1027E0006661696C65642C206572726F723A20258F
:1027F00064002A2A2A2A2A20534543555245204656
:1028000041554C54202A2A2A2A2A00202041646457
:10281000726573733A2030782578002020496E76EF
:10282000616C696420656E74727920706F696E7472
:10283000002020496E76616C696420696E7465675A
:1028400072697479207369676E61747572650020AE
:1028500020496E76616C696420657863657074697F
:102860006F6E2072657475726E00202041747472F0
:1028700069627574696F6E20756E69742076696F10
:102880006C6174696F6E002020496E76616C6964BA
:10289000207472616E736974696F6E0020204C61E0
:1028A0007A792073746174652070726573657276CD
:1028B0006174696F6E0020204C617A7920737461B5
:1028C0007465206572726F72002A2A2A2A2A2053A0
:1028D000505520494E54455252555054202A2A2AC8
:1028E0002A2A0020205365637572697479207669FD
:1028F0006F6C6174696F6E20666F722074686520FA
:10290000666C617368206D656D6F7279207370619C
:102910006365002020536563757269747920766958
:102920006F6C6174696F6E20666F722074686520C9
:1029300052414D206D656D6F7279207370616365D2
:1029400000202053656375726974792076696F6C15
:102950006174696F6E206F6E206F6E65206F7220DC
:102960007365766572616C207065726970686572F6
:10297000616C732E00574553545F544F5044495275
:102980002F626F6F746C6F616465722F6D63756217
:102990006F6F742F626F6F742F626F6F74757469CD
:1029A0006C2F7372632F626F6F747574696C5F70D4
:1029B00075626C69632E630028696D6167655F6E7F
:1029C000756D29203C203078460028737761705F50
:1029D0007479706529203C2030784600626F6F74EE
:1029E0005F7365745F6E65787400626F6F745F7794
:1029F000726974655F737761705F696E666F00629C
:102A00006F6F745F77726974655F747261696C650A
:102A100072006D6375626F6F745F7574696C0075B9
:102A200025303478002222006E756C6C0025312E22
:102A300031356700256C670025312E313767006618
:102A4000616C7365007472756500EFBBBF00415423
:102A50002B4346554E3D0070646E003031323334A6
:102A600035363738394142434445460030313233F8
:102A70003435363738396162636465660030313227
:102A800033343536373839000001020548616C743B
:102A9000696E672073797374656D00556E6B6E6F28
:102AA000776E206572726F7200756E6B6E6F776EE7
:102AB000003E3E3E205A455048595220464154411E
:102AC0004C204552524F522025643A202573206FE6
:102AD0006E20435055202564004661756C74206457
:102AE0007572696E6720696E746572727570742094
:102AF00068616E646C696E670A0043757272656E18
:102B000074207468726561643A20257020282573EA
:102B1000290043505520657863657074696F6E00B5
:102B2000556E68616E646C656420696E746572725E
:102B300075707400537461636B206F766572666C98
:102B40006F77004B65726E656C206F6F7073004B12
:102B500065726E656C2070616E69630069646C6596
:102B6000006F73002B0064756D6D7900736C656583
:102B700070696E6700646561640073757370656E7B
:102B80006465640073757370656E64696E67007167
:102B9000756575656400737973776F726B71002C5E
:102BA0002066756E6374696F6E3A20006173736599
:102BB0007274696F6E2022257322206661696C65CC
:102BC000643A2066696C6520222573222C206C698A
:102BD0006E65202564257325730A000020202020BF
:102BE00020202020202828282828202020202020BD
:102BF000202020202020202020202020881010109D
:102C000010101010101010101010101004040404F4
:102C10000404040404041010101010101041414169
:102C200041414101010101010101010101010101D4
:102C30000101010101010110101010101042424267
:102C400042424202020202020202020202020202A4
:102C50000202020202020210101010200000000006
:102C60000000000000000000000000000000000064
:102C70000000000000000000000000000000000054
:102C80000000000000000000000000000000000044
:102C90000000000000000000000000000000000034
:102CA0000000000000000000000000000000000024
:102CB0000000000000000000000000000000000014
:102CC0000000000000000000000000000000000004
:102CD0000000000000000000000000005245454ECA
:102CE00054206D616C6C6F632073756363656564FC
:102CF0006564002F5F5F772F5F74656D702F776F4E
:102D0000726B73706163652F6275696C642F2E62DC
:102D100075696C642F484F53542D7838365F3634BC
:102D20002D7736342D6D696E677733322F61726D72
:102D30002D7A65706879722D656162692F7372638F
:102D40002F6E65776C69622D6E616E6F2F6E657781
:102D50006C69622F6C6962632F74696D652F676D92
:102D600074696D652E6300232D302B2000686C4C38
:102D70000065666745464700494E46004E414E0095
:102D80006E616E0030313233343536373839414276
:102D900043444546003031323334353637383961B3
:102DA000626364656600496E66696E697479004E97
:102DB000614E002F5F5F772F5F74656D702F776FA7
:102DC000726B73706163652F6275696C642F2E621C
:102DD00075696C642F484F53542D7838365F3634FC
:102DE0002D7736342D6D696E677733322F61726DB2
:102DF0002D7A65706879722D656162692F737263CF
:102E00002F6E65776C69622D6E616E6F2F6E6577C0
:102E10006C69622F6C6962632F7374646C69622FD2
:102E200064746F612E630042616C6C6F6320737514
:102E300063636565646564002F5F5F772F5F74650A
:102E40006D702F776F726B73706163652F62756938
:102E50006C642F2E6275696C642F484F53542D7823
:102E600038365F36342D7736342D6D696E6777339B
:102E7000322F61726D2D7A65706879722D6561628D
:102E8000692F7372632F6E65776C69622D6E616E48
:102E90006F2F6E65776C69622F6C6962632F737434
:102EA000646C69622F6764746F612D67657468650F
:102EB000782E6300504F534958002F5F5F772F5F84
:102EC00074656D702F776F726B73706163652F62BD
:102ED00075696C642F2E6275696C642F484F53546A
:102EE0002D7838365F36342D7736342D6D696E6720
:102EF0007733322F61726D2D7A65706879722D6526
:102F00006162692F7372632F6E65776C69622D6ED3
:102F1000616E6F2F6E65776C69622F6C6962632FCB
:102F20007374646C69622F6D707265632E63004107
:102F30002D46612D66383930313233343536375DC0
:102F4000002B2D0078580000697802000000000076
:102F5000D596020000000000055C020000000000A1
:102F6000296602000000000000800100F8D1030083
:102F7000FFFFFFFFFFFFFFFFFFFFFFFFFFFFFFFF61
:102F8000FFFFFFFFFFFFFFFF00000000657602006C
:102F90000000000000010000000000000000000030
:102FA0000000000000000000000000000000000021
:102FB00000000000000000002A0000005936030055
:102FC0000000000054C8030001000000C4C5002038
:102FD000C4C5002000000000000000000E0000003A
:102FE000D8C50020D8C50020000000000000000067
:102FF0000000000054C8030001000000F4C50020D8
:10300000F4C5002000000000000000000E000000D9
:1030100008C6002008C600200000000000000000D4
:103020000000000054C803000100000024C6002076
:1030300024C6002000000000000000000E00000078
:1030400038C6002038C60020000000000000000044
:103050000000000000000000000000000000000070
:103060000000000000000000000000000000000060
:103070000000000000000000000000000000000050
:103080000000000000000000000000000000000040
:103090000000000000000000000000000000000030
:1030A0000000000000000000000000000000000020
:1030B0000000000000000000000000000000000010
:1030C0000000000000000000000000000000000000
:1030D00000000000000000000000000000000000F0
:1030E00000000000000000000000000000000000E0
:1030F00000000000000000000000000000000000D0
:1031000000000000000000000000000000000000BF
:1031100000000000000000000000000000000000AF
:10312000000000000000000000000000000000009F
:10313000000000000000000000000000000000008F
:10314000000000000000000000000000000000007F
:10315000000000000000000000000000000000006F
:10316000000000000000000000000000000000005F
:10317000000000000000000000000000000000004F
:10318000000000000000000000000000000000003F
:10319000000000000000000000000000000000002F
:1031A000000000000000000000000000000000001F
:1031B000000000000000000000000000000000000F
:1031C00000000000000000000000000000000000FF
:1031D00000000000000000000000000000000000EF
:1031E00000000000000000000000000000000000DF
:1031F00000000000000000000000000000000000CF
:1032000000000000000000000000000000000000BE
:1032100000000000000000000000000000000000AE
:10322000000000000000000000000000000000009E
:10323000000000000000000000000000000000008E
:10324000000000000000000000000000000000007E
:10325000000000000000000000000000000000006E
:10326000000000000000000000000000000000005E
:10327000000000000000000000000000000000004E
:10328000000000000000000000000000000000003E
:10329000000000000000000000000000000000002E
:1032A000000000000000000000000000000000001E
:1032B000000000000000000000000000000000000E
:1032C0008D4403000000000001000000D4C800206D
:1032D00000000000000000000000000048E701209E
:1032E00000000000000000000000000000020000DC
:1032F00030CA0300E0D8002044CD0300215A030067
:1033000001000000010000000000000000000000BB
:103310000000000057EF0300010000000100000062
:1033200018C9002018C9002020C9002020C9002089
:1033300028C9002028C9002040C900200000000042
:10334000000000000000000000000000000000007D
:1033500038040120200000000000000000000000F0
:1033600000000000A4D003000100000064C9002098
:1033700064C90020000000000100000074C90020A2
:1033800074C900207CC900207CC900200000000016
:10339000010000008CC900208CC900200000000042
:1033A000000000000000000000000000000000001D
:1033B000000000000000000000000000000000000D
:1033C000D8BE0300000000000000000060040120DF
:1033D00058040120655F0200637C030000000000C8
:1033E0000000000041630200000000000000000037
:1033F00063000000000000003978020000000000B7
:103400000000000091910200F61801200008000061
:10341000FFFFFFFFFFFFFFFFC1070300D10703000E
:10342000491203000070014000000000FFFF00008F
:103430003F000000FFFF00003F000000FF00000011
:103440000DCD02000DCB020031CD020019CB0200E0
:103450001DD002009DCD0200E5CF0200D18F0300F8
:10346000CB8F0300C58F03009002000064CA0020C8
:1034700064CA00206CCA00206CCA002078CA0020F0
:103480000000000058D4030038D4030018D403000F
:10349000000000000000000000000000000000002C
:1034A000000000000000000000000000000000001C
:1034B000000000000000000000000000000000000C
:1034C00000000000000000000000000000000000FC
:1034D00000000000000000000000000000000000EC
:1034E0004300000000000000000000000000000099
:1034F00000000000000000000000000000000000CC
:103500004300000000000000000000000000000078
:1035100000000000000000000000000000000000AB
:103520004300000000000000000000000000000058
:10353000000000000000000000000000000000008B
:103540004300000000000000000000000000000038
:10355000000000000000000000000000000000006B
:103560004300000000000000000000000000000018
:10357000000000000000000000000000000000004B
:1035800043000000000000000000000000000000F8
:10359000000000000000000000000000000000002B
:1035A00043000000000000000000000000000000D8
:1035B000000000000000000000000000000000000B
:1035C0009BBC0300EBB7030000000000DB2B0400F2
:1035D0005A21040057EF030057EF030057EF030091
:1035E00057EF030057EF030057EF030057EF0300B7
:1035F00057EF030057EF0300FFFFFFFFFFFFFFFF41
:10360000FFFFFFFFFFFF0000010041534349490056
:1036100000000000000000000000000000000000AA
:103620000000000000000000000041534349490031
:10363000000000000000000000000000000000008A
:103640000000000000000000000000000100016216
:103650006C6E6B696E66006D637500322E302E30B5
:103660000066772D7479706500544D504C35596C57
:10367000755337625459006275696C64004D61720C
:1036800020333020323032362032323A31363A343A
:103690003300626C796E6B00302E312E300068770B
:1036A0000063697263756974646F6A6F5F666561F0
:1036B000746865725F6E72663931353100000001E1
:1036C0000487FF00790F04009967020000000000E2
:1036D000FB100400C96C020000000000FD11040092
:1036E0008D6D02000000000038180400857802008B
:1036F00000000000000000000000000000000000CA
:1037000000000000000000000000000000000000B9
:1037100000000000000000000000000000000000A9
:103720000000000000000000000000000000000099
:103730000000000000000000000000000000000089
:103740000000000000000000000000000000000079
:103750000000000000000000000000000000000069
:103760000000000000000000000000000000000059
:103770000000000000000000000000000000000049
:103780000000000000000000000000000000000039
:103790000000000000000000000000000000000029
:1037A0000000000000000000000000000000000019
:1037B0000000000000000000000000000000000009
:1037C00000000000000000000000000000000000F9
:1037D00000000000000000000000000000000000E9
:1037E00000000000000000000000000000000000D9
:1037F00000000000000000000000000000000000C9
:1038000000000000000000000000000000000000B8
:10381000000000000000000000000000FFFFFFFFAC
:10382000000000000000000085020300000000000E
:10383000000000000000000030CE002030CE00204C
:1038400041AD010000000000000000000000000089
:1038500000000000000000000000000048570120A8
:1038600000800000000000000000000000000000D8
:1038700008340120000100000000000000000000EA
:1038800078CE002078CE002000000000000000006C
:103890000E0000008CCE00208CCE00200000000026
:1038A000000000000E000000A0CE0020A0CE0020EE
:1038B00000000000000000000E000000B4CE002058
:1038C000B4CE002000000000000000000E00000048
:1038D000C8CE0020C8CE002000000000000000007C
:1038E0000E000000DCCE0020DCCE00200000000036
:1038F000000000000E000000F0CE0020F0CE0020FE
:1039000000000000000000000E00000004CF0020B6
:1039100004CF002000000000000000000E000000A6
:1039200018CF002018CF0020000000000000000089
:103930000E0000002CCF00202CCF00200000000043
:10394000000000000E00000040CF002040CF00200B
:1039500000000000000000000E00000054CF002016
:1039600054CF0020000000000100000064CF0020C0
:1039700064CF00206CCF00206CCF0020000000003E
:10398000010000007CCF00207CCF002084CF0020ED
:1039900084CF0020000000000100000094CF002030
:1039A00094CF00209CCF00209CCF0020000000007E
:1039B00001000000ACCF0020ACCF0020B4CF00202D
:1039C000B4CF00200000000001000000C4CF0020A0
:1039D000C4CF0020CCCF0020CCCF002001000000BD
:1039E00001000000DCCF0020DCCF00200000000040
:1039F00000000000ECCF0020ECCF0020F4CF00202E
:103A0000F4CF00203CD000200000000000000000A7
:103A100000000000000000000000000000000000A6
:103A20000000000000000000000000000000000096
:103A30000000000000000000000000000000000086
:103A400000000000DCBD030060D00020000000008A
:103A5000000200000000000000000000000500005F
:103A60000000000000000000000000000000000056
:103A70006D600300000000000000000015E015E08C
:103A80000769960010002000C2918FA375860C9FD5
:103A90003CD882506430B4CD23CEC3540D036D8F17
:103AA000BB394108AEA5566201002000E30466F66A
:103AB000B8470C1F29070B17F1E2D3E94D445E3FCD
:103AC000608087FDC711E4382BB538B62200460068
:103AD00030440220025CA93ECDF88CDCA8CA2AA79B
:103AE0008424143757E847C1882C00E18F9C02508A
:103AF00064EAC0B302202DB4A11D0C8517F6E4A919
:103B0000B9BE933BE0ACC94220F1FD970A48EF1AD9
:063B100062063A6633E391
:00000001FF
