:020000040000FA
:10000000A0520020D92200003D750000C52200004A
:10001000C5220000C5220000C5220000C522000044
:100020000000000000000000000000003D2400006F
:10003000C522000000000000A9230000C522000026
:1000400051260000512600005126000051260000D4
:1000500051260000512600005126000051260000C4
:1000600051260000512600005126000051260000B4
:1000700051260000512600005126000051260000A4
:100080005126000051260000512600005126000094
:100090005126000051260000512600005126000084
:1000A0005126000051260000512600005126000074
:1000B0005126000051260000512600005126000064
:1000C0005126000051260000512600005126000054
:1000D0005126000051260000512600005126000044
:1000E0005126000051260000512600005126000034
:1000F0005126000051260000512600005126000024
:100100005126000051260000512600005126000013
:100110005126000051260000512600005126000003
:1001200051260000512600005126000051260000F3
:1001300051260000512600005126000051260000E3
:100140005126000053B94AB9002908BF00281CBF36
:100150004FF0FF314FF0FF3000F00CB8ADF1080C5C
:100160006DE904CE00F008F8DDF804E0DDE90223D3
:1001700004B07047704700BF2DE9F04786468C46B3
:100180000846089E154674461946002B40F0C1806B
:100190008542B2FA82F245D94AB1C2F1200300FA8F
:1001A00002FC954094402EFA03F343EA0C0C4FEA0C
:1001B000154EA8B2230CBCFBFEF80EFB18CC08FBB6
:1001C00000F943EA0C43994528D9EB1808F1FF37A9
:1001D00004D2994502D9A8F102072B44A3EB0903E5
:1001E000A4B2B3FBFEFC0EFB1C330CFB00F044EA94
:1001F0000344A04214D92C190CF1FF3304D2A042BD
:1002000002D9ACF102032C44241A43EA07401EB180
:10021000D440002334607360BDE8F0874746DDE7D3
:100220006346F1E792BB431B01214FEA154EAFB283
:10023000200CB3FBFEFC0EFB1C330CFB07F840EA62
:100240000343984561D9EB180CF1FF3004D298456F
:1002500002D9ACF102002B44A3EB0803A4B2B3FB18
:10026000FEFC0EFB1C330CFB07F744EA0344A742D9
:100270004DD92C190CF1FF3304D2A74202D9ACF1AD
:1002800002032C44E41B43EA0040C0E7C2F1200310
:100290009540944020FA03F12EFA03F34FEA154EED
:1002A0009040AFB20343B1FBFEFC0EFB1C10190CD7
:1002B0000CFB07F841EA0041884522D969180CF186
:1002C000FF3004D2884502D9ACF102002944A1EBE9
:1002D00008019BB2B1FBFEFC0EFB1C110CFB07F7E7
:1002E00043EA01439F420ED9EB180CF1FF3104D2CF
:1002F0009F4202D9ACF102012B44DB1B41EA0041D1
:1003000093E76046E3E76146F7E76046A4E76346A4
:10031000B8E7834206D916B9002108467CE7C6E94A
:1003200000E0F9E7B3FA83F78FB9834201D372454E
:1003300008D8BEEB020460EB030301209C461EB903
:10034000002169E73846FAE7C6E9004CF8E7C7F14B
:10035000200CBB400EFA07F522FA0CF42EFA0CF131
:10036000BA401C4320FA0CF3B8404FEA1449014349
:100370001FFA84FEB3FBF9F809FB18300B0C08FBDD
:100380000EFA43EA00439A4540D9E31808F1FF30DA
:1003900004D29A4502D9A8F102002344A3EB0A0330
:1003A00089B2B3FBF9F809FB183308FB0EFE41EAEA
:1003B00003418E452CD9611808F1FF3304D28E45D4
:1003C00002D9A8F10203214443EA0040A1EB0E0147
:1003D000A0FB02984145CE46434602D306D14D4587
:1003E00004D20138B9EB020E68EB0403002EA7D04B
:1003F000B5EB0E0261EB030101FA0CFC22FA07F3E4
:10040000F9404CEA0303C6E9003199E74046C5E7E5
:100410004346D9E730B53B4B3B4A4921C3F8002658
:100420003A48C3F8042687B0C3F80826C3F80C2658
:10043000C3F81026C3F81426C3F81826C3F81C26E0
:1004400006F0CEFF06F066FB00F0E8FA054603A8CA
:1004500000F088FD0446284600F0F0FA2C4B1B689B
:10046000A34205D045212B4806F0BAFF06F0B0FCA8
:100470004921059A284806F0B3FF039927484B7D88
:100480000A7DC98A0091492106F0AAFF4921244822
:1004900006F0A6FF4FF48031002003F075F8044603
:1004A00020B145211F4806F09BFFFEE702A99DF8F9
:1004B000100000F03DF8029A059B1B4D1344039A6F
:1004C000128913442B6003F047F801F0A5F801F0FE
:1004D00075F801F08FF884F30B8884F30A882B6891
:1004E0001B6883F3088884F31488BFF36F8FBFF30E
:1004F0006F8F2B685B68984745210C4806F070FFAA
:10050000FEE700BF008001503546526E06880000AD
:10051000080000201F880000428800007188000049
:100520008F880000B4880000A0030020E788000046
:10053000024608B538B105480023452106F050FFB2
:100540006FF0150008BD0860FCE700BF0A890000D5
:1005500021B1012906D06FF015007047044B53F804
:1005600030007047024B03EBC0035868704700BF70
:10057000388400002DE9F04F9B468B4BDBB01546CD
:10058000DDE965891E6807460C4600F0E1FF01229F
:10059000864B3AA8C3F8002505F0D8F9B8F1000F4A
:1005A00007D0B9F1000F04DD4A4641463AA806F0EB
:1005B000FCFD4FF0000823896289D4F80CA0134495
:1005C0009A44C2455FD80DA93AA805F031FA002235
:1005D000764BC3F80025C3F80025679B23B1202282
:1005E00018460DA906F0F3FF00232A460093214682
:1005F0004FF6FF7307A806F08EFA8046002853D105
:10060000294638460C9C06F0A3FBA0424CD34FF081
:10061000FF34DFF8A4B1DFF894A10DF1160305AAA9
:1006200006A907A806F0C5FA00283DDB40F0B28015
:10063000069907A806F009FB50B94FF6FF71BDF8FF
:1006400016005B4A32F8023B8B422DD09842F9D11A
:10065000BDF81670102F31D0222F78D0012FDCD1A9
:10066000BDF81430202B1FD8284606993AAA06F068
:10067000D2FE0446C0B99DF81430202B02933CD919
:100680004FF0FF34C9E7649BAAEB0809994528BFDE
:1006900099465A464B464146284606F0BCFE30B1C4
:1006A0000022424BC3F800253F4B1E6875E04A46C6
:1006B00059463AA806F079FDC84482E7BDF814709F
:1006C000202FF1D13B46284606993AAA06F0A3FE10
:1006D0000028E9D100F0A2F93A4680463AA90DA8CF
:1006E00000F0F6F80746404600F0A8F9DBF80030C5
:1006F000BB42D9D14FF001088FE72E4ADFF8BC90FA
:1007000013680393039B9C42BADA00F021FFCAF8F6
:1007100000751DA805F01AF9D9F804201DA8126863
:1007200059F8081B06F041FD15A91DA805F080F930
:100730000022CAF80025CAF80025029A3AA915A88D
:1007400006F035FF00283FF468AF0134DAE7631C98
:100750003FF463AF174B1B689C4291DABDF814302D
:10076000802BA1D8284606993AAA06F054FE002804
:100770009AD100F053F9E4B207462021BDF81430B5
:100780003AAA00940DA800F01BF80646384600F07F
:1007900055F975E7B8F1000F86D000F047F93046FB
:1007A0005BB0BDE8F08F00BF040000200000845063
:1007B000D887000040840000080000204484000026
:1007C0002DE9F04796B017461E469DF878203B4B22
:1007D000814653F8321003EBC2035B68019118683D
:1007E000DFF8E8800144302302AA01A8D8F80050BD
:1007F00006F069FC002858D1DDE901431C4421467C
:1008000006AB03AA01A806F086FC00284DD1049A85
:10081000072A4AD12A49059806F0C9FE002844D182
:10082000079A082A41D12749089806F0C0FE0028F7
:100830003BD1214602AA01A806F059FCA8BBDDE97C
:1008400001A30AEB030294422FD1412B2DD13E4448
:100850003023314603AA02A8029706F034FC1A4D51
:10086000E0B9DDE9023213449E4217D3324602A9B1
:1008700006A806F0F8F988B9324602A90EA806F0D3
:10088000F2F958B99AF80030042B07D120234846D2
:1008900006AA0AF1010100F073FE60B1D8F8003039
:1008A0002D68AB4218BFD8F8005000F0BFF82846BA
:1008B00016B0BDE8F0872B68F2E700BF4484000063
:1008C0003989000030890000080000200400002061
:1008D00070B5094B04461D680023934205D1074BB0
:1008E0001D6800F0A3F8284670BDE65CC85C86422F
:1008F000F7D10133F1E700BF040000200800002019
:10090000094A40000B7852F820108B4209D0013080
:1009100052F82000834214BF4FF0FF304FF4407074
:1009200070474FF4407070474C8400001FB5582347
:1009300003FB0100046A1023A1686A4620461039AF
:1009400006F069FD034640B122784521064806F0CD
:1009500047FD0024204604B010BD1022684603491C
:1009600006F025FEF6E700BF41890000F68700008B
:100970002DE9F3471E46836805468B420C46174611
:1009800043D95B1A934240D386B36A4606F0A7F870
:1009900000283CDB013FDDF800803C441D4FDFF8C0
:1009A00078906A462146284606F099F800282EDB02
:1009B000DDE9004A28465246214606F056FD002849
:1009C00025DBC7F80096C7F80496C7F80896C7F85D
:1009D0000C96C7F81096C7F81496C7F81896C7F87B
:1009E0001C966EB1444512D9013CDAE7511E2144F0
:1009F0006A4606F074F8002809DBDDF80080CDE7D0
:100A00005444A04503D30134CBE74FF0FF3002B08C
:100A1000BDE8F087008001503546526E024B1868E1
:100A2000421C1A60704700BFA4030020024A1368EA
:100A3000013B1360704700BFA4030020034B1B68F9
:100A4000834201D006F0C4B9704700BFA403002060
:100A500073B50D46002104462846CDE9001106F085
:100A60000BFA28B323681A4EB34203D1204601AAD9
:100A700006F070F9E36AB34204D16A4601212046C8
:100A800006F068F9DDE90032934288BF0193019BCB
:100A9000AB60019A2946204600F064FC0D4B1A68B1
:100AA000002A03DD57210C4806F09AFC02B070BD05
:100AB00001462046FFF73AFF064605F1080106F019
:100AC0002AF9AB683046019306F0A4FCE1E700BFC9
:100AD0003DB8F396081800206D8900002DE9FF4706
:100AE0002C2606FB0106D6F820A0044650461746E1
:100AF0000D4606F0D6FC731EF21C13F8011F81424E
:100B000026D19A42F9D1B5B15146204606F0F7F9FF
:100B1000FB79042B0AD12046216A06F0F0F902463F
:100B200048B949212B4806F05BFC04E0002002F0A4
:100B3000BFFD0428EFD0284B1C68FFF777FF204645
:100B400004B0BDE8F087254B1C6835E0244A3EE040
:100B50002C236B43E1180869C206D4D4E258214B18
:100B60009A42F0D1CA680B899B18ECD24A89D218F4
:100B7000E9D2DAF808309A42E5D240F60C6707402D
:100B8000E1D1FFF74BFF8046FFF748FF4FF480733A
:100B900081465246314600932046134BCDE90277F9
:100BA0000197FFF7E7FC04464846FFF747FFFFF7CA
:100BB0003DFF4046FFF742FF0C4B1B68A342BCD0F1
:100BC000002DC3D00121504606F094F9084A452172
:100BD0000848A8E7AE8900000000002004000020BB
:100BE0009C8900003DB8F3965820002008000020A2
:100BF000A4890000ED8900002DE9F84F8846914650
:100C00009A460026DFF870B0194C1A4D0B9B9E4295
:100C100001D300200FE00B9B40469F1BB7F5806F70
:100C200028BF4FF48067144A3B4606EB0A0106F0E2
:100C3000F2FB10B10120BDE8F88F0A993B465A46F5
:100C40004846711806F0FCFB0028F3D1C4F80056A2
:100C50003E44C4F80456C4F80856C4F80C56C4F808
:100C60001056C4F81456C4F81856C4F81C56CDE7EC
:100C7000008001503546526EA80300202DE9F04156
:100C80000E460021AE4B0446436203F5006388B074
:100C900003650846FFF75CFC04F120010546C0B27D
:100CA00001F08AF848B100232A46452101900093BB
:100CB000A44806F095FB06F08BF801210020FFF711
:100CC00047FC04F14C010546C0B201F075F850B183
:100CD00001232A464521019000939A48002306F0FB
:100CE0007FFB06F075F8204606F09BF8054668B9CC
:100CF00000222046114606F07EF8054608B3002281
:100D00005721914806F06CFB0123A1E04FF480725B
:100D100057218E4806F064FB01239D4284F8583029
:100D2000E6D194F85830042B8DF8173000F29380F8
:100D3000012B00F2978000F0AA80FF2384F858303E
:100D4000A5E0204600F01AFA0028DDD004A806F03D
:100D50008AF80146204606F006F918B12A465721BE
:100D60007B48CFE704A806F087F880F0010104AAC9
:100D70002046C9B206F03FF802460028BFD104A8B9
:100D800006F07AF8054660BB204604A9FFF760FE2E
:100D90009DF8173084F85830033B012B06D82846BD
:100DA00000F010F910B1FF2384F858309DF8173087
:100DB000023B022B0BD8002000F0EEF838B1FF23E5
:100DC00084F858304521634806F00AFBFEE794F8A2
:100DD0005830FF2BF6D000222046114606F00BF8C3
:100DE00092E79DF81770012F1FD1104602F060FCAA
:100DF000831E022B054615D8FFF710FE39468046A4
:100E000004AA2046FFF76AFE07464046FFF716FE93
:100E1000514B1B689F4205D0504B1D68AF4214BF19
:100E20000525012584F858507BE7FFF7F7FD0121E0
:100E3000074604AA2046FFF751FE05463846FFF74D
:100E4000FDFD454B1B689D4214BF05239DF81730DF
:100E500084F8583065E7052B7FF46FAF002000F071
:100E6000B1F811E0204604A9FFF7F2FD94F85830DC
:100E7000DA1E012A34D8002000F0A4F800287FF4FC
:100E80005CAF002000F088F800287FF456AF94F89B
:100E90005830FF2B05D145212E4806F0A1FA05F068
:100EA00097FF002294F858302D4F012B03921AD04F
:100EB0001146204605F09FFFA8B13D681022002191
:100EC0000DEB020006F08EFBE06C06F0A3FA206A40
:100ED00006F0A0FAFFF7AAFD284608B0BDE8F081A9
:100EE000022BD4D1CDE7FFF799FD002280461146B1
:100EF0002046FFF7F3FD05464046FFF79FFDDFF86C
:100F00005880D8F800309D42D7D13B689D42D4D05C
:100F1000124B1B689D42D0D0039B01330393039B6C
:100F2000012B01D005F054FF206A05F0D6FD307189
:100F3000236A5B683460D8F80050B360BEE700BF36
:100F4000A8070020158A0000A48A0000628A000019
:100F5000D08A0000FA8A000008000020000000206B
:100F60000400002070B50B4E04466022002130467C
:100F700006F038FBFFF752FD214605463046FFF7E5
:100F80007DFE04462846FFF759FDFFF74FFD20463A
:100F900070BD00BFA817002013B5094B01A913F8B5
:100FA000300000F009FF48B9019806F0CDFD044675
:100FB000019806F02FFA204602B010BD0124FAE78E
:100FC000548400001FB50F4B01A913F8300000F046
:100FD000F3FEA8B9019802A902F014FB044668B90F
:100FE0009DF80B30032B03D1019806F07BFD0446DE
:100FF000019806F00FFA204604B010BD0124F7E76F
:101000000124F8E7548400002DE9F34106460C461C
:1010100017461D460BB9002121E0184605F02CFFAC
:1010200001460028F7D13046FFF780FC18B90120AF
:1010300002B0BDE8F08101A905F06DFE0028F6D1EF
:101040000199304605F0C0FF736A59686B79012B2E
:1010500018D1002CDFD12B68834298BF00212C23AC
:1010600003FB04663A462023306A06F0D4F90028D0
:10107000DDD1002DDCD038680D4BC01A18BF4FF001
:10108000FF30D5E7022BC6D12B68012B05D983424F
:10109000C1D8B4FA84F46409BDE7BCD1002CDED019
:1010A000012CB8D12C79023C18BF0124B3E700BF52
:1010B0003DB8F3962DE9F04F07460C4685B0014642
:1010C00000201646FFF71CFC051E51DB3846E46D78
:1010D00005F016FE5FFA84F94FF0000A4FF0010B9D
:1010E0004FF0FF346B1E09FB03089DB9BAF1010FE5
:1010F00003DD4521204806F073F9631C06D0FF2C60
:101100002ADC40F2011301343460B380284605B074
:10111000BDE8F08F6B1E00934146012338460DF168
:101120000F0206F078F9031E019323DB01223846F3
:101130000DF10F0106F071FC019B40B15B4501D040
:101140000AF1010A9B46009DA8EB0908CDE7B4F11E
:10115000FF3F08BF2C46F5E70223A4F580747371A6
:10116000631004F001040133013433603471CDE7BE
:101170000725CBE70125C9E7068B0000F8B5866A8D
:10118000456D0446AE4208D06B1CB34205D05721D2
:10119000174806F025F90020F8BDB6F5807F19D96B
:1011A00057211448F5E7626A02EBC3025768226DC3
:1011B00002EBC3025268BA4202D057210E48E8E758
:1011C00001339D42EFD1204606F00AF828B9572195
:1011D0000A48DEE700231F46F3E7AE4205D9636AFB
:1011E00003EBC5035B68BB42E7D10120D4E700BF36
:1011F000298B0000618B0000908B0000BC8B0000ED
:1012000010B588B0044604A9006A02F0FBF99DF805
:101210001020012A40D0254B2549032A08BF0B4640
:101220009DF81320492102929DF812202148019235
:101230009DF811200092204A06F0D2F8E06C06A931
:1012400002F0E0F99DF81820012A27D0174B184921
:10125000032A08BF0B469DF81B20492102929DF8E6
:101260001A20144801929DF819200092134A06F0A2
:10127000B7F89DF81030012B12D19DF81230032BD6
:101280000ED19DF81830012B0AD00D48492106F0E7
:10129000A7F8022008B010BD0A4BC1E7094BDAE7F6
:1012A0000948492106F09CF80020F3E7F58B00007F
:1012B000FE8B0000128C0000048C0000538C000098
:1012C000638C0000F98B0000828C000070B54B68C5
:1012D00014461E4A03F0FF23934206460D4686B08D
:1012E0002FD10B68012B2CD1204604A902F08AF9DA
:1012F0009DF81020012A26D0154B1649032A08BF55
:101300000B469DF81320492102929DF812201248A5
:1013100001929DF811200092104A06F061F89DF8A4
:101320001030032B0DD12146304605F0E8FD204654
:1013300006F0D8FB2046A96805F0FBFC204602F029
:1013400041F906B070BD064BDBE700BF00010004A9
:10135000F58B0000FE8B0000128C0000538C000007
:10136000F98B00002DE9F04F1646054687B00C4674
:101370006E48492106F034F83146284605F024FE2F
:101380006B6A824620465E6805F076FDE8B1E86D3E
:1013900005F095FC0023AF6A013F3344984201D920
:1013A000013FFAE7BA4510D35721614806F018F813
:1013B00007FB06F357210AFB06625E4806F010F8A9
:1013C0000123E37107B0BDE8F08FEB6C21461A46AC
:1013D000284603932F6AFFF779FF6379012B4AD1DF
:1013E000D046DFF854B141E02268C2F10103534412
:1013F000984539D86B6A012A196853F8380003EB0D
:10140000C80353F8083CA0EB0109A3EB01030493C4
:101410000FD1E368022B08D03946284605F06FFD4E
:1014200022463946284605F07FFD2846039905F0F7
:1014300066FD0023324649463846FFF799FA049B79
:101440003A4639462846CDE90096FFF7D5FB2146B6
:10145000284605F01EFD23680133236020B1DBF828
:1014600000300133CBF8003008F1FF38B8F1000F3D
:10147000BAD10123236002234FF001086371C245F2
:10148000A0D3236898454ED36A6A4FEAC80352F83E
:101490003810083BD2F800B00491D1582A6DD058CA
:1014A0001368A0EB03092379012B3AD1A1EB0B01BF
:1014B0000023324638460591FFF75AFA05994B4604
:1014C0003A460091284603990196FFF795FB21467D
:1014D000284605F0DEFC0223237118B1164A136872
:1014E000013313600023324649460398FFF740FA60
:1014F000049B3946A3EB0B03039A2846CDE90096DB
:10150000FFF77AFB2146284605F0C3FC2368013328
:1015100023600123237130B1074A1368013313603C
:1015200001E0022BDED008F10108A8E7998C000049
:10153000C28C0000F18C0000081800200A4619B186
:10154000024B00211B681847704700BF0C000020A9
:1015500070B5094D2B780BB1002070BD0126074CEA
:10156000C4F8006504F094FA18B92E70C4F80005A8
:10157000F2E74FF0FF30F0E75821002000008450E0
:101580002DE9F041ACB01F4606460C461546FFF764
:10159000DFFF0123DFF820802A46C8F80035214606
:1015A0003346009703A806F055FD0023C8F8003520
:1015B0002CB0BDE8F08100BF00008450BFF36F8FF6
:1015C00072B600234FF0FF30094A03F120010133C6
:1015D000102B42F82100F8D100234FF0FF30044ACD
:1015E00003F160010133102B42F82100F8D170475C
:1015F00000E100E0002318460649D1F89020C2F32C
:101600000722934200DB7047C1F89830C1F8A00070
:101610000133F6E700ED00E04FF0FF3301212DE943
:10162000F04300253A4A3B4E51603B4FC2F84833E5
:10163000DFF8EC80C2F8083302F58052516085B0C3
:10164000C2F84833C2F808334FF0FF3956F8044B5C
:1016500044F30730C4F8089300F010FF01236360DF
:1016600000236846C4F84C31D4F84C21C4F810313A
:10167000D4F81021C4F84431D4F84421C4F800351A
:10168000D4F80C250092D4F814250192D4F808253A
:101690000292D4F81025C4F80C950392C4F814955E
:1016A000C4F80895C4F8109550F8041B4A1C0DD0D6
:1016B00001F01F02490926D107EB8202D2F800127D
:1016C00001EA080141F00201C2F800120133042BC3
:1016D000EAD180220021A01805F084FF8022002199
:1016E00004F5C07005F07EFF5DB14FF0FF330B4A8B
:1016F000C2F808354FF05022C2F8083305B0BDE8F3
:10170000F0830125A0E70023803253F82230FFDE6A
:10171000004001506084000000258450007001509A
:10172000F0F8FCFF014B1B68184700BF10000020B9
:10173000014B1860704700BF1000002007B50B4632
:10174000002102460091034800F006F803B05DF85E
:1017500004FB00BF251700002DE9F04F82464FF033
:1017600000098DB01D46531E01910393039B5878C9
:101770005C1C252819D100204FF0FF381E46444636
:1017800003460236029031780396392955D81F292D
:1017900014D8002900F0EF8101992520D047019944
:1017A0003078D04709F10209E0E7002800F0E38132
:1017B0000199D04709F101090394D7E7A1F120026B
:1017C000192AE9D801A757F822F000BF3518000000
:1017D00099170000991700003518000099170000AC
:1017E000B51800009917000099170000991700001C
:1017F0009917000001190000351800009917000022
:1018000015190000C118000099170000CF1800003A
:10181000EF180000EF180000EF180000EF180000AC
:10182000EF180000EF180000EF180000EF1800009C
:10183000EF18000008460136A5E7582900F0EB80B4
:10184000A1F16302D7B2172FA6D8172AA4D801A7EF
:1018500057F822F0BD1A00003B190000991700004C
:1018600099170000991700001B1900003B19000090
:1018700099170000991700001B1900009917000024
:101880009917000099170000F1190000991700003E
:1018900099170000911A0000991700003B190000E9
:1018A0009917000099170000F1190000991700001E
:1018B0001B19000025200199D04709F1010955E7BE
:1018C000029A4FF0000802F0FE020292B3E7002CE9
:1018D0000DDAB8F1000F0DDA029A002A00F0438108
:1018E0000A2224EAE47402FB0414303CA3E7B8F1B2
:1018F000000FF5DB0A2202FB0812A2F130089AE77A
:10190000B8F1000F55F8042B80F22F81002A80F2E5
:101910002E815442022202928DE7682903D1682B5E
:1019200006D1482387E76C2902D16C2B00F0218176
:10193000002B7FF431AF0B467DE77A2B06D175295A
:1019400055F8046B14D14FF0000B0CE06C2BF6D063
:101950004C2BF4D1073525F00703752903F1080551
:10196000D3E9006B06D120283BD1854F013C09E02B
:101970004FEAE67BBBF1000FF5DA7642814F6BEB65
:101980004B0B013C0DF12D030593002304933046CE
:1019900059460A220023FEF7D5FB059BB446303298
:1019A00003F8012D5A460593049BBCF10A0F8B46A0
:1019B00072F1000203F1FF3106460491E7D2C3F150
:1019C000010B30330DEB0306B8F1000FA6F104064E
:1019D0006DDA029BD9077DD4A8EB0B03A4EB0B04B3
:1019E00013E02B280ABF684F684F04F1FF34C9E7A2
:1019F00070290FD155F8042B0023FAB96FF00403B6
:101A00004FF0050B614F624E053C029A920770D46D
:101A1000A04666E078216C2B03D1002355F8042BF7
:101A200008E04C2BF9D1073525F007031D465B680C
:101A300055F8082B232825D1880621D5554F023C7F
:101A4000002601F06001A1F1390B0DF12D0E02F01D
:101A50000F01092988BF594430310EF8011D102AA1
:101A60004FEA121141EA03714FEA131C73F10003AC
:101A700006F1FF3008D2C6F1010B06F13003A1E7F1
:101A8000454FDCE7414FDBE706460A466346DEE7A3
:101A900055F8046B304605F083FDB8F1000F83461E
:101AA00002DB4045A8BFC3464FF00008374FA8EB04
:101AB0000B03002B92DDA4EB0804A6E755F8043BCA
:101AC0004FF0010B8DF81830304F4FF0FF33013CD1
:101AD00006AE9AE7A046EAE7029320200199D04794
:101AE000029BB8F10108F7D524EAE472013C914465
:101AF000A41AB84606E0049302920199D047029ACC
:101B0000049B9046424612F8010B0028F3D11A4676
:101B1000013A15D5002BACBFC7EB03077F425B46EC
:101B2000013B15D5BBF1000FA8BF5F4426464F44CB
:101B3000013E14D5002CA8BF3F1907EB080915E694
:101B40000493029230200199D047049B029ADFE768
:101B50000293019916F8010BD047029BE0E7019927
:101B60002020D047E4E70122D5E6904663E61446FC
:101B700061E64C235FE648460DB0BDE8F08F00BF3C
:101B80007F8D00007D8D0000818D00006C8900003C
:101B9000898D0000838D0000868D00002DE9F047BF
:101BA000058B04462807904611D4022905F0070545
:101BB00040F0CC80204605F03AFB78B10138218B0B
:101BC000042811D8DFE800F0C2106D8595000129C6
:101BD0000CBF45F0100545F02005258388F31188DA
:101BE000BFF36F8FBDE8F08701F0070AAA4500F048
:101BF000A5800027B9463E46A368002B00F0BC80B4
:101C000041F00801218388F31188BFF36F8FA16829
:101C1000002900F0BA800D68002900F0B680334634
:101C200052462046D1F80480C047002D76D02B685C
:101C300029461D46F0E701F007035A1F012A1BD869
:101C4000002221F00701062B276889B2C4E900228F
:101C500009D13B4603E0628B013262831B68002B93
:101C6000F9D141F002012046218305F0E0FA002875
:101C70007AD041F0200176E0042B0AD121F007014F
:101C800089B22046218305F0D2FA10B141F020013B
:101C90002183218B01F0070AAA454FD00027B946BE
:101CA000AAE7236921F0070141F00601062DD3F8C8
:101CB000009021832DD1B9F1000F3FD041F00801F0
:101CC000218388F31188BFF36F8F20463949C847B5
:101CD00029E021F00701236941F0040189B2042DB4
:101CE000D3F804902183E6D000274FF0040A3E4643
:101CF00082E721F00701236941F0050189B2052D32
:101D0000D3F808902183D6D000274FF0050A3E462D
:101D100072E700274FF0060A3E466DE72B4687E73D
:101D2000B9F1000FD1D1EFF31188202383F312888A
:101D3000BFF36F8F238B23F008032383258BEA06E1
:101D40002ED525F01003238305F007056669218B46
:101D5000002EBFF670AF00232768C4E9003321F0DE
:101D6000070141F001012183218B4FF0000901F0AF
:101D7000070AAA457FF440AF002F9CD041F008012C
:101D8000218388F31188BFF36F8F002FC8D03D687F
:101D9000394633465246204605F075FA2F46F4E799
:101DA000AB067FF51BAF25F02003238305F0070565
:101DB00000E700BFB372000070B5104B0D461C6801
:101DC000B4B10F4B196800238B4202DB6FF00100A6
:101DD00070BD224612F8106B864202D014460133C1
:101DE000F2E7E06805F0A6FF28B100202C60EFE7DD
:101DF0006FF00C00ECE76FF01200E9E71400002030
:101E00006884000010B5436888B0029383680C466C
:101E1000CDE9033200230A68C068CDE906230549ED
:101E200001AA059305F09CFC079808B9059B23605F
:101E300008B010BDB174000008B5054805F0E0F920
:101E4000044805F0DDF9BDE80840034805F0D8B9BD
:101E50008F8D0000C08D0000F38D0000014803F05D
:101E60008DBA00BF4C85000038B5044618B90F4B39
:101E70000F485B6898476168B1F5683F10D0B1F5CD
:101E8000680F0DD00B4DA9420AD011F4686120688B
:101E900007D00146084805F0A6FF002323606560CF
:101EA00038BD142205F09EFBF9E700BF6400002056
:101EB000218E00002C5F5CA90C1D002008B500B32A
:101EC0004368B3F5683F0CD101220368D3E8EF1FE4
:101ED000002903D1C3E8E02F0028F7D10DD100205D
:101EE00008BD094A93420AD000684FF0FF324FF014
:101EF000FF3302F09DFB0028F1D00448F0E70448CE
:101F0000EEE76FF4E040EBE72C5F5CA9E98FFFFFA1
:101F1000EA8FFFFF08B5B8B14368B3F5683F0CD14D
:101F200000220368D3E8EF1F012903D1C3E8E02FA3
:101F30000028F7D10BD1002008BD074A934208D0F2
:101F4000006802F0EDFBF6E76FF4E040F4E70348C9
:101F5000F2E70348F0E700BF2C5F5CA9E98FFFFFC1
:101F6000EA8FFFFF10B5044618B91D4B1D485B688A
:101F700098476368B3F5683F2FD0B3F5680F2CD04E
:101F8000194A934219D1236803BB4FF0FF324FF037
:101F9000FF332146154802F01DFB08B923681BB921
:101FA0000F4B13485B68984714220021206805F006
:101FB00019FB4FF46863636008E0B3F5683F0DD820
:101FC0003A2B03D040F6BA629342DED1206805F086
:101FD00054FF636843F03A03636010BD054AF3E7BA
:101FE00064000020218E00002C5F5CA90C1D0020E5
:101FF000478E00003A00003A08B5064940231422F3
:10200000054805F0E2FEBDE808400449044803F035
:1020100027BA00BF0C1800200C1D002054850000BA
:102020006885000030BFFFF7FDBF00BF054B9A6910
:102030009B689A421FBF044A536843F08053536021
:10204000704700BF501E002000ED00E0154B9A6A5B
:1020500012F0007F9A6A14BF1E201D2012F0807FAC
:102060009A6A18BF1F2012F4801F9A6A18BF0220B4
:1020700012F4002F9A6A18BF212012F4802F9A6A56
:1020800018BF222012F4003F9A6A18BF232012F4CE
:10209000803F9A6A18BF24206FEA02426FEA124218
:1020A0009A62704700ED00E010B5194B0246986A3D
:1020B0009C6A10F4805F14BF1720162014F4006F80
:1020C0009C6A18BF1820A40509D5986B986A00046B
:1020D00004D51AB19A6A22F400429A6219200C4B74
:1020E0009A6A12F4806F9A6A18BF1A20D2050CD42B
:1020F0009B6A13F4005F18BF1C20054A936A43F4DF
:102100007F43936200230B7010BD1B20F5E700BFD7
:1021100000ED00E010B51C4B0246986A9C6A10F076
:10212000100F14BF1120102014F0080F9C6A18BF64
:102130001220A40709D5586B986A000604D51AB175
:102140009A6A22F080029A6213200F4B9A6A12F068
:10215000010F9A6A18BF142012F0200F9A6A18BF54
:102160001520D40658BF9B6A074B9A6A920642BF55
:102170005A6A22F400525A629A6A42F0FF029A6244
:1021800000230B7010BD00BF00ED00E070B5444BA4
:1021900006465B6800259CB0C3F3080385F31188ED
:1021A000BFF36F8F02F07F40B0F17F4F11D102F08B
:1021B0000C0008280DD010074CBF0E460125002248
:1021C000033B8DF80720032B05D8DFE803F01E5CE6
:1021D00060592E46F3E700249DF807309BB968222A
:1021E000314602A805F0F3F9099B002D53D0C3F343
:1021F000080222B96FEA53236FEA4323099320466A
:1022000002A905F091F91CB070BD254BDA6A91075F
:10221000E1D4DA6A002ADEDBDA6A5200DBD55A69D9
:10222000B16942F480725A61BFF34F8FBFF36F8F71
:102230005A6931F8021C22F480725A61BFF34F8F41
:10224000BFF36F8F4DF60272914209D09A6AD2B2F3
:1022500042B101200DF10701FFF75CFF0446BBE727
:102260003468B9E79A6A12F47F4F05D001200DF166
:102270000701FFF719FFF1E79B6AB3F5803FAAD387
:10228000FFF7E4FEEAE700200DF10701E4E7002094
:102290000DF10701EDE723F4FF7323F00103ADE730
:1022A00000ED00E0064B5A6942F010025A615A698B
:1022B00042F480625A615A6922F008025A617047FA
:1022C00000ED00E0EFF30880EFF3098101B57246FD
:1022D000FFF75CFF01BD00BF002080F31488BFF34F
:1022E0006F8F002080F30A8880F30B880F4880F3FB
:1022F000088801F09BFA00200D490860BFF34F8F5A
:1023000000F01AF8202080F311880A484FF4006189
:10231000401880F30988EFF314800221084380F30A
:102320001488BFF36F8F00F0EFF80000A052002078
:1023300094ED00E06021002072B6002383F313883F
:102340004FF0FF300C4A03F120010133102B42F80B
:102350002100F8D100234FF0FF30074A03F160015C
:102360000133102B42F82100F8D162B6BFF34F8F32
:10237000BFF36F8F704700BF00E100E0084B9B6820
:1023800083420BD1EFF3058343B1064B5A6842F009
:1023900080525A605A6A22F400425A6202F034BDF6
:1023A000501E002000ED00E022498A6882F8BDE05E
:1023B0004FF030001044EFF3098C80E8F01F1EF05E
:1023C000100F03D102F17C0080EC108A202080F3F2
:1023D0001288BFF36F8F184F4FF000668A698A60CA
:1023E0003E6092F9BDE0506F0023536780F311887F
:1023F0001EF0100F03D00023E1EE103A03E002F1CB
:102400007C0090EC108AEFF3148323F0040383F331
:102410001488BFF36F8F02F1300090E8F01F8CF347
:10242000098802F1000004B505F093F8BDE8044006
:1024300070470000501E002004ED00E01EF0040F65
:102440000CBFEFF30880EFF30980816911F8021CDB
:102450000229FFD001B5724605F06CF801BD00BF3E
:1024600040B2002807DB01234109034A00F01F00A6
:10247000834042F82130704700E100E040B200287C
:102480000CDB01220649430900F01F008240203383
:1024900041F82320BFF34F8FBFF36F8F704700BF0A
:1024A00000E100E0054B420953F82220012300F02F
:1024B0001F0003FA00F01040704700BF00E100E089
:1024C00040B2002801F10101ACBF00F16040064BB1
:1024D0004FEA4111C9B2ABBF00F5614000F00F00F7
:1024E00080F800131954704714ED00E0044B054ABE
:1024F00023F07F039360BFF34F8FBFF36F8F70475D
:102500000000000000ED00E008B5FFF7EFFF104B02
:10251000D3F8882022F47002C3F88820D3F88820EA
:1025200042F4A002C3F888204FF04042C3F834229E
:10253000BFF34F8FBFF36F8F0023E1EE103A01F02E
:1025400093FF02F087FD00F077F801F0CDFF00BFA8
:1025500000ED00E042F8203C009B0D4942F81C3C95
:10256000019B21F0010142F8183C029B42F8081C33
:1025700042F8143C4FF0807342F8043C0023436758
:102580004FF47D43203A0265C0F8BC30704700BF6D
:102590001B720000104B9B6883421AD1EFF3058039
:1025A000B8B9EFF31181202282F31288BFF36F8F45
:1025B0001A7B22F002021A73EFF3148323F0040350
:1025C00083F31488BFF36F8F81F31188BFF36F8F8C
:1025D00070476FF015007047501E00200E461546DC
:1025E000002300B5E1EE103AEFF3148323F0040367
:1025F00083F31488BFF36F8FBFF36F8F084B98601E
:10260000436E83F30B882C4686F309880020054B24
:1026100098472046002100220023034C204700BF9A
:10262000501E00205B7500001B7200001022014B41
:102630001A61704700ED00E0002320210348C21812
:102640000133412B82F80013F9D1704700E100E01B
:1026500008B5EFF30583064A103B02EBC30152F8BD
:10266000330049688847BDE80840FFF7DFBC00BF7A
:10267000AC810000014B1860704700BF380000209B
:102680000122024B0020C3F8402570470090035000
:1026900020B1034B800143F001031847704700BF8E
:1026A00030840000084B70B5C31A0D4607499B10D3
:1026B000044659434022064804F0A9FF2B46014630
:1026C0002046BDE8704018473C1D0020B76DDBB6C2
:1026D0000C810000402373B50B4C0093041B0B4688
:1026E0000D460A49A41061430646094A094804F008
:1026F000B9FF011E05DA30462B4602B0BDE8704036
:10270000184702B070BD00BF3C1D0020B76DDBB69E
:10271000CD7600000C81000010B5EFF3118420236A
:1027200083F31288BFF36F8F074A136823F0020107
:10273000DB07116002D4012005F090FA84F31188C0
:10274000BFF36F8F10BD00BF8C1D002070B500223D
:10275000012104460520FFF7B3FE0F4801F096F96A
:102760000E4B984215D101F0A1F926690C4930466B
:1027700004F0ADFD00280BDB012535642469084910
:1027800004F11C0004F0A3FD002801DB0020E56437
:1027900070BD6FF00400FBE7A12800000000AD0B46
:1027A000788500001FB500220123CDE902236B4686
:1027B000084ACDF800D0CDF804D004F080FF0028FE
:1027C00005DB4FF480420023684602F02DF805B087
:1027D0005DF804FBED7600000C22104B014602FB75
:1027E0000033002030B4D3E90E529863EFF3118028
:1027F000202484F31288BFF36F8F1C6C04F0C00494
:1028000044F002041C6480F31188BFF36F8F1DB184
:102810002B4630BC0248184730BC70473C1D002096
:102820000C81000010B4EFF31182202383F312888F
:10283000BFF36F8F1848016841F002040460C807B5
:1028400008D482F31188BFF36F8F01205DF8044B29
:1028500001F040B94FF05021D1F80C04D1F80C141C
:10286000C907EED5EFF3118083F31288BFF36F8FA2
:102870000A490B6C03F0C00343F002030B6480F3BE
:102880001188BFF36F8F82F31188BFF36F8F002021
:102890005DF8044BFFF7A0BF8C1D00203C1D0020FD
:1028A00010B1012804D07047034B1B6C5B0701D1AA
:1028B000FFF792BF704700BF3C1D00202DE9F0419B
:1028C000012207463649D1E8EF3FC1E8E02F002852
:1028D000F9D133B9334934484B60CB608A6004F096
:1028E00009FD7B1E012B2BD8012F07D14FF0502360
:1028F000D3F81C3403F00303022B21D005F0D0FAE7
:102900000546F8B9294B1B78E3B14FF0502302225A
:102910000646C3F808234FF05024DFF89480D4F81B
:102920001824D4F81834D20315D503F00303022B6E
:1029300001D0012F0FD16DB386F31188BFF36F8FD4
:10294000BDE8F081EFF31186202383F31288BFF3F3
:102950006F8F0125DFE7C5B1304604F012FED4F8D1
:102960001835DBB2012BDAD1D4F80421002AD6D0F5
:102970000022C4F80421D4F804210222C4F8182546
:102980002022C8F88021A360C9E70021212005F09A
:10299000F7FAE4E74FF050230222C3F80423CFE70D
:1029A000381D0020281D0020581D00205D2100201A
:1029B00000E100E008B5074805F0BCF938B1064869
:1029C000FFF758FE0448FEF7B3FE002008BD6FF085
:1029D0001200FBE76C810000DD2900000A2838B5F1
:1029E0000446074D04D1AB680D2128465B68984723
:1029F000AB6803485B68E1B29847204638BD00BF2A
:102A00006C810000024B0B6001231360704700BF14
:102A1000901D0020004870479C85000010B50122E1
:102A20000648114605F030FA05F07CF9044C2060A8
:102A300005F075F96060002010BD00BF981D0020F2
:102A4000901D002070B50C46154605F068F9294622
:102A50000646204604F0B9FE08B3B4FBF6F306FBC5
:102A60001343E3B9B5FBF6F306FB1353BBB9AE4210
:102A700001D9002070BD4FF0FF324FF0FF330948FD
:102A800001F0D2FE05F04BF90646204601F02EFC7F
:102A9000AD1B3444F9D1034801F092FEE9E76FF031
:102AA0001500E7E7981D0020F8B50E461946304698
:102AB00017461C4604F089FE08B346EA040515F0E3
:102AC00003051CD1A4B14FF0FF324FF0FF330D4886
:102AD00001F0AAFE24F00304A54206EB050009D18B
:102AE000094AD2F80034DB07FBD5064801F068FE3E
:102AF0000020F8BD795901F017FC0435ECE76FF0C0
:102B00001500F6E7981D002000900350430970B5AA
:102B100007D10B4B596821B101250C68094E85403E
:102B200001B970BD8A682A4002D030464B68984788
:102B30001CB1236821461C46F2E72346FAE700BF92
:102B4000A81D00202C8100002DE9F04340F206353D
:102B50004668D00648BF0320337B02EA050558BF0C
:102B6000C2F3401087B001F01F07B5F5837F14460C
:102B700047EA43178DF8030041D00FD8062D18D02F
:102B800007D8B5B1022D3CD06FF0150007B0BDE8F5
:102B9000F083B5F5807FF7D101250AE040F20222EB
:102BA000954230D0B5F5407F2FD0B5F5007FEBD101
:102BB000022522032BD5012372688B409360326972
:102BC00062BB07F01F037F0975D13D4A84F4803151
:102BD00002EB8302D2F80032C1F30041C4F3404457
:102BE00023F4E16344EA410423F007031C4344EA6D
:102BF000800444EA0524C2F800420020C6E7072505
:102C0000D7E70425D5E70525D3E70325D1E76303F7
:102C100041BF012372688B40D360D0E7103639463C
:102C200030460DF1020201F00DFA14F4403F8046E7
:102C30000CD13946304605F06BF8224B9845DCD173
:102C400030469DF8021001F03DFAD6E74FF000093A
:102C500001AB3946304603AACDE90439CDE90199E3
:102C6000CDF80C9001F0BCF8164B98428CD114F4BE
:102C7000003315D09DF8033084F48034C4F300444D
:102C80008DF80E3039464B46304603AA8DF80C506D
:102C90008DF80D4001F058F90A4B9842CDD073E7FA
:102CA000CDE9043339460DF10303304603AA0393FB
:102CB00001F096F8F0E7803352F82330FFDE00BFD2
:102CC000002584500000AD0B38B545682B69B3B1C1
:102CD0001035284601F0ECF9044680B90146284633
:102CE00001F0C2F9084B98420BD122462846074909
:102CF00001F0A2F9224605210D20FFF7E1FB00209B
:102D000038BD6FF00400FBE70000AD0B0D2B000099
:102D1000F0B51646426801F01F04107B87B044EA04
:102D20004014106900286DD0B6F5001F02F110059F
:102D300006D12146284604F0EDFF002007B0F0BD83
:102D40000027B6F5800F01A80197476037D1B3F18E
:102D5000007F14BF052304238DF804300023CDE940
:102D60000403039393680DF1030723FA01F111F0B3
:102D7000010139D1B6F1A07F36D104F01F036209F9
:102D800003F1800344D1244A52F82330DB072BD4CB
:102D90003A462146284601F055F9204B984219D071
:102DA00002972146284603AA01F01AF81C4B9842C4
:102DB0002BD101222146284601F094F9BDE7B3F159
:102DC000C06F05D0B3F1007F14BF01230223C3E716
:102DD0000323C1E73946284601F07CF9104B98429D
:102DE000DED06FF00B00A9E73A462146284601F0F5
:102DF00029F90B4B9842D4D128469DF8031001F0D5
:102E000061F9CEE76FF0850098E76FF0150095E760
:102E100051F82330FFDE00BF002584500400AD0BC5
:102E20000000AD0B2DE9F04740F2FF16594FDFF8D7
:102E300068C1DFF868E100EB8101814202D1002026
:102E4000BDE8F087046814F4804FC4F3C325C4F3CD
:102E5000080340F08C80240EB34208BF4FF0FF33CC
:102E60007D5D192C00F28680DFE804F00D13191C3B
:102E70001F251C84848484366084848484848484B0
:102E8000848463787B7EC2F80C355C1C5BD1043093
:102E9000D3E7C2F814355C1CF9D000245CE0C2F81A
:102EA0000835F2E7C2F81035F5E75C1CC2F80835C2
:102EB000EDD0002404E05C1CC2F80C35E7D00124FE
:102EC0005FEA531859D14FF00109DFF8CC8009FAB5
:102ED00003FAC8F80CA008E0C2F80835002DDAD1D2
:102EE0005C1CD4D000240625A146D0F800A00AF42A
:102EF0000048B8F1000F1CBF4FF00009012403F097
:102F00001F085B093FD10CEB8808D8F80032CAF3E0
:102F1000412A03EA0E0343EA8A0343EA052343EA0C
:102F2000090343EA4403C8F80032B0E7C2F80C359D
:102F3000D4E7C2F86035B3F1FF3F0468A7D0C4F30B
:102F40000044002CBBD05C091AD10124DFF8488072
:102F500004FA03F9C8F80890A146C6E7C2F8643538
:102F6000E9E7C2F86835E6E7C2F86C35E3E76FF0E9
:102F7000150065E76FF0850062E70023DB60FFDE88
:102F800000239B60FBE7002308F1800853F82830FA
:102F9000F5E700BFAE8E000000258450F0F8FCFF7E
:102FA0002DE9F04104460D46476804F079FF4FF0E3
:102FB000200888B9264B1B7873B16426606804F03A
:102FC000A3FCF0B9012004F0E9FD013EF6D1002197
:102FD000212004F0D5FFF0E7EFF31186314688F3A6
:102FE0001288BFF36F8F606804F08EFCA8B986F377
:102FF0001188BFF36F8FEFE786F31188BFF36F8FF0
:10300000E5E7EFF31186314688F31288BFF36F8F3F
:10301000606804F079FC0028EED0BB6900201D70C8
:103020006368BA691B68C3F844250122C3F84825C0
:10303000C3F82001D3F82041C3F85801D3F8580150
:103040009A6081F31188BFF36F8FBDE8F08100BFF4
:103050005D210020F8B5054644680121E06804F0D0
:1030600084FC6B681A682369C2F82435617D237D6E
:103070000B43A17D0B43C2F86C356E68D6E9004363
:1030800013F0010342D02F6907F1080000F0F8FCAB
:103090002D4B984254D1387A04F10C0204F590710A
:1030A00004F07EFD387A012707FA00F000F0E2FC18
:1030B0000823C4F80035B369C4F844350023C4F8C4
:1030C0004835A760D4F85831002BFBD00026C4F84F
:1030D00000656B683146D86804F047FC6D6831467E
:1030E000E8682C6804F041FC0823C4F800352A7A0B
:1030F00052B9EB69C4F834350123C4F83835C4F843
:103100001021D4F8102123600020F8BD0822C4F853
:103110000025B269C4F84425C4F848350123A360EA
:10312000D4F82031002BFBD00023C4F82031D4F890
:1031300020310123E3604FF48073C4F80433C1E706
:103140006FF00400E1E700BF0000AD0B01238340F6
:1031500070B5DC430B4AD2E8EF1F01EA0405C2E870
:10316000E65F002EF7D14FF4803282400648C0F867
:103170000823BFF35F8FBFF36F8F0B4214BF012093
:10318000002070BDD01D00200050015070B40E49C9
:1031900022F07F46D1E90034D01AC31844F100046C
:1031A000C1E90034A6F50013B3F5400F09D2074B6F
:1031B0001B681A0A1B069C19054B42F10005C3E95E
:1031C000004570BC02F022B830010020D41D002060
:1031D00038010020D9B101230D4A8340D2E8EFCF56
:1031E0004CEA030CC2E8E1CF0029F7D14FF4803359
:1031F000084A8340C2F80433074BD3E8AF3FC340CB
:10320000DB0742BF4FF40012044BC3F800217047A4
:10321000D01D002000500150CC1D002000E100E036
:103220000D4B1868010A0006BFF35F8F0B4BD3F8F4
:103230000435181841F10001B3F5801F0AD2084B7C
:10324000D3E90023904271EB030303D210F18070A5
:1032500041F10001704700BFD41D00200050015013
:10326000380100202DE9F04F85B016461F46044670
:103270009DF840A0FFF76AFF0190FFF7D1FFB04231
:1032800071EB070352D23B4B301A67EB01019842B6
:1032900071F100014DD2384B03EB0413D3E9022343
:1032A0009F4208BF964258D04FF48038334908FAFD
:1032B00004F8204626F07F4BC1F8488304F082FBD7
:1032C0004FF00309584604F15005AD00ADB205F1C9
:1032D000502504F5A87305F580350293029A20F075
:1032E0007F4341F82230C1F84483D1F80435244AA1
:1032F000C01A033820F07F4090422ED9286868B168
:10330000D1F80435A3EB0B0020F07F40B0F5000F9F
:10331000039322D9204604F055FB039BBAF1000F1A
:1033200007D109EB030009F10109D7E7BAF1000F52
:1033300009D06FF0150520460199FFF74BFF28468D
:1033400005B0BDE8F08F01230E4AA340D2E8EF0F8D
:103350001843C2E8E10F0029F8D107490E9823016C
:10336000C8500F9B01EB04120025C2E902675360AD
:10337000E1E700BF01008000200100200050015063
:10338000FDFF7F00CC1D00207FB500254FF0FF30F2
:103390004FF0FF31194C1A4B0226C4F80833C4F819
:1033A0004833184BC4F80855C3E902014FF4803381
:1033B0004FF40012C4F80433134B0121C4F8046322
:1033C0001520C3F880212A46FFF77AF81520FFF769
:1033D00047F801230D4AA360236013600C4B0D4A8C
:1033E000009328460023CDE90155FFF73BFF304607
:1033F000FFF764FA284604B070BD00BF00500150CA
:1034000003000F002001002000E100E0D01D00209B
:103410008D310000FFFF7F002DE9F7432E4BD3F8DD
:10342000042390070BD5D3F8042142B10022C3F83E
:1034300004212A4AD3F80431136801331360264A61
:10344000D2F80433D90326D5254BD3E8EF1F21F05A
:103450000100C3E8E40F002CF7D1CB0702D4D2F867
:103460004031C3B100251C4CC4F84051D4F8403160
:10347000FFF7D6FEEFF31182202383F31288BFF308
:103480006F8F184BD3E90267B042B94106D282F37D
:103490001188BFF36F8F03B0BDE8F0834FF0FF38A2
:1034A000D3E900104FF0FF391D60C3E902894FF4E2
:1034B0008033C4F84833C4F84051D4F8403182F323
:1034C0001188BFF36F8F0029E5D0009032463B464C
:1034D00028468847DFE700BF00500150D41D002078
:1034E000CC1D00202001002030B5431C124C85B0BB
:1034F00005D08442A8BF0446012CB8BF0124FFF7C1
:103500008FFE0E4B0C4DD3E90013401AB0F5000F9F
:103510000FD22218AA4228BF2A4600205218084972
:10352000CDE90100009143F10003FFF79BFE05B0D8
:1035300030BD2A46F1E700BFFFFF7F0030010020C9
:103540008D31000008B5FFF76BFE024B1B68C01AF7
:1035500008BD00BF30010020012310B5074C152025
:103560006360FEF78BFF4FF40012054BC4F808337D
:10357000C4F84833034BC3F8802110BD00500150FC
:1035800003000F0000E100E040EA0103C3F30E0373
:1035900030B58BB940F21515094CC90BC0F3C730D3
:1035A000994201D1002030BDC218D2B202F5C072DA
:1035B00044F822500133F3E76FF01500F3E700BF42
:1035C0000030005030B5816885B0103921F0070413
:1035D000054603F066FF10220146684604F002F833
:1035E00010226846064903F0F2FF10236A4621467E
:1035F000284603F025FF003818BF012005B030BD74
:10360000F687000030B50D46816887B0102302AA06
:103610001039044603F0FFFE002802DA012007B04B
:1036200030BD1022204602A904F0F7F900283AD153
:1036300010221E4902A803F0BAFF00280CBF012384
:1036400002232B70204604F0D4F9012301460DF12A
:103650000702204603F0DFFE0028DFDB9DF807307D
:10366000204603F00F021B096A702B7101220DF135
:10367000070104F0D2F910B96B78042B03D90123A8
:103680006B7000232B71A2682046183A22F00702C3
:10369000083AA91C04F0D4F90028BFD12046E91C3F
:1036A00004F027FABBE70323CBE700BFF68700004F
:1036B000F0B5354F85B046000546694657F82600F7
:1036C00004F01DFA044610B1FF2005B0F0BD01362C
:1036D00057F8260002A904F012FA012837D12A4629
:1036E00049212A4803F07CFE294B8DF80C400293B7
:1036F00000229DF800609DF80870264C3146207825
:1037000004F07DF950B33946607804F078F928B3B5
:10371000A378042B03D09DF8031099421ED1E378BF
:10372000042B03D09DF80B10994217D12379042B59
:1037300010D16279022A1DD1174B18482A46492117
:1037400003F04EFE6079831E022BBED9BCE7002831
:10375000CED0B9E79DF802109942EAD00132032A8F
:1037600004F10604CAD10E482A46492103F038FE66
:103770000120AAE7032A05D00A4B0B49042A08BFF7
:103780000B46DAE7094BD8E744860000ED8E0000CF
:1037900003010303828F0000CF8E0000388F0000EA
:1037A0005C8F0000D48E0000E68E0000CA8E000000
:1037B00008B5EFF31083012B0C4A07D1126ABFF34F
:1037C0004F8F511C4A424A41104608BD04F0C4F9CB
:1037D00000B172B6126ABFF34F8F531C5A425A415E
:1037E00004F0BAF90028EFD062B6EDE70080FF00E0
:1037F00008B5EFF31083012B0B4A06D1D269BFF352
:103800004F8F02F00102104608BD04F0A5F900B187
:1038100072B6D269BFF34F8F02F0010204F09CF937
:103820000028F0D062B6EEE70080FF0010B504F08B
:1038300093F930B14FF050230022C3F81421C3F89C
:10384000182104F098F928B10122644BC3F8382AF2
:10385000C3F878254FF47F02D2F83031D2F8342102
:10386000BFF34F8FC3F30B03092B05D1012A1EBFF2
:1038700001225A4BC3F8782504F07DF918B10E22C5
:10388000574BC3F8E42E04F067F930B10022534BD4
:10389000C3F80C270122C3F810270022D30003F538
:1038A0007F03D3F80013BFF34F8F013108D0D3F853
:1038B00000130132D3F80433B2F5807F0B60EDD1F1
:1038C000EFF31084FFF794FF00284DD0BFF34F8F24
:1038D000444BD3F80024012AFBD1C3F80425D3F8C4
:1038E0000024012AFBD1012C03D004F035F900B1EA
:1038F00072B6FFF77DFF58B13B4AD36923F001034D
:10390000D361BFF34F8F374AD2F80034012BFBD17C
:10391000FFF74EFF68B1344A136A23F0FF0343F008
:1039200020031362BFF34F8F2E4AD2F80034012BCD
:10393000FBD1012C03D004F00FF900B162B60022D4
:10394000284BC3F80425D3F80024012AFBD1BFF388
:103950004F8F2649264BCA6802F4E0621343CB60BE
:10396000BFF34F8F00BFFDE7FFF722FF0028ADD167
:103970001E4AD2F88C3043F44063C2F88C304FF4C6
:103980007F03D3F83021D3F83431BFF34F8FC2F324
:103990000B02092A16D1013B022B02D8154AD35C2F
:1039A00083B11148144903680E4A8B420CBF5A2355
:1039B0000023C2F8103EC36A8B420CBF5A23002377
:1039C000C2F8003E094AD2F8883043F47003C2F8C6
:1039D0008830BFF34F8FBFF36F8F10BD0040005092
:1039E00000A00350009003500080FF0000ED00E0B5
:1039F0000400FA05948F0000FA50FA5030B50468BC
:103A0000ACB1B4FA84F30122C3F11F03DBB29A40D4
:103A100024EA0202D0E8EF5FA54204D1C0E8EC2F0F
:103A2000BCF1000FF6D1EAD102480B7030BD02485C
:103A3000FCE700BF0000AD0B0200AD0B10B5036842
:103A4000CB40DB0710D401238B40026843EA02011C
:103A5000D0E8EF4F944204D1C0E8EC1FBCF1000F56
:103A6000F6D1F2D1014810BD0148FCE70000AD0BD2
:103A70000400AD0B014BC3F8040570470070015002
:103A80000146014800F0B6B83C000020044B1A790A
:103A900022B9012218601A71024870470248704723
:103AA000D81D00200000AD0B0C00AD0B08B5084B75
:103AB0001B6833B10520FEF7F5FC10B90520FEF7B1
:103AC000CFFC4FF050230122C3F8182508BD00BFDA
:103AD000D81D002010B510B1012847D010BD4FF0FF
:103AE0005023D3F81814D3F81824C90322D502F0B0
:103AF0000303022B05D0012B02D0002004F057F85D
:103B000001234FF050220220C2F8183508224FF44A
:103B10008273002103F1502319601C68012402F113
:103B200050221460164A126822B34FF05023C3F893
:103B30000403D3E7D3F81424D207E1D5D3F81C2427
:103B400002F00302013A012AD7D80D4A12681AB1CD
:103B50000222C3F80423C1E7D3F80421002AFBD0D2
:103B60000022C3F80421D3F80431B7E700224FF450
:103B70008073CEE71A68002AFCD019601B68ADE795
:103B8000D81D0020F8B54FF0502301250026D3F8AA
:103B90000443174F04B9F8BDB4FA84F0C0F11F0014
:103BA000830003F580739BB203F1502305FA00F202
:103BB0001968D2B224EA02040029EBD01E601B6807
:103BC0004FF05023022AC3F808230DD1D3F818145C
:103BD000D3F8181401F00301012905D1C3F8182501
:103BE000C3F804239960D5E73B68C0B29847D1E792
:103BF000D81D00200079024B03EB0010FFF7FEBE3A
:103C000044000020036803F01F025B0902600248C1
:103C100018BF0020704700BF0025845070B5C3B2A4
:103C20000C4C083334F813300546DA050E4607D538
:103C3000C3F3432304EBC302526854F8333098476C
:103C4000A3682BB131462846E268BDE870401847AA
:103C500070BD00BFE01D0020024611F0010004D03D
:103C600003490B6A13600B6203B90020704700BF61
:103C70000025845010B4134AC0B2083032F8103016
:103C8000D9051CD5C3F3432123F4F85322F810308F
:103C9000002002F10E0434F8023F13F4807F03D0B9
:103CA000C3F3432399420AD001302028F3D10023E3
:103CB00042F8313004485DF8044BFFF7BFBE5DF8B1
:103CC000044B7047E01D0020381E0020F0B504466C
:103CD00000200125064601F1A05101F55151104A7D
:103CE00089008A420BD10F4BD3F87C2132B10022DC
:103CF000C3F87C21D3F87C3140F00040F0BD02F1E4
:103D00003043A3F551439B0805FA03F31C4204D04A
:103D1000176817B11660176818430432E1E700BF4F
:103D200000D1005000D00050CBB2024608460D49E9
:103D3000083331F81330990611D599070FD40121B2
:103D400010685B0B9940C0F80813126802EB8303FC
:103D5000D3F8102522F00302C3F810257047002184
:103D600003F0C7BFE01D0020F7B5194ECDB20835EE
:103D700036F815300746DB070C4626D5FFF7D4FF8B
:103D800036F815309A0608D55A0B3B6803EB8203C8
:103D90000022C3F81025C3F810252046FFF76AFF5C
:103DA000002301A826F815300194FFF72BFF019B93
:103DB00000EB8300D0F80022064B134043F00203CF
:103DC000C0F80032044803B0F0BD0448FBE700BF70
:103DD000E01D0020F0F8FCFF0000AD0B0400AD0B6F
:103DE0002DE9FF41136807460C461646FBB1DFF884
:103DF0004881CDB2083538F8152002F02202222A77
:103E000022D000222046CDE900228DF80E208DF828
:103E10000F200DF10E010DF10F0203F021FF38F814
:103E2000153023F0020343F0010328F815307368BE
:103E300063B393F800C058683F4AE3B2083332F8DE
:103E400013108D0702D5C8B13C4822E021F02001B3
:103E5000C904C90C22F8131080B1BCF1030FF3D8C8
:103E600070683D68406890F800E005EB8E05BCF195
:103E7000000F11D1C5F810C5C5F810C532F81310E0
:103E800021F01C0141EA8C0122F81310B3684BBBEE
:103E90002B4804B0BDE8F081D5F8108541EA4E31D9
:103EA00028F00308C5F810853D6841F0200105EBB6
:103EB0008E05D5F8100522F8131020F4473020F4B1
:103EC0004070C5F810052002D5F8107500F4F850C0
:103ED00040EA0C403843C5F8100502EB4E00A0F84C
:103EE0005C40CBE72046D3E90067FFF7C3FE002E16
:103EF000CED0114DD5E90023964203D19F4201D186
:103F0000002209E00F480DF10F01FFF777FD0C4B80
:103F10009842BED19DF80F20E4B205EBC2030834ED
:103F20005F6035F8143045F8326043EA422343F4C9
:103F3000807325F81430ABE7E01D00200400AD0BC2
:103F40000000AD0B381E00202DE9FF4107460C464E
:103F50001E4612B3DFF8D480CDB2083538F81530DC
:103F6000980701D4990621D413F01C0F02D053787E
:103F7000012B1BD001238DF80F3000232046CDE903
:103F800000230DF10F01931C013203F069FE38F894
:103F9000153043F0030328F81530002E44D0234D8C
:103FA000E1B2083135F81120930703D4204804B05A
:103FB000BDE8F081002096F800E03B6822F0200286
:103FC000D20403EB8E03D20CC3F8100525F81120A0
:103FD000C3F8100596F801C04FEA8E08BCF1000F37
:103FE00022D03868B6784044D0F810354FEA0C4CEF
:103FF00023F4981323F4F853C0F81035230203F484
:10400000F8530CF4403C3605D0F8107543EA0C0325
:1040100006F48016334342EA4E323B4342F020021C
:10402000C0F8103525F811200248C0E7E01D002037
:104030000400AD0B0000AD0B014BC3E90212704749
:10404000E01D0020054BC9B2083133F81130990644
:1040500043BF5B0B0248137002487047E01D00200D
:104060000000AD0B0400AD0B70B50E4C064694F885
:104070006C50A5B94022294604F1100003F0B2FAB1
:104080003068C0F87C51D0F87C3140F30730FEF73F
:10409000E7F90123044884F86C30A36570BD034838
:1040A000FCE700BFE01D00200000AD0B0C00AD0BD5
:1040B000034B93F86C00003818BF0120704700BF15
:1040C000E01D00200079024B03EB8000FFF7B6BC37
:1040D000540000200079024B03EB8000FFF78EBCF8
:1040E0005400002073B5CBB20C462149083331F897
:1040F000133001689D0619D513F0020616D15B0B2B
:104100009C0004F580754E51495901682144D1F84D
:10411000104544F00104C1F810452AB1012201689C
:1041200002FA03F3C1F8043302B070BDD1F80423DE
:10413000C3F38203002AA4BF4FF00042C1F8042356
:10414000042B11D0052B11D001A80194FFF75AFDC3
:10415000019A0369D34003F00103991C204602B081
:10416000BDE8704003F0C5BD0321F7E70221F5E784
:10417000E01D00202DE9F3474F4B0821D3F804033D
:10418000C0B240F00040FFF7A1FD051E16DA002383
:104190000121684600930127FFF75EFDDFF81C81CF
:1041A000009999B94FF00040FFF790FD0121684652
:1041B000FFF752FD0028F3D125F0004501243E4EC3
:1041C0003E4F002D63D102B0BDE8F08791FAA1F413
:1041D000B4FA84F4E00804F1080338F8139004F00A
:1041E00007021DF8003007FA02F223EA02030DF875
:1041F000003001A80194FFF705FD019B4FEA9901EA
:10420000803350F82360C9F3820A4B07D146C6F3C6
:10421000014621D520465146FFF700FD01A8019433
:10422000FFF7F0FC019BF6B2803350F82330C3F364
:1042300001439E4207D10021204603F05AFD31463A
:10424000204603F056FD01A80194FFF7DBFC019B1B
:1042500007FA03F30362A3E7022E0CD103212046E1
:1042600003F047FD0AF00503012BECD14946204637
:10427000FFF7D4FCE7E70221204603F03AFDBAF14C
:10428000030FF3D0032EDED1BAF1020FEDE795FA5A
:10429000A5F3B3FA83F304FA03F225EA020503F562
:1042A000A27256F8221007EB4303B3F85C00C1F387
:1042B0000141FFF7B3FC84E700D00050E01D00206F
:1042C0000022034BC3F88425C3F80425704700BFC0
:1042D00000900350044AD2F80834DB07FBD5016094
:1042E000BFF35F8F704700BF0090035008B5C0F365
:1042F0000B0383B90222094BC3F88425C3F80425B4
:104300004FF0FF320260D3F80024D207FBD5FFF74D
:10431000D7FF034808BD0348FCE700BF00900350E7
:104320000000AD0B0A00AD0B012208B5054BC3F828
:104330008425C3F80425FFF7CDFFBDE80840FFF74B
:10434000BFBF00BF0090035038B5EFF311852023A5
:1043500083F31288BFF36F8F064B9C6803F0FDFC5C
:1043600085F31188BFF36F8F2046BDE83840FEF714
:1043700005B800BF501E002038B50A4B53F8204046
:10438000013053F82050A54200D838BD606830B1E4
:10439000037FDB0701D403F0E3FC0834F3E7236871
:1043A0009847FAE74C860000012270B5294B03209C
:1043B00086B01A70FFF7E0FFFDF73EFD0420FFF71F
:1043C000DBFF254C254D2646AE4204F1300410D3C8
:1043D00000F020FC204C224EAC4226D300F02EFCF4
:1043E000FCF718F81F4A137B23F00103137306B080
:1043F00070BD54F80C3C059354F8103C049354F8E9
:10440000143C039354F8183C029354F81C3C019359
:1044100054F8203C009354E90A2354E90C0100F0BD
:1044200029FA54F8303C5E65CDE7D4E90A23B3F1AC
:10443000FF3F08BFB2F1FF3F05D052EA03012068F9
:1044400003D100F0B7FC3034C6E73146183000F035
:104450004BFEF8E75D210020B4830000B483000028
:10446000797F00000002002008B50348034A0021BC
:10447000121A03F08CFC08BD2001002060210020EE
:10448000C02370B5134E012203FB0066002386B0E3
:10449000CDE904230F220193CDE9023218234FF412
:1044A000A0720D4D0D4903FB0055044602FB00119F
:1044B0000B4B3046009500F0DDF9737B2C7423F034
:1044C00004037373074B013403EBC423EE606B608A
:1044D00006B070BD40010020501E00206029002061
:1044E000557E000060210020BFB50020FFF744FF8B
:1044F000274B03F5006282F3088883F30A880024BF
:10450000E023244D244F85F82230EC772C766C760E
:10451000AC7685F820406B6A43F4E0236B6285F843
:104520002340FDF7BFFEFEF781F84FF0FF331B4835
:10453000AB62EB6200F0CEF903F0FBFB0120FFF76A
:104540001BFF0220164DFFF717FF00F0ABFB154BCA
:1045500015499D61154B4FF42052059301232846C0
:10456000CDE90343CDE901443B46009400F082F9D4
:1045700006466A7B284622F004026A7303F0D0FCE8
:104580002046FFF77DFF3A4631462846FEF726F8DB
:104590006021002000ED00E0A9430000C0020020DF
:1045A00000020020501E0020A02A0020978F00004B
:1045B000002038B5054C064DAC4200D338BD20462E
:1045C00003F0E9FB0028F9DB1C34F5E7D0000020FC
:1045D000D000002073B50C46EFF31181202585F340
:1045E0001288BFF36F8FC5685DB125602B68C3600B
:1045F000836901338361002081F31188BFF36F8FDA
:1046000011E052EA030603D16FF00B002560F3E7D7
:10461000CDE900230246083000F042FA18B9034BF6
:104620009B681B69236002B070BD00BF501E002054
:104630002DE9F341044617461E46EFF31188202367
:1046400083F31288BFF36F8FC368334A7BB18068EE
:104650009168884219D057EA060318D188F3118867
:10466000BFF36F8F6FF00F0002B0BDE8F08191686B
:1046700091F90E100133E36093682161A36088F320
:104680001188BFF36F8F0020EEE72169F2E791F9FF
:104690000E1090F90E306FF07E029942A8BF1946B5
:1046A0009142B8BF11468B422DDD03F0DEFB05467B
:1046B00022464146CDE90076184800F0F1F900287D
:1046C000E1D0EFF31186202383F31288BFF36F8FBD
:1046D000A068D0B1236821699C420AD04BB193F9FC
:1046E0000E309942A8BF19466FF07E039942B8BFB9
:1046F000194603F0BAFB40B13146084800F064FAAD
:104700006FF00A00B0E70025D2E7002DF4D186F360
:104710001188BFF36F8FF3E7501E00205E21002049
:10472000F8B583680546002B3FD0234A9268934230
:104730003ED1C368012B03D9013BC3600020F8BD03
:10474000EFF31187202383F31288BFF36F8F016982
:10475000806803F08AFB2C68AC4207D10023C5E9CE
:10476000023387F31188BFF36F8FE7E7002CF5D092
:10477000D4E90032002613605A60637BC4E9006606
:1047800023F002036373A66004F1180003F036FC03
:10479000AC6094F90E3020462B61A66703F0C0FB95
:1047A0003946064800F010FAC8E76FF01500C6E772
:1047B0004FF0FF30C3E700BF501E00205E210020F5
:1047C00070B5EFF31186202383F31288BFF36F8F48
:1047D0000468A0421AD0CCB1D4E90032002513609D
:1047E0005A60637BC4E9005523F002036373A5603C
:1047F00004F1180003F002FC2046A56703F090FBCB
:104800003146BDE87040074800F0DEB9D0E9023219
:104810009A4218BF0133836086F31188BFF36F8F0C
:1048200070BD00BF5E21002013B5EFF3118120247D
:1048300084F31288BFF36F8F846844B1013C8460B5
:1048400081F31188BFF36F8F002002B010BD52EAD0
:10485000030406D181F31188BFF36F8F6FF00F004F
:10486000F3E7CDE900230246014800F019F9ECE72F
:104870005E2100202DE9FF410E9E00F158050673D0
:104880000426C0E916550025044646730D9EC0E96E
:1048900006558673D61D0C9A26F00706C0E9191630
:1048A0008560C573C56602920B9A01EB06080192FA
:1048B0000A9A00924246FDF74DFE054B65659B68DE
:1048C00003B11B6F4046236704B0BDE8F08100BF11
:1048D000501E002040F2011383810023C0E91933E8
:1048E0000367014B98607047501E00206FF00A016B
:1048F000084A93689967084958674B6843F08053A2
:104900004B60002383F31188BFF36F8F9368986F18
:10491000704700BF501E002000ED00E070B590F918
:104920000D20437B002A36DBD90634D11B4C63F0C3
:104930007F032246437352F81C3F216A934207D1FA
:10494000C0E900210860206211E09942F8D01B689C
:10495000002BF5D090F90E5093F90E60B542F4D0CB
:10496000AE42F2DD5968C0E9003108605860E5697F
:10497000954200D005B9E568A3685A7BD20604D1F8
:10498000DA897F2A01D9AA6932B1AB4202D028461E
:1049900000F008FBA56170BDA361FCE7501E00207C
:1049A00038B590F90D200146002A437B04DA03F064
:1049B0007F03437303F07AFA0D4D2A4652F81C4FD9
:1049C000AB68944200D004B9EC688B4207D05A7BA4
:1049D000D20604D1DA897F2A01D9A2692AB1A34279
:1049E00002D0204600F0DEFA2346AB6138BD00BF9E
:1049F000501E0020B3F1FF3F08BFB2F1FF3F03D0CC
:104A00000249183000F070BB704700BF797F00008A
:104A100070B590F90D200146002A437B04DA03F0BB
:104A20007F03437303F042FA1C4C4B7B224663F036
:104A30007F034B7352F81C3F206A934207D1C1E9B0
:104A400000200160216211E09842F8D01B68002B21
:104A5000F5D091F90E5093F90E60B542F4D0AE4204
:104A6000F2DD5868C1E9003001605960E569A3686A
:104A7000954200D005B9E5688B4207D05A7BD20633
:104A800004D1DA897F2A01D9AA692AB1AB4202D0BE
:104A9000284600F087FA2B46A36170BD501E002007
:104AA000F8B5DDE906670D4B0C46986811460C4ACF
:104AB0001060EFF31182202282F31288BFF36F8F10
:104AC0009D68284603F004FA284632463B46FFF725
:104AD00091FF2046BDE8F840FFF708BF501E0020B8
:104AE000741E0020F8B50446EFF31187202383F3EA
:104AF0001288BFF36F8F437B49B203F01F02002A75
:104B00000CBF0126002639D103F07F032D4D4373DE
:104B100003F0CCF92A46437B817363F07F03437330
:104B200052F81C3F934227D1286AC4E90020046050
:104B30002C620FE09842F8D01B68002BF5D093F957
:104B40000EC06145F6D08C45F4DD5968C4E90031EA
:104B50000C605C60EC69944200D004B9EC68AB680E
:104B60009C4202D0204600F01DFAAC6187F3118808
:104B7000BFF36F8F3046F8BD286ADEE79B071ED56E
:104B8000856803F093F981732B689D4209D16B68A6
:104B9000C4E900531C606C60E8E76A689342F6D091
:104BA0001B68002BF3D093F90E209142F5D08A4276
:104BB000F3DD5A68C4E9003214605C60D6E78173A3
:104BC000D4E700BF501E002049B9EFF3058030B98B
:104BD000054B9A699B689A4201D0FFF787BE81F323
:104BE0001188BFF36F8F7047501E0020034648B9ED
:104BF000EFF3058232B9064A91699268914201D079
:104C0000FFF774BE83F31188BFF36F8F704700BF47
:104C1000501E0020EFF31181202383F31288BFF38D
:104C20006F8F054B9A68D37B013BD37381F3118857
:104C3000BFF36F8F704700BF501E002070B5EFF3B9
:104C40001186202383F31288BFF36F8F144DAB6856
:104C5000DA7B0132DA732A4652F81C4F944200D0B4
:104C600004B9EC685A7BD20604D1DA897F2A01D9CB
:104C7000A2692AB1A34202D0204600F093F923464C
:104C8000AB6186F31188BFF36F8FEFF311802023A0
:104C900083F31288BFF36F8FBDE87040FFF7A6BFA4
:104CA000501E0020024B03F11C02C3E9072270478B
:104CB000501E002070B5EFF31186202383F3128875
:104CC000BFF36F8F1B4CA168206A0B68814214BF31
:104CD0001A46002249680B605960A368216A2AB904
:104CE000154AC3E900210B6023620CE093F90E0022
:104CF00092F90E50A84218D0854216DD5168C3E9DA
:104D000000210B605360E5690B4B9D4200D005B953
:104D1000E568A3689D4202D0284600F043F9A561EA
:104D20003046BDE87040FFF7E1BD8A42D8D0126836
:104D3000D5E700BF501E00206C1E0020F8B550EAD9
:104D4000010306460C4603D1FFF7B4FF0020F8BD6F
:104D5000EFF31187202383F31288BFF36F8F124D77
:104D6000124BA8681860FFF71BFEA868234632465E
:104D70000F49183000F0B8F9AA680446537B38464A
:104D800043F004035373FFF7B1FDAB68D3E90A2383
:104D9000B3F1004F08BF002AD8D103F057F9201A09
:104DA00020EAE070D3E700BF501E0020741E0020F0
:104DB000797F000038B50446EFF31185202383F393
:104DC0001288BFF36F8F437B5B070FD5183003F05A
:104DD00015F9637B204623F004036373FFF79EFD00
:104DE0002946BDE838400448FFF7EEBE85F3118838
:104DF000BFF36F8F38BD00BF5E210020014B986864
:104E0000704700BF501E00202DE9F8430446077B81
:104E1000EFF31185202383F31288BFF36F8F437B59
:104E2000190705D585F31188BFF36F8FBDE8F883A7
:104E3000D90943F008025DD14273A36813B120463B
:104E400003F03CF804F1180003F0D8F8A66D04F163
:104E50005808B04511D04FF0000976B1304603F044
:104E60002DF806F1180003F0C9F83046C6F878901E
:104E7000FFF754FDA66DB045EFD1DFF8C880D8F834
:104E800008309C423ED1EFF30589B9F1000918BF03
:104E90004FF00109D8F81C60284A964200D00EB99C
:104EA000D8F80C60B34202D0304600F07BF82046C0
:104EB000C8F81860FDF76EFBB9F1000F02D020486A
:104EC000FFF708FDD8F808309C4231D1EFF3058395
:104ED00073BB227BD20718D42846FFF707FDFB07D8
:104EE000A4D5002383F31188BFF36F8F04231846E2
:104EF00002DF9BE703F07F0343F00803437302F0F4
:104F0000D5FF9AE74FF00009C4E785F31188BFF396
:104F10006F8F83F31188BFF36F8F0423184602DF6E
:104F2000EFF31180202383F31288BFF36F8FD4E750
:104F300085F31188BFF36F8FD1E700BF6C1E00208F
:104F4000C0020020501E00200122044BC01A044B56
:104F5000C0105843034B1A54704700BF8003002011
:104F6000ABAAAAAA5E210020C3897F2B12D80A4BC4
:104F70001B6863B1094B90F90E201B689A4209DB4C
:104F8000437BDB0606D1064BC31A18BF012303F08F
:104F9000010070470023FAE758000020781E002027
:104FA0004001002070B50E4B0E4C1E7C054606EBF2
:104FB000460304EBC304204603F020F800220A4B0A
:104FC00028469A55FFF7D0FF48B1084B2046BDE868
:104FD00070401A680649013AD31700F085B870BDD1
:104FE000501E0020800300205E2100205800002079
:104FF000494F000038B5EFF31185202383F3128861
:10500000BFF36F8F104B114A9C681068A04206D105
:10501000FFF7C8FF85F31188BFF36F8F38BD0021FC
:105020001B7C11600A4AD35C002BF3D02046FFF7AB
:105030009BFF0028EED0637BDB0602D12046FFF702
:10504000E7FC2046E4E700BF501E0020741E00204D
:105050005E210020074808B5074A0849121A02F0E5
:1050600098FEBDE808400648064A0749121A02F0B1
:1050700090BE00BF00000020200100209C8F000097
:1050800000000020000000209C8F0000024B1868E8
:10509000984208BF002070475C000020034B1B684B
:1050A0000BB9FEF74FBA0020704700BF7C1E0020EE
:1050B00030B570B10B4B5B6898420AD0036843B1BE
:1050C000D3E90421D0E90445121941EB0501C3E9F4
:1050D0000421D0E9003213605A600023C0E9003394
:1050E00030BD00BF5C000020B3F1FF3F08BFB2F14C
:1050F000FF3F2DE9F84F0446994615461F467BD0E1
:105100008160EFF31188202383F31288BFF36F8F40
:10511000013279F1FF33DFF8ECA020DBFFF7BEFFAF
:10512000DAE90027013549F100092D1849EBE07350
:1051300006464FF00109C4E90453AD1843EB0707D5
:10514000FFF7A4FF0346DFF8C0E0DEF804A0EBB9E8
:10515000C4E900EACAF80040CEF8044028E06FF045
:105160000103DAE900125B1A4FF0FF3161EB020232
:105170005B1B62EB0902012B72F10001BCBF012332
:1051800000224FF00009C0E90432D9E7D3E9041C3A
:10519000D4E904208A4270EB0C0B24DA891A5A688D
:1051A0006CEB0000C3E90410C4E9003214605C60D9
:1051B000FFF76CFF84420ED1114B1B685BB9B9F14C
:1051C000000F02D1FFF76AFF0646304602F0FFFEED
:1051D0000021FEF789F988F31188BFF36F8F284605
:1051E0003946BDE8F88F521A60EB0C009A45C4E9C5
:1051F0000420ADD01B68AAE700252F46EFE700BFCB
:105200007C1E0020980300205C0000202DE9F04760
:10521000EFF31185202383F31288BFF36F8F254F9F
:105220004FF0000838604FF00009FFF72FFF224EC3
:105230003B68D6E9001E4FEAE37C50B1D0E9044256
:10524000A3427CEB020A19DAE41A62EB0C02C0E911
:10525000044200245B184EEB0C022046C6E90032E3
:105260003C6002F0B4FE2146FEF73EF985F311885A
:10527000BFF36F8FBDE8F047FFF7BCBE61184EEB80
:10528000E473C0E90489C6E90013FFF711FF85F351
:105290001188BFF36F8F83689847EFF31185202340
:1052A00083F31288BFF36F8F3B681B1B3B60FFF7D4
:1052B000EDFEBDE77C1E00209803002010B5EFF343
:1052C0001184202383F31288BFF36F8FFFF7E6FE6C
:1052D0000346054AD2E90001181841EBE37184F353
:1052E0001188BFF36F8F10BD9803002010B50A4CD2
:1052F00023681BB101232360002010BD00F0EAF8F1
:105300000028F7D00138062803D8044B53F82000B2
:1053100010BD034810BD00BF801E00206486000041
:10532000FE8FFFFFBFF34F8F0549064BCA6802F49B
:10533000E0621343CB60BFF34F8F00BFFDE700BFB8
:1053400000ED00E00400FA0530B44FF0FE32002515
:10535000074B084C08494968C3F80024C3F80424E3
:10536000C3F80824C3F80C24C4F8005530BC08471F
:10537000001084500000845064000020024BD0E9EB
:105380000012C3E9001270476400002010B5044603
:1053900050B1636813F0685F05D0064A934202D0AB
:1053A00000236260236010BD034B04485B6898478C
:1053B000EFE700BF2C5F5CA964000020808600003E
:1053C000C8B143680D4A934213D013F0685F0ED002
:1053D000012350E8002F194640E8001C9CF0000F04
:1053E000F7D1012AF5D0BFF35F8F00207047044842
:1053F0007047044870476FF4E04070472C5F5CA929
:10540000E98FFFFFEA8FFFFF034680B14268094939
:105410008A420AD012F0685F05D0BFF35F8F002286
:1054200010461A60704704487047044870476FF48C
:10543000E04070472C5F5CA9E98FFFFFEA8FFFFF18
:1054400010B5044620B10023034A2360626010BDFA
:105450000248FFF779FFF6E73A00003AA886000015
:105460002DE9F041174C4768066867608768C06897
:10547000A760E06026600868134B144D1860486808
:10548000D5F818215860886812F0685F9860C8687D
:105490000969D860196112D000230D4A05F58A7098
:1054A000C5F81431C5F8B831C5F81821C5F8BC21C4
:1054B000B047236805F5DC70BDE8F0411847BDE84A
:1054C000F08100BF800000206C000020981E0020AA
:1054D0002C5F5CA938B500F02FF820B1032400F050
:1054E00063F8204638BD00F031F898B900F0ACF808
:1054F00098B90F4DD5F828391B0EF02B08D1D5F8E7
:10550000242A0C4B9A420AD0072400F017F8E6E749
:105510000624FAE70424204638BD0024F5E70120DC
:1055200000F092F804460028F7D1C5F80C0AD8E735
:10553000001084500000E0200020704700207047D9
:10554000014BC3F8040A70470010845010B511488D
:1055500000F048F800B110BD0F4800F043F80028F3
:10556000F9D10E4C204600F03DF80028F3D10C4B49
:105570000C481C6000F036F801460028EBD100F022
:105580002DF8044608B1204610BD00F03FF8204633
:10559000FAE700BFC0000020BC000020B8000020D7
:1055A000B0000020B400002008B5084800F024F83E
:1055B000074800F021F8074800F01EF8064800F000
:1055C0001BF8BDE8084000F00BB800BFC000002089
:1055D000BC000020B8000020B4000020002070476C
:1055E000704700BF08B5034B02681B6810689847F6
:1055F000002008BD8000002008B5034B02685B68EE
:1056000010689847002008BD8000002070B5094C44
:10561000094D2069AB68984718B1084B08485B688A
:1056200098470021074AEB6811602069BDE8704087
:10563000184700BF6C00002080000020640000209C
:10564000CC860000941E0020F8B51A4D1A4E044670
:10565000B26828699047E8B9184F3B684CB1A3B1CC
:10566000012B19D0013B3B602869F3689847002063
:10567000F8BD43B90121124AC2F800151149D1F809
:105680001029002AFBD101333B60F3682869984751
:105690000020F8BD0C48F8BD0A4AD2F81039002B9A
:1056A000FBD1074A6FF07E40C2F80035FFF748FF94
:1056B0003B68D7E76C00002080000020941E00208B
:1056C0000000845000108450E98FFFFF30B1026861
:1056D000034B04489A4208BF0020704702487047B5
:1056E000DD55AABB8208F0007108F00038B50D4600
:1056F0000446B0B1A0220021043002F0C4FC95B1F0
:105700000822294604F1640002F0C3FC082205F1D6
:10571000200104F1840002F0BCFC0020034B236054
:1057200038BD0348FCE70348FAE700BFDD55AABBD4
:105730007108F0008308F0002DE9F74305460E4696
:1057400099461146FFF7C2FF0446002840F08480C6
:10575000002E00F08580002900F08480B9F1200F30
:1057600040F0828005F14404082205F10408204637
:1057700002F08FFC05F1240708223146404602F072
:1057800088FC06F120010822384602F082FC02A9BA
:1057900041F8049D4FF4807002F06FFC002865D141
:1057A0004FF48073324A0121136093600823314A19
:1057B00000F034FB0121052308462F4A00F02EFBA0
:1057C0000823424601211C2000F028FB08233A460A
:1057D0000121032000F022FB2246082301210220A0
:1057E00000F01CFB0823254A01211A2000F016FBBB
:1057F0000523234A01211B2000F010FB0823214A26
:105800000121142000F00AFB08231F4A0121152062
:1058100000F004FB082305F164020121162000F0CA
:10582000FDFA082305F184020121172000F0F6FAA1
:105830000823164A01210B2000F0F0FA00F04AFB81
:105840000446019800F0D8FA114B002C18BF1C46F2
:10585000A421284602F019FC204603B0BDE8F083DD
:105860000C4CF9E70C4CF7E70C4CF5E7084CEFE76C
:10587000901084502C870000A4870000EC86000064
:105880009087000050870000708700000C870000A0
:105890008408F0007608F0008008F0008108F0002D
:1058A000C2690C4B1A60826943F8042C426943F8C0
:1058B000082C026943F80C2CC26843F8102C82684B
:1058C00043F8142C426843F8182C026843F81C2C47
:1058D000704700BF5C1684500C4B1B68C3610C4BB7
:1058E0001B6883610B4B1B6843610B4B1B68036197
:1058F0000A4B1B68C3600A4B1B688360094B1B681B
:105900004360094B1B680360704700BF5C168450FE
:105910005816845054168450501684504C16845097
:1059200048168450441684504016845030B10268A2
:10593000034B04489A4208BF002070470248704752
:10594000DD55AABB0202F0000002F00038B50446A3
:1059500068B1051D7021284602F097FB28462022D9
:10596000044902F08EFB0020034B236038BD03483E
:10597000FCE700BFB8870000DD55AABB0002F000BD
:105980002DE9F04385B015466F46274B04460E4679
:105990000FCB87E80F002DB94FF00009484605B03E
:1059A000BDE8F0832046FFF7C1FF81460028F5D10E
:1059B000231D0193636AA3BB236F8BB1C3F140081E
:1059C000A84528BFA84604F1300031461844424695
:1059D00002F057FB236F464443442367A5EB0805B9
:1059E000226F402A06D104F13001384600F0B4FBA2
:1059F0000023236705F03F0835F03F0505D0314609
:105A00002A46384600F0A8FB2E44B8F1000FC3D058
:105A10004246314604F1300002F033FBC4F8708096
:105A2000BCE7DFF80890B9E7208400000C02F00022
:105A30002DE9FF4104466F46134B0E460FCB87E816
:105A40000F002046FFF772FF8046B0B9CEB1636AFF
:105A5000251D01953BB90123226F636204F13001DA
:105A6000384600F079FB2B46043E243453F8042BCF
:105A700012BAA34246F8042FF8D1404604B0BDE85C
:105A8000F081DFF80880F8E7208400000502F000CC
:105A9000084B1B681B0EF02B08D1074B1A68074BED
:105AA0009A4205D10020064B1860704705207047C8
:105AB0000620704728198450241A84500000E020E2
:105AC0000C1A8450002230B5134640F6FC7549008C
:105AD000023802F1A15404F5823490424FEA840462
:105AE00002F10102CABF236025605B181E2AF0D1B3
:105AF000034A13600B445360024B034A1A6030BDE3
:105B0000781084508410845020F80F001E4B30B55C
:105B10001A4685B0196800910099CC07FAD500F1B2
:105B2000A15000F582308000016813680193019B49
:105B3000D807FAD5154B164C186820231F3090FB58
:105B4000F3F0144D0138002810DA00230130400131
:105B500053B14FF00042A0F12001134204D10138AB
:105B600088424FEA5202F8D105B030BD1368039362
:105B7000039BDB07FAD5431823602B680293029B33
:105B8000002BE3D10138DEE7B4108450AC10845010
:105B9000E4108450DC108450F0B51D6885B001F02D
:105BA0001F040DB91F2C28D1174D2E462F680197C1
:105BB000019FFF07FAD500F1A15000F58230800067
:105BC000006835680395039DED07FAD51F2C00EB9F
:105BD000611018BFC9430D4D18BF01F01F012860A7
:105BE0000B480068029002981CBF00FA01F1116096
:105BF0004FF0000108BF1060196010684300C00F2B
:105C0000136005B0F0BD00BFB4108450E4108450A0
:105C1000DC1084500C4B890118603F3020F03F00AD
:105C20004030586099600948D9601961596199619B
:105C30001C3382B0196002680192019AD207FAD52A
:105C4000196002B0704700BF90108450B4108450A7
:105C500038B5A0F12003B3F5426F05462CD88F2844
:105C600026D800F1470300F16604DB064FEA54141E
:105C700000D0013464013F34A409013411B1A142C0
:105C80001AD30C464FF48050E300B0FBF3F0202809
:105C900028BF202002B110600122084B21461A6063
:105CA000FFF710FF28462146FFF7B4FF002038BD5C
:105CB00000F11F046409DDE70148F8E71C1884506F
:105CC0002221F000464BF0B51D4689B01C680194B6
:105CD000019CE407FAD5434B002413449B001A6847
:105CE0000B181E2B88BFC0F11E011F320B18520962
:105CF0005343B3F5806F84BF4FF48061B1FBF2F181
:105D0000274688BF091ADFF8E4E000F1A150DFF868
:105D1000E0C000F58230A14233DC2B680493049B81
:105D2000DB07FAD5304B1B68296805910599CF0729
:105D3000FAD52E4C2E49236000231E46934203F1D0
:105D4000010040D11946002620F0010228488A426D
:105D50003CD8296806910699CE07FAD525490968E5
:105D6000286807900798C007FAD5216000210C46E3
:105D70001F488B422DD100201D499A422CD809B0D2
:105D8000F0BD2B680293029BDB07FAD503199B0039
:105D90001B682E680396039EF607FAD5CEF80030EE
:105DA0000023934203F1010306D1164623F00103B9
:105DB000B34204D80134AEE7CCF80070F1E7CCF878
:105DC00000700136F4E70E600346B7E70660013164
:105DD000BDE704600131CCE708600133CDE700BFC7
:105DE000B4108450240421147C108450D4108450A6
:105DF000D81084507810845008B540B1202801464E
:105E00004FF0070228BF20210020FFF75BFF002290
:105E1000014B1A6008BD00BF1C188450F0B5294D15
:105E200085B02C462E680096009EF607FAD500F144
:105E3000A15000F58230800005682068019001982B
:105E4000C707FAD52048214F056002EB8306B2420E
:105E500029D100275A1C1D4E22F001029A4227D850
:105E600023680293029BDE07FAD5194B0B449B0073
:105E70001B681F335B099A4213D22168039103996F
:105E8000C907FAD500211544056008469B1A0F4A38
:105E90008B4210D800205A1C0C4922F001029A4271
:105EA0000CD805B0F0BD52F804CBC7F800C0CEE75F
:105EB00037600133D2E710600131E9E70860013350
:105EC000EDE700BFB4108450D4108450D810845033
:105ED000240421142DE9F041814BA0B01D6898687D
:105EE00020331E461A680192019AD707FAD57D4BD6
:105EF0007D4A1A6032680292029AD407FAD57B4A28
:105F00001A607B4A1446116803910399C907FAD5B0
:105F1000784A1168C1F3402137680497049FFF074E
:105F2000FAD5754F1F6027680597059FFF07FAD5BB
:105F30001768002900F0CF80B90540F1CC803168A6
:105F400006910699CF07FAD56C4919602168079127
:105F50000799C907FAD51168C1F340213768089736
:105F6000089FFF07FAD5664F1F6027680997099FAA
:105F7000FF07FAD51268002900F0AF80910540F1C3
:105F8000AC8032680A920A9AD207FAD5564A1A6049
:105F900032680B920B9AD707FAD55A4A1A603168C1
:105FA0000C910C99CC07FAD55749196031680D91BD
:105FB0000D99C907FAD55549196031680E910E99A6
:105FC000CF07FAD55249196031680F910F99CC0764
:105FD000FAD550491960504B1E4619681091109916
:105FE000C907FAD53F4C4D4B236033681193119B81
:105FF000DB07FAD54A4B236033681293129BDF0705
:10600000FAD5484B23603A4B984619681391139977
:10601000C907FAD5324F386033681493149BDB07F5
:10602000FAD5226033681593159BD807FAD53E4BF5
:10603000236033681693169BD907FAD53B4B236030
:1060400033681793179BDA07FAD5394B2360336807
:106050001893189BDB07FAD5364B236033681993E6
:10606000199BD807FAD5344B236033681A931A9BCF
:10607000D907FAD5314B236033681B931B9BDA0792
:10608000FAD52F4B236000F01DFC08BBD8F8003078
:106090001C931C9BDB07F9D53D6033681D931D9B4A
:1060A000D907FAD5274B236033681E931E9BDA0766
:1060B000FAD5254B2360D8F800301F931F9BDB07D0
:1060C000F9D50C4B1B6813F4805F204B08BF1846B2
:1060D00020B0BDE8F0811E48FAE71E48F8E700BF8F
:1060E000901084508010845000100251C01F7229FB
:1060F000B410845088108450C0CF0129C01F0E29CD
:10610000C03F002940010249003184A8000016491F
:10611000400108A180440888B0108450C0447088B1
:1061200080077A41C0077E4100006A49800616490F
:1061300040006E490002002100822021408220217F
:106140008082242140A161A100C861510308F100AF
:106150000108F1000208F100324B2DE9F74F8046AB
:106160009246994644681A68002AFCD12E4B9B46F9
:106170001A68002AFCD14FF0FF30019100F094FC26
:10618000802000F097FC01230720284A284DA2F523
:106190009E722B60C2F83C011360636A254F264E45
:1061A0003B60A36A20463360D8F8003042F8043CD4
:1061B000D8F8083098470199D9F80030002BFBD166
:1061C000BAF1000F20D104221C4B1A60D9F800301C
:1061D000002BFBD1DBF800A0BAF1000FFAD1D8F800
:1061E0000C30204698473B6863623368A362144BC7
:1061F000C3F800A0C3F844A1D9F80030002BFBD1AC
:106200002B6003B0BDE8F08F236A4020012B04BF50
:106210000B4A13600B4B1960C3F804A000F050FC4C
:10622000D4E700BF10198450201C845000198450FA
:1062300018188450CC178450D0178450C817845035
:1062400084168450281C8450544B10B5194698B0BD
:106250001A680192019AD207FAD5514B514A1A6035
:106260000A680292029AD407FAD54F4A1A600A685D
:106270000392039AD007FAD54C4818600A68049232
:10628000049AD207FAD54A4A1A600A680592059A12
:10629000D407FAD5474A1A600A680692069AD207C6
:1062A000FAD5454A1A600A680792079AD407FAD5C0
:1062B000424A1A600A680892089AD207FAD5404AF8
:1062C0001A600A680992099AD407FAD53D4A1A60F9
:1062D0000A680A920A9AD207FAD53B4A1A600A68F3
:1062E0000B920B9AD407FAD5384A1A600A680C92B6
:1062F0000C9AD207FAD5364A1A600A680D920D9A9E
:10630000D407FAD5334A1A600A680E920E9AD20759
:10631000FAD5314A1A600A680F920F9AD407FAD553
:106320002E4A1A600A681092109AD207FAD52C4A9F
:106330001A601A4B19461C681194119CE407FAD58F
:10634000174B1860086812901298C407FAD51A60A3
:106350000A681392139AD007FAD5124A1A600A688B
:106360001492149AD207FAD51E4A1A600A68159236
:10637000159AD407FAD51C4A1A600A681692169A1A
:10638000D007FAD5194A1A600A681792179AD207E5
:10639000FAD5174A1A6018B010BD00BFB01084506B
:1063A00080108450009365210004319040966590E0
:1063B0000083612100C3302100C36490008161909B
:1063C00000461021008111210041442100C32029F1
:1063D0000C4610C80086312100C3602140C1282925
:1063E000409665210013319040962529594614C8DE
:1063F00040043249494B10B5194694B01A680092CE
:10640000009AD207FAD5464B464A1A600A680192AA
:10641000019AD407FAD5444A1A600A680292029A8D
:10642000D007FAD5414818600A680392039AD20748
:10643000FAD53F4A1A600A680492049AD407FAD53A
:106440003C4A1A600A680592059AD207FAD53A4A78
:106450001A600A680692069AD407FAD5374A1A6073
:106460000A680792079AD207FAD5354A1A600A686D
:106470000892089AD407FAD5324A1A600A68099233
:10648000099AD207FAD5304A1A600A680A920A9A1B
:10649000D407FAD52D4A1A600A680B920B9AD207D4
:1064A000FAD52B4A1A600A680C920C9AD407FAD5CE
:1064B000284A1A600A680D920D9AD207FAD5264A20
:1064C0001A600A680E920E9AD407FAD5234A1A6007
:1064D0000A680F920F9AD207FAD5214A1A600F4B19
:1064E00019461C681094109CE407FAD50C4B1860F0
:1064F000086811901198C407FAD51A600A681292B8
:10650000129AD007FAD5174A1A600A681392139A9A
:10651000D207FAD5144A1A6014B010BDB0108450D6
:106520008010845080906521000409904096659009
:10653000808061218020082180206490008161900A
:106540000046102100811121004144218020202992
:10655000024610C800860921802060214021282998
:106560004096652140962529594614C8504B10B5D0
:106570001C4696B01A680192019AD207FAD54D4B83
:106580004D4A1A6022680292029AD207FAD54B4A03
:106590001A604B4A42EA804022680392039AD2076B
:1065A000FAD5186022680492049AD007FAD5454AB1
:1065B0001A60A2F5800242EA814122680592059A9A
:1065C000D207FAD5196022680692069AD007FAD542
:1065D0003D4A1A6022680792079AD107FAD53B4ACA
:1065E0001A6022680892089AD207FAD5384A1A60C7
:1065F00022680992099AD007FAD5364A1A602268A9
:106600000A920A9AD107FAD5334A1A6022680B9285
:106610000B9AD207FAD5314A1A6022680C920C9A6A
:10662000D007FAD52E4A1A6022680D920D9AD1072A
:10663000FAD52C4A1A6022680E920E9AD207FAD521
:10664000294A1A6022680F920F9AD007FAD5274A72
:106650001A60216810911099C907FAD51A60144B75
:106660001A46196811911199C807FAD5114B20499A
:106670001960116812911299C907FAD51D4919605C
:10668000116813911399CC07FAD50B491960116859
:1066900014911499C807FAD5174919601168159112
:1066A0001599C907FAD5154A1A6016B010BD00BF72
:1066B000B0108450801084504004419000862929F5
:1066C000D81001C84014419040142129401465217C
:1066D0000034409000310C90C0400C90C030202914
:1066E00040960D9000416090031645C80086112128
:1066F00000416021594644C84014459040142D90F3
:10670000264870B5054688B004680094009CE607EA
:10671000FAD5234C23480460234C44EA83432C6875
:106720000194019CE407FAD50360930143EA824295
:1067300042F0104444F4C0442B680293029BDE07ED
:10674000FAD504602B680393039BDB07FAD5174B3C
:1067500003608B0143EA814141F0104343F4C0439D
:106760002E680496049EF607FAD503602B680593FD
:10677000059BDE07FAD5046041F058412B6806936B
:10678000069BDC07FAD5016042F058422B6807935C
:10679000079BDB07FAD5026008B070BDB0108450CB
:1067A000C021022980108450807100988061189067
:1067B000354B8EB019461A680092009AD207FAD566
:1067C000324B334A1A600A680192019AD007FAD50F
:1067D000304A1A600A680292029AD207FAD52E4A03
:1067E0001A600A680392039AD007FAD52B4A1A60F6
:1067F0000A680492049AD207FAD5294A1A600A68EC
:106800000592059AD007FAD5264A1A600A680692B8
:10681000069AD207FAD5244A1A600A680792079A9C
:10682000D007FAD5214A1A600A680892089AD20756
:10683000FAD51F4A1A600A680992099AD007FAD550
:106840001C4A1A600A680A920A9AD207FAD51A4AAA
:106850001A6008680B900B98C007FAD51A600A688E
:106860000C920C9AD007FAD5144A1A600A680D9255
:106870000D9AD207FAD5124A0E211A6000200D2374
:106880000F220EB0FFF73CBFB01084508010845030
:1068900080430129406339218070012980205421DF
:1068A00000D13490C0403490C0302029C0530D90A6
:1068B00000413890832308C880E31021004138212B
:1068C000CF4308C801232DE9F04192B0CDE903334D
:1068D000624B1D461A680592059AD207FAD5604B9D
:1068E000604C2360604B19461A680692069AD707D7
:1068F000FAD55E4B1A68D60400F1A8802A68079280
:10690000079AD007FAD55A4A22600A680892089A6C
:10691000D207FAD51E68C6F30036002E40F09880E4
:106920001220FFF7F3F807461320FFF7EFF887422E
:106930008CBF12201320FFF7E9F8471EFFF738FF3E
:1069400003AB01AA39461220FFF726F904AB8046B3
:1069500002AA39461320FFF71FF900EB480002286E
:1069600032D003283ED0012874D12B680993099BAB
:10697000DB07FAD53F4B23602B680A930A9BD807A5
:10698000FAD53D4B23602B680F930F9BD907FAD59F
:106990003A4B23602B681093109BDA07FAD5384BDB
:1069A00023602B681193119BDB07FAD5354B2360CD
:1069B000013F25D51023192218210020FFF7A0FE42
:1069C000304612B0BDE8F0812B680B930B9BD907C2
:1069D000FAD52D4B23602B680C930C9BDA07FAD564
:1069E0002A4BCFE72B680D930D9BDB07FAD5284B7D
:1069F00023602B680E930E9BD807FAD5254BC1E771
:106A000003AB01AA39461220FFF7C6F804AB0446CF
:106A100002AA39461320FFF7BFF810EB440402D155
:106A2000FFF712FCC4E7FFF7E5FC022C08D0032CAB
:106A300009D0012C10D117211620FFF797FDB7E7D9
:106A400015211420F9E70F210E20F6E7124EB7E7C3
:106A5000124EB5E7124EB3E7124EB1E7B0108450B4
:106A600000084A5180108450B4108450881084501B
:106A700000084E5100065A4940065E490004424152
:106A80000014424940042E49000652494006564926
:106A900000063A4940063E490608F1000708F100A1
:106AA0000408F1000508F100014B1860704700BFB1
:106AB000081A8450014B1860704700BF041A8450B4
:106AC000034A13681842FCD0024A10601846704707
:106AD000001A8450081A845070470020704730B55F
:106AE00000290446154685B011DB83688B420ED918
:106AF0006368C068194401AA00F02EFE28B96268D4
:106B0000019B9B1A2B60029B6B6005B030BD6FF040
:106B10002100FAE770472DE9F7430E4617469946DC
:106B2000044628B94FF0FF38404603B0BDE8F08373
:106B30000029F7D0002AF5D0CB680D8938461D44CE
:106B4000042329460DEB030200F065FC8046002873
:106B5000E8D146F60812BDF804107389914225D198
:106B6000BDF806109942DDD1042338460DEB03022F
:106B7000294400F050FC0028D4D146F60713BDF894
:106B800004209A42CED1C4E900679DF82830A4F8C9
:106B90000890A3727389BDF806202B44E3607389C3
:106BA00013442B44043563612561BDE7002BE4D019
:106BB000B8E72DE9F3410E4617461D46044620B9B5
:106BC0004FF0FF3002B0BDE8F0810368002BF7D032
:106BD0004368002BF4D04FF6FF78D4E904239A429F
:106BE00016D223685B8923B1E368934204BF043360
:106BF00023610423216960680DEB030200F00BFCA4
:106C00000028DDD1A37A2BB1D4E903329A4201D313
:106C10000120D7E72389BDF80610434501F104029E
:106C200003D0BDF804C09C450BD115B1BDF80430AC
:106C30002B80236904333360398023691344236133
:106C4000C0E7236913442361C7E748B103683BB138
:106C500043682BB1C068884294BF00200120704770
:106C60004FF0FF30704773B50C46064611460223BD
:106C7000204601AA00F027FA0546E8B9019A1F2A22
:106C80000ED9A2F12001304620222368194400F0D9
:106C90009EFC2368019A13442360284602B070BD0D
:106CA0000146C2F12002304600F09CFC019A2168A6
:106CB000C2F120003044EAE76FF00205EDE74FF43F
:106CC000407358433030704773B50C46054616463E
:106CD00000F0E0FBA04203D9284600F0DBFB0446AD
:106CE0004FF44073A9686A46303903FB14112846F3
:106CF000FFF7F5FE0028A4BF009B336002B070BD13
:106D000010B5044600F0C6FB4FF44072A368303B58
:106D100002FB103010BD70B50D46044600F069FE50
:106D20002A46A0F1080104232046BDE8704000F087
:106D300072BB13B50446019100F05BFE0423A0F181
:106D400008010DEB0302204600F096FE02B010BDD4
:106D500000F057B92C232DE9F34103FB0105EB6843
:106D60002E89D5F820801E4404231746314640461C
:106D70000DEB030200F04FFB044620B10124204636
:106D800002B0BDE8F08146F60813BDF804206D8915
:106D90009A421AD1BDF806309D4201D00324EEE795
:106DA000042340460DEB0302A91900F034FB002830
:106DB000E4D146F60713BDF804209A42EED1BDF89F
:106DC0000610294431443960D9E7002DF1D0E5E7B8
:106DD000FFF7FEBFFFF7FCBFFFF7FABFFFF7F8BFF3
:106DE000FFF7F6BFFFF7F4BFFFF7F2BFFFF7F0BF03
:106DF000FFF7EEBF704770B513460E4615460021EB
:106E000002460446FAF700F950B92B460121204604
:106E100004F12C02FAF7F8F810B1002E08BF002098
:106E200070BD37B54FF480750446426A01A903204E
:106E3000019500F05FFB58B9019B0920226DA36208
:106E400001A9019500F056FB054628B1092500E08F
:106E50000125284603B030BD019B206A636500F020
:106E600019FBE065F5E70123036003F101234360AB
:106E70000023C0E9023370474379012B07D103682F
:106E8000012B04D10079431E58425841704700201D
:106E90007047F7B5056A074628460E46FFF730FFEC
:106EA000F96D0446304600F099F80444284600F095
:106EB000F1FA0746284600F0F4FA0822014668462F
:106EC00000F090FB33796A468DF8003021463B464E
:106ED000284600F0B5FA003818BF012003B0F0BD15
:106EE00010B41AB15DF8044BF9F742BD10465DF8D5
:106EF000044B7047002382681946FFF7F1BF13B5B2
:106F00000C4601AAC16D2046FFF7DEFE002809DB12
:106F10000199A26801232046521AFFF7E1FFC00F32
:106F200002B010BD0120FBE737B515460C46C06C1A
:106F30006946FCF767FBE979012903D00022204666
:106F400000F0F1FD9DF80330012B02D1204600F046
:106F5000C9FDA9682046FFF7ECFE2046FCF732FB8E
:106F6000002003B030BD73B50C460646FAF748F969
:106F7000E06010B3022823D1356A22463146284604
:106F8000FAF798F8D0B9284600F033FD01230146FE
:106F90000DF10702284600F03EFA98B90122284672
:106FA0000DF1070100F039FD10B101238DF8073014
:106FB0009DF8073003F00F03E371002002B070BDAD
:106FC0000720FBE70120F9E7436A00205A680346DF
:106FD00013448B4200F10100FAD3704710B5437996
:106FE0000279012B06BF00230C460B0202F1FF328F
:106FF00001FB0233026818BF4C00013A04FB023067
:1070000010BD10B50446C06DFFF759FE636A5B689A
:107010005A1E024459421140A26A013A5A43501A78
:10702000626D53435B1A984228BF184610BD70B575
:107030000368CD1A002D02DC6FF05F0070BD93F97C
:1070400000601C78002E0ADB5C1C04601B78136057
:107050000368C91A13688B42EED80020EEE704F0EB
:107060007F04013C032C2BD8DFE804F0020A142132
:10707000012DE1D05B781360036802330360E7E71A
:10708000022DD9DDB3F801305BBA9BB213600368FF
:107090000333F3E7032DCFDD9C785D782402DB78A2
:1070A00044EA05442343136003680433E6E7042DF0
:1070B000C2DDD3F801301BBA136003680533DDE786
:1070C0006FF06300BAE770B404680E1B002E07DD92
:1070D00026789E4208D10134046070BCFFF7A7BF38
:1070E0006FF05F0070BC70476FF06100FAE738B571
:1070F00003230446FFF7E7FF18B9136813B96FF0CD
:10710000670038BD013B136023681A78002AF6D166
:1071100001332360F5E72DE9F34190461F4601AAAC
:10712000302305460E46FFF7CEFF0446F0B92B6824
:10713000F61A002E34DD42461B78284642F8043BFE
:107140002E68019B1E4431460623FFF7BCFF044610
:1071500060B92B68D8F80420C8F808309918B142F3
:10716000296007D10C213846FAF7E8F9204602B029
:10717000BDE8F0819B5C3A4642F8043B2B683146FF
:10718000013328462B60FFF752FF60B92B687A68FD
:10719000BB601344B34218BF6FF065042B60E5E792
:1071A0006FF05F04E2E70446E0E7F8B5B1F1005F95
:1071B0000546144600AF10D26E46D31D23F00703D8
:1071C000ADEB030D684600F002FA694622462846F8
:1071D000FEF7D6FBB546BD46F8BDFEF7D1FBFAE794
:1071E00010B5036A0446D8688368DB689847E36C87
:1071F000D8688368DB689847012010BD002070477D
:107200000FB407B504A951F8040B0191FAF796FAE7
:1072100003B05DF804EB04B07047044608B50846B7
:1072200011461A46A047FDF7E9FDFBF7A7F8038BC7
:1072300013F0070305D10368002B0CBF00200320C7
:107240007047022B05D1408BB0FA80F040098000D6
:107250007047012B05D10368002B0CBF00200520CF
:1072600070470020704710B50C4600B111B96FF09F
:10727000150010BD081D00F094F80028F9D1A3688E
:10728000032BF6D9F3E72DE9F0410D4607461946E1
:10729000281D90461E4600F095F8044638B1334646
:1072A000424629463846A446BDE8F0416047BDE85D
:1072B000F08110B4EFF31182202484F31288BFF31D
:1072C0006F8F41615DF8044B0121FAF767BC38B557
:1072D0000C46054658B151B10B6843B14B6833B108
:1072E0001C22002100F07EF900202C6138BD6FF0D7
:1072F0001500FBE770B505460E46FFF7B4FF041E08
:1073000014DBEFF31182202383F31288BFF36F8F16
:107310004FF6FF716B8B2C8B8B4204F0070407D167
:1073200082F31188BFF36F8F6FF00A04204670BD9F
:10733000022C0CD101336B8382F31188BFF36F8F62
:107340000023224631462846FFF79DFFEEE7062C34
:1073500014D8DFE804F004131313041A0400002304
:1073600033606B683BB9C5E90066ACB902212846B9
:10737000FAF714FCDAE71E606E60F6E782F3118814
:10738000BFF36F8F6FF00404D0E782F31188BFF36F
:107390006F8F6FF08504C9E782F31188BFF36F8F99
:1073A000C4E7034658B1426802F00302012A03D041
:1073B000032A04D1026812B10020986070476FF070
:1073C000150070474268034602F00302032A4FF09B
:1073D0000002816014BF104600685A607047704711
:1073E0000FB407B504A951F8040B0191FAF7A6F9F7
:1073F00003B05DF804EB04B07047002908DB806837
:10740000884205D9401A904234BF002001207047BD
:1074100000207047704770B516461A4605460C4660
:10742000FFF7EBFF48B16968E86821448268146897
:107430003246A446BDE8704060476FF0150070BD4D
:1074400070B516461A4605460C46FFF7D6FF48B1FA
:107450006968E8682144826854683246A446BDE8F9
:10746000704060476FF0150070BD10B50B460446C4
:10747000FFF7C3FF40B16168E068194483689B6807
:107480002BB1BDE8104018476FF0150010BD6FF02C
:107490005700FBE708B5C0688368DB689847006859
:1074A00008BD08B5C0688368DB689847407908BDA7
:1074B00070B54C680368A34201D2012070BD8A6890
:1074C0002244934201D30020F8E74E69D1E9032515
:1074D000B54203D36FF00B038B61F4E71B1B42F83B
:1074E00035304368086902EBC00253600B69013311
:1074F0000B61E2E737B50C46C0B201A91546FAF7B1
:107500005BFC00280CDB019850B121462A46FAF7B3
:1075100079FC04460198FFF77DFF204603B030BD9B
:107520006FF01504F9E7FEE7012801D1EFF30583B9
:10753000FCF70ABF01460068FFF7F6BF08B5FAF787
:1075400071FDBDE80840FAF771BD00210120FFF789
:10755000EBBF436E83F30B88704761B662B680F36E
:107560001188BFF36F8F704772B6002383F31188C1
:10757000BFF36F8FBFF34F8F30BF62B6BFF36F8F14
:10758000704772B6002383F31188BFF36F8FBFF388
:107590004F8F20BF80F31188BFF36F8F62B67047A3
:1075A000034600201A5C02B970470130FAE710B5B3
:1075B0005AB10139841810F8012B11F8013FA0428B
:1075C00001D09A42F7D0D01A10BD1046FCE710B592
:1075D000431E0A44914200D110BD11F8014B03F83B
:1075E000014FF7E70346C9B20244934200D1704706
:1075F00003F8011BF9E74FF0FF3070470C220369D5
:10760000C9B201FB0233186C00F00700704770B577
:10761000C9B20369EFF31185202484F31288BFF304
:107620006F8F0C2606FB0134246C14F0C00408D0C4
:10763000A24206D085F31188BFF36F8F4FF0FF3061
:1076400070BD012271430B441A6485F31188BFF3A6
:107650006F8F43680B445B6898470020F0E78022F7
:10766000FFF7D5BFF8B5069F0469C9B2EFF31186DD
:10767000202585F31288BFF36F8F0C2569430C44D6
:10768000256C05F0070CBCF1010F0BD1276486F3C4
:107690001188BFF36F8FC4E90E2343685B58984786
:1076A0000020F8BD05F0C005AF4286F31188BFF396
:1076B0006F8F0CBF6FF077004FF0FF30F1E713B51D
:1076C00080240094FFF7CEFF02B010BD10B41C243C
:1076D0000069CBB203FB040000215DF8044B1047A6
:1076E0000020FCF7F7B9002000F0B8BA1046FDF70B
:1076F00067B82DE9F3411C46002390468268236059
:10770000A3600D465369694601AA9847019B5A1E1A
:10771000019223B96FF0150002B0BDE8F081009826
:10772000A26847682168676085B9A8EB020306680C
:10773000B34228BF334603FB07111A442160A260FD
:1077400002689A4206D808300090DFE76B1AB3FB54
:10775000F7F3ECE70020DFE713460022FFF7C9BF8D
:107760002DE9F0470024836886B0884691465B691E
:1077700002AA01A99847A2462546029BAB4202D81D
:1077800006B0BDE8F0870026019F07EBC5077B68C0
:1077900004933A680AEB0603B24202D89A460135CE
:1077A000EBE749460394059303A8C0470028E7D0B8
:1077B000049B01361C44ECE710B50C4600F0ACFA13
:1077C0000023C4E90003184610BD38B505460C4631
:1077D00000F0A2FA002D07DBA84205D9401B844225
:1077E0008CBF0020012038BD0020FCE770B50D469D
:1077F0001946284616461C46FFF7E7FF38B124B164
:10780000224629463046FFF7E2FE002070BD6FF0A9
:107810001500FBE7436800205B681B690B6070473D
:10782000436802EA01005B6821EA020198600020D7
:10783000D9607047436800205B689960704743686F
:1078400000205B68D960704743685A68536821EA32
:1078500003000B4090600020D360704710B50369AF
:107860005868F8B1884219D19C680868A1425860EC
:1078700000D19860002008602AB15A680A609A68AE
:10788000596002B99960002010E0814206D1086871
:10789000206098688142EDD19C60EBE70446006867
:1078A0000028F2D1002AE8D16FF0150010BD30B5E4
:1078B00043681360057A446804EBC504A34202D30D
:1078C0006FF0010030BD5C798C4201D00833F0E7E5
:1078D0000020F7E743681B68D3F88004C3F88004EE
:1078E000704742681368D3F8100150B10020D26984
:1078F00012780A70C3F81001D3F8102101221A601F
:1079000070474FF0FF30704702680346D2F85801C5
:1079100040B95B68DB0706D4D2F82001003818BFF5
:10792000012070470120704743681B68D3F8042387
:10793000D20517D5D3F82021A2B1EFF3118220216F
:1079400081F31288BFF36F8FD3F8201131B100217A
:10795000C3F82011D3F820110121D96082F31188D6
:10796000BFF36F8FD3F85831704713B501AA04469F
:10797000FFF79DFF002805DB019B22681979186835
:10798000FBF750FA02B010BD10B5044600220121E9
:107990000920FAF795FD0920FAF762FD2046BDE8B7
:1079A0001040FBF757BB10B5044600220121082008
:1079B000FAF786FD0820FAF753FD2046BDE810408F
:1079C000FBF748BB002200F150039B009BB203F180
:1079D000502303F580331A601B687047FDF786BC9F
:1079E00008B5FAF73BFAFAF707FBBDE80840FDF7E0
:1079F0007DBC8068183820F00700103870470428D4
:107A000009D0052803D1481E18BF01207047431A2A
:107A10005842584170470120704738B515460C460A
:107A200061B15AB1FFF73DFD2146254411F8013BF4
:107A3000834203D1A942F9D1012038BD0020FCE7DF
:107A400038B50C460123114622460546FFF7E3FCF4
:107A500000280FDB012221462846FFF7DEFF38B958
:107A60002378012B14BF022301230020237038BD8B
:107A70000323FAE70120FAE72DE9F7431D460646FE
:107A80000F469046FFF706FD6C1E0444404204403A
:107A9000082C1AD83046FFF704FD81462A46414695
:107AA0006846FFF794FD4946621B0DEB0500FFF7A2
:107AB00099FD23466A4639463046FFF7C1FC003837
:107AC00018BF012003B0BDE8F0834FF0FF30F9E7A5
:107AD00007B501238DF8042001AAFFF7CDFF03B0FD
:107AE0005DF804FB81680122183921F00701FFF7D6
:107AF000EFBF8268183A22F00702FFF7A1BF13B563
:107B00000C46C0B201A9FAF757F950B921460198BD
:107B1000FBF778FD04460198FFF77CFC204602B095
:107B200010BD0124FAE713B541EA021104468DF8AD
:107B30000710FFF75EFF012301460DF10702204603
:107B4000FFF79AFF02B010BD81680122183921F0B9
:107B500007010839FFF7BCBF4FF47F03D3F83001AA
:107B6000D3F83431BFF34F8FC0F30B00A0F10903FA
:107B70005842584170474FF47F02D2F83031D2F862
:107B80003401BFF34F8FC3F30B03092B03D1431E03
:107B900058425841704700207047004700F0C5B870
:107BA00040F00040C1F88000C2F880007047F7B58F
:107BB0000646F8B101281BD104224FF48073014618
:107BC0004FF050200025C0F80813012142F2107434
:107BD0004FF050270344024411601D608E421B6821
:107BE0008DF8071008BF0DF1070546B1012E23D00F
:107BF00003B0F0BD0C224FF482730221E0E7D7F806
:107C0000183403F480333DB9002BF1D00120FFF785
:107C1000C5FF013CF3D1EBE7D7F8182402F00302CB
:107C20002A70002BE4D09DF807000128E0D1FFF76F
:107C3000B5FF013CD9D1DBE7D7F80C3403F480332E
:107C40003DB9002BD4D00120FFF7A8FF013CF3D1B0
:107C5000CEE7D7F80C2402F00102E1E7FFF7A7BF57
:107C6000F7B51646DDE90847019001A81D46FBF768
:107C7000C9FF019BB6F1000C18BF4FF0010C00EBDF
:107C800083000B1E18BF0123002D43EA4C0314BFD1
:107C90004FF00C0C4FF0000C002C43EA0C0314BF07
:107CA0004FF4E06C4FF0000C002F43EA0C0314BFBC
:107CB0004FF4403C4FF0000CD0F8002243EA0C0394
:107CC00022EA030301B109780EB136787600194330
:107CD0000DB12D78AD0031430CB124782402294335
:107CE0000FB13F783F040C433C43C0F8004203B05F
:107CF000F0BD1FB50DF10F03019300238DF80F1098
:107D00001A4619460093FFF7ABFF05B05DF804FB78
:107D1000FCF72AB8FCF708B84FF4801070474FF40E
:107D2000805070474FF48070704708B1FAF7B0BCCC
:107D30007047704740B1C368587810F001001EBF0B
:107D40001878B0FA80F040097047EFF311832023D0
:107D500083F31288BFF36F8FFEE708B5FFF7F5FFD7
:107D600010B54369044633B90020E268537843F004
:107D70000103537010BD98470028F5D00028B8BF04
:107D80004042FF28A8BFFF20E3681870EDE7FFF727
:107D900029BCFFF71CBC4169836843EA010212F069
:107DA00003020FD1C2600269013A01FB023382680B
:107DB0009A4201D900207047C2681A604269C360C4
:107DC0009B1AF4E76FF01500704710B5C0E9043254
:107DD0000023816083610446FFF7DDFF0028A8BF10
:107DE000C4E9004410BD2DE9F04105460F46EFF30C
:107DF0001188202383F31288BFF36F8FC668F6B90A
:107E00000468A0421BD0D4B1D4E9003213605A6098
:107E1000637BC4E9006623F002036373A66004F188
:107E2000180000F0EBF82046A667276100F078F80C
:107E3000414605F10800BDE8F041FCF7C5BE3E60D3
:107E4000AB69EF60013BAB6188F31188BFF36F8FC3
:107E5000BDE8F081202408B5EFF3118384F3128884
:107E6000BFF36F8FFFF780FBF6E790F90E308B4280
:107E700001D0FCF737BE0020704703460020C3E95D
:107E80000033C3E9020070473AB18A4205D3C0E922
:107E90000212C0E90000002070476FF01500704723
:107EA000EFF30580003818BF01207047D0E9003299
:107EB00013605A600023C0E90033704708B5FFF72C
:107EC000F5FF437B23F0020343730023836008BD67
:107ED00038B504460D46FCF763FD637B43F00203AF
:107EE0006373E5B1A5602B689D4209D16B68C4E955
:107EF00000531C606C6012E06A689A42F6D01B68FE
:107F0000002BF3D094F90E2093F90E108A42F3D08F
:107F10009142F1DD5A68C4E9003214605C6038BDFA
:107F200010B5EFF31184202383F31288BFF36F8F12
:107F3000FCF7F4FC84F31188BFF36F8F10BD01468A
:107F400010B5EFF31184202383F31288BFF36F8FF2
:107F5000437B13F0280F0AD183680BB1FFF7AEFF04
:107F60004B7B084623F004034B73FCF7D7FC84F3E8
:107F70001188BFF36F8F10BD01211838FFF7DFBFE5
:107F800038B504460D46FCF7D9FEB5F1FF3F08BFF2
:107F9000B4F1FF3F0246204618D000204FF47A7417
:107FA00047F6FF730146C2FB0431B3F5004F71F190
:107FB00000020BD36FF400429A4243F6FF728A41EB
:107FC00032BF6FF00040D80B40EA414038BD08B5E1
:107FD0000246FDF75BF870B1D0E904319B1A61EB02
:107FE000E272B3F1004F72F1000104DA002AACBF73
:107FF0001846002008BD6FF00040FBE7024638B588
:10800000EFF31185202383F31288BFF36F8F03688A
:10801000CBB1FDF73BF804461046FDF749F80022C6
:108020004FF000438442C0E9042306D1FDF736F83F
:10803000FFF7CDFF0021FBF757FA002085F31188E9
:10804000BFF36F8F38BD6FF01500F7E708B5FDF788
:1080500035F908BD2DE9F041069F044615461E4638
:10806000FDF744FB38B93B46324629462046BDE879
:10807000F041FDF761BBBDE8F0810A460021FDF744
:10808000E7BDFFF7A4BAFFF7ADBA0A460021FFF734
:10809000A9BA01EB820204388A4201D1002070475C
:1080A00052F8043D1BBA40F8043FF5E7CC80FF7F4F
:1080B0000100000081260000000000000000000018
:1080C0000C810000B145000000000000000000002D
:1080D0002C810000DD79000000000000000000009D
:1080E0006C810000000000004C810000B5290000F8
:1080F000000000008933000000000000E17900006A
:1081000000000000000000008C810000748E000060
:1081100084850000F0830000C40000203C1D002086
:108120004D2700000000000000000000A28E0000AB
:10813000A4850000CC830000C8000020A81D0020FA
:10814000C92C00000000000000000000B68E0000F6
:10815000BC8500000C840000CA000020B41D002073
:10816000897900000000000000000000C08E0000BF
:10817000008600000C840000CC000020C01D002000
:10818000A779000000000000000000008B8E0000B6
:1081900000000000B4830000C600002000000000C2
:1081A0001D2A000000000000000000000000000088
:1081B0004B750000000000004B750000000000003F
:1081C0004B750000000000004B750000000000002F
:1081D0004B750000853B00009B7B00000000000009
:1081E0004B750000000000004B7500006C81000022
:1081F000297900004C81000029790000000000006E
:108200004B750000000000004B75000000000000EE
:108210004B750000754100009B7B000000000000D2
:108220004B750000000000004B75000000000000CE
:108230004B750000000000004B75000000000000BE
:108240004B750000000000004B75000000000000AE
:108250004B75000000000000193400000000000011
:108260004B750000000000004B750000000000008E
:108270004B750000000000004B750000000000007E
:108280004B750000000000004B750000000000006E
:108290004B750000000000004B750000000000005E
:1082A0004B750000000000004B750000000000004E
:1082B0004B750000000000004B750000000000003E
:1082C0004B750000000000004B750000000000002E
:1082D0004B750000000000004B750000000000001E
:1082E0004B750000000000004B750000000000000E
:1082F0004B750000000000004B75000000000000FE
:108300004B750000000000004B75000000000000ED
:108310004B750000000000004B75000000000000DD
:108320004B750000000000004B75000000000000CD
:108330004B750000000000004B75000000000000BD
:108340004B750000000000004B75000000000000AD
:108350004B750000000000004B750000000000009D
:108360004B750000000000004B750000000000008D
:108370004B750000000000004B750000000000007D
:108380004B750000000000004B750000000000006D
:108390004B750000000000004B750000000000005D
:1083A0004B750000000000004B750000000000004D
:1083B0004B750000ED770000A92A0000452A000057
:1083C000152A0000B9770000052A0000492B00009B
:1083D0001578000021780000357800003F78000013
:1083E00049780000112D00005D78000000000000B9
:1083F000A52700005F760000BF76000000000000A7
:10840000FD7500000000000000000000E37800009F
:10841000A12F0000D57800000289000003000000B1
:108420000200000000000000A1580000D958000020
:108430000338FDD870470000030000000900000069
:1084400001000000228D00005C8400000300000099
:108450000900000003000000090000005B000000AC
:1084600000800050009000500E000000000000004E
:108470000000000000C000008C810000010000002E
:1084800000C00000004000008C81000002000000DD
:1084900000000100000200008C81000003000000C9
:1084A00000000100000007008C81000004000000B3
:1084B00000000100008000008C8100000500000029
:1084C0000002010000FE06008C8100000600000092
:1084D00000020100007E00008C8100000700000007
:1084E00000800100008006008C8100000800000070
:1084F00000800100008006008C810000090000005F
:1085000000000800000007008C8100000A00000045
:1085100000000F00008000008C8100000B000000B4
:1085200000800F00006000008C8100000C00000043
:1085300000800F00006000008C8100000D00000032
:1085400000E00F00002000008C810000000000000F
:1085500027750000300000202800002020000020A7
:108560000000000018000020651F0000691E0000C8
:10857000BD1E0000151F0000D5260000A526000026
:108580000000000025280000192700007F8E000051
:10859000E1760000E7760000858E00000400000010
:1085A00000FF0000FFFFFFFF0025845000000000D7
:1085B0000000000000D000500000000000900050BB
:1085C0000100000000000000DC8500000000D60172
:1085D000000000005A210020592100200090005086
:1085E000E885000001000000F085000004000000A4
:1085F0001D000000100000021C060001110600030F
:1086000000800050010000000000000020860000F3
:108610000000D601000000005C2100205B2100204A
:10862000008000502C86000001000000348600000D
:10863000040000001B0000000E0000021A060001EA
:108640000F0600030300000009000000B4800000D2
:10865000B4800000F4800000FC8000000C81000069
:108660000C810000FF8FFFFFFF8FFFFFFE8FFFFFDA
:10867000FE8FFFFFFD8FFFFFFC8FFFFFFC8FFFFFD3
:108680006D757465785F667265652063616C6C6595
:10869000642077697468204E554C4C20706172617B
:1086A0006D6574657200000043616E277420696E09
:1086B000697469616C697A65206D757465782C20C0
:1086C000776173204E554C4C0D0A0000436F756C5A
:1086D00064206E6F74206C6F636B20706F776572AF
:1086E0002073617665206D7574657800FFFFFFFF6C
:1086F000FFFFFFFFFFFFFFFF000000000000000082
:108700000000000001000000FFFFFFFFFCFFFFFF73
:10871000FFFFFFFFFFFFFFFF000000000000000061
:108720000000000001000000FFFFFFFF512563FC77
:10873000C2CAB9F3849E17A7ADFAE6BCFFFFFFFFDC
:10874000FFFFFFFF00000000FFFFFFFF0000000031
:1087500096C298D84539A1F4A033EB2D817D0377DB
:10876000F240A463E5E6BCF847422CE1F2D1176B76
:10877000F551BF376840B6CBCE5E316B5733CE2B49
:10878000169E0F7C4AEBE78E9B7F1AFEE242E34F78
:10879000FFFFFFFF7F0000008000000000000000DE
:1087A00000000000FFFFFFFF7F00000080000000CE
:1087B000000000000000000067E6096A85AE67BBA4
:1087C00072F36E3C3AF54FA57F520E518C68059BB3
:1087D000ABD9831F19CDE05B01000200100011002E
:1087E000120020002100220023002400300031006C
:1087F00032003300FFFF77C295F360D2EF7F35522E
:10880000500F2CB6798025633A20537461727469D5
:108810006E6720626F6F746C6F616465720A002509
:10882000633A20556E61626C6520746F2066696ED4
:108830006420626F6F7461626C6520696D61676549
:108840000A0025633A20426F6F746C6F6164657231
:1088500020636861696E6C6F616420616464726535
:108860007373206F66667365743A20307825780AD2
:108870000025633A20496D616765207665727369EA
:108880006F6E3A207625642E25642E25640A002515
:10889000633A204A756D70696E6720746F20746842
:1088A0006520666972737420696D61676520736CF9
:1088B0006F740A0025633A2050726F7465637420E8
:1088C0006D6375626F6F7420666C6173682066619A
:1088D000696C65642C2063616E63656C20737461E0
:1088E000727475702E0A0025633A204E65766572A3
:1088F0002073686F756C64206765742068657265A5
:108900000A006D6375626F6F740025633A20696EAB
:1089100076616C696420666C617368204944202527
:10892000643B2065787065637465642025640A0083
:108930002A8648CE3D030107002A8648CE3D020123
:108940000025633A204661696C656420746F20726B
:10895000656164207374617475732066726F6D2035
:1089600025642C206572722025640A0A0025633A6A
:10897000202564207374617475732077726974653F
:10898000206661696C7320706572666F726D696EC6
:10899000672074686520737761700A007072696D72
:1089A000617279007365636F6E646172790025632B
:1089B0003A20436C656172656420696D616765206A
:1089C0002564207072696D61727920736C6F7420F8
:1089D000747261696C65722064756520746F2073B0
:1089E0007475636B207265766572740A0025633A4C
:1089F00020496D61676520696E2074686520257364
:108A000020736C6F74206973206E6F742076616CB4
:108A10006964210A0025633A204661696C65642017
:108A2000746F206F70656E20666C61736820617270
:108A300065612049442025642028696D61676520AF
:108A4000256420736C6F74202564293A2025642CDA
:108A50002063616E6E6F7420636F6E74696E7565EE
:108A60000A0025633A204661696C6564207265617D
:108A700064696E6720736563746F72733B20424F45
:108A80004F545F4D41585F494D475F534543544FE5
:108A900052533D2564202D20746F6F20736D616CDF
:108AA0006C3F0A0025633A204661696C6564207258
:108AB000656164696E6720696D61676520686561DD
:108AC000646572733B20496D6167653D25750A00D9
:108AD00025633A204661696C65642072656164694A
:108AE0006E6720626F6F74207374617475733B20BE
:108AF000496D6167653D25750A0025633A207061FF
:108B00006E6963210A0025633A20446574656374C5
:108B1000656420696E636F6E73697374656E74202B
:108B2000737461747573210A0025633A2043616E82
:108B30006E6F7420757067726164653A206E6F7431
:108B4000206120636F6D70617469626C6520616D76
:108B50006F756E74206F6620736563746F72730A2D
:108B60000025633A2043616E6E6F742075706772E2
:108B70006164653A206D6F726520736563746F720E
:108B800073207468616E20616C6C6F7765640A0095
:108B900025633A2043616E6E6F7420757067726151
:108BA00064653A206E6F742073616D652073656330
:108BB000746F72206C61796F75740A0025633A20B6
:108BC00043616E6E6F7420757067726164653A20E0
:108BD000736C6F742077726974652073697A65733A
:108BE00020617265206E6F7420636F6D70617469AF
:108BF000626C650A0062616400676F6F6400756E85
:108C0000736574005072696D61727920696D616776
:108C1000650025633A2025733A206D616769633DDD
:108C200025732C20737761705F747970653D30789F
:108C300025782C20636F70795F646F6E653D3078A6
:108C400025782C20696D6167655F6F6B3D307825F5
:108C5000780A005365636F6E6461727920696D6193
:108C600067650025633A20426F6F7420736F7572D9
:108C700063653A207072696D61727920736C6F74EC
:108C80000A0025633A20426F6F7420736F75726318
:108C9000653A206E6F6E650A0025633A2053746151
:108CA0007274696E672073776170207573696E677F
:108CB000206D6F766520616C676F726974686D2EC8
:108CC0000A0025633A204E6F7420656E6F756768E1
:108CD000206672656520737061636520746F207211
:108CE000756E207377617020757067726164650AB4
:108CF0000025633A20726571756972656420256488
:108D000020627974657320627574206F6E6C7920AF
:108D100025642061726520617661696C61626C65B1
:108D20000A003059301306072A8648CE3D02010654
:108D3000082A8648CE3D030107034200042ACB409F
:108D40003CE8FEED5BA44995A1A91DAEE8DBBE1988
:108D500037CD14FB2F245737E5953988D994B9D6E8
:108D60005AEBD7CDD5308AD6FE48B24A6A810EE595
:108D7000F07D8B6834CC3A6AFC538EFAC12D00200A
:108D8000002B00307800305800286E696C29002ACA
:108D90002A2A20426F6F74696E67204D4355626FB7
:108DA0006F742076322E312E302D6465762D396227
:108DB00034616534636263396532202A2A2A0A00E5
:108DC0002A2A2A205573696E67206E524620436F07
:108DD0006E6E6563742053444B2076332E312E31F2
:108DE0002D653261393766653235373861202A2A78
:108DF0002A0A002A2A2A205573696E67205A65704C
:108E0000687972204F532076342E312E39392D66F1
:108E10006638663063353739656562202A2A2A0A42
:108E2000006D757465785F696E69742063616C6C40
:108E300065642077697468204E554C4C20706172CF
:108E4000616D6574657200436F756C64206E6F743C
:108E500020616C6C6F63617465206D75746578203A
:108E60006265666F726520696E697469616C697AA2
:108E7000696E6700636C6F636B403530303000683B
:108E800066636C6B006C66636C6B00666C61736828
:108E90002D636F6E74726F6C6C6572403339303055
:108EA00030006770696F403834323530300000016F
:108EB00002030405060775617274403930303000D2
:108EC000756172744038303030007065726D0074B6
:108ED000657374004255473B2063616E27742068B8
:108EE000617070656E007265766572740025633A14
:108EF000205365636F6E6461727920696D61676587
:108F0000206F6620696D6167652070616972202835
:108F100025642E2920697320756E7265616368610E
:108F2000626C652E205472656174206974206173CF
:108F300020656D7074790A0025633A20496D616778
:108F40006520696E6465783A2025642C205377612A
:108F50007020747970653A2025730A0025633A20E1
:108F6000496D61676520696E6465783A2025642CD7
:108F7000205377617020747970653A206E6F6E654A
:108F80000A000401040304020401040104030104AF
:108F9000030401040000016D61696E0088EACD1FC1
:108FA00055555515AAAAAA1AE5750000FD710000CD
:108FB0006C840000E40000203A000000F80000206B
:108FC0003A000000D00000203A0000000C01002010
:108FD0003A000000F775000000700150000000002A
:108FE000FFFF00003F000000FFFF00003F00000007
:108FF000FF000000900200005C0000205C000020E8
:109000000000000025530000A8000020A000002060
:109010009800002000000000900000204154000053
:109020008D530000C153000009540000841E00202D
:109030003A00003A881E00203A00003A8C1E0020B8
:109040003A00003A901E00203A00003AB800002092
:109050007C00002074000020700000206C000020C4
:10906000000000000000000000000000D000002010
:10907000D000002000000000000000000E000000F2
:10908000E4000020E40000200000000000000000D8
:109090000E000000F8000020F80000200000000092
:1090A000000000000E0000000C0100200C01002058
:1090B00000000000000000000E00000015E015E0B8
:020000040001F9
:100000003DB8F3960000000000020000F80903006C
:1000100000000000020000000000000000000000DE
:10002000FFFFFFFFFFFFFFFFFFFFFFFFFFFFFFFFE0
:10003000FFFFFFFFFFFFFFFFFFFFFFFFFFFFFFFFD0
:10004000FFFFFFFFFFFFFFFFFFFFFFFFFFFFFFFFC0
:10005000FFFFFFFFFFFFFFFFFFFFFFFFFFFFFFFFB0
:10006000FFFFFFFFFFFFFFFFFFFFFFFFFFFFFFFFA0
:10007000FFFFFFFFFFFFFFFFFFFFFFFFFFFFFFFF90
:10008000FFFFFFFFFFFFFFFFFFFFFFFFFFFFFFFF80
:10009000FFFFFFFFFFFFFFFFFFFFFFFFFFFFFFFF70
:1000A000FFFFFFFFFFFFFFFFFFFFFFFFFFFFFFFF60
:1000B000FFFFFFFFFFFFFFFFFFFFFFFFFFFFFFFF50
:1000C000FFFFFFFFFFFFFFFFFFFFFFFFFFFFFFFF40
:1000D000FFFFFFFFFFFFFFFFFFFFFFFFFFFFFFFF30
:1000E000FFFFFFFFFFFFFFFFFFFFFFFFFFFFFFFF20
:1000F000FFFFFFFFFFFFFFFFFFFFFFFFFFFFFFFF10
:10010000FFFFFFFFFFFFFFFFFFFFFFFFFFFFFFFFFF
:10011000FFFFFFFFFFFFFFFFFFFFFFFFFFFFFFFFEF
:10012000FFFFFFFFFFFFFFFFFFFFFFFFFFFFFFFFDF
:10013000FFFFFFFFFFFFFFFFFFFFFFFFFFFFFFFFCF
:10014000FFFFFFFFFFFFFFFFFFFFFFFFFFFFFFFFBF
:10015000FFFFFFFFFFFFFFFFFFFFFFFFFFFFFFFFAF
:10016000FFFFFFFFFFFFFFFFFFFFFFFFFFFFFFFF9F
:10017000FFFFFFFFFFFFFFFFFFFFFFFFFFFFFFFF8F
:10018000FFFFFFFFFFFFFFFFFFFFFFFFFFFFFFFF7F
:10019000FFFFFFFFFFFFFFFFFFFFFFFFFFFFFFFF6F
:1001A000FFFFFFFFFFFFFFFFFFFFFFFFFFFFFFFF5F
:1001B000FFFFFFFFFFFFFFFFFFFFFFFFFFFFFFFF4F
:1001C000FFFFFFFFFFFFFFFFFFFFFFFFFFFFFFFF3F
:1001D000FFFFFFFFFFFFFFFFFFFFFFFFFFFFFFFF2F
:1001E000FFFFFFFFFFFFFFFFFFFFFFFFFFFFFFFF1F
:1001F000FFFFFFFFFFFFFFFFFFFFFFFFFFFFFFFF0F
:10020000F80B00209108010065090100D55D01008F
:10021000F55D0100155E0100555E0100355E0100CF
:100220000000000000000000000000004D2E010052
:100230006509010000000000650901006509010071
:10024000000000000000000000000000B1360100C6
:10025000000000006509010000000000000000002F
:1002600065090100650901006509010065090100D2
:100270000000000065090100650901006509010031
:100280006509010065090100000000000000000090
:100290006509010065090100000000000000000080
:1002A0006509010000000000000000006509010070
:1002B0006509010065090100650901006509010082
:1002C0006509010065090100650901006509010072
:1002D0006509010000000000650901000000000040
:1002E0006509010000000000650901000000000030
:1002F000650901000000000000000000000000008F
:10030000000000006509010000000000000000007E
:1003100000000000000000000000000000000000DD
:10032000000000006509010000000000000000005E
:1003300000000000000000000000000000000000BD
:100340006509010000015F5F02000000FE0B000074
:10035000DD2E01008006000000000000000000000B
:100360000000000000000000000000000100FFC3CA
:10037000000000C4201200200000000001015F5FA7
:10038000030100001F010000B10601000000000091
:10039000000000000100000001000000000000005B
:1003A000000000000000000000000000000000004D
:1003B0000000000070000000946201008000000056
:1003C000000F000001000000F104010001015F5F67
:1003D000040100001F0100001F08010000000000D0
:1003E000000000000000000001000000000000000C
:1003F00000000000000000000000000000000000FD
:10040000000000009F62010040000000050700009E
:10041000010000000B070100FFFFFFFFFFFFFFFFD0
:1004200038B50025054C29462046D4F80024C4F8E8
:10043000045405F078FDC4F8005438BD200C0020A9
:1004400037B511460022CDE9002242680346402A12
:10045000046845D1228D150A032D17D0012D37D000
:1004600022482468D0F80404AA1ECDE90040082AD6
:1004700039D8DFE802F0050B0F14191E23283000CD
:100480006A46184600F037F903B030BD184600F050
:1004900020F9F9E76A46184600F01EF9F4E76A46C3
:1004A000184600F013F9EFE76A46184600F017F90E
:1004B000EAE76A46184600F015F9E5E76A46184685
:1004C00000F013F9E0E76A46184600F011F9DBE79F
:1004D00000F014F9D8E76A46184600F013F9D3E79C
:1004E0006FF08000D0E76FF08500CDE7200C002092
:1004F0002DE9F04F05680446A3B0002D40F0B1800F
:100500002022294602A805F00EFD12AF202229461E
:100510000AA805F008FD40222946384605F003FDEB
:10052000E26904F11C039846B2B10426E26A04F1C0
:100530002C03EAB10425EEB96FF08306304623B0F0
:10054000BDE8F08F002EF1D053F8041D3246013E75
:100550000029F7D01646E9E70326F5E7002DEAD093
:1005600053F8041D2A46013D0029F7D01546E2E75D
:100570000325F5E740233A460021606805F010FDA9
:100580004028D9D1CDE902700127DFF8DCA00DF1B8
:10059000080904F1100BBE421FD10AAF38460021F2
:1005A000314A08EB8509D2F80034C84533D109B186
:1005B000C2F80034A3683146C2F8043402A82B46BE
:1005C0000AAAFFF73DFF4FF000080646454507F130
:1005D00008073DD1FFF724FFB0E75BF8043F1A1D81
:1005E00021D8DAF80004D91C21F00301C0F580629B
:1005F000914218D8014400EB0A02CAF8001460685E
:100600003946019205F0CCFC019AC9F80C0001377B
:1006100049F8082FBFE758F804EF1EF1040F07D977
:1006200009B1C2F80034FFF7FBFE6FF08C0685E7D6
:100630000EF1030C2CF0030CC3F5806AD44500F1D5
:100640000800EDD8D11840E9021E63440121ACE74F
:10065000414657E90223606805F0B7FC08F101083C
:10066000B4E76FF0850669E7200C002008B5282262
:100670000021024805F057FC002008BD281000208A
:1006800010B5044C0F222046034905F027FC2046F4
:1006900010BD00BF511000202208010008B5012143
:1006A000024803F0B7FB002008BD00BF5010002037
:1006B00008B5FFF7DBFF40B9FFF7E2FFFFF7EEFFFA
:1006C00018B9BDE8084003F02FBC08BD6FF08500E5
:1006D00070476FF0850070476FF0850070476FF0CE
:1006E000850070476FF0850070476FF08500704798
:1006F0006FF0850070476FF085007047D1E9000109
:1007000003F0D6BB6FF085007047F0B5036805466F
:10071000B3F57D7FA7B007D040F2F532934207D002
:100720006FF0850027B0F0BD01F00CFD0020F9E767
:1007300000243C22214607A8CDE90244CDE9044427
:10074000069405F0F0FB3C22214617A8169405F00C
:10075000EAFBEA69019405F11C0302B30426EA6A84
:1007600005F12C033AB30424731E012B52D8012C3B
:1007700050D80423002168680DEB030205F010FC3B
:1007800004281AD06FF08000CCE7002EE7D053F891
:10079000041D3246013E0029F7D01646DFE7032646
:1007A000F5E7002CE0D053F8041D2246013C002957
:1007B000F7D01446D8E70324F5E7022E16D16E6968
:1007C000402E29D806AF33463A460121686805F025
:1007D000E7FB8642D6D1CDE9027602A944B922468A
:1007E000019801F0C1FC044620469BE70021F5E793
:1007F0002B6A402BC6D816AACDE90423019804AA77
:1008000001F0B2FCDDE9042304460021686805F02C
:10081000DCFBE9E7012085E76FF0890082E7002033
:1008200070474D62656420544C5320332E362E346D
:1008300000000000000000000000000000000000B8
:100840000832000001000000293A0100013A0100CD
:10085000407C01008010002047000000407C010027
:10086000200C002000000000407C0100000C002053
:10087000000000009C110020C2050000200C002098
:1008800018010000000C00200800000002F03EBD2E
:1008900008B572B6002383F31488BFF36F8F83F318
:1008A0000A8883F30B88BFF35F8F254B5A6A22F4C3
:1008B00080325A62D3F8942022F00102C3F89420C7
:1008C000BFF34F8FBFF36F8F1E4A9A6000F058F846
:1008D0001D4B83F309881D4B83F30A8883F30B8830
:1008E0001B4B15A1D1E90001C3E9000100F0EEF8AE
:1008F000184B19498B4212D30020184B18498B42D0
:1009000018D303F0A5F8186850F82240586840F84A
:100910002240013298688242F5D30C33EAE7002284
:10092000F8E71C6844F8220001325C68A242F8D360
:100930000833E4E70022F8E7A5EDF5FEA5EDF5FEA6
:1009400000ED00E000020100F80B00200004002090
:10095000F80B002050080100740801007408010021
:100960008C080100EFF30880EFF309812DE9F00F07
:100970006B46724600F094F908B0FFF787FFFEE778
:1009800038B572B6002383F3138883F311884FF0D0
:10099000FF30274A03F120010133102B42F82100D8
:1009A000F8D100234FF0FF34214A03F160010133F5
:1009B000102B42F82140F8D1012200251D4B294679
:1009C0005A60C3F84843C3F8084303F580535A609C
:1009D000C3F84843C3F80843A3F55043C3F8005590
:1009E0008022C3F80843144805F09DFA2946802266
:1009F000124805F098FA124B2946C3F80055802298
:100A0000C3F808430F4805F08EFA802229460E48A5
:100A100005F089FA0D4BC3F808454FF05023C3F891
:100A2000084362B6BFF34F8FBFF36F8F38BD00BF6F
:100A300000E100E0004001508080005080810050C3
:100A40000090005080900050809100500070015044
:100A500008B5EFF31083012B0C4A07D1126ABFF3DC
:100A60004F8F511C4A424A41104608BD01F062FCBA
:100A700000B172B6126ABFF34F8F531C5A425A41EB
:100A800001F058FC0028EFD062B6EDE70080FF00CF
:100A900008B5EFF31083012B0B4A06D1D269BFF3DF
:100AA0004F8F02F00102104608BD01F043FC00B177
:100AB00072B6D269BFF34F8F02F0010201F03AFC27
:100AC0000028F0D062B6EEE70080FF00694A10B55A
:100AD000D2F8D03043F00203C2F8D03001F02AFC43
:100AE00030B14FF050230022C3F81421C3F818216D
:100AF00001F02FFC28B101225F4BC3F8382AC3F85C
:100B000078254FF47F02D2F83031D2F83421BFF388
:100B10004F8FC3F30B03092B05D1012A1EBF0122FE
:100B2000554BC3F8782501F014FC18B10E22534B35
:100B3000C3F8E42E01F0FEFB30B100224E4BC3F8A7
:100B40000C270122C3F810270022D30003F57F03EE
:100B5000D3F80013BFF34F8F013108D0D3F800133F
:100B60000132D3F80433B2F5807F0B60EDD1EFF39F
:100B70001084FFF78DFF00284DD0BFF34F8F404BFF
:100B8000D3F80024012AFBD1C3F80425D3F80024AC
:100B9000012AFBD1012C03D001F0CCFB00B172B6CD
:100BA000FFF776FF58B1374AD36923F00103D361C9
:100BB000BFF34F8F324AD2F80034012BFBD1FFF73D
:100BC00047FF68B12F4A136A23F0FF0343F0200365
:100BD0001362BFF34F8F2A4AD2F80034012BFBD1A6
:100BE000012C03D001F0A6FB00B162B60022244B19
:100BF000C3F80425D3F80024012AFBD1BFF34F8F9B
:100C00001C49214BCA6802F4E0621343CB60BFF376
:100C10004F8F00BFFDE7FFF71BFF0028ADD1154A3E
:100C2000D2F88C3043F44063C2F88C304FF47F0329
:100C3000D3F83021D3F83431BFF34F8FC2F30B0216
:100C4000092A16D1013B022B02D8104AD35C83B18A
:100C50000C480F4903680A4A8B420CBF5A230023F1
:100C6000C2F8103EC36A8B420CBF5A230023C2F85D
:100C7000003E10BD00ED00E00040005000A0035019
:100C8000009003500080FF000400FA05EE360100DA
:100C9000FA50FA507C22014905F020B9BC18002016
:100CA00038B51D46384B394C5B68C3F308032360E5
:100CB000EFF3038363655306C4E90120E16039D58E
:100CC00002F00C020C2A08BF0846014620612022CF
:100CD0002F4805F003F925B1202229462D4805F0BB
:100CE000FDF8294B9A6AA265D96AE165986B20667E
:100CF00002F400406066586BA06602F08000E06677
:100D00009A62D962D3F8E42023482267D3F8E81026
:100D1000616702F04001A167C3F8E4200E2101F0F1
:100D20002AFB2268D31E042B22D8DFE803F00F151C
:100D3000181B1E00EFF39483990704D5130702D5FF
:100D4000EFF38980C1E7EFF38880BEE70C211348F9
:100D5000BDE8384001F00FBB12211148F8E70B2124
:100D60001048F5E70D211048F2E70E210F48EFE794
:100D70000F2A98BF1421BDE8384089BF25210C48AF
:100D80000C48103A01F056BC00ED00E0BC18002001
:100D9000D0180020F0180020F1360100FF360100C5
:100DA0000B3701001D3701002837010035370100DE
:100DB00043370100573701002DE9F34106460F463E
:100DC0000C4DD5F82C80C04710F00104FBD13946FA
:100DD00030466B69984740B9C047C307FCD42B6ABB
:100DE000019302B0BDE8F0411847204602B0BDE8CB
:100DF000F08100BF7C37010010B5094C0020A368CA
:100E000098472369022098474FF4E131A46A0120F2
:100E1000A04701211520A0470122024B1A6010BDF6
:100E20007C37010038190020064B82B01868002377
:100E300082B262F30F03000C60F31F43184602B046
:100E4000704700BFC4370100014B1869704700BFED
:100E500080100020014B5869704700BF80100020AF
:100E600010B5044C204600F009FF002084F8200053
:100E700010BD00BF8010002038B50C4D0C4695F811
:100E8000203013B94FF0FF3038BD0A4601462846DE
:100E900000F086FF064B984205D00B3B9842F1D1FB
:100EA00000206C61F0E76FF00100EDE7801000209A
:100EB0000B00AD0BF0B51B4E054696F820300C46E6
:100EC00091B01BB94FF0FF3011B0F0BD00F060439E
:100ED000B3F1005F21D100230A460146304600F0FD
:100EE000EFFB114B98421AD00B3B9842EAD1346188
:100EF00011E0A71B402F28BF4027A9193A46684692
:100F000004F0ECFF39466846FFF7D4FF0028DBD138
:100F10004036B442EDD80020D6E70026F9E76FF05E
:100F20000100D1E7801000200B00AD0BC3B2012BF4
:100F300010B540F096804DF6C023994270D028D865
:100F4000B1F5615F6FD011D8B1F5965F6DD008D85B
:100F5000B1F5966F6BD0B1F5166F6BD06FF00700DF
:100F60005DE0B1F5165FF9D1454B33E047F612234A
:100F7000994262D007D8B1F5964F61D0B1F5E14FF3
:100F8000ECD1404B26E0B1F5164FE7D14FF41D03ED
:100F900020E03D4B994255D011D8B1F5E13F54D0F6
:100FA00007D8B1F5614F53D0B1F5963FD6D1374B45
:100FB00010E0B1F5613FD1D14FF06C730AE0B1F5AB
:100FC000612F48D0324B994248D0B1F5E12FC5D1BD
:100FD0004FF0E86310F4E06F46D110F4404103D0C5
:100FE000B1F5804F43D1102110F4405203D0B2F537
:100FF000805F3FD10E2210F4403003D0B0F5403F67
:101000003BD10120234C20766276E361A1760A432E
:1010100024681043C4F82435C4F86C05002010BDC2
:101020004FF46503D6E71C4BD4E71C4BD2E74FF4D3
:101030009E23CFE74FF41D23CCE74FF40003C9E70D
:10104000174BC7E74FF08063C4E74FF0EB73C1E77E
:101050004FF46B03BEE74FF07063BBE74FF0805374
:10106000B8E76FF00300DAE76FF00800D7E76FF03A
:101070000A00D4E76FF00900D1E76FF00B00CEE76C
:101080000050270000C0750090D0030000903A0186
:1010900040420F008010002000F03A0000B0130022
:1010A00000A04E0010B58EB02422002105A804F047
:1010B0003AFF4FF0FF33CDE90133CDE903334FF071
:1010C000EB730B930723104C01A8D4E902128DF89F
:1010D000363001F06EF901460022204600F03AFA5F
:1010E0000A4B98420DD10C9B002023831B0CA37646
:1010F0000B9BC4E90400E361012384F820300EB0A7
:1011000010BD6FF00100FAE7801000200000AD0B69
:101110007FB500250C46C0F808511646D0F80821C6
:10112000D0F8002222F02002C0F80022104AC0F8B5
:10113000082301F08FF9A560256104F14C03D3E881
:10114000EF1F21F47F0121F47041C3E8E21F002A60
:10115000F5D110222946684604F0E5FE04236846CE
:101160008DF800300196D4E90013984704B070BDA3
:1011700010020A0000F01F03400909D1074A02EBE0
:101180008303D3F80012064A0A40C3F800227047CE
:101190000022803352F82330FFDE00BF0025845048
:1011A000F0F8FCFF2DE9F04F804690F804A05020A5
:1011B000664F0E4600FB0A70416885B049B113F0D6
:1011C000020304D0836B002B00F0B2800123009354
:1011D00000E000914FF0500909FB0A73DB6CD9065F
:1011E00000F1A6804FF0010BB3180293029BB342AB
:1011F00000F0A78006F06043039398F80450D8F8F5
:10120000004009FB05739A6B9AB9039BB3F1005F29
:1012100040F09980019200F005FE09FB0572D16C47
:10122000204601F0010101F0E3F828B900F002FEC8
:10123000E3E701230193EEE7516C33460029BCBF7D
:10124000D4F84C155164019A42B109FB057130780C
:10125000D1E90E23D054D1E90E3213441BB1C4F8A6
:101260004435C4F848B50022C4F82021D4F8201130
:10127000C4F85821D4F85811C4F85021D4F850219A
:101280000822C4F80025009AE2B14FF48003C4F8A4
:101290000433C4F808B000F0CDFD502303FB0A72FC
:1012A000516800294BD1D26C120748D503FB0A7351
:1012B0004C33D3E8EF1F21F00801C3E8E21F002AF6
:1012C00036D0F6E7C4F808B0019300F0B3FD09FB8F
:1012D0000572D16C019B01F001012046019301F0E0
:1012E00087F88446019BD4F84C05D4F84425BCF11A
:1012F000000F0DD19342F0D005EB850507EB0515E6
:10130000D1B100F08FFD2946204601F0B5F8C2E7C3
:1013100005EB8505934207EB0515F1D10028EFD1C8
:1013200000F080FD2946204601F0A6F800F082FD7D
:10133000074805B0BDE8F08FC4F80CB0E1E701360E
:1013400054E70448F5E70448F3E700BF3C190020E0
:101350000800AD0B0000AD0B0400AD0B430904D138
:101360000123034A83409360704700239B60FFDEA4
:101370000025845000F01F0340090BD1084A02EBFE
:101380008302D2F80012074B0B4043F00303C2F86C
:10139000003270470022803352F82330FFDE00BF56
:1013A00000258450F0F8FCFF2DE9F84391F8303027
:1013B00005460C4690F804800F6853BB5023DFF8B5
:1013C0005091781C03FB0893DE6C46F00072DA64DF
:1013D00004D03846FFF7C2FFFFF7CCFF6068411C1E
:1013E00001D0FFF7C7FE94F82C30012B11D1502308
:1013F00003FB0893E06846F02066421CDE6401D0DF
:10140000FFF7B8FEA068431C03D0FFF7A7FFFFF764
:10141000B1FF94F82F0038B950223D4B02FB08333E
:10142000DA6C42F08072DA6494F82CC094F82D10D3
:1014300094F82E202B68D4F828E041EA0C010A43E6
:10144000E668D4E90198C3F824E5C3F86C2550B9DF
:10145000BCF1010FC3F80C75C3F8149504BFC3F8B1
:101460000885C3F81065D3F8682503F26458012A8B
:1014700008BFDA60D3F86425012A13D1082149F6A0
:101480004046244FC3F8001547F001075A60D8F8CA
:1014900000309BBB2B68D3F88024C3F88024002243
:1014A000C3F8002500212B6894F83220C3F81011EE
:1014B000D3F81001C3F82011D3F82001C3F8241188
:1014C000D3F82401C3F84411D3F84401C3F85811E8
:1014D000D3F8581143F307335201002BD2B212DB79
:1014E0000D49C81880F800230122580903F01F0392
:1014F00002FA03F341F82030BDE8F8834020B847F2
:10150000013EC4D1C6E7054903F00F03CA54F3E70F
:101510003C190020D037010000E100E014ED00E0AC
:1015200000F01F0340090BD1084A02EB8302D2F8F6
:101530000012074B0B4043F00203C2F80032704721
:101540000022803352F82330FFDE00BF0025845094
:10155000F0F8FCFF2DE9F3479046502290F80490F4
:10156000514C02FB09FA04EB0A070D4697F84810A4
:101570000646002940F0858009EB890004EB001045
:1015800004F0D1FC2B69AA6944F80A306B69BB638B
:1015900002B1013A502303FB0943DA632A6A042AA1
:1015A00081BFEA699A610022DA6195F83130B8F1B9
:1015B000000F37D083F001073F0233B1502303FB04
:1015C0000943DA6C42F00102DA64502303FB094458
:1015D0000123C4F8048084F848303468D4F84C21DE
:1015E00012BB29463046FFF7DFFE0822002334688D
:1015F0008DF80730C4F800250DF10702C4F8442522
:10160000C4F8483501230A25A360E360D4F85831B3
:10161000002B38D1254B402043F001039847013D72
:10162000F4D128E04746C8E708224FF06409C4F81F
:10163000002563601D4B43F0010AD4F84431F3B92F
:10164000D4F82431DBB94FF42070D047B9F1010947
:10165000F3D14B460022C4F84C21D4F84C11C4F805
:101660001021D4F81011C4F84421D4F84411C4F85E
:101670000025002BB5D10E4802B0BDE8F08701234C
:10168000E8E70C48F8E70023C4F820319845D4F87F
:101690002021C4F80035084B08BF00231F433368DE
:1016A0000648C3F80473E7E73C190020D03701006F
:1016B0000100AD0B0C00AD0B10020A000000AD0BD9
:1016C0002DE9F04784460F469E4616460579002AC6
:1016D00051D04FF0500ADFF8AC80D0F800900AFBF0
:1016E000058ADAF8044074B96BB9DAF82C50002D89
:1016F00043D1CAF82C20FFF755FD0446CAF82C50F8
:101700002046BDE8F0871EF0030F07D0734632462F
:101710003946BDE8F0476046FFF744BD07F0604337
:10172000B3F1005F4FF0500414D104FB058400F0C6
:1017300079FBE26A1AB1144C00F07CFBE0E7C4E9E3
:101740000A7605EB8505484608EB051100F09FFE7B
:101750000E4CF1E704FB0584A36B83B100F062FB40
:10176000E36A002BE7D1E36C012243F00203C4E9F2
:101770000A76E364E5E7064CC2E7034CC0E7054C94
:10178000BEE700BF3C1900200B00AD0B0000AD0B05
:101790000600AD0B0A00AD0B2DE9F8435023067986
:1017A000284D046803FB0653D4F80473DA6AC4F8BE
:1017B000087322B92448C4F80473BDE8F88306EB23
:1017C000860005F14C024FEA001802EB0012D2E845
:1017D000EFCF4CF0080CC2E8E0CF0028F7D101228F
:1017E000E26031B3D96C01EA02094946204600F0B3
:1017F000FFFD0028FAD000F015FBB9F1000F1CD155
:10180000D4F8203153B10123E360D4F85831002BD0
:10181000FBD0204605EB080100F02EFE00F00AFB8D
:101820000023C4F82031D4F82021502202FB0655B1
:10183000EB620648C4F80473BFE7D4F85831002BB4
:10184000E7D1EBE73C1900200500AD0B0000AD0B24
:101850002DE9F84390F804804A4E08EB88073F01D1
:1018600007F14C0504683544D5E8EF3F43F4805256
:10187000C5E8E02F0028F7D1DA047FD44B0705D55F
:10188000502303FB08639B69002B79D03E4B374400
:10189000C4F808330823C4F800350023C4F8103115
:1018A000D4F81021C4F84C31D4F84C21C4F8443198
:1018B0000A03D4F844318B0303F4804302F400524A
:1018C0004903134301F400410B43D5E8EF2F1A43BA
:1018D000C5E8E12F0029F8D14FF0500909FB08694C
:1018E000D9F80830EBB9D9F8043093B9502303FB89
:1018F0000863DB6CD8043FD5D5E8EF3F23F47F03C2
:1019000023F47043C5E8E23F002AF5D11F48BDE843
:10191000F8830321384600F078FDD9F80830002B11
:10192000E4D0D4F80433590713D5502303FB0863DC
:101930005A6872B1DB6C1A030BD5D5E8EF3F23F47C
:101940000023C5E8E23F002AF7D10621384600F01F
:101950005CFD502303FB0863DB6CDB040CD5D4F87F
:101960004C310BB901232360502303FB08667368D5
:1019700013B1054BC4F804330548C8E70548C6E76A
:101980000548C4E73C19002010020A000200AD0B14
:101990000000AD0B0B00AD0B0800AD0B2DE9F84FAF
:1019A000502390F804905B4E046803FB09631746CC
:1019B000DA6CD4F804A350038846C4F808A300F1F5
:1019C000A38001F06041B1F1005F40F09F80996811
:1019D00059B15B68002B40F08380D4F810110029C6
:1019E0007ED0C4F81031D4F81031502505FB0965BC
:1019F000EA6909EB890BC5E902874FEA0B1B002A4C
:101A000049D0974235D84FF000093A46A969404677
:101A1000C5E9029904F062FAEA69A869D21BC11902
:101A2000EA6104F025FA6B6823B93B48C4F804A3C3
:101A3000BDE8F88FEB6C5E44990414D5374B5B44DA
:101A4000D3E8EF1F41F48021C3E8E21F002AF7D159
:101A50003A464146304600F0E9FC4A4631462046C7
:101A6000FFF756FBE1E73A464146304600F0DEFC20
:101A7000DBE74046A96904F031FAEB696B620023A9
:101A8000EB61264B5B44D3E8EF1F41F40021C3E830
:101A9000E21F002AF7D1502303FB0963586ADA6872
:101AA0009968DB6C121A0144C4F83415C4F838255F
:101AB000DA04BAD5194B5B44D3E8EF1F21F4802137
:101AC000C3E8E21F002AF7D101232360D4F8443190
:101AD000002BAAD00023C4F84431D4F84431A4E741
:101AE000502303FB0966336993B95304C4F8348562
:101AF000C6E90487C4F8387597D5D4F8003243F0A6
:101B00002003C4F8003290E705488FE705488DE7C9
:101B100005488BE73C1900200000AD0B8819002018
:101B20000500AD0B0A00AD0B0B00AD0B50232DE9EA
:101B3000F0414E4D90F80480046803FB0853D86CC4
:101B4000D4F8007200F48220B0F5805F05D009B1AE
:101B50000022DA614648BDE8F081D4F80463C4F895
:101B6000086309B9BB0652D44FF4A111D4F800326E
:101B700023F02003C4F80032502303FB08574C37EE
:101B8000D7E8EF0F0843C7E8EC0FBCF1000FF7D11F
:101B900022B903FB08535B68002B63D1354BC4F8B3
:101BA000083301236360D4F84431002BFBD00023B9
:101BB000C4F84C31D4F84C21C4F81031D4F81021B9
:101BC000C4F84431D4F84421502202FB0852D16CAD
:101BD00011F400411ED1D161204600F03BFC50239E
:101BE00003FB08550023AB602B61D7E8EF3F23F4DC
:101BF0007F0323F47043C7E8E23F002AF5D126F4BF
:101C0000202626F404761C48C4F80463A3E74FF4A6
:101C10008031B1E79269C4F84C31D4F84C11C4F862
:101C200034250522C4F83825C4F81031D4F8103111
:101C30000123E362D4F81031002BFBD00023C4F859
:101C40001031D4F81031D4F84C210AB1D4F83C2525
:101C5000502303FB0853DA610023C4F84C31D4F855
:101C60004C31B9E701236360CDE700BF3C19002088
:101C70000500AD0B10020A000000AD0B2DE9F84382
:101C80002F4A03680679C3F8082343F30733002B70
:101C900004460DDB01215A0903F01F03994002F1AC
:101CA0002003284A42F82310BFF34F8FBFF36F8FF2
:101CB000012220461146FFF739FF01212046FFF798
:101CC0006BFD50212279204D236801FB0252D46C18
:101CD000D3F80C05E201D3F81495D3F80875D3F8BE
:101CE000108509D54FF0FF32C3F80C25C3F8142531
:101CF000C3F80825C3F81025A30116D5411C01D04F
:101D0000FFF70EFCB9F1FF3F02D04846FFF708FC91
:101D100022010AD5B8F1FF3F02D04046FFF700FC90
:101D20007B1C02D03846FFF7FBFB5023002203FB4D
:101D30000653DA6483F848205A60BDE8F88300BF90
:101D400010034A0000E100E03C19002010B55024C7
:101D500002790E4B04FB02335B689BB90368D3F82E
:101D60000025082A05D011B1D3F83C350B6008488E
:101D700010BDD3F810213AB111B1D3F83C350B6046
:101D80000448F5E70448F3E70448F1E73C1900206C
:101D90000C00AD0B0000AD0B0800AD0B0B00AD0B44
:101DA0002DE9F34105461646FFF7F8FD184B0446AA
:101DB000984226D10321284695F80480FFF748FD74
:101DC000144FB84201D0A0421FD15022124B02FB47
:101DD00008335B68ABB90193284601A9FFF7B6FF4A
:101DE000B842F9D00D4B98420AD0019BB34207D3B9
:101DF00001222846114602B0BDE8F041FFF796BE29
:101E0000074C204602B0BDE8F0810446F9E700BF68
:101E10000000AD0B0B00AD0B3C1900200C00AD0B0E
:101E20000800AD0B72B6024A1368013313607047A5
:101E30008C190020034A1368013B136003B962B692
:101E4000704700BF8C190020003A18BF01220039EA
:101E500018BF012103688900074841EA420118635D
:101E600059605A6842F001025A60BFF34F8FBFF3C6
:101E70006F8F0020704700BF04AAFF000722024BAB
:101E8000C3F80423704700BF00300050084BD3F85C
:101E90000801D3F80021003818BF012080000AB1E2
:101EA00040F00100D3F804310BB140F0020070475C
:101EB000003000500022074BC3F80021D3F8001176
:101EC000C3F80421D3F80411C3F80821D3F808316A
:101ED000704700BF00300050002317200C49012B31
:101EE00003F1010201D81346F9E703F5C073202A74
:101EF00041F823001346F2D100231720044A03F5CA
:101F0000E0710133202B42F82100F8D1704700BF67
:101F10000030005010B59DF80840C00B43EA042380
:101F2000064CC90B43EA0213884200D910BDC2B265
:101F300002F5C07244F822300130F5E7003000505D
:101F400010B59DF8084000F1604043EA042301F118
:101F50006041074C400B490B43EA0213884200D909
:101F600010BDC2B202F5E07244F822300130F5E74C
:101F700000300050C0F30E03C3F50043B3FA83F3FF
:101F8000C3F11B03064AC0F3C730DBB240F48070D4
:101F900043F48073C2F80005C2F80435704700BFEF
:101FA000003000504303014818447047FF1FF81FDA
:101FB000054BC0F30730090241F0300100F5007015
:101FC00043F82010704700BF00300050044BC0F3AE
:101FD0000730090200F5007043F82010704700BF79
:101FE0000030005008B5FFF751FF044B1621186070
:101FF0000348BDE8084000F0BEB900BFD81F00206C
:10200000D63701000C22014903F068BFD81F002019
:1020100010B501F032FB044690B901F0E5FF04462B
:1020200080B90A4A2E21D368094823F008031B040B
:102030001B0C43F0BF6343F40033D36000F09BF903
:10204000204610BD45F22354FAE700BF00ED00E042
:10205000EC370100024B1860024B002019607047FA
:10206000E81F0020E41F00201FB5274C42692368A9
:102070005A6282699A62C269DA62026A1A63426AC1
:102080005A63826A9A63C26ADA63026B1A64426BA9
:102090005A60826B9A60C26BDA60026C1A61426CA1
:1020A0005A61826C9A61C26CDA61026D1A62826D49
:1020B0005A65C26D9A65026FDA65026E1A66826EA3
:1020C0005A66426F9A66EFF388825A64EFF3898208
:1020D0009A644268DA64EFF394821A65026801A890
:1020E0001A67FFF78FFF2368019ADA6601221A70D8
:1020F000064B1C686408640020462146224623469D
:1021000003F0E1FF04B010BDE81F0020E41F002031
:1021100000B5A1B001A8FEF7BDFD029B63B15B064F
:102120000AD4019B23F00203052B05D1044B1B6845
:1021300013B101A8FFF798FF21B05DF804FB00BFC1
:10214000E41F0020BFF34F8F0549064BCA6802F415
:10215000E0621343CB60BFF34F8F00BFFDE700BFCA
:1021600000ED00E00400FA0503462DE9F04F0846B3
:1021700087B01146042B78D8DFE803F00308770D09
:10218000510007B0BDE8F04F00F076B807B0BDE8E9
:10219000F04F00F038BA4368082B03D0022007B094
:1021A000BDE8F08F4B68042BF8D14FF0FF33D0F827
:1021B0000080D1F800A0D8F80410CAF80030002937
:1021C000ECD026233C22012001F0A9F90446002886
:1021D000E4D1D8F80030DFF898B0DFF8989003AF7A
:1021E0005BF8045B99E807001D4487E807000C22B0
:1021F00039462846019303F056FF019B064600B975
:102200001DB90134072CEBD1C8E73C222946D8F888
:10221000040003F063FECAF800600020BFE74368D3
:10222000082BBBD14E68042EB8D14FF0FF330468A1
:102230000D6821682B600029B0D06368002BADD0F9
:1022400026237422012001F06AF90028A6D1232355
:1022500032460120616801F062F900289ED1D4E97C
:102260000001FFF7F7FE2860D7E7032097E700BFDC
:102270001C38010038380100F8B543680C2B01D038
:102280000220F8BD4B68042BFAD14FF0FF330468ED
:102290000D6821682B600029F2D0A268002AEFD0D7
:1022A0000623012001F03BF90028E9D161681F4EA7
:1022B000D6E90037994230D3A2681F4401EB020CE3
:1022C000BC452AD803F17F4303F50043B3F5805F93
:1022D00020681FD20A43930725D1154B9C4522D86D
:1022E000091AA2680B1812B900202860C9E7EFF399
:1022F0001082012A08D11B68BFF34F8F40F8043BBE
:10230000A368043BA360ECE772B61B68BFF34F8F72
:1023100062B6F3E703F0E2FDE6E70130042806F1D8
:102320000806C5D1ACE70320ABE700BF4438010085
:102330000090FF004FF47F03D3F83001D3F834311D
:10234000BFF34F8FC0F30B00A0F10903584258416F
:1023500070474FF47F02D2F83031D2F83401BFF326
:102360004F8FC3F30B03092B03D1431E584258412F
:10237000704700207047FEF71FBD012070476FF0C7
:1023800003007047002382B00193019802B07047A8
:102390006FF003007047002382B00193019802B0F0
:1023A0007047022814BF6FF0030000207047FEF74B
:1023B00081BD70B540F2FF1501EB8202914200D160
:1023C00070BD51F8044BC4F30803640CAB4208BF62
:1023D0004FF0FF33032CF1D8DFE804F002040608C5
:1023E0000360EBE74360E9E78360E7E7C360E5E7A5
:1023F0000346D0F8580130B931B9D3F8200100387C
:1024000018BF012070470120704730B504460D46C3
:1024100085B010220021684603F085FDD4E9001341
:1024200068468DF80050984705B030BD7FB504462A
:102430000E46154600211022684603F074FD012364
:1024400068468DF80030CDE90165D4E9001398475E
:1024500004B070BD10B50446FFF7E4FCD4F8583161
:1024600033B1D4F8043313F4800308BFC4F8003543
:10247000BDE81040FFF7DEBCD0F8583133B1CB6C6B
:10248000C3F30032DB0458BFC0F80025704770B5B5
:10249000CE6C0D4606F001010446FFF7A9FF38B9DE
:1024A0004FF4800346F00406EE64C4F8043370BDB4
:1024B000D5E90A365AB1296CEA6B761A964228BFDA
:1024C000164619443246A86B03F008FDAB6B4FF07B
:1024D000FF326A641BB1C4F84435C4F84865002370
:1024E000C4F82031D4F82021C4F85831D4F8582148
:1024F000C4F85031D4F850310823C4F800354FF4F3
:102500008003C4F804330123A360D0E74B6830B5DF
:1025100013F01F052DD102680C681068C0F3072066
:10252000844226D25068556094600C7C23F01F03CF
:1025300004F001041C438B7CDB0003F018031C43F4
:102540004B7C5B0003F006032343D3608B68013BA5
:1025500023F01F04CB685B0003F00E03234343F01A
:10256000010313615060BFF34F8FBFF36F8F284695
:1025700030BD0120FCE7036800205A68C9B25860EA
:102580009960D86018615A60704770B5054600249C
:1025900003681E68C6F30726B44201D1002070BD4F
:1025A00021462846FFF7E7FF0134F5E7C0037047EF
:1025B000C00300F5FF407F307047002070471F20A8
:1025C00070474FF40040704700F57F40C030400333
:1025D0007047402070475F2070474FF400507047AD
:1025E0000020704708B5FFF793FD72B620BFFDE7E6
:1025F000034610B10020187070474AF2C53070478A
:1026000000207047704743680C2B01D002207047B0
:102610004B68042BFAD10B6801210268196011681C
:102620000131F3D10221906819600028EED11860C1
:102630007047000030B50C46154685B038B139B149
:10264000FFF799FE041E03DA204605B030BD0446AC
:1026500040F60D23ADF80E3009230B4901A805F013
:102660000F028A5C2D091A54013B012BF7D147F662
:1026700030030C21ADF80430FFF77DFE0028B4BF15
:1026800004462418E0E700BF6438010007B51A4B80
:1026900083F30A88194800F0DBFF48B100F036FEEA
:1026A00000F008FC00F0D6F8002003B05DF804FB51
:1026B000FFF7AEFC0028F1D121211148FFF75BFEA6
:1026C000FFF78EFF0028E9D10DF10700FFF790FF1B
:1026D0000028E3D19DF807301BB1FFF791FF0028D8
:1026E000DCD1FFF78FFF00F019FF35210548FFF718
:1026F00042FE00F0A7FDD3E700040020901900205F
:10270000743801009538010030B5094C0246616803
:102710000023084640B105686D68954205D11BB19C
:10272000826860609A60816030BD03468068F1E72E
:10273000141A002038B504462AB10B689B68DB05E3
:1027400012D5002038BD0B4B1D680DB900F0DEFD21
:1027500000222B68996934338A4203D053F8040F5E
:10276000A04204D19142ECD16FF0FC00EAE70132C3
:10277000F2E700BF1C1A002070B504460E4615464D
:10278000002130220C3003F0CEFB064B20461B68A4
:10279000A6606360656100F0A5FE002320612360F0
:1027A00070BD00BF1C1A0020034B186810B10068F0
:1027B00000B14068704700BF1C1A0020064B10B5DE
:1027C0001C680CB900F0A2FD23689B6813F4406FED
:1027D00014BF0120002010BD1C1A00202DE9F84371
:1027E000904607460C46FFF7E9FF024624B96FF012
:1027F00080042046BDE8F8836300F8D5144B04F04C
:102800001F0153F82150002DF1D02B68294658683C
:10281000FFF790FFB0B9C4F30721284600F078FD18
:1028200004460028E3D1EFF3108972B600F067FE8A
:10283000064689F3108840B142462946FFF79CFFBF
:102840003E60D6E76FF08104D3E76FF08204D0E7F3
:10285000941900202DE9F04100F050FE0023134EA2
:10286000134F73607B6000F0E5FADFF84880304674
:1028700000F022F80446A0B139468023424600F019
:10288000A1F80546204600F079FD2068211D00F0E2
:102890003DFB08B100F03AFD2946204600F076FAEB
:1028A000E5E7BDE8F04100F087BA00BF201A00203C
:1028B000141A002094190020F8B5054608B900F054
:1028C00025FD3B4E346814F1310F6ED8394B196831
:1028D00004F130038B4268D2E369A26903EB8303FE
:1028E0000E321344226A02EB42021344626AC2EBC4
:1028F000C20213449B00E31801D2994201D200F0B6
:1029000005FD23682C4A1B0C1B04934201D000F0E8
:10291000FDFC2388B3F5817F01D300F0F7FC6368E9
:10292000002B01DA00F0F2FCD4E90A239A4201DD1F
:1029300000F0ECFCA36813F4406F22D11F4A176823
:1029400007F1200313601E4A1268934201D900F078
:10295000DDFCE369A26903EB83030E321344226AB0
:102960003C6002EB42021344626AC2EBC2021344AF
:10297000326802EB83026B683260FB616F6038463D
:10298000F8BD6F68002FD9D03B689A6812F4406F89
:1029900009D0E16A9A6A914205DBA26ADB6A9A422F
:1029A00001DC00F0B3FCFF69ECE70027E7E700BFBC
:1029B000AC100020D438010000005F5FA810002098
:1029C000D03801002DE9F74F0F4690460646009398
:1029D00000B109B900F09AFCD6F800A0DAF8182086
:1029E0000AF1380303EB820BDAF81C40204B1D6818
:1029F00054B10C2202FB04541C601E4B1B689C4209
:102A000001D900F083FC2C4625464FF00009DAF886
:102A10001C204A4500D91CB9002003B0BDE8F08F46
:102A2000142303FB09B20023C5E900269268AB60BA
:102A3000930516D5B8F1000F02D0009B802B03D070
:102A4000019200F063FC019A12F0E00FD0B202D1C3
:102A500058F820201AB1019000F058FC019848F86D
:102A600020507A6809F10109AA607D600C35CEE733
:102A7000A4100020CC3801002DE9F04F93B0009352
:102A80005E4B0746D3F800B00BB2002B0D4616463E
:102A9000C1F30269C1F3024A04DA6FF0800013B097
:102AA000BDE8F08F8B42C36001D10020F7E709EB4E
:102AB0000A03042BF1D8CC0F64014FEAC908314650
:102AC0004246DBF8040044F0020300F028FD014612
:102AD0000028E2D1202202A803F025FA424631461E
:102AE00002A84FEACA0603F0F9F932460099DBF86A
:102AF000040044F0060300F012FD80460028CCD10B
:102B0000014620220AA803F00EFA324600990AA8CC
:102B100002AE03F0E3F9334608F10108C14514D9C8
:102B20001A46C4460DE0D2F808E0D168186871442E
:102B3000884203D2596808448645AED30CF1010C93
:102B40000832CC45EFD10833E6E715F0006F18BF27
:102B500020241022002107F11C0003F0E4F907F102
:102B600018081022002107F12C0003F0DCF908EB13
:102B7000890944F00203C84512D1202C27D1002D29
:102B800002DBC5F3C0456C0107F128050AAE05EB71
:102B90008A0A44F0060455451BD1009BFB6784E775
:102BA0007268DBF8040056F8081B019300F0B7FCCC
:102BB00000287FF472AF56F8042C019B48F8042FCC
:102BC00056F8082CC8F83000C8F82020D3E70024B5
:102BD000DAE77268234656F8081BDBF8040000F0B9
:102BE0009EFC00287FF459AF56F8043C45F8043F9A
:102BF00056F8083C28642B63CDE700BF1C1A002060
:102C00002DE9F0411F461A4B0D461646D3F80080B9
:102C100000F090FB044608B900F078FBE368002B55
:102C200001DA00F073FB032D01D900F06FFB04EB18
:102C30008504E569E36CED1A16D006233A46314661
:102C4000D8F8040000F06BFC08B100F05FFBBD4257
:102C500028BF3D46E36CE16B2A461944304603F039
:102C60003DF9E36C2B44E3642846BDE8F08100BFE6
:102C70001C1A00202DE9F0411D461A4B0F4616463E
:102C8000D3F8008000F056FB044608B900F03EFB84
:102C9000E368002B01DA00F039FB032F01D900F0C3
:102CA00035FB04EB8704E36AE26E9B1AAB4201D268
:102CB00000F02CFB02232A463146D8F8040000F02D
:102CC0002EFC08B100F022FBE36EE06D2A4631468F
:102CD000184403F003F9E36E00202B44E366BDE8DB
:102CE000F08100BF1C1A00202DE9F04105464FF08D
:102CF00001080E4E0E4B37685C681CB928463760D9
:102D0000BDE8F0812268936813F400700CD1636908
:102D1000012B09D0D368346023B19847002801DA29
:102D200000F0F4FAC4F81480E469E6E71C1A002005
:102D3000201A002070B50446D0B18368C3B11A6868
:102D4000B2B15D68A5B10C4BA86168691D6020B97E
:102D50002B68DB684BB901236B61A36804F10C009D
:102D60001B68BDE870401B69184798470028F2DAD5
:102D70006FF0800070BD00BF1C1A00204268024B3B
:102D800008461A60704700BF1C1A00200022036822
:102D900010B5C0E905229A68044612F4406F07D0C6
:102DA000120503D5D3E90A0100F034F8014B1C6089
:102DB00010BD00BF1C1A002038B5124B1B681C68E0
:102DC000A36813F4406F01D100F0A0FA00F05EF99F
:102DD000226B23690C49134423F00703A3F1080570
:102DE00043E9021185F30988073222F0070282F3D2
:102DF0000B88BFF36F8F054BE268054900F06BFC51
:102E0000002038BD1C1A0020A5EDF5FEF80B0020AF
:102E1000E92C0100014BC3E900017047281A00208A
:102E2000034BD3E900308342C8BF0020704700BF86
:102E3000281A002008B500F01DF9034B986000F037
:102E40001FF980F3888808BD00ED02E0EFF30880E9
:102E50007146EFF30982EFF30B830CB406B400F074
:102E600011FA8646009900F0080001F00801401AA6
:102E700002DC12DB04B070471EF020031CBF2DE9FA
:102E8000F00FBDF1080D0A4C254626462746A04600
:102E9000A146A246A34630B4704704B030BC1EF031
:102EA00020031CBF1DF1080DBDE8F00F04B07047F2
:102EB000A5EDF5FE084BDA6882F07F4282F47F02CE
:102EC00042F48042DA6000221A765A76DA76DA77AD
:102ED000602283F82220704700ED00E0009A0A4B40
:102EE0009A420FD10122904301460246034604460E
:102EF0000546064607468046814682468346844606
:102F000086460447FEE70000A5EDF5FE2DE9F041F9
:102F1000044618B943F6DA30BDE8F0810029F9D04B
:102F20008368002513F4406F14BF01230023134F5F
:102F300043F00203DFF848800B6000F13806236A93
:102F4000AB4201D80020E7E71421A369E26906EB50
:102F5000830301FB02330C226A439918896809072D
:102F600009D59B58BB4201D04345D3D1186810B155
:102F70000121FFF71DF80135E1E700BFBC1000207B
:102F8000B410002070B5324C86B03248FFF7FDFA1D
:102F9000236801255A1C01932F4B2260DA681B69B4
:102FA0004FF44076039300232A4801A90292049526
:102FB000ADF814608DF81630FFF7A8FA18B143F693
:102FC000DA3006B070BD23688DF816005A1C0193E4
:102FD000224B20480293224B01A9CDE90335226000
:102FE000ADF81460FFF792FA0028E8D123688DF855
:102FF00016005A1C01931B4B164802931A4B01A949
:10300000CDE903352260ADF81460FFF77FFA0028A0
:10301000D5D123688DF816005A1C0193134B0D4827
:103020000293134B01A903930223049340F201136B
:103030002260ADF81430FFF769FA04460028BED1CB
:103040002A4629460348FEF7FFFE2046B9E700BF9F
:10305000301A0020B0100020D8380100C03901001B
:10306000C06201004008010040080100000C00207F
:10307000200C0020014B1868704700BFD8380100B1
:10308000014B1B6818687047D8380100014B1B685A
:1030900058687047D838010008B5FEF7A3FFFEF75F
:1030A00009FF0A4B5A68103AD3B2120609D401211B
:1030B0005A0903F01F03994002F16003044A42F8E1
:1030C0002310BDE8084000F021B900BF00ED00E08A
:1030D00000E100E00020034BD8765A6A42F47022E7
:1030E0005A62704700ED00E00349044BCA680020B3
:1030F00092B21343CB60704700ED00E00800FA0580
:10310000064BD3F8D02022F00102C3F8D020D3F828
:10311000D02042F00202C3F8D020704700ED00E05A
:1031200037B50125FEF7D8FE1A4C2A4605234FF481
:10313000813019490095FEF7EDFE2A4607234FF02E
:10314000005016490095FEF7FBFED4E90101072364
:1031500000220095FEF7DEFE0723002210491148E9
:103160000095FEF7EDFE2169E0680139FEF702FFE8
:10317000D4E90501062300220095FEF7CBFED4E931
:103180000701062300220095FEF7C4FE002003B0CD
:1031900030BD00BFD8380100FF7F0100FF7F002055
:1031A000FFFF03200080002038B500240D4D0021D2
:1031B00055F8040B0134FEF709FF1D2CF7D1002050
:1031C0000122094BC3F88004C3F88424C3F8C00467
:1031D000C3F8C42440F2011203F55833C3F8402564
:1031E00038BD00BFFC3801000030005000224FF015
:1031F000FF300D4B02F1A0010132102A43F82100EB
:10320000F8D1D3F88022002022F00802C3F88022EF
:10321000D3F88022D3F8802222F40072C3F88022EF
:10322000D3F88032704700BF00E100E008B5FEF738
:1032300025FE0822024BC3F880211A60002008BD39
:1032400000E100E00122014B1A607047341A0020AF
:1032500010B50446094B2289186861680623406846
:1032600000F05DF928B9064B1B68012B01D1FFF76F
:103270009BFA6FF08603236010BD00BF1C1A00206C
:10328000341A002001F00C0370B50C2B0CBF15464E
:1032900005464A060C461ED58B0658BF2835AB6935
:1032A00013F8026C84F00803C3F3C003C6F3801262
:1032B000934201D000F02AF816F0A00F1CD176B18D
:1032C000032E15D032461C210D48FFF7B3F96FF0DD
:1032D00083032B600AE000F019F82026E2E7FFF7ED
:1032E000B9FA04460146074800F0F1F9204670BDDE
:1032F0002846FFF7ADFFF9E732461F210248E4E711
:1033000070390100F80B00208C390100FFF76AB911
:1033100003689A68DB6812F4806F05D18B422CBF7A
:1033200000206FF0FA0070478B420CBF00206FF056
:10333000FA00704710B500F0D8F8044600F0E6F83F
:1033400050B9FFF731FAA3685B681B685B6883427A
:1033500018BF0024204610BD0024FBE738B5054601
:1033600048B1FFF75DFDB5EBD07F044601D0FFF714
:10337000CDFF204638BDFFF717FAF4E770478230DB
:10338000012808B506D8FFF719FA18B9BDE80840B2
:10339000FFF7BCBF08BDF8B505460E46FFF7CAFFEC
:1033A000044608B9FFF7B2FFA7680FB9FFF7AEFFF1
:1033B000E368991C4BD05A1C26D1002E44D016F13C
:1033C000820F19D1022301252360EFF3108772B613
:1033D00031462046FFF7D2FC064687F31088236863
:1033E000022B1CBF0023236025B10023204623604D
:1033F00000F08EF83046F8BD16F1830FE2D0FFF7EB
:1034000085FF00250026E0E7002BF8DB002304F110
:10341000280252F8041F19B1E16F106C194448607A
:103420000833202BF5D13B689D6815F4007502D058
:1034300002230125236016F1810FC6D16369002B99
:10344000C3DBFFF763FFC0E72E460025F3E7012546
:10345000D8E708B5FFF7C6F86FF0830008BD2DE97F
:10346000F3410E46174698460546FFF7A7F9FFF7C2
:1034700075FF2946024601A8FFF7B0F9044660B976
:1034800043463A4631460198FFF7F6FA044640B102
:103490006B0002D5019800F03BF8204602B0BDE871
:1034A000F0810198FFF746FC0122019B04461A6057
:1034B000F3E740F20110704770B50546FFF77EF95B
:1034C00006462846FFF720F9044608B9002070BDDB
:1034D000014632462846FFF72DF90028F6D1236829
:1034E000D868F4E74FF480507047B0F5805F03D19F
:1034F000EFF30B8080387047002070477047EFF380
:103500000B8000F1800383F30B8870470020704725
:10351000EFF30B83803B83F30B88704770472DE9F3
:10352000F0410F461546002A5BD0002900F08D803F
:1035300003F00602062A57D09A0740F18680082435
:103540009B0648BF44F01204860758BF44F00404A9
:10355000C00709D5EFF39483D9074CBF44F00404A6
:1035600024F0040444F0120422462946384602F0AE
:10357000C5FBB0BB47E800F205EB0708110E1202CD
:1035800008F1FF3646E800F34FEA13605AD51B02F4
:1035900058D5884256D047E800F546E800F6FFF7D0
:1035A0000CF82D0E85424FEA166628D3FFF707F870
:1035B000864224D82846FEF7FBFF2246C7F10101C8
:1035C0000144384602F09AFBE0B30135AE420DD813
:1035D0003046FEF7EBFF2246A8EB000102F08EFB1F
:1035E00080B30020BDE8F0810124A9E72846FEF75A
:1035F000DDFF0746FEF7E5FF22460146E1E7FEF75D
:10360000E8FF85421ED3FEF7E6FF86421AD8284619
:10361000FEF7C8FC2246C7F101010144384602F01A
:103620006DFB78B10135AE4203D83046FEF7CCFFD2
:10363000D1E72846FEF7C8FF0746FEF7CEFF224631
:103640000146EBE76FF07F00CCE74CF2DA20C9E7E8
:1036500010B50446FFF754FDFFF762FD10B143F6C5
:10366000DA3010BDFFF7A0FD0028F8D1FFF78AFC83
:103670000028F4D102232360F3E708B5FFF72AFD01
:1036800010B143F6DA3008BDFFF72EFD0028F8D15F
:1036900000F01CF80028F4D162B6FDF7ADFBFFF78F
:1036A000A5FD0028EDD1FFF7C1FD0028EBD0E8E72C
:1036B000EFF30880EFF309812DE9F00F6B467246B6
:1036C000FDF7EEFA08B0FFF7E7FCFEE770470446A7
:1036D0000D46A546284783F3088896460222EFF355
:1036E0001483134383F31488BFF36F8F08470000DC
:1036F00001464154414C204552524F523A20004815
:103700006172644661756C740D0A004D656D4D61A2
:103710006E616765206661756C740D0A0042757391
:103720004661756C740D0A00557361676546617575
:103730006C740D0A005365637572654661756C742F
:103740000D0A00526573657276656420457863657D
:103750007074696F6E2000506C6174666F726D20BA
:1037600065787465726E616C20696E7465727275CD
:10377000707420284952516E293A2000290E010008
:103780007B230100A5100100610E0100A3230100AD
:10379000AF230100790E01007F230100490E0100D3
:1037A000550E01002D0F010085230100912301001A
:1037B000972301001D000000100000021C00000102
:1037C00011000003030202020000000000000000DC
:1037D0000338FDD87047506C6174666F726D204578
:1037E0007863657074696F6E3A0D0A00416C6C20E5
:1037F00070696E732068617665206265656E20630E
:103800006F6E66696775726564206173206E6F6E96
:103810002D7365637572650D0A00000000000000DD
:103820000002000000040000000600000008000084
:10383000000E000000100000DEE61E284CBBCE8FFC
:10384000025B000000000100000200000002FF0017
:103850002C0000003001FF00080000000881FF007C
:10386000F8020000303132333435363738394142CE
:10387000434445461B5B313B33346D426F6F746983
:103880006E672054462D4D2076322E312E321B5B32
:10389000306D0D0A001B5B313B33346D5B53656348
:1038A000205468726561645D20536563757265209C
:1038B000696D61676520696E697469616C697A69AF
:1038C0006E67211B5B306D0D0A0000001412002092
:1038D000FC1100201804010000800100008001009C
:1038E000FFFF0700007C01000080010000000800CD
:1038F000FFFF0E0000800F00FFDF0F0000400050B0
:10390000005000500080005000A0005000B0005057
:1039100000E0005000F00050000001500010015085
:1039200000400150005001500070015000800150D3
:1039300000B0015000C0015000D0015000E0015023
:1039400000F0015000000250001002500020025010
:1039500000300250004002500060025000800250CF
:1039600000A00250009003500025845000A0035096
:10397000556E6B6E6F776E2053504D20535643201B
:103980007265717565737465643A2000556E6B6E6F
:103990006F776E20535643206E756D62657220728C
:1039A00065717565737465643A2000FFFFFFFFFF62
:1039B000FFFFFFFFFFFFFFFFFFFFFFFFFFFFFFFF17
:1039C0000348044B834202D0034B03B118477047AE
:1039D0009C1100209C110020000000000548064BAF
:1039E0001B1AD90F01EBA301491002D0034B03B1FD
:1039F000184770479C1100209C1100200000000017
:103A000010B5064C237843B9FFF7DAFF044B13B126
:103A10000448AFF300800123237010BDA0180020DC
:103A200000000000B462010008B5044B1BB104495A
:103A30000448AFF30080BDE80840CFE70000000075
:103A4000A4180020B4620100A3F5803A704700BFBB
:103A5000174B002B08BF134B9D46FFF7F5FF0021C6
:103A60008B460F461348144A121A02F05CFA0E4BAA
:103A7000002B00D098470D4B002B00D0984700201A
:103A8000002104000D000D48002802D00C48AFF3BF
:103A9000008002F00FF920002900FEF7F7FD02F088
:103AA000F5F800BF00000800000000000000000062
:103AB000F80B00209C110020A4280020000000002A
:103AC00000000000009A074B9A4208D110B502F09E
:103AD0004DFA02F079F906BC96460C46744702F09E
:103AE00089FA0000A5EDF5FE009A074B9A4208D12D
:103AF00010B502F047FA02F067F906BC96460C468C
:103B0000744702F077FA0000A5EDF5FE0CB4029AB6
:103B1000084B9A420CD14FF0004319430CBC10B52E
:103B200000F022F802F050F906BC96460C467447A5
:103B300002F060FAA5EDF5FE009A044B9A4202D11C
:103B400003490868744702F055FA0000A5EDF5FE38
:103B500018610100009A034B9A4200D1744702F0A9
:103B600049FA0000A5EDF5FE2DE9F84304460D469F
:103B700016461F46EFF30583C3F308030BB1FFF7A7
:103B8000C5FBDFF834903B46204632462946D9F83B
:103B90000080FFF764FCD9F800300446984506D051
:103BA0009B6901461869BDE8F843FFF7F4BBFFF7CE
:103BB000E6FB2046BDE8F8831C1A002001680E4A87
:103BC0000346914215D1C169A2F11022A2F1EF1270
:103BD00091420ED18268012A0BD8C26812B10169E4
:103BE0008A4206D0586928B19B691B1A584258412D
:103BF00070470120704700BF55AA00FF0D4B70B5FC
:103C00009E68A6B13046FFF7D9FF044678B9F3683D
:103C10006BB935690DB9204670BD2846FFF7CEFF58
:103C200028B9EB68B34202D12E462D69F2E7012490
:103C3000F1E700BF381A00202DE9F041394E346811
:103C4000F368D4B1B468C4B1002861D000295FD052
:103C500001FB00F5B5FBF0F0884259D1291D57D87A
:103C6000AA070DD025F0030204321C4603E0616868
:103C700091424FD2A469002CF9D12046BDE8F081D1
:103C80002A46F2E7891A232904F12007D4E9050C12
:103C90001AD80123A360A0B1C0F818C0A36903B16A
:103CA00058610023C4E905333369DB0702D5FFF708
:103CB000A5FFA0BB2A46002138463C4602F033F956
:103CC000DBE7C6F80CC0E9E702F1200804EB0803C3
:103CD0002039C3E9011E2169DFF84CE0DC6019617D
:103CE00044F808E0AEF1102EAEF1EF1EC3F81CE070
:103CF00001B1CB60C3E9050C40B18361996901B1A1
:103D00004B6101212361C4E90121CAE7F360F5E7B2
:103D10000024B2E7D4F808E0BEF1000FB2D00120D1
:103D200001F0B4FF381A002055AA00FFF8B5054687
:103D300000283AD0364E3368002B36D0B268002ABD
:103D400033D0834203D872681344984202D30120CF
:103D500001F09CFFA0F120042046FFF72FFF002870
:103D6000F5D155F8183C012BF1D145F8180C55E95F
:103D70000570DFB1BB68CBB955F81C2C7B682032CD
:103D800013447B60386100B1C760202200212046C7
:103D900002F0C9F8386908B183682BB333699B070F
:103DA00003D5FFF72BFF0028D1D1F8BD40B38368BE
:103DB00033BB426863681344203363600369D4E90A
:103DC0000521236192B9B9B9426981696261A16132
:103DD000A2B19461A26902B1546103B1DC602022F6
:103DE000002102F0A0F8D9E73C46E2E79161A16921
:103DF0000029E9D04A61E7E7F160F8E7F460E9E714
:103E0000F36845F8083C03B15C61F460C6E700BFA5
:103E1000381A002038B50D461422002104461248F5
:103E200002F081F81149124800F02CF8232D1AD91C
:103E300014F003031FBF043DED18C3F10403E4189D
:103E40002A460021204602F06EF8074B094AC3E9D2
:103E500000459C602260A2F11022203DA2F1EF12E9
:103E60006560E261DC6038BD381A00202D3D01003C
:103E7000393C010055AA00FF014B1B68184700BFE1
:103E8000C4100020024B1860024B002019607047DC
:103E9000C8100020C410002010B50A46044619B10D
:103EA000024B00211B68984710BD00BFCC100020BA
:103EB000074B0A465978022906D11978072903D1F8
:103EC0000146181D02F0DCB86FF08800704700BF93
:103ED0004C1A002010B5124C2378590744BF23F028
:103EE0000403237023789A0705D500F063F823783C
:103EF00023F002032370637813B10A4802F0D1F86B
:103F00000023042107486370FFF7C6FF2378DB070F
:103F100005D502F0B2F8237823F00103237010BD19
:103F20004C1A0020501A002038B51C4D6A782B78A6
:103F3000022A01D1072B12D0D80713D52B78990765
:103F400007D400F02FF82B78044643F002032B70BF
:103F500088B96A782B788AB12B785A0719D500244A
:103F6000204638BD02F087F82B78044643F0010361
:103F70002B700028E2D0FFF7ADFFF1E7DB07EBD5B0
:103F8000074802F07BF8022304466B700028F2D148
:103F9000E2E743F004032B70E1E700BF4C1A002076
:103FA000501A00200122024B002083F88025704720
:103FB000541A00202DE9F0410A4C002526464FF006
:103FC000010803272046C4F820802777013502F036
:103FD00035F8202D04F12C04F4D1002386F8803527
:103FE000BDE8F081541A002010B50C4C236813B1C1
:103FF0000B4B1B682BB900F089FC30B90122084B30
:104000001A6001232360002010BD0138062801D961
:10401000044810BD044B53F8200010BDF01F0020D1
:10402000EC1F0020FE8FFFFF1C610100144B2DE9E7
:10403000F043002814BF04461C46124F236883B087
:10404000BB4219D016460D4620464FF4147104F1B8
:10405000040900F047F804F58E78484600F0CEF8E1
:10406000404600F019FA2B464A464046064900965B
:1040700000F034FB08B92760002003B0BDE8F083EE
:10408000F41F0020A5BCC95A8142010070B50D4C37
:104090001D46002814BF064626460B4B306882B0EA
:1040A00098420DD106F58E700026334600961446D0
:1040B00000F03EFB002818BF34462C6002B070BDF3
:1040C0000248FBE7F41F0020A5BCC95AE88FFFFF98
:1040D00038B131B1002201440346013081421A70E7
:1040E000FAD1704738B131B10022014403460130A2
:1040F00088421A70FAD170472DE9F043202B1D46F3
:104100000646884691468BB026D8DBB202AF8DF8C2
:104110000480B04658F8041B8DF8053021B940469C
:1041200001F038F9044640B90123022240463360C9
:1041300001A901F043F9044638B138462021FFF7C0
:10414000D1FF20460BB0BDE8F0832A4649464046E1
:1041500001F034F90446F0E702AF19461046002397
:104160003A4601F0B1FA04460028E6D12023B946C8
:104170001D46CCE72DE9F041D0F8F830A6B0002B71
:10418000D8BF02AE31DD05460027D0F80C4102AEA3
:10419000A4F101089022D5F8FC403146D0F8000186
:1041A00001AB0197B8FA88F8A0474FEA58180446BF
:1041B00020B9019B53B9B8F1000F16D030469021B9
:1041C000FFF790FF204626B0BDE8F0810146324659
:1041D0002846FFF791FF58B9D5F80431019A1344E6
:1041E000C5F80431B8F1000FE8D16FF03C04E5E701
:1041F0000446204626B0BDE8F08100BF70B500251A
:104200000446142204F588762946C0F8F850FC309C
:1042100001F089FE08222946304601F084FE144B45
:1042200030461B689847204640F8045B01F098F838
:10423000104B30461B689847C8B9D4F8F830AB42E9
:104240000FDC03EB830204EB82022021C2F80001A1
:104250000120C2E9421008490133C2F8FC10C4F839
:10426000F830064B3046BDE870401B68184770BDFB
:10427000EC100020E810002065520100E41000203E
:104280002DE9F047202A88B07AD83F4B00F588798D
:1042900004461B6848461746884698470546F8B9BD
:1042A00040F20116D4F8F830002B65D02046FFF715
:1042B00061FF054638B9D4F8F830002B14DC013E14
:1042C000F2D16FF03B056E4620213046FFF70AFF22
:1042D0002E4B48461B689847002818BF6FF01D05F5
:1042E000284608B0BDE8F087D4E94132934203D3B1
:1042F000D4F80C21012A02D0013ED7D1E1E71F2BCF
:10430000FAD96E4601462022304604F1040A01F033
:104310000AFE3146504601F07BF805460028D3D10D
:10432000504601F031F8504601F01AF8294650463F
:1043300001F030F805460028C6D15046202231460B
:1043400001F03CF805460028BED103463246202144
:10435000304601F0B9F905460028B5D1D4F8F83057
:104360003A46002BC8BF002340463146C8BFC4F8B8
:10437000043101F0B3FDA7E76FF03F056E46A3E7F8
:104380006FF03B05ACE700BFE8100020E410002010
:1043900070B590B000287AD03E4C0D4640223621B0
:1043A0000646204601F0BFFD40225C21A01801F026
:1043B000BAFD2B1DA34203D904F144039D4252D3FD
:1043C0002B682268534023602B68226C534023647F
:1043D0006B686268534063606B68626C53406364EF
:1043E000AB68A2685340A360AB68A26C5340A3645F
:1043F000EB68E2685340E360EB68E26C5340E364CF
:104400002B69226953402361226D2B695340236538
:1044100062696B69534063616B69626D53406365A8
:10442000AB69A2695340A361AB69A26D5340A36518
:10443000EB69E2695340E361EB69E26D5340E36588
:104440000021304600F0A6FF044628B9402230463D
:10445000104900F0B3FF044640216846FFF742FED2
:10446000204610B070BD631E04F13F01013D1F34B2
:1044700015F8010F13F8012F42401A7011F8012F9F
:104480002878A34282EA00020A70F1D1D8E76FF0DF
:104490007304E5E74422002010B54FF49A7200211E
:1044A000044601F040FD42F21072044BC4F8202192
:1044B00004F596701B68BDE810401847EC1000200A
:1044C0002DE9F04F04468846914695B0002900F04A
:1044D000A780002A0CBF0126022600238DF80C308D
:1044E000002C00F09F80DFF844A104AF0AF1400BDC
:1044F0000021204600F04EFF034648B138462021F7
:104500000193FFF7EFFD019B184615B0BDE8F08F52
:1045100040225146204600F051FF03460028EDD1CD
:1045200004F1F40520222946204600F047FF034607
:104530000028E3D10122204603A900F03FFF0346F3
:104540000028DBD1022E62D020460CA900F060FFCB
:1045500003460028D2D10146204600F01BFF034647
:104560000028CBD140225946204600F027FF0346C1
:104570000028C3D1202220460CA900F01FFF0346CB
:104580000028BBD13946204600F042FF03460028F0
:10459000B4D139462046FFF7FBFE03460028ADD1D3
:1045A00020222946204600F009FF03460028A5D115
:1045B00020460CA900F02CFF034600289ED101469E
:1045C000204600F0E7FE0346002897D140225946D6
:1045D000204600F0F3FE034600288FD1202220461B
:1045E0000CA900F0EBFE0346002887D1294620469F
:1045F00000F00EFF0346002880D19DF80C20013208
:10460000D2B2B2428DF80C20FFF472AF76E74A4680
:104610004146204600F0D2FE0346002894D06DE7C4
:1046200001265AE76FF0730304AF67E744220020C6
:104630002DE9F0410446884615461F46D0F818017A
:10464000E0B013B100EB40004008B5F5807F3ED8E4
:104650002844B0F5C07F3AD84FF4C07200216846B4
:1046600001F061FC6946D4F82431D4F81821D4F85B
:104670002801984770BBD4F8186157B1D4E9493084
:1046800072080DEB0601984720BBD4F8183106EBF1
:104690005306B8F1000F00D08DB932466946204666
:1046A000FFF70EFF054610B90123C4F81431314657
:1046B0006846FFF717FD284660B0BDE8F0810DEBB6
:1046C000060041462A462E4401F008FCE5E76FF05B
:1046D0000405F0E76FF00805EDE700BF2DE9F047AE
:1046E000044604F1F4050F4691461E46DDF820808D
:1046F00000F036FE29462046FFF74AFE08B1BDE825
:10470000F08728462022012101F00DFCD4F8183151
:10471000C4F82471C4F8289113B92023C4F81831BF
:10472000424631462046BDE8F0470123FFF780BFEF
:10473000B2F5806F00F295802DE9F04F89B09A466E
:10474000129BB3F5807F00F29080D0F8243116469A
:1047500004460F464BB3D0F81C31012B05D0D0F8DE
:104760001421D0F820319A421FDD51460023204603
:10477000129AFFF75DFF014698B900231293002EAD
:104780005ED0DFF8EC9009F1400B0021204600F0EC
:1047900001FE202E3546014628BF202504F1F408ED
:1047A00090B1084609B0BDE8F08FBAF1000FE6D02D
:1047B000129B002BE1D051461A462046FFF780FE9F
:1047C00001460028DBD0ECE749464022204600F0B5
:1047D000F5FD01460028E4D141462022204600F0A4
:1047E000EDFD01460028DCD16946204600F010FEB0
:1047F00001460028D5D1204600F0CCFD0146002816
:10480000CFD159464022204600F0D8FD014600286D
:10481000C7D169462022204600F0D0FD014600287D
:10482000BFD14146204600F0F3FD01460028B8D133
:1048300038462A46414601F051FB761B2F44A4D14D
:1048400051462046129AFFF73BFE01460028A8D1A8
:104850000846D4F814310133C4F8143109B0BDE866
:10486000F08F6FF00201084670476FF0040198E77F
:1048700044220020002130B58DB0282202A80191E9
:1048800001F051FB02A800F047FF044610B120469A
:104890000DB030BD174D4FF0FF31286800F042F9E0
:1048A000044620B1144800F0D3F9012C18D00020A0
:1048B00000F068F9D0B9114A02A901A800F0C4FCBF
:1048C0000446012000F05EF960B9286800F032F972
:1048D0000028DCD00A4800F0BBF920460DB030BDFE
:1048E0000524F2E7074800F0B3F9EEE7064800F0C8
:1048F000AFF9E0E7D010002038610100C4220020A9
:1049000090610100706101005061010030B583B019
:1049100000F05CF828B100F0ABF80324204603B0A7
:1049200030BD00F077F8D8B900F02CF9E0B9224C8E
:10493000D4F828391B0EF02B0AD1D4F8242A1F4BA7
:104940009A4231D000F044F8072400F091F8E5E7EE
:10495000062400F03DF800F08BF8204603B030BD8F
:104960000424204603B030BD00F032F800F080F897
:10497000FFF780FF044698B9114D2B68002BCDD16D
:1049800002460146FFF752FB50B968220D4901ABC0
:10499000FFF77CFB20B920460B4B2B6003B030BDEA
:1049A0000524204603B030BD012000F0EBF80028BC
:1049B000DAD1C4F80C0ADBE7001084500000E020D4
:1049C000E4240020E82400205AEA5A5A00207047C4
:1049D00000207047430504D54FF0FF32034BC3F866
:1049E0000821024BC3F8080A704700BF001084502A
:1049F000014BC3F8040A70470010845008B100F05E
:104A00006BB84FF47500704708B100F04FB84FF421
:104A10007500704710B5114800F070F800B110BD76
:104A20000F4800F06BF80028F9D10E4C204600F03A
:104A300065F80028F3D10C4B0C481C6000F05EF8C0
:104A400001460028EBD100F02DF8044608B12046BD
:104A500010BD00F079F82046FAE700BFE010002012
:104A6000DC100020D8100020D0100020D41000202E
:104A700008B5084800F04CF8074800F049F8074826
:104A800000F046F8064800F043F8BDE8084000F0A2
:104A90000BB800BFE0100020DC100020D810002070
:104AA000D410002000207047704700BF024610B4A9
:104AB000084CD4F8003A1342FBD021B1D4F80431A9
:104AC0000B60C4F80831034B0020C3F8082A10BC5F
:104AD000704700BF00108450044AD2F8003A1842D0
:104AE000FBD0C2F8080A0020704700BF00108450B5
:104AF00001F0BEB90A46002101F015BA08B5034B12
:104B000002681B6810689847002008BD0C1100203F
:104B100008B5034B02685B6810689847002008BD21
:104B20000C110020024B02689B681068184700BFF8
:104B30000C11002008B5034B0268DB681068984729
:104B4000002008BD0C11002070B5094C094D2069EA
:104B5000AB68984718B1084B08485B689847002134
:104B6000074AEB6811602069BDE87040184700BF34
:104B7000F81000200C110020F0100020A8610100A6
:104B800050250020F8B51A4D1A4E0446B26828691F
:104B90009047E8B9184F3B684CB1A3B1012B19D02D
:104BA000013B3B602869F36898470020F8BD43B992
:104BB0000121124AC2F800151149D1F81029002A22
:104BC000FBD101333B60F368286998470020F8BDAA
:104BD0000C48F8BD0A4AD2F81039002BFBD1074A1D
:104BE0006FF07E40C2F80035FFF702FF3B68D7E761
:104BF000F81000200C1100205025002000008450E7
:104C000000108450E98FFFFF014B1B68184700BF5D
:104C10000C110020014B9B68184700BF0C110020AD
:104C2000014BDB68184700BF0C110020BFF34F8F0A
:104C30000549064BCA6802F4E0621343CB60BFF338
:104C40004F8F00BFFDE700BF00ED00E00400FA0554
:104C500030B44FF0FE320025074B084C0849496834
:104C6000C3F80024C3F80424C3F80824C3F80C24B0
:104C7000C4F8005530BC0847001084500000845030
:104C8000F010002010B5044650B1636813F0685F5F
:104C900005D0064A934202D000236260236010BD13
:104CA000034B04485B689847EFE700BF2C5F5CA9A3
:104CB000F0100020C8610100C8B143680D4A93425A
:104CC00013D013F0685F0ED0012350E8002F19466F
:104CD00040E8001C9CF0000FF7D1012AF5D0BFF38B
:104CE0005F8F0020704704487047044870476FF496
:104CF000E04070472C5F5CA9E98FFFFFEA8FFFFF60
:104D0000034680B1426809498A420AD012F0685FBE
:104D100005D0BFF35F8F002210461A607047044829
:104D20007047044870476FF4E04070472C5F5CA9FF
:104D3000E98FFFFFEA8FFFFF10B5044620B1002383
:104D4000034A2360626010BD0248FFF781FFF6E767
:104D50003A00003AF06101002DE9F047002878D0D0
:104D60000C46002975D01D46002B72D007461AB19B
:104D7000012200232A6003602B68002B64D029469F
:104D8000204600F0B7FD804600285FD12146286804
:104D900000F096FD8046002858D12B68082B6CD077
:104DA000042B6DD0A3F10209B9FA89F94FEA591918
:104DB0000121354EC6F8C411C6F84011C6F8C41119
:104DC000636AC6F83031D6F830219342F6D14FF0FD
:104DD000000A4FF0FF30C6F82CA1FFF7FBFD6FF083
:104DE0001B035046C6F80031FFF702FEC6F80C91CF
:104DF000D6F8040A40F48060FFF7FAFD0A23C6F8EB
:104E00003831089B012B29D02369204AA2FB0323B8
:104E10001B09626A404602FB03F303EB43031A4A91
:104E2000DB039B09C2F8D8310123C2F82C313B685F
:104E30002A6823F07F4343EA02633B602A6843EA1F
:104E400002233B60BDE8F087DFF844804046BDE8C0
:104E5000F087DFF840804046BDE8F0874FF47F03DD
:104E6000D3F80C2C013206D0D3F80C3C074AA2FB35
:104E700003231B09CDE71623CBE74FF0030997E780
:104E80004FF0020994E700BF00108450ABAAAAAA11
:104E9000310CF100350CF10058B34B1EB3F5047F13
:104EA00027D230B54FF0000ECD00744671464B0945
:104EB00001F01F0C50F82330BCF11F0F23FA0CF344
:104EC00006D003F0010319B901211C468E46EEE716
:104ED0009C4201F1010106D01C464FF0010EA9428F
:104EE000E5D1002030BD0EF1010E9645F7D1024804
:104EF00030BD0148704700BF360CF100C0B32DE94A
:104F0000F0434C1EB4F5047F1DD2E3B1DAB10025A5
:104F10002E46A8462C46CF0003F1FF394FEA541C19
:104F200004F01F0E50F82C10BEF11F0F21FA0EFCDA
:104F30000CD00CF0010C4CB90126E0463446354645
:104F4000ECE7964216D90C48BDE8F083AB420BD093
:104F5000C44508BF0136A945F3D001350134BC4230
:104F6000DCD10020BDE8F0830125E0462E46F5E7C0
:104F7000014870471D46F1E7370CF1002DE9F04F6D
:104F800091B08346DDE91B460D46002E6ED10F69B8
:104F90001C6000231A990B60002A00F02F819D4BA2
:104FA0006A6AD3F83811D3F830319A4269D10A29A4
:104FB00067D19BF80330089304F108030793042397
:104FC0000593954B934CA3FB07239B0803EB4303EB
:104FD000A7EB4303039306971A9B069E1E60002EC1
:104FE00000F0EA8000F096FC00230993BBF1000F6B
:104FF00000F0D58098464FF0010ADDF81C90002D96
:1050000000F0CD80089B002B3DD0284608A900F079
:1050100071FC002839D0814B984220D0089B082B86
:1050200000F0E48000225B000893294608AB584654
:105030000092FFF791FE7A4B984200F0D38070B94E
:10504000DBF80020130A03F47F03134323F07F43AC
:10505000CBF80030059B013B0593BDD100200390A8
:1050600000F058FC039811B0BDE8F08F4FF47F01B9
:10507000D1F80C0C01300CBF4FF40477D1F80C7C44
:1050800086E76848EBE76648C5E72946089800F0D8
:1050900017FC0028BFD1089B082B00F0A980042B27
:1050A00000F0A980A3F10203B3FA83F35B09049330
:1050B000C4F8C4A1C4F840A1C4F8C4A16B6AC4F880
:1050C0003031D4F830219342F6D100234FF0FF3035
:1050D000C4F82C31FFF77EFC002318466FF01B0349
:1050E000C4F80031FFF784FC049B4B4FC4F80C312B
:1050F000D4F8040A40F48060FFF77AFC0A23C4F86D
:1051000038312B6909A8A7FB03236A6A1B0902FB34
:1051100003F303EB4303DB039B09C4F8D831C4F862
:105120002CA1DBF80030089923F07F420B0243EA00
:1051300001631343CBF8003000F0B2FB099B03F08E
:105140001A0303437FF46AAFA7FB0637D4F8143180
:10515000B8EB970F0A93D4F818310B93D4F81C319D
:105160000C93D4F820310D93D4F824310E93D4F855
:1051700028310F9301D1039B9BB9484618220AA9F5
:10518000183EFFF7B5FC09F1180908F101089EB1B6
:1051900000F0C0FB00230993002D7FF433AF2248B9
:1051A00039E748461A46F61A0AA9994408F101084F
:1051B000FFF79EFC002EEBD1069F079E6A693946D9
:1051C0003046FFF769FEAA6940B94FF4806339465B
:1051D0003046FFF793FE00283FF440AF00231A9AB1
:1051E000136018E72B6A002B3FF439AF0F4836E7FE
:1051F000032304935CE70223049359E70122294621
:105200005846009608ABFFF7A7FD00283FF4D4AE40
:1052100025E700BF00108450ABAAAAAA020CF10037
:10522000310CF100300CF100350CF100320CF100C2
:1052300010B4DDE9013401940024DDF80CC0CDE99F
:1052400002C410BCFFF79ABE30B51546012487B0E2
:1052500005AB00930022CDE9015404ABFFF78EFEAD
:1052600007B030BDF0B587B0002966D01E46002BD0
:1052700063D01446002A60D0314F0D4638684FF095
:10528000FF31FFF74FFC00284DD10020FFF77AFCDB
:10529000002844D12B4800F03FFAD8B101204FF04C
:1052A000FF35FFF76FFC002835D14FF40871264811
:1052B000FEF70EFF04212548FEF70AFF21482821AA
:1052C000FEF706FF3868FFF735FC00282FD1284687
:1052D00007B0F0BD1C4A0346029205AA019204AA37
:1052E00003900092174902461848FFF7A1FF0346B2
:1052F0000028D3D128461D46059B22469C4228BF44
:105300001A46049932600831FFF7F2FB0120FFF7DB
:1053100039FC0028C9D00E48FFF79AFCC5E70D48B4
:10532000FFF796FCB6E70C48FFF792FCADE70B4899
:10533000FFF78EFC284607B0F0BD4FF0FF35C6E7FB
:10534000D010002068250020902500206425002032
:1053500070610100506101003861010014620100B8
:1053600010B5044628B12046BDE81040F421FFF7EF
:10537000C1BB0448FFF76CFC2046BDE81040F42197
:10538000FFF7B8BB2C62010010B1F421FEF7A0BEFC
:10539000704700BF08B521B1012908D06FF0360071
:1053A00008BD012100F058F80028F7D108BD0221FE
:1053B00000F052F80028F9D0F0E700BF30B50546FC
:1053C0008818B0F5801F0B461446A1B001D8802A7A
:1053D0000CD9B3F5801F17D922461946284600F08C
:1053E0007DF8044684B9204621B030BD6846FFF7F9
:1053F0007FFB22466946284600F070F8802104466B
:105400006846FFF777FBEDE76FF03604EBE700BF88
:1054100070B5E8B10E46D9B1044600F031F8054642
:10542000B0B92368012B0BD0022B01D0284670BDE8
:105430001C22304604F10801FFF75AFB284670BDD4
:105440002022304604F10801FFF752FB284670BDC8
:105450006FF03605EAE700BF78B138B50D46F021A8
:105460000446FFF747FB402320462560E36500F034
:1054700091FA003818BF012038BD0120704700BFE5
:10548000F0B5056EA5B0044604AEE5B900230127CA
:10549000019330466760294602AA009300F046FA5D
:1054A00010B1012025B0F0BD2A46204602A900F027
:1054B00099FA0028F5D1204600F0AAFB0028F0D187
:1054C000206625B0F0BD802D2A46304628BF8022B8
:1054D00004F16401FFF70CFB256ED7E7002800F00C
:1054E000AE802DE9F04F1446A5B0002A3DD00F46FE
:1054F000002949D0B2F5803F0546006E20D34FF613
:10550000FF7805F1640AEB6D1A1AB2FBF3F103FBA5
:105510001122002A65D18342B9464FF6FF7672D038
:10552000B6FBF3FB03FB0BFBBBF1000F30D1002EEE
:1055300045D1A4F57F44FF3CB4F5803F4744E2D217
:10554000EA6D161AB6FBF2F302FB1366A64228BFF9
:105550002646002E75D1824200F08D80B4FBF2F613
:1055600002FB06F62EB9002C79D1002025B0BDE84B
:10557000F08F002331463846CDE9003302AA00F00F
:10558000D5F9002800F09580012025B0BDE8F08F06
:10559000002359464846CDE9003302AA00F0C6F977
:1055A0000028F1D15A46284602A900F01BFA00282B
:1055B000EAD1A6EB0B06286ED944002EB9D01930DB
:1055C0004946324605EB8000FFF792FAA4F57F4486
:1055D000286EFF3C3044B4F5803F4744286692D2A1
:1055E000AEE7424528BF4246164639465044FFF7CB
:1055F0007FFA286EEB6D3044834207EB060928667C
:10560000A8EB06068CD1802B28BF802351461A4672
:1056100004A8FFF76DFA0023E96D02AACDE9003373
:1056200004A800F083F90028AED12846EA6D02A94B
:1056300000F0D8F90028A7D1EB6D286670E70120AB
:10564000704705F16403394632461844FFF750FAB3
:10565000286EEA6D3044A41B374428667BE72B6E26
:105660002246193305EB83003946FFF741FA2B6ECA
:1056700023442B6679E7802A28BF802205F1640144
:1056800004A8FFF735FA0023E96D04A8CDE900333B
:1056900002AA00F04BF900287FF476AF2846EA6DA5
:1056A00002A900F09FF900287FF46EAFEA6D28662A
:1056B00054E73246284602A900F094F900287FF406
:1056C00063AF3744A41B4EE7F8B51C4605461148A6
:1056D00016460F46FFF744FE21460E48FFF75AFED6
:1056E000044620B10B48FFF74FFE2046F8BD3A466E
:1056F00029460848FFF762FE04460028F2D13146E9
:105700000448FFF785FE04460248FFF73DFE2046A9
:10571000F8BD00BFB02700201C2370B582B001A9DE
:105720000546019300F032F8044638B9019B1C2B62
:1057300007D0144C1C212846FFF7DCF9204602B0A4
:1057400070BDD5E90112131E18BF0123003918BF1F
:105750000121012628689B00EA6843EA41030028EA
:1057600018BF43F00103EE612AB9C5E90834002BE4
:10577000E4D1054CDEE7204643F00803C5E90834D0
:1057800002B070BD370CF0000E0CF000034600288C
:1057900066D0002964D00A681C2A61D14FF47F02C8
:1057A0003B49D2F8100C88425CD0D2F8101C013171
:1057B00058D0D2F8101C4FF47F021960D2F8140CA4
:1057C0003449884260D0D2F8141C01315CD0D2F840
:1057D000141C4FF47F025960D2F8181C11F5947F05
:1057E0004FD0D2F8181C01314BD0D2F8181C4FF40E
:1057F0007F029960D2F81C0C274988423ED0D2F82B
:105800001C1C01313AD0D2F81C1C4FF47F02D96025
:10581000D2F8001C70312FD0D2F8001C01312BD0EF
:10582000D2F8001C4FF47F021961D2F8041CAF318A
:1058300020D0D2F8041C01311CD0D2F8041C4FF443
:105840007F025961D2F8080C144988420DD0D2F871
:10585000081C013109D0D2F8082C00209A61704749
:105860000120704740F6FC01A5E740F237320020E6
:105870009A6170475121E2E79021D3E742F6041183
:10588000C3E740F6D861B2E742F2D001A1E700BF1A
:10589000FCF8FFFFD020FFFF0429FFFF37F3FFFFD5
:1058A000014608B54FF48060FFF7AEF80022034BC5
:1058B000C3F8C821C3F82C2108BD00BF00108450D4
:1058C0000138072805D8DFE800F0100E040A0404A8
:1058D000040607487047CB6800204B6270478B680E
:1058E00000204B6270474B68F6E70B68F4E700BF97
:1058F000310CF1000B6802E0082B0B6006D8026A3D
:1059000013424FEA4303F7D0002070470048704726
:10591000310CF1000022044B4FF48060C3F82C21BD
:10592000C3F8C421FFF756B800108450F0B5002426
:1059300083B0B0F1005F8DF8074025D38C468444D6
:10594000BCF1804F04461FD817461D4601220DF1B9
:10595000070300F097F90646B0B99DF80730099A99
:105960003C603B7192B14DB10246089928460DF159
:10597000070300F087F938B99DF807303046099AD7
:105980001560137103B0F0BD4FF47506304603B0D7
:10599000F0BD00BFD8B108B50368012B04D0022BBD
:1059A0000FD043B10B4808BD20220B490830FFF748
:1059B0009FF8002008BD142208490830FFF798F826
:1059C000F7E7202206490830FFF792F8F1E74FF495
:1059D000730070470100F3003C6201007C6201002B
:1059E0005C6201002DE9F843002900F0F9800446CB
:1059F000002800F0F98003680F469046002B00F065
:105A0000C380013B012B00F2D7804FF0FF31784873
:105A10004FF00209FFF786F8002840F0BF80002011
:105A2000FFF7B0F80646002840F0C280714AD2F86D
:105A30001C39002BFBD16F4DD5F8203C002BFBD13E
:105A40004FF0FF30FEF7C6FFD5F8040A20F0400003
:105A5000FEF7CEFF01230722C5F81838C5F8002944
:105A6000C5F8C437A36CC5F8CC37E36CC5F8D0379C
:105A7000C5F8C09723685BB1013B012B18D8636A56
:105A8000C5F85C36236AC5F85836E369C5F854365C
:105A9000A269584BC3F850266269C3F84C262269A4
:105AA000C3F84826E268C3F84426A268C3F8402633
:105AB000504AD2F81039002BFBD1B8F1000F5FD05B
:105AC00063684020012B08BFC2F884363A68494B0E
:105AD000C3F8282CC3F82C8CFEF790FF0646454AE5
:105AE000D2F81039002BFBD1424AD2F8203C002BCF
:105AF000FBD123685BB1013B012B18D8D2F85C368F
:105B00006362D2F858362362D2F85436E361394BD7
:105B1000D3F85026A261D3F84C266261D3F8482608
:105B20002261D3F84426E260D3F84036A360002314
:105B30000121304AD2F8CC07A064D2F8D007E06443
:105B4000C2F8C417C2F88436C2F8C837D2F8103980
:105B5000002BFBD1C2F81838002E3BD1254BD3F8CF
:105B6000040A40F04000FEF743FF0120FFF70AF867
:105B700060BB1F48FEF7DEFF10BB3046BDE8F88370
:105B80000423C2F8C837AAE74FF0FF3118484FF096
:105B90000109FEF7C7FF00283FF441AF1648FFF7A1
:105BA00057F80020FEF7EEFF064600283FF43EAF10
:105BB0001248FFF74DF839E7114E3046BDE8F8833B
:105BC0001048FFF745F83046BDE8F8830E48FFF768
:105BD0003FF8CEE7102104F10800FEF78BFFBDE788
:105BE0000A4E3046BDE8F8834FF47306C5E700BFA0
:105BF000E010002000108450386101005061010065
:105C00000100F30090610100706101000300F300E6
:105C1000A0B3034670B4D0E90240D3E9041226BA17
:105C200005BA0CBA10BAC3E90440D3E90612986A5F
:105C300009BAC3E9026512BA996100BAD3E9084109
:105C400025BA0CBAC3E90725D3E90B12C3E9094009
:105C500009BAD86B12BAD962D3E90D4125BAC3E9A2
:105C60000C250CBA00BAD3E9101209BA12BAC3E96A
:105C70000E40196400205A6470BC70474FF47300E2
:105C8000704700BF00201870704700BF08B5074B71
:105C9000044613B10021AFF30080054B1868836AF6
:105CA00003B19847204600F08DF800BF00000000C7
:105CB0009062010070B50D4D00260D4C641BA410C0
:105CC000A64209D10B4D00260B4C00F019FA641BBB
:105CD000A410A64205D170BD55F8043B0136984783
:105CE000EEE755F8043B01369847F2E74808010013
:105CF00048080100480801004C080100431810B58D
:105D000001D21F2A01D9002010BD013902F014036D
:105D10000144102B80EA01043CD009DC8BB1042B38
:105D2000F1D11F2C40E840F315D941E840F10EE0D5
:105D3000142BE8D11F2C40E8C0F30CD941E8C0F186
:105D400005E01F2C40E800F305D941E800F11C46AE
:105D50000B468C42D7D122F01402013A0A2AD2D83B
:105D600001A151F822F000BFB75D0100B15D010053
:105D7000A35D0100075D0100075D0100075D0100F3
:105D8000075D0100BD5D0100B75D0100AB5D010075
:105D9000A35D01001F2C40E880F3DCD941E880F1CD
:105DA000D5E713F4001FAFD1ADE713F4801FFAE776
:105DB0005B02A9D5A7E713F4002FF4E713F4802FB3
:105DC000F1E700BFFEE700BF002383F300887047C0
:105DD000FDF79CBAEFF30880EFF309812DE9F00F8E
:105DE0006B467246FAF75CFF08B0FFF7F1FFFEE77B
:105DF000FDF78CBAEFF30880EFF309812DE9F00F7E
:105E00006B467246FAF74CFF08B0FFF7F1FFFEE76A
:105E1000FDF77CBAEFF30880EFF309812DE9F00F6D
:105E20006B467246FAF73CFF08B0FFF7F1FFFEE75A
:105E3000FDF76CBAEFF30880EFF309812DE9F00F5D
:105E40006B467246FAF72CFF08B0FFF7F1FFFEE74A
:105E5000FDF75CBAEFF30880EFF309812DE9F00F4D
:105E60006B467246FAF71CFF08B0FFF7F1FFFEE73A
:105E7000814270B40546144602D370BC00F02EB8BF
:105E8000821821443CB141EA020313F003030FD10D
:105E9000E018032812D86FF00300A3084343002042
:105EA00019441A442344984210D1284670BC7047C4
:105EB00011F8013D013C02F8013DE3E7581850F8A4
:105EC000046C981840F8046C043BE1E70C1A14F8D1
:105ED000016C141A04F8016C0130E4E770B5044653
:105EE0003AB141EA040313F003030CD1D518032D92
:105EF0000FD822F003031C441944002302F00302CC
:105F000093420CD170BD11F8013B013A04F8013BFA
:105F1000E6E7CD1A2E68E51A2E60043BE6E75D5CE5
:105F2000E5540133ECE7F0B5044662B922F003030F
:105F3000234402F003021A44934214D1F0BD04F842
:105F4000011B013AF1E7A307F9D115460B0443EA17
:105F500001630B4343EA01231619032DE6D9771B8E
:105F60003B60043DF9E703F8011BE5E708B5EFF3F3
:105F70000583C3F308030BB1FDF7C8F9BDE808407A
:105F8000FDF797BA10B50446EFF30583C3F3080392
:105F90000BB1FDF7BBF92046BDE81040FDF78CBA08
:105FA0002DE9F04104460D4616461F46EFF30583E2
:105FB000C3F308030BB1FDF7A9F93B463246294666
:105FC0002046BDE8F041FCF71BBE2DE9F041044638
:105FD0000D4616461F46EFF30583C3F308030BB1C6
:105FE000FDF794F93B46324629462046BDE8F0418C
:105FF000FCF740BE08B5EFF30583C3F308030BB10C
:10600000FDF784F9BDE80840FDF723BA002070478A
:10601000704710B5044608B1FDF73EFF2046BDE8C5
:106020001040FDF729BF10B50446406A10B1A16ABF
:10603000FFF7EFFF0020C4E9090010BD38B50546A1
:10604000FFF7F1FF2B7F0446012B0ED0023B012B03
:106050000ED82B6A012B18BF6FF096042C2200215A
:106060002846FFF760FF204638BD2B6A002BF2E779
:106070006FF09604F2E700207047704700207047E9
:1060800013B5002001AB1446FEF700F830B9019BB0
:10609000A34218BF6FF0930002B010BD6FF09200E2
:1060A000FAE7002070470346002030B5013A00D2DD
:1060B00030BD1D780C78A54202D008B9281BF5E741
:1060C00001330131F2E72DE9E04F2746A046A14612
:1060D000A246A346A446A2B02DEC000A84F3008891
:1060E00025462646A447EFF3148515F0080F18BF80
:1060F000B0EE400A3DEC000A22B0BDE8E08F00009F
:10610000F8B500BFF8BC08BC9E467047F8B500BFA4
:10611000F8BC08BC9E4670477AFFFFFFFF8FFFFF69
:10612000FF8FFFFFFE8FFFFFFE8FFFFFFD8FFFFF43
:10613000FC8FFFFFFC8FFFFF4661696C20746F20AE
:1061400061637175697265206D757465780A000008
:106150004661696C20746F20696E63726561736556
:1061600020504D20636F756E7465720A0000000048
:106170004661696C20746F20646563726561736544
:1061800020504D20636F756E7465720A0000000028
:106190004661696C20746F2072656C65617365205F
:1061A0006D757465780A0000436F756C64206E6FBE
:1061B00074206C6F636B20706F77657220736176EB
:1061C00065206D75746578006D757465785F6672AD
:1061D00065652063616C6C65642077697468204E26
:1061E000554C4C20706172616D65746572000000E1
:1061F00043616E277420696E697469616C697A65A0
:10620000206D757465782C20776173204E554C4C49
:106210000D0A00004661696C20746F20756E6C6F0A
:10622000636B206D757465780A0000000A637478EA
:10623000206973204E554C4C0A00000067E6096A3D
:1062400085AE67BB72F36E3C3AF54FA57F520E5197
:106250008C68059BABD9831F19CDE05BD89E05C127
:1062600007D57C3617DD703039590EF7310BC0FF7A
:1062700011155868A78FF964A44FFABE012345672A
:1062800089ABCDEFFEDCBA9876543210F0E1D2C380
:106290003C11002054464D5F43525950544F005416
:1062A000464D5F504C4154464F524D5F53455256F8
:1062B000494345000000000000000000000000000D
:1062C000FFFFFFFFFFFFFFFFFFFFFFFFFFFFFFFFDE
:1062D000FFFFFFFFFFFFFFFFFFFFFFFFFFFFFFFFCE
:1062E000FFFFFFFFFFFFFFFFFFFFFFFFFFFFFFFFBE
:1062F000FFFFFFFFFFFFFFFFFFFFFFFFFFFFFFFFAE
:10630000FFFFFFFFFFFFFFFFFFFFFFFFFFFFFFFF9D
:10631000FFFFFFFFFFFFFFFFFFFFFFFFFFFFFFFF8D
:10632000FFFFFFFFFFFFFFFFFFFFFFFFFFFFFFFF7D
:10633000FFFFFFFFFFFFFFFFFFFFFFFFFFFFFFFF6D
:10634000FFFFFFFFFFFFFFFFFFFFFFFFFFFFFFFF5D
:10635000FFFFFFFFFFFFFFFFFFFFFFFFFFFFFFFF4D
:10636000FFFFFFFFFFFFFFFFFFFFFFFFFFFFFFFF3D
:10637000FFFFFFFFFFFFFFFFFFFFFFFFFFFFFFFF2D
:10638000FFFFFFFFFFFFFFFFFFFFFFFFFFFFFFFF1D
:10639000FFFFFFFFFFFFFFFFFFFFFFFFFFFFFFFF0D
:1063A000FFFFFFFFFFFFFFFFFFFFFFFFFFFFFFFFFD
:1063B000FFFFFFFFFFFFFFFFFFFFFFFFFFFFFFFFED
:1063C000FFFFFFFFFFFFFFFFFFFFFFFFFFFFFFFFDD
:1063D000FFFFFFFFFFFFFFFFFFFFFFFFFFFFFFFFCD
:1063E000FFFFFFFFFFFFFFFFFFFFFFFFFFFFFFFFBD
:1063F000FFFFFFFFFFFFFFFFFFFFFFFFFFFFFFFFAD
:10640000FFFFFFFFFFFFFFFFFFFFFFFFFFFFFFFF9C
:10641000FFFFFFFFFFFFFFFFFFFFFFFFFFFFFFFF8C
:10642000FFFFFFFFFFFFFFFFFFFFFFFFFFFFFFFF7C
:10643000FFFFFFFFFFFFFFFFFFFFFFFFFFFFFFFF6C
:10644000FFFFFFFFFFFFFFFFFFFFFFFFFFFFFFFF5C
:10645000FFFFFFFFFFFFFFFFFFFFFFFFFFFFFFFF4C
:10646000FFFFFFFFFFFFFFFFFFFFFFFFFFFFFFFF3C
:10647000FFFFFFFFFFFFFFFFFFFFFFFFFFFFFFFF2C
:10648000FFFFFFFFFFFFFFFFFFFFFFFFFFFFFFFF1C
:10649000FFFFFFFFFFFFFFFFFFFFFFFFFFFFFFFF0C
:1064A000FFFFFFFFFFFFFFFFFFFFFFFFFFFFFFFFFC
:1064B000FFFFFFFFFFFFFFFFFFFFFFFFFFFFFFFFEC
:1064C000FFFFFFFFFFFFFFFFFFFFFFFFFFFFFFFFDC
:1064D000FFFFFFFFFFFFFFFFFFFFFFFFFFFFFFFFCC
:1064E000FFFFFFFFFFFFFFFFFFFFFFFFFFFFFFFFBC
:1064F000FFFFFFFFFFFFFFFFFFFFFFFFFFFFFFFFAC
:10650000FFFFFFFFFFFFFFFFFFFFFFFFFFFFFFFF9B
:10651000FFFFFFFFFFFFFFFFFFFFFFFFFFFFFFFF8B
:10652000FFFFFFFFFFFFFFFFFFFFFFFFFFFFFFFF7B
:10653000FFFFFFFFFFFFFFFFFFFFFFFFFFFFFFFF6B
:10654000FFFFFFFFFFFFFFFFFFFFFFFFFFFFFFFF5B
:10655000FFFFFFFFFFFFFFFFFFFFFFFFFFFFFFFF4B
:10656000FFFFFFFFFFFFFFFFFFFFFFFFFFFFFFFF3B
:10657000FFFFFFFFFFFFFFFFFFFFFFFFFFFFFFFF2B
:10658000FFFFFFFFFFFFFFFFFFFFFFFFFFFFFFFF1B
:10659000FFFFFFFFFFFFFFFFFFFFFFFFFFFFFFFF0B
:1065A000FFFFFFFFFFFFFFFFFFFFFFFFFFFFFFFFFB
:1065B000FFFFFFFFFFFFFFFFFFFFFFFFFFFFFFFFEB
:1065C000FFFFFFFFFFFFFFFFFFFFFFFFFFFFFFFFDB
:1065D000FFFFFFFFFFFFFFFFFFFFFFFFFFFFFFFFCB
:1065E000FFFFFFFFFFFFFFFFFFFFFFFFFFFFFFFFBB
:1065F000FFFFFFFFFFFFFFFFFFFFFFFFFFFFFFFFAB
:10660000FFFFFFFFFFFFFFFFFFFFFFFFFFFFFFFF9A
:10661000FFFFFFFFFFFFFFFFFFFFFFFFFFFFFFFF8A
:10662000FFFFFFFFFFFFFFFFFFFFFFFFFFFFFFFF7A
:10663000FFFFFFFFFFFFFFFFFFFFFFFFFFFFFFFF6A
:10664000FFFFFFFFFFFFFFFFFFFFFFFFFFFFFFFF5A
:10665000FFFFFFFFFFFFFFFFFFFFFFFFFFFFFFFF4A
:10666000FFFFFFFFFFFFFFFFFFFFFFFFFFFFFFFF3A
:10667000FFFFFFFFFFFFFFFFFFFFFFFFFFFFFFFF2A
:10668000FFFFFFFFFFFFFFFFFFFFFFFFFFFFFFFF1A
:10669000FFFFFFFFFFFFFFFFFFFFFFFFFFFFFFFF0A
:1066A000FFFFFFFFFFFFFFFFFFFFFFFFFFFFFFFFFA
:1066B000FFFFFFFFFFFFFFFFFFFFFFFFFFFFFFFFEA
:1066C000FFFFFFFFFFFFFFFFFFFFFFFFFFFFFFFFDA
:1066D000FFFFFFFFFFFFFFFFFFFFFFFFFFFFFFFFCA
:1066E000FFFFFFFFFFFFFFFFFFFFFFFFFFFFFFFFBA
:1066F000FFFFFFFFFFFFFFFFFFFFFFFFFFFFFFFFAA
:10670000FFFFFFFFFFFFFFFFFFFFFFFFFFFFFFFF99
:10671000FFFFFFFFFFFFFFFFFFFFFFFFFFFFFFFF89
:10672000FFFFFFFFFFFFFFFFFFFFFFFFFFFFFFFF79
:10673000FFFFFFFFFFFFFFFFFFFFFFFFFFFFFFFF69
:10674000FFFFFFFFFFFFFFFFFFFFFFFFFFFFFFFF59
:10675000FFFFFFFFFFFFFFFFFFFFFFFFFFFFFFFF49
:10676000FFFFFFFFFFFFFFFFFFFFFFFFFFFFFFFF39
:10677000FFFFFFFFFFFFFFFFFFFFFFFFFFFFFFFF29
:10678000FFFFFFFFFFFFFFFFFFFFFFFFFFFFFFFF19
:10679000FFFFFFFFFFFFFFFFFFFFFFFFFFFFFFFF09
:1067A000FFFFFFFFFFFFFFFFFFFFFFFFFFFFFFFFF9
:1067B000FFFFFFFFFFFFFFFFFFFFFFFFFFFFFFFFE9
:1067C000FFFFFFFFFFFFFFFFFFFFFFFFFFFFFFFFD9
:1067D000FFFFFFFFFFFFFFFFFFFFFFFFFFFFFFFFC9
:1067E000FFFFFFFFFFFFFFFFFFFFFFFFFFFFFFFFB9
:1067F000FFFFFFFFFFFFFFFFFFFFFFFFFFFFFFFFA9
:10680000FFFFFFFFFFFFFFFFFFFFFFFFFFFFFFFF98
:10681000FFFFFFFFFFFFFFFFFFFFFFFFFFFFFFFF88
:10682000FFFFFFFFFFFFFFFFFFFFFFFFFFFFFFFF78
:10683000FFFFFFFFFFFFFFFFFFFFFFFFFFFFFFFF68
:10684000FFFFFFFFFFFFFFFFFFFFFFFFFFFFFFFF58
:10685000FFFFFFFFFFFFFFFFFFFFFFFFFFFFFFFF48
:10686000FFFFFFFFFFFFFFFFFFFFFFFFFFFFFFFF38
:10687000FFFFFFFFFFFFFFFFFFFFFFFFFFFFFFFF28
:10688000FFFFFFFFFFFFFFFFFFFFFFFFFFFFFFFF18
:10689000FFFFFFFFFFFFFFFFFFFFFFFFFFFFFFFF08
:1068A000FFFFFFFFFFFFFFFFFFFFFFFFFFFFFFFFF8
:1068B000FFFFFFFFFFFFFFFFFFFFFFFFFFFFFFFFE8
:1068C000FFFFFFFFFFFFFFFFFFFFFFFFFFFFFFFFD8
:1068D000FFFFFFFFFFFFFFFFFFFFFFFFFFFFFFFFC8
:1068E000FFFFFFFFFFFFFFFFFFFFFFFFFFFFFFFFB8
:1068F000FFFFFFFFFFFFFFFFFFFFFFFFFFFFFFFFA8
:10690000FFFFFFFFFFFFFFFFFFFFFFFFFFFFFFFF97
:10691000FFFFFFFFFFFFFFFFFFFFFFFFFFFFFFFF87
:10692000FFFFFFFFFFFFFFFFFFFFFFFFFFFFFFFF77
:10693000FFFFFFFFFFFFFFFFFFFFFFFFFFFFFFFF67
:10694000FFFFFFFFFFFFFFFFFFFFFFFFFFFFFFFF57
:10695000FFFFFFFFFFFFFFFFFFFFFFFFFFFFFFFF47
:10696000FFFFFFFFFFFFFFFFFFFFFFFFFFFFFFFF37
:10697000FFFFFFFFFFFFFFFFFFFFFFFFFFFFFFFF27
:10698000FFFFFFFFFFFFFFFFFFFFFFFFFFFFFFFF17
:10699000FFFFFFFFFFFFFFFFFFFFFFFFFFFFFFFF07
:1069A000FFFFFFFFFFFFFFFFFFFFFFFFFFFFFFFFF7
:1069B000FFFFFFFFFFFFFFFFFFFFFFFFFFFFFFFFE7
:1069C000FFFFFFFFFFFFFFFFFFFFFFFFFFFFFFFFD7
:1069D000FFFFFFFFFFFFFFFFFFFFFFFFFFFFFFFFC7
:1069E000FFFFFFFFFFFFFFFFFFFFFFFFFFFFFFFFB7
:1069F000FFFFFFFFFFFFFFFFFFFFFFFFFFFFFFFFA7
:106A0000FFFFFFFFFFFFFFFFFFFFFFFFFFFFFFFF96
:106A1000FFFFFFFFFFFFFFFFFFFFFFFFFFFFFFFF86
:106A2000FFFFFFFFFFFFFFFFFFFFFFFFFFFFFFFF76
:106A3000FFFFFFFFFFFFFFFFFFFFFFFFFFFFFFFF66
:106A4000FFFFFFFFFFFFFFFFFFFFFFFFFFFFFFFF56
:106A5000FFFFFFFFFFFFFFFFFFFFFFFFFFFFFFFF46
:106A6000FFFFFFFFFFFFFFFFFFFFFFFFFFFFFFFF36
:106A7000FFFFFFFFFFFFFFFFFFFFFFFFFFFFFFFF26
:106A8000FFFFFFFFFFFFFFFFFFFFFFFFFFFFFFFF16
:106A9000FFFFFFFFFFFFFFFFFFFFFFFFFFFFFFFF06
:106AA000FFFFFFFFFFFFFFFFFFFFFFFFFFFFFFFFF6
:106AB000FFFFFFFFFFFFFFFFFFFFFFFFFFFFFFFFE6
:106AC000FFFFFFFFFFFFFFFFFFFFFFFFFFFFFFFFD6
:106AD000FFFFFFFFFFFFFFFFFFFFFFFFFFFFFFFFC6
:106AE000FFFFFFFFFFFFFFFFFFFFFFFFFFFFFFFFB6
:106AF000FFFFFFFFFFFFFFFFFFFFFFFFFFFFFFFFA6
:106B0000FFFFFFFFFFFFFFFFFFFFFFFFFFFFFFFF95
:106B1000FFFFFFFFFFFFFFFFFFFFFFFFFFFFFFFF85
:106B2000FFFFFFFFFFFFFFFFFFFFFFFFFFFFFFFF75
:106B3000FFFFFFFFFFFFFFFFFFFFFFFFFFFFFFFF65
:106B4000FFFFFFFFFFFFFFFFFFFFFFFFFFFFFFFF55
:106B5000FFFFFFFFFFFFFFFFFFFFFFFFFFFFFFFF45
:106B6000FFFFFFFFFFFFFFFFFFFFFFFFFFFFFFFF35
:106B7000FFFFFFFFFFFFFFFFFFFFFFFFFFFFFFFF25
:106B8000FFFFFFFFFFFFFFFFFFFFFFFFFFFFFFFF15
:106B9000FFFFFFFFFFFFFFFFFFFFFFFFFFFFFFFF05
:106BA000FFFFFFFFFFFFFFFFFFFFFFFFFFFFFFFFF5
:106BB000FFFFFFFFFFFFFFFFFFFFFFFFFFFFFFFFE5
:106BC000FFFFFFFFFFFFFFFFFFFFFFFFFFFFFFFFD5
:106BD000FFFFFFFFFFFFFFFFFFFFFFFFFFFFFFFFC5
:106BE000FFFFFFFFFFFFFFFFFFFFFFFFFFFFFFFFB5
:106BF000FFFFFFFFFFFFFFFFFFFFFFFFFFFFFFFFA5
:106C0000FFFFFFFFFFFFFFFFFFFFFFFFFFFFFFFF94
:106C1000FFFFFFFFFFFFFFFFFFFFFFFFFFFFFFFF84
:106C2000FFFFFFFFFFFFFFFFFFFFFFFFFFFFFFFF74
:106C3000FFFFFFFFFFFFFFFFFFFFFFFFFFFFFFFF64
:106C4000FFFFFFFFFFFFFFFFFFFFFFFFFFFFFFFF54
:106C5000FFFFFFFFFFFFFFFFFFFFFFFFFFFFFFFF44
:106C6000FFFFFFFFFFFFFFFFFFFFFFFFFFFFFFFF34
:106C7000FFFFFFFFFFFFFFFFFFFFFFFFFFFFFFFF24
:106C8000FFFFFFFFFFFFFFFFFFFFFFFFFFFFFFFF14
:106C9000FFFFFFFFFFFFFFFFFFFFFFFFFFFFFFFF04
:106CA000FFFFFFFFFFFFFFFFFFFFFFFFFFFFFFFFF4
:106CB000FFFFFFFFFFFFFFFFFFFFFFFFFFFFFFFFE4
:106CC000FFFFFFFFFFFFFFFFFFFFFFFFFFFFFFFFD4
:106CD000FFFFFFFFFFFFFFFFFFFFFFFFFFFFFFFFC4
:106CE000FFFFFFFFFFFFFFFFFFFFFFFFFFFFFFFFB4
:106CF000FFFFFFFFFFFFFFFFFFFFFFFFFFFFFFFFA4
:106D0000FFFFFFFFFFFFFFFFFFFFFFFFFFFFFFFF93
:106D1000FFFFFFFFFFFFFFFFFFFFFFFFFFFFFFFF83
:106D2000FFFFFFFFFFFFFFFFFFFFFFFFFFFFFFFF73
:106D3000FFFFFFFFFFFFFFFFFFFFFFFFFFFFFFFF63
:106D4000FFFFFFFFFFFFFFFFFFFFFFFFFFFFFFFF53
:106D5000FFFFFFFFFFFFFFFFFFFFFFFFFFFFFFFF43
:106D6000FFFFFFFFFFFFFFFFFFFFFFFFFFFFFFFF33
:106D7000FFFFFFFFFFFFFFFFFFFFFFFFFFFFFFFF23
:106D8000FFFFFFFFFFFFFFFFFFFFFFFFFFFFFFFF13
:106D9000FFFFFFFFFFFFFFFFFFFFFFFFFFFFFFFF03
:106DA000FFFFFFFFFFFFFFFFFFFFFFFFFFFFFFFFF3
:106DB000FFFFFFFFFFFFFFFFFFFFFFFFFFFFFFFFE3
:106DC000FFFFFFFFFFFFFFFFFFFFFFFFFFFFFFFFD3
:106DD000FFFFFFFFFFFFFFFFFFFFFFFFFFFFFFFFC3
:106DE000FFFFFFFFFFFFFFFFFFFFFFFFFFFFFFFFB3
:106DF000FFFFFFFFFFFFFFFFFFFFFFFFFFFFFFFFA3
:106E0000FFFFFFFFFFFFFFFFFFFFFFFFFFFFFFFF92
:106E1000FFFFFFFFFFFFFFFFFFFFFFFFFFFFFFFF82
:106E2000FFFFFFFFFFFFFFFFFFFFFFFFFFFFFFFF72
:106E3000FFFFFFFFFFFFFFFFFFFFFFFFFFFFFFFF62
:106E4000FFFFFFFFFFFFFFFFFFFFFFFFFFFFFFFF52
:106E5000FFFFFFFFFFFFFFFFFFFFFFFFFFFFFFFF42
:106E6000FFFFFFFFFFFFFFFFFFFFFFFFFFFFFFFF32
:106E7000FFFFFFFFFFFFFFFFFFFFFFFFFFFFFFFF22
:106E8000FFFFFFFFFFFFFFFFFFFFFFFFFFFFFFFF12
:106E9000FFFFFFFFFFFFFFFFFFFFFFFFFFFFFFFF02
:106EA000FFFFFFFFFFFFFFFFFFFFFFFFFFFFFFFFF2
:106EB000FFFFFFFFFFFFFFFFFFFFFFFFFFFFFFFFE2
:106EC000FFFFFFFFFFFFFFFFFFFFFFFFFFFFFFFFD2
:106ED000FFFFFFFFFFFFFFFFFFFFFFFFFFFFFFFFC2
:106EE000FFFFFFFFFFFFFFFFFFFFFFFFFFFFFFFFB2
:106EF000FFFFFFFFFFFFFFFFFFFFFFFFFFFFFFFFA2
:106F0000FFFFFFFFFFFFFFFFFFFFFFFFFFFFFFFF91
:106F1000FFFFFFFFFFFFFFFFFFFFFFFFFFFFFFFF81
:106F2000FFFFFFFFFFFFFFFFFFFFFFFFFFFFFFFF71
:106F3000FFFFFFFFFFFFFFFFFFFFFFFFFFFFFFFF61
:106F4000FFFFFFFFFFFFFFFFFFFFFFFFFFFFFFFF51
:106F5000FFFFFFFFFFFFFFFFFFFFFFFFFFFFFFFF41
:106F6000FFFFFFFFFFFFFFFFFFFFFFFFFFFFFFFF31
:106F7000FFFFFFFFFFFFFFFFFFFFFFFFFFFFFFFF21
:106F8000FFFFFFFFFFFFFFFFFFFFFFFFFFFFFFFF11
:106F9000FFFFFFFFFFFFFFFFFFFFFFFFFFFFFFFF01
:106FA000FFFFFFFFFFFFFFFFFFFFFFFFFFFFFFFFF1
:106FB000FFFFFFFFFFFFFFFFFFFFFFFFFFFFFFFFE1
:106FC000FFFFFFFFFFFFFFFFFFFFFFFFFFFFFFFFD1
:106FD000FFFFFFFFFFFFFFFFFFFFFFFFFFFFFFFFC1
:106FE000FFFFFFFFFFFFFFFFFFFFFFFFFFFFFFFFB1
:106FF000FFFFFFFFFFFFFFFFFFFFFFFFFFFFFFFFA1
:10700000FFFFFFFFFFFFFFFFFFFFFFFFFFFFFFFF90
:10701000FFFFFFFFFFFFFFFFFFFFFFFFFFFFFFFF80
:10702000FFFFFFFFFFFFFFFFFFFFFFFFFFFFFFFF70
:10703000FFFFFFFFFFFFFFFFFFFFFFFFFFFFFFFF60
:10704000FFFFFFFFFFFFFFFFFFFFFFFFFFFFFFFF50
:10705000FFFFFFFFFFFFFFFFFFFFFFFFFFFFFFFF40
:10706000FFFFFFFFFFFFFFFFFFFFFFFFFFFFFFFF30
:10707000FFFFFFFFFFFFFFFFFFFFFFFFFFFFFFFF20
:10708000FFFFFFFFFFFFFFFFFFFFFFFFFFFFFFFF10
:10709000FFFFFFFFFFFFFFFFFFFFFFFFFFFFFFFF00
:1070A000FFFFFFFFFFFFFFFFFFFFFFFFFFFFFFFFF0
:1070B000FFFFFFFFFFFFFFFFFFFFFFFFFFFFFFFFE0
:1070C000FFFFFFFFFFFFFFFFFFFFFFFFFFFFFFFFD0
:1070D000FFFFFFFFFFFFFFFFFFFFFFFFFFFFFFFFC0
:1070E000FFFFFFFFFFFFFFFFFFFFFFFFFFFFFFFFB0
:1070F000FFFFFFFFFFFFFFFFFFFFFFFFFFFFFFFFA0
:10710000FFFFFFFFFFFFFFFFFFFFFFFFFFFFFFFF8F
:10711000FFFFFFFFFFFFFFFFFFFFFFFFFFFFFFFF7F
:10712000FFFFFFFFFFFFFFFFFFFFFFFFFFFFFFFF6F
:10713000FFFFFFFFFFFFFFFFFFFFFFFFFFFFFFFF5F
:10714000FFFFFFFFFFFFFFFFFFFFFFFFFFFFFFFF4F
:10715000FFFFFFFFFFFFFFFFFFFFFFFFFFFFFFFF3F
:10716000FFFFFFFFFFFFFFFFFFFFFFFFFFFFFFFF2F
:10717000FFFFFFFFFFFFFFFFFFFFFFFFFFFFFFFF1F
:10718000FFFFFFFFFFFFFFFFFFFFFFFFFFFFFFFF0F
:10719000FFFFFFFFFFFFFFFFFFFFFFFFFFFFFFFFFF
:1071A000FFFFFFFFFFFFFFFFFFFFFFFFFFFFFFFFEF
:1071B000FFFFFFFFFFFFFFFFFFFFFFFFFFFFFFFFDF
:1071C000FFFFFFFFFFFFFFFFFFFFFFFFFFFFFFFFCF
:1071D000FFFFFFFFFFFFFFFFFFFFFFFFFFFFFFFFBF
:1071E000FFFFFFFFFFFFFFFFFFFFFFFFFFFFFFFFAF
:1071F000FFFFFFFFFFFFFFFFFFFFFFFFFFFFFFFF9F
:10720000FFFFFFFFFFFFFFFFFFFFFFFFFFFFFFFF8E
:10721000FFFFFFFFFFFFFFFFFFFFFFFFFFFFFFFF7E
:10722000FFFFFFFFFFFFFFFFFFFFFFFFFFFFFFFF6E
:10723000FFFFFFFFFFFFFFFFFFFFFFFFFFFFFFFF5E
:10724000FFFFFFFFFFFFFFFFFFFFFFFFFFFFFFFF4E
:10725000FFFFFFFFFFFFFFFFFFFFFFFFFFFFFFFF3E
:10726000FFFFFFFFFFFFFFFFFFFFFFFFFFFFFFFF2E
:10727000FFFFFFFFFFFFFFFFFFFFFFFFFFFFFFFF1E
:10728000FFFFFFFFFFFFFFFFFFFFFFFFFFFFFFFF0E
:10729000FFFFFFFFFFFFFFFFFFFFFFFFFFFFFFFFFE
:1072A000FFFFFFFFFFFFFFFFFFFFFFFFFFFFFFFFEE
:1072B000FFFFFFFFFFFFFFFFFFFFFFFFFFFFFFFFDE
:1072C000FFFFFFFFFFFFFFFFFFFFFFFFFFFFFFFFCE
:1072D000FFFFFFFFFFFFFFFFFFFFFFFFFFFFFFFFBE
:1072E000FFFFFFFFFFFFFFFFFFFFFFFFFFFFFFFFAE
:1072F000FFFFFFFFFFFFFFFFFFFFFFFFFFFFFFFF9E
:10730000FFFFFFFFFFFFFFFFFFFFFFFFFFFFFFFF8D
:10731000FFFFFFFFFFFFFFFFFFFFFFFFFFFFFFFF7D
:10732000FFFFFFFFFFFFFFFFFFFFFFFFFFFFFFFF6D
:10733000FFFFFFFFFFFFFFFFFFFFFFFFFFFFFFFF5D
:10734000FFFFFFFFFFFFFFFFFFFFFFFFFFFFFFFF4D
:10735000FFFFFFFFFFFFFFFFFFFFFFFFFFFFFFFF3D
:10736000FFFFFFFFFFFFFFFFFFFFFFFFFFFFFFFF2D
:10737000FFFFFFFFFFFFFFFFFFFFFFFFFFFFFFFF1D
:10738000FFFFFFFFFFFFFFFFFFFFFFFFFFFFFFFF0D
:10739000FFFFFFFFFFFFFFFFFFFFFFFFFFFFFFFFFD
:1073A000FFFFFFFFFFFFFFFFFFFFFFFFFFFFFFFFED
:1073B000FFFFFFFFFFFFFFFFFFFFFFFFFFFFFFFFDD
:1073C000FFFFFFFFFFFFFFFFFFFFFFFFFFFFFFFFCD
:1073D000FFFFFFFFFFFFFFFFFFFFFFFFFFFFFFFFBD
:1073E000FFFFFFFFFFFFFFFFFFFFFFFFFFFFFFFFAD
:1073F000FFFFFFFFFFFFFFFFFFFFFFFFFFFFFFFF9D
:10740000FFFFFFFFFFFFFFFFFFFFFFFFFFFFFFFF8C
:10741000FFFFFFFFFFFFFFFFFFFFFFFFFFFFFFFF7C
:10742000FFFFFFFFFFFFFFFFFFFFFFFFFFFFFFFF6C
:10743000FFFFFFFFFFFFFFFFFFFFFFFFFFFFFFFF5C
:10744000FFFFFFFFFFFFFFFFFFFFFFFFFFFFFFFF4C
:10745000FFFFFFFFFFFFFFFFFFFFFFFFFFFFFFFF3C
:10746000FFFFFFFFFFFFFFFFFFFFFFFFFFFFFFFF2C
:10747000FFFFFFFFFFFFFFFFFFFFFFFFFFFFFFFF1C
:10748000FFFFFFFFFFFFFFFFFFFFFFFFFFFFFFFF0C
:10749000FFFFFFFFFFFFFFFFFFFFFFFFFFFFFFFFFC
:1074A000FFFFFFFFFFFFFFFFFFFFFFFFFFFFFFFFEC
:1074B000FFFFFFFFFFFFFFFFFFFFFFFFFFFFFFFFDC
:1074C000FFFFFFFFFFFFFFFFFFFFFFFFFFFFFFFFCC
:1074D000FFFFFFFFFFFFFFFFFFFFFFFFFFFFFFFFBC
:1074E000FFFFFFFFFFFFFFFFFFFFFFFFFFFFFFFFAC
:1074F000FFFFFFFFFFFFFFFFFFFFFFFFFFFFFFFF9C
:10750000FFFFFFFFFFFFFFFFFFFFFFFFFFFFFFFF8B
:10751000FFFFFFFFFFFFFFFFFFFFFFFFFFFFFFFF7B
:10752000FFFFFFFFFFFFFFFFFFFFFFFFFFFFFFFF6B
:10753000FFFFFFFFFFFFFFFFFFFFFFFFFFFFFFFF5B
:10754000FFFFFFFFFFFFFFFFFFFFFFFFFFFFFFFF4B
:10755000FFFFFFFFFFFFFFFFFFFFFFFFFFFFFFFF3B
:10756000FFFFFFFFFFFFFFFFFFFFFFFFFFFFFFFF2B
:10757000FFFFFFFFFFFFFFFFFFFFFFFFFFFFFFFF1B
:10758000FFFFFFFFFFFFFFFFFFFFFFFFFFFFFFFF0B
:10759000FFFFFFFFFFFFFFFFFFFFFFFFFFFFFFFFFB
:1075A000FFFFFFFFFFFFFFFFFFFFFFFFFFFFFFFFEB
:1075B000FFFFFFFFFFFFFFFFFFFFFFFFFFFFFFFFDB
:1075C000FFFFFFFFFFFFFFFFFFFFFFFFFFFFFFFFCB
:1075D000FFFFFFFFFFFFFFFFFFFFFFFFFFFFFFFFBB
:1075E000FFFFFFFFFFFFFFFFFFFFFFFFFFFFFFFFAB
:1075F000FFFFFFFFFFFFFFFFFFFFFFFFFFFFFFFF9B
:10760000FFFFFFFFFFFFFFFFFFFFFFFFFFFFFFFF8A
:10761000FFFFFFFFFFFFFFFFFFFFFFFFFFFFFFFF7A
:10762000FFFFFFFFFFFFFFFFFFFFFFFFFFFFFFFF6A
:10763000FFFFFFFFFFFFFFFFFFFFFFFFFFFFFFFF5A
:10764000FFFFFFFFFFFFFFFFFFFFFFFFFFFFFFFF4A
:10765000FFFFFFFFFFFFFFFFFFFFFFFFFFFFFFFF3A
:10766000FFFFFFFFFFFFFFFFFFFFFFFFFFFFFFFF2A
:10767000FFFFFFFFFFFFFFFFFFFFFFFFFFFFFFFF1A
:10768000FFFFFFFFFFFFFFFFFFFFFFFFFFFFFFFF0A
:10769000FFFFFFFFFFFFFFFFFFFFFFFFFFFFFFFFFA
:1076A000FFFFFFFFFFFFFFFFFFFFFFFFFFFFFFFFEA
:1076B000FFFFFFFFFFFFFFFFFFFFFFFFFFFFFFFFDA
:1076C000FFFFFFFFFFFFFFFFFFFFFFFFFFFFFFFFCA
:1076D000FFFFFFFFFFFFFFFFFFFFFFFFFFFFFFFFBA
:1076E000FFFFFFFFFFFFFFFFFFFFFFFFFFFFFFFFAA
:1076F000FFFFFFFFFFFFFFFFFFFFFFFFFFFFFFFF9A
:10770000FFFFFFFFFFFFFFFFFFFFFFFFFFFFFFFF89
:10771000FFFFFFFFFFFFFFFFFFFFFFFFFFFFFFFF79
:10772000FFFFFFFFFFFFFFFFFFFFFFFFFFFFFFFF69
:10773000FFFFFFFFFFFFFFFFFFFFFFFFFFFFFFFF59
:10774000FFFFFFFFFFFFFFFFFFFFFFFFFFFFFFFF49
:10775000FFFFFFFFFFFFFFFFFFFFFFFFFFFFFFFF39
:10776000FFFFFFFFFFFFFFFFFFFFFFFFFFFFFFFF29
:10777000FFFFFFFFFFFFFFFFFFFFFFFFFFFFFFFF19
:10778000FFFFFFFFFFFFFFFFFFFFFFFFFFFFFFFF09
:10779000FFFFFFFFFFFFFFFFFFFFFFFFFFFFFFFFF9
:1077A000FFFFFFFFFFFFFFFFFFFFFFFFFFFFFFFFE9
:1077B000FFFFFFFFFFFFFFFFFFFFFFFFFFFFFFFFD9
:1077C000FFFFFFFFFFFFFFFFFFFFFFFFFFFFFFFFC9
:1077D000FFFFFFFFFFFFFFFFFFFFFFFFFFFFFFFFB9
:1077E000FFFFFFFFFFFFFFFFFFFFFFFFFFFFFFFFA9
:1077F000FFFFFFFFFFFFFFFFFFFFFFFFFFFFFFFF99
:10780000FFFFFFFFFFFFFFFFFFFFFFFFFFFFFFFF88
:10781000FFFFFFFFFFFFFFFFFFFFFFFFFFFFFFFF78
:10782000FFFFFFFFFFFFFFFFFFFFFFFFFFFFFFFF68
:10783000FFFFFFFFFFFFFFFFFFFFFFFFFFFFFFFF58
:10784000FFFFFFFFFFFFFFFFFFFFFFFFFFFFFFFF48
:10785000FFFFFFFFFFFFFFFFFFFFFFFFFFFFFFFF38
:10786000FFFFFFFFFFFFFFFFFFFFFFFFFFFFFFFF28
:10787000FFFFFFFFFFFFFFFFFFFFFFFFFFFFFFFF18
:10788000FFFFFFFFFFFFFFFFFFFFFFFFFFFFFFFF08
:10789000FFFFFFFFFFFFFFFFFFFFFFFFFFFFFFFFF8
:1078A000FFFFFFFFFFFFFFFFFFFFFFFFFFFFFFFFE8
:1078B000FFFFFFFFFFFFFFFFFFFFFFFFFFFFFFFFD8
:1078C000FFFFFFFFFFFFFFFFFFFFFFFFFFFFFFFFC8
:1078D000FFFFFFFFFFFFFFFFFFFFFFFFFFFFFFFFB8
:1078E000FFFFFFFFFFFFFFFFFFFFFFFFFFFFFFFFA8
:1078F000FFFFFFFFFFFFFFFFFFFFFFFFFFFFFFFF98
:10790000FFFFFFFFFFFFFFFFFFFFFFFFFFFFFFFF87
:10791000FFFFFFFFFFFFFFFFFFFFFFFFFFFFFFFF77
:10792000FFFFFFFFFFFFFFFFFFFFFFFFFFFFFFFF67
:10793000FFFFFFFFFFFFFFFFFFFFFFFFFFFFFFFF57
:10794000FFFFFFFFFFFFFFFFFFFFFFFFFFFFFFFF47
:10795000FFFFFFFFFFFFFFFFFFFFFFFFFFFFFFFF37
:10796000FFFFFFFFFFFFFFFFFFFFFFFFFFFFFFFF27
:10797000FFFFFFFFFFFFFFFFFFFFFFFFFFFFFFFF17
:10798000FFFFFFFFFFFFFFFFFFFFFFFFFFFFFFFF07
:10799000FFFFFFFFFFFFFFFFFFFFFFFFFFFFFFFFF7
:1079A000FFFFFFFFFFFFFFFFFFFFFFFFFFFFFFFFE7
:1079B000FFFFFFFFFFFFFFFFFFFFFFFFFFFFFFFFD7
:1079C000FFFFFFFFFFFFFFFFFFFFFFFFFFFFFFFFC7
:1079D000FFFFFFFFFFFFFFFFFFFFFFFFFFFFFFFFB7
:1079E000FFFFFFFFFFFFFFFFFFFFFFFFFFFFFFFFA7
:1079F000FFFFFFFFFFFFFFFFFFFFFFFFFFFFFFFF97
:107A0000FFFFFFFFFFFFFFFFFFFFFFFFFFFFFFFF86
:107A1000FFFFFFFFFFFFFFFFFFFFFFFFFFFFFFFF76
:107A2000FFFFFFFFFFFFFFFFFFFFFFFFFFFFFFFF66
:107A3000FFFFFFFFFFFFFFFFFFFFFFFFFFFFFFFF56
:107A4000FFFFFFFFFFFFFFFFFFFFFFFFFFFFFFFF46
:107A5000FFFFFFFFFFFFFFFFFFFFFFFFFFFFFFFF36
:107A6000FFFFFFFFFFFFFFFFFFFFFFFFFFFFFFFF26
:107A7000FFFFFFFFFFFFFFFFFFFFFFFFFFFFFFFF16
:107A8000FFFFFFFFFFFFFFFFFFFFFFFFFFFFFFFF06
:107A9000FFFFFFFFFFFFFFFFFFFFFFFFFFFFFFFFF6
:107AA000FFFFFFFFFFFFFFFFFFFFFFFFFFFFFFFFE6
:107AB000FFFFFFFFFFFFFFFFFFFFFFFFFFFFFFFFD6
:107AC000FFFFFFFFFFFFFFFFFFFFFFFFFFFFFFFFC6
:107AD000FFFFFFFFFFFFFFFFFFFFFFFFFFFFFFFFB6
:107AE000FFFFFFFFFFFFFFFFFFFFFFFFFFFFFFFFA6
:107AF000FFFFFFFFFFFFFFFFFFFFFFFFFFFFFFFF96
:107B0000FFFFFFFFFFFFFFFFFFFFFFFFFFFFFFFF85
:107B1000FFFFFFFFFFFFFFFFFFFFFFFFFFFFFFFF75
:107B2000FFFFFFFFFFFFFFFFFFFFFFFFFFFFFFFF65
:107B3000FFFFFFFFFFFFFFFFFFFFFFFFFFFFFFFF55
:107B4000FFFFFFFFFFFFFFFFFFFFFFFFFFFFFFFF45
:107B5000FFFFFFFFFFFFFFFFFFFFFFFFFFFFFFFF35
:107B6000FFFFFFFFFFFFFFFFFFFFFFFFFFFFFFFF25
:107B7000FFFFFFFFFFFFFFFFFFFFFFFFFFFFFFFF15
:107B8000FFFFFFFFFFFFFFFFFFFFFFFFFFFFFFFF05
:107B9000FFFFFFFFFFFFFFFFFFFFFFFFFFFFFFFFF5
:107BA000FFFFFFFFFFFFFFFFFFFFFFFFFFFFFFFFE5
:107BB000FFFFFFFFFFFFFFFFFFFFFFFFFFFFFFFFD5
:107BC000FFFFFFFFFFFFFFFFFFFFFFFFFFFFFFFFC5
:107BD000FFFFFFFFFFFFFFFFFFFFFFFFFFFFFFFFB5
:107BE000FFFFFFFFFFFFFFFFFFFFFFFFFFFFFFFFA5
:107BF000FFFFFFFFFFFFFFFFFFFFFFFFFFFFFFFF95
:107C00007FE97FE9FBF75EBF7FE97FE9FBF76CBFA8
:107C10007FE97FE9FBF79EBF7FE97FE9FBF78CBF38
:107C20007FE97FE9FBF772BF000000000000000061
:107C30000000000000000000000000000000000044
:107C40000090005000000000B43701000400000064
:107C50000000000000000000000000000000000024
:107C600000000000FC1100209C11002044030100D2
:107C700090ED00E000A003507FA60350009000505C
:107C80006F950050116001000D600100275F010039
:107C9000D81000200811002000110020FC10002046
:107CA000F8100020214C0100154C0100094C010086
:107CB000000000002D4C0100341100202C11002088
:107CC00024110020000000001C110020394D01008B
:107CD000854C0100B94C0100014D010054250020E4
:107CE0003A00003A582500203A00003A5C2500206E
:107CF0003A00003A602500203A00003A00000000F7
:107D00000000000000000000000000000000000073
:107D10000000000000000000000000000000000063
:107D20000000000000000000000000000000000053
:107D30000000000000000000000000000000000043
:107D40000000000000000000000000000000000033
:107D5000000000000000000000000000FFFFFFFF27
:107D6000FFFFFFFFFFFFFFFFFFFFFFFFFFFFFFFF23
:107D7000FFFFFFFFFFFFFFFFFFFFFFFFFFFFFFFF13
:107D8000FFFFFFFFFFFFFFFFFFFFFFFFFFFFFFFF03
:107D9000FFFFFFFFFFFFFFFFFFFFFFFFFFFFFFFFF3
:107DA000FFFFFFFFFFFFFFFFFFFFFFFFFFFFFFFFE3
:107DB000FFFFFFFFFFFFFFFFFFFFFFFFFFFFFFFFD3
:107DC000FFFFFFFFFFFFFFFFFFFFFFFFFFFFFFFFC3
:107DD000FFFFFFFFFFFFFFFFFFFFFFFFFFFFFFFFB3
:107DE000FFFFFFFFFFFFFFFFFFFFFFFFFFFFFFFFA3
:107DF000FFFFFFFFFFFFFFFFFFFFFFFFFFFFFFFF93
:107E0000FFFFFFFFFFFFFFFFFFFFFFFFFFFFFFFF82
:107E1000FFFFFFFFFFFFFFFFFFFFFFFFFFFFFFFF72
:107E2000FFFFFFFFFFFFFFFFFFFFFFFFFFFFFFFF62
:107E3000FFFFFFFFFFFFFFFFFFFFFFFFFFFFFFFF52
:107E4000FFFFFFFFFFFFFFFFFFFFFFFFFFFFFFFF42
:107E5000FFFFFFFFFFFFFFFFFFFFFFFFFFFFFFFF32
:107E6000FFFFFFFFFFFFFFFFFFFFFFFFFFFFFFFF22
:107E7000FFFFFFFFFFFFFFFFFFFFFFFFFFFFFFFF12
:107E8000FFFFFFFFFFFFFFFFFFFFFFFFFFFFFFFF02
:107E9000FFFFFFFFFFFFFFFFFFFFFFFFFFFFFFFFF2
:107EA000FFFFFFFFFFFFFFFFFFFFFFFFFFFFFFFFE2
:107EB000FFFFFFFFFFFFFFFFFFFFFFFFFFFFFFFFD2
:107EC000FFFFFFFFFFFFFFFFFFFFFFFFFFFFFFFFC2
:107ED000FFFFFFFFFFFFFFFFFFFFFFFFFFFFFFFFB2
:107EE000FFFFFFFFFFFFFFFFFFFFFFFFFFFFFFFFA2
:107EF000FFFFFFFFFFFFFFFFFFFFFFFFFFFFFFFF92
:107F0000FFFFFFFFFFFFFFFFFFFFFFFFFFFFFFFF81
:107F1000FFFFFFFFFFFFFFFFFFFFFFFFFFFFFFFF71
:107F2000FFFFFFFFFFFFFFFFFFFFFFFFFFFFFFFF61
:107F3000FFFFFFFFFFFFFFFFFFFFFFFFFFFFFFFF51
:107F4000FFFFFFFFFFFFFFFFFFFFFFFFFFFFFFFF41
:107F5000FFFFFFFFFFFFFFFFFFFFFFFFFFFFFFFF31
:107F6000FFFFFFFFFFFFFFFFFFFFFFFFFFFFFFFF21
:107F7000FFFFFFFFFFFFFFFFFFFFFFFFFFFFFFFF11
:107F8000FFFFFFFFFFFFFFFFFFFFFFFFFFFFFFFF01
:107F9000FFFFFFFFFFFFFFFFFFFFFFFFFFFFFFFFF1
:107FA000FFFFFFFFFFFFFFFFFFFFFFFFFFFFFFFFE1
:107FB000FFFFFFFFFFFFFFFFFFFFFFFFFFFFFFFFD1
:107FC000FFFFFFFFFFFFFFFFFFFFFFFFFFFFFFFFC1
:107FD000FFFFFFFFFFFFFFFFFFFFFFFFFFFFFFFFB1
:107FE000FFFFFFFFFFFFFFFFFFFFFFFFFFFFFFFFA1
:107FF000FFFFFFFFFFFFFFFFFFFFFFFFFFFFFFFF91
:10800000A055012055200200CB3B03004120020077
:1080100041200200412002004120020041200200D4
:10802000000000000000000000000000E521020048
:1080300041200200000000008121020041200200D6
:1080400075230200752302007523020075230200C8
:1080500075230200752302007523020075230200B8
:1080600075230200752302007523020075230200A8
:108070007523020075230200752302007523020098
:108080007523020075230200752302007523020088
:108090007523020075230200752302007523020078
:1080A0007523020075230200752302007523020068
:1080B0007523020075230200752302007523020058
:1080C0007523020075230200752302007523020048
:1080D0007523020075230200752302007523020038
:1080E0007523020075230200752302007523020028
:1080F0007523020075230200752302007523020018
:108100007523020075230200752302007523020007
:1081100075230200752302007523020075230200F7
:1081200075230200752302007523020075230200E7
:1081300075230200752302007523020075230200D7
:108140007523020000000000000000000000000095
:10815000000000000000000000000000000000001F
:10816000000000000000000000000000000000000F
:1081700000000000000000000000000000000000FF
:1081800000000000000000000000000000000000EF
:1081900000000000000000000000000000000000DF
:1081A00000000000000000000000000000000000CF
:1081B00000000000000000000000000000000000BF
:1081C00000000000000000000000000000000000AF
:1081D000000000000000000000000000000000009F
:1081E000000000000000000000000000000000008F
:1081F000000000000000000000000000000000007F
:10820000DEE61E284CBBCE8F025B00003C00000067
:10821000F88B0200010000000080010000800100D6
:10822000FFFF0291000000000000000000000000BD
:10823000000000000000000000000000FFFFFFFF42
:1082400081F0004102E000BF83F0004330B54FEA07
:1082500041044FEA430594EA050F08BF90EA020F74
:108260001FBF54EA000C55EA020C7FEA645C7FEA07
:10827000655C00F0E2804FEA5454D4EB5555B8BF2A
:108280006D420CDD2C4480EA020281EA030382EA9B
:10829000000083EA010180EA020281EA0303362D2D
:1082A00088BF30BD11F0004F4FEA01314FF4801C00
:1082B0004CEA113102D0404261EB410113F0004F12
:1082C0004FEA03334CEA133302D0524263EB4303C9
:1082D00094EA050F00F0A780A4F10104D5F1200E67
:1082E0000DDB02FA0EFC22FA05F2801841F10001C2
:1082F00003FA0EF2801843FA05F359410EE0A5F196
:1083000020050EF1200E012A03FA0EFC28BF4CF0C6
:10831000020C43FA05F3C01851EBE37101F000457C
:1083200007D54FF0000EDCF1000C7EEB00006EEB89
:108330000101B1F5801F1BD3B1F5001F0CD3490813
:108340005FEA30004FEA3C0C04F101044FEA44526A
:1083500012F5800F80F09A80BCF1004F08BF5FEAF1
:10836000500C50F1000041EB045141EA050130BDD1
:108370005FEA4C0C404141EB0101013C28BFB1F5E3
:10838000801FE9D291F0000F04BF01460020B1FA2E
:1083900081F308BF2033A3F10B03B3F120020CDA01
:1083A0000C3208DD02F1140CC2F10C0201FA0CF0DF
:1083B00021FA02F10CE002F11402D8BFC2F1200C44
:1083C00001FA02F120FA0CFCDCBF41EA0C019040FA
:1083D000E41AA2BF01EB0451294330BD6FEA040443
:1083E0001F3C1CDA0C340EDC04F11404C4F120022E
:1083F00020FA04F001FA02F340EA030021FA04F340
:1084000045EA030130BDC4F10C04C4F1200220FA96
:1084100002F001FA04F340EA0300294630BD21FAD4
:1084200004F0294630BD94F0000F83F4801306BF9A
:1084300081F480110134013D4EE77FEA645C18BF8E
:108440007FEA655C29D094EA050F08BF90EA020F25
:1084500005D054EA000C04BF1946104630BD91EA1D
:10846000030F1EBF0021002030BD5FEA545C05D120
:108470004000494128BF41F0004130BD14F580045F
:108480003CBF01F5801130BD01F0004545F0FE41D3
:1084900041F470014FF0000030BD7FEA645C1ABF08
:1084A000194610467FEA655C1CBF0B46024650EA3F
:1084B000013406BF52EA033591EA030F41F400216B
:1084C00030BD00BF90F0000F04BF0021704730B5F1
:1084D0004FF4806404F132044FF000054FF00001C6
:1084E00050E700BF90F0000F04BF0021704730B587
:1084F0004FF4806404F1320410F0004548BF40425C
:108500004FF000013EE700BF42004FEAE2014FEAB0
:1085100031014FEA02701FBF12F07F4393F07F4F8B
:1085200081F06051704732F07F4208BF704793F08E
:108530007F4F04BF41F40021704730B54FF46074A1
:1085400001F0004521F000411CE700BF50EA0102A4
:1085500008BF704730B54FF000050AE050EA01024D
:1085600008BF704730B511F0004502D5404261EBBD
:1085700041014FF4806404F132045FEA915C3FF4FE
:10858000D8AE4FF003025FEADC0C18BF03325FEA9B
:10859000DC0C18BF033202EBDC02C2F1200300FA4C
:1085A00003FC20FA02F001FA03FE40EA0E0021FA71
:1085B00002F11444BDE600BF70B54FF0FF0C4CF45F
:1085C000E06C1CEA11541DBF1CEA135594EA0C0F11
:1085D00095EA0C0F00F0DEF82C4481EA030621EA4C
:1085E0004C5123EA4C5350EA013518BF52EA033587
:1085F00041F4801143F4801338D0A0FB02CE4FF039
:108600000005E1FB02E506F00042E0FB03E54FF068
:108610000006E1FB03569CF0000F18BF4EF0010E60
:10862000A4F1FF04B6F5007F64F5407404D25FEA5C
:108630004E0E6D4146EB060642EAC62141EA55510F
:108640004FEAC52040EA5E504FEACE2EB4F1FD0C51
:1086500088BFBCF5E06F1ED8BEF1004F08BF5FEACF
:10866000500E50F1000041EB045170BD06F0004681
:1086700046EA010140EA020081EA0301B4EB5C042E
:10868000C2BFD4EB0C0541EA045170BD41F4801126
:108690004FF0000E013C00F3AB8014F1360FDEBF4B
:1086A000002001F0004170BDC4F10004203C35DA27
:1086B0000C341BDC04F11404C4F1200500FA05F3AA
:1086C00020FA04F001FA05F240EA020001F000424B
:1086D00021F0004110EBD37021FA04F642EB0601C1
:1086E0005EEA430E08BF20EAD37070BDC4F10C04EB
:1086F000C4F1200500FA04F320FA05F001FA04F2AF
:1087000040EA020001F0004110EBD37041F100019A
:108710005EEA430E08BF20EAD37070BDC4F12005A5
:1087200000FA05F24EEA020E20FA04F301FA05F20D
:1087300043EA020321FA04F001F0004121FA04F2B5
:1087400020EA020000EBD3705EEA430E08BF20EA85
:10875000D37070BD94F0000F0FD101F000464000BF
:1087600041EB010111F4801F08BF013CF7D041EA41
:10877000060195F0000F18BF704703F00046520045
:1087800043EB030313F4801F08BF013DF7D043EA16
:108790000603704794EA0C0F0CEA135518BF95EACC
:1087A0000C0F0CD050EA410618BF52EA4306D1D153
:1087B00081EA030101F000414FF0000070BD50EA72
:1087C000410606BF1046194652EA430619D094EAFC
:1087D0000C0F02D150EA013613D195EA0C0F05D1E6
:1087E00052EA03361CBF104619460AD181EA03013A
:1087F00001F0004141F0FE4141F470014FF00000F2
:1088000070BD41F0FE4141F4780170BD70B54FF08C
:10881000FF0C4CF4E06C1CEA11541DBF1CEA13550C
:1088200094EA0C0F95EA0C0F00F0A7F8A4EB0504EE
:1088300081EA030E52EA03354FEA013100F08880E5
:108840004FEA03334FF0805545EA131343EA1263AE
:108850004FEA022245EA111545EA10654FEA002663
:108860000EF000419D4208BF964244F1FD0404F51C
:10887000407402D25B084FEA3202B61A65EB030578
:108880005B084FEA32024FF480104FF4002CB6EB35
:10889000020E75EB030E22BFB61A754640EA0C00B5
:1088A0005B084FEA3202B6EB020E75EB030E22BFF5
:1088B000B61A754640EA5C005B084FEA3202B6EB36
:1088C000020E75EB030E22BFB61A754640EA9C00F5
:1088D0005B084FEA3202B6EB020E75EB030E22BFC5
:1088E000B61A754640EADC0055EA060E18D04FEA83
:1088F000051545EA16754FEA06164FEAC30343EA23
:1089000052734FEAC2025FEA1C1CC0D111F4801FEF
:108910000BD141EA00014FF000004FF0004CB6E7E8
:1089200011F4801F04BF01430020B4F1FD0C88BF87
:10893000BCF5E06F3FF6AFAEB5EB030C04BFB6EB92
:10894000020C5FEA500C50F1000041EB045170BD85
:108950000EF0004E4EEA113114EB5C04C2BFD4EBB2
:108960000C0541EA045170BD41F480114FF0000E36
:10897000013C90E645EA060E8DE60CEA135594EAB2
:108980000C0F08BF95EA0C0F3FF43BAF94EA0C0FB5
:108990000AD150EA01347FF434AF95EA0C0F7FF42A
:1089A00025AF104619462CE795EA0C0F06D152EA7E
:1089B00003353FF4FDAE1046194622E750EA410662
:1089C00018BF52EA43067FF4C5AE50EA41047FF473
:1089D0000DAF52EA43057FF4EBAE12E74FF0FF3CD8
:1089E00006E000BF4FF0010C02E000BF4FF0010CA9
:1089F0004DF804CD4FEA410C7FEA6C5C4FEA430C22
:108A000018BF7FEA6C5C1BD001B050EA410C0CBF70
:108A100052EA430C91EA030F02BF90EA020F0020D2
:108A2000704710F1000F91EA030F58BF994208BF39
:108A300090422CBFD8176FEAE37040F001007047F6
:108A40004FEA410C7FEA6C5C02D150EA013C07D14D
:108A50004FEA430C7FEA6C5CD6D152EA033CD3D098
:108A60005DF8040B704700BF8446104662468C4692
:108A70001946634600E000BF01B5FFF7B7FF0028C5
:108A800048BF10F1000F01BD4DF808EDFFF7F4FFEE
:108A90000CBF012000205DF808FB00BF4DF808ED79
:108AA000FFF7EAFF34BF012000205DF808FB00BF9C
:108AB0004DF808EDFFF7E0FF94BF012000205DF8BE
:108AC00008FB00BF4DF808EDFFF7CEFF94BF012073
:108AD00000205DF808FB00BF4DF808EDFFF7C4FF6C
:108AE00034BF012000205DF808FB00BF4FEA410CB5
:108AF0007FEA6C5C02D150EA013C0AD14FEA430C98
:108B00007FEA6C5C02D152EA033C02D14FF00000D4
:108B100070474FF0010070474FEA410212F5001212
:108B200015D211D56FF47873B3EB625212D94FEAB4
:108B3000C12343F0004343EA505311F0004F23FA9E
:108B400002F018BF404270474FF00000704750EAF3
:108B5000013005D111F0004008BF6FF000407047B0
:108B60004FF00000704700BF4A0011D212F500120A
:108B700011D20DD56FF47873B3EB62520ED44FEA75
:108B8000C12343F0004343EA505323FA02F07047F5
:108B90004FF00000704750EA013002D14FF0FF3033
:108BA00070474FF0000070477BB972B90029BEBF13
:108BB00000204FF0004106E008BF00281CBF6FF006
:108BC00000414FF0FF3000F075B8ADF1080C6DE9D1
:108BD00004CE002909DB002B1ADB00F096F8DDF843
:108BE00004E0DDE9022304B07047404261EB41013B
:108BF000002B1BDB00F089F8DDF804E0DDE902233F
:108C000004B0404261EB4101524263EB43037047C1
:108C1000524263EB430300F078F8DDF804E0DDE94D
:108C2000022304B0404261EB41017047524263EBC2
:108C3000430300F06AF8DDF804E0DDE9022304B044
:108C4000524263EB4303704753B94AB9002908BF46
:108C500000281CBF4FF0FF314FF0FF3000F02AB862
:108C6000ADF1080C6DE904CE00F04FF8DDF804E03A
:108C7000DDE9022304B07047D0B500220B4B064655
:108C80000F46FFF799FCFFF76FFF0446FFF71AFC4A
:108C90000022074BFFF790FC02460B463046394650
:108CA000FFF7D2FAFFF760FF2146D0BD0000F03D8C
:108CB0000000F041704700BF10F8012B11F8013B94
:108CC000012A28BF9A42F7D0D01A7047034613F8FA
:108CD000012B002AFBD1181A0138704738B5002241
:108CE000002304460D46FFF7D9FE28B92046294641
:108CF000BDE83840FFF7C0BF204605F10041FFF74F
:108D0000BBFF404261EB410138BD2DE9F04786468B
:108D10008C460846089E154674461946002B40F0BE
:108D2000C1808542B2FA82F245D94AB1C2F120032C
:108D300000FA02FC954094402EFA03F343EA0C0C2F
:108D40004FEA154EA8B2230CBCFBFEF80EFB18CC64
:108D500008FB00F943EA0C43994528D9EB1808F1C0
:108D6000FF3704D2994502D9A8F102072B44A3EB9F
:108D70000903A4B2B3FBFEFC0EFB1C330CFB00F09A
:108D800044EA0344A04214D92C190CF1FF3304D255
:108D9000A04202D9ACF102032C44241A43EA074052
:108DA0001EB1D440002334607360BDE8F0874746AD
:108DB000DDE76346F1E792BB431B01214FEA154E05
:108DC000AFB2200CB3FBFEFC0EFB1C330CFB07F810
:108DD00040EA0343984561D9EB180CF1FF3004D207
:108DE000984502D9ACF102002B44A3EB0803A4B2CE
:108DF000B3FBFEFC0EFB1C330CFB07F744EA0344F9
:108E0000A7424DD92C190CF1FF3304D2A74202D945
:108E1000ACF102032C44E41B43EA0040C0E7C2F17A
:108E200020039540944020FA03F12EFA03F34FEA11
:108E3000154E9040AFB20343B1FBFEFC0EFB1C107D
:108E4000190C0CFB07F841EA0041884522D9691842
:108E50000CF1FF3004D2884502D9ACF1020029445C
:108E6000A1EB08019BB2B1FBFEFC0EFB1C110CFB3D
:108E700007F743EA01439F420ED9EB180CF1FF318B
:108E800004D29F4202D9ACF102012B44DB1B41EA20
:108E9000004193E76046E3E76146F7E76046A4E7F1
:108EA0006346B8E7834206D916B9002108467CE735
:108EB000C6E900E0F9E7B3FA83F78FB9834201D33B
:108EC000724508D8BEEB020460EB030301209C4608
:108ED0001EB9002169E73846FAE7C6E9004CF8E711
:108EE000C7F1200CBB400EFA07F522FA0CF42EFA5B
:108EF0000CF1BA401C4320FA0CF3B8404FEA144975
:108F000001431FFA84FEB3FBF9F809FB18300B0C80
:108F100008FB0EFA43EA00439A4540D9E31808F1EA
:108F2000FF3004D29A4502D9A8F102002344A3EBF2
:108F30000A0389B2B3FBF9F809FB183308FB0EFEEC
:108F400041EA03418E452CD9611808F1FF3304D260
:108F50008E4502D9A8F10203214443EA0040A1EB67
:108F60000E01A0FB02984145CE46434602D306D1EE
:108F70004D4504D20138B9EB020E68EB0403002E14
:108F8000A7D0B5EB0E0261EB030101FA0CFC22FA4B
:108F900007F3F9404CEA0303C6E9003199E740467C
:108FA000C5E74346D9E700002DE9F04706460F46DE
:108FB000904688B01FF0E7F94FF47A73A0FB0345A1
:108FC00003FB0155E40B012F44EA45444FEAD53534
:108FD00007D122462B463046274919F080FF002052
:108FE00012E0D8F8047025483946FFF765FE70B1E5
:108FF00039462348FFF760FE48B130463A462149DA
:1090000019F089FF6FF0040008B0BDE8F087204632
:1090100017A3D3E900232946FFF7C6FD05460C46F2
:1090200010461946184A0023FFF7BEFD80460F463A
:10903000104619464EF660220023FFF7B5FD824622
:109040008946104619464FF47A720023FFF7ACFDAB
:10905000CDE902A9CDE90623CDE904012A4623463C
:109060003046CDE90087094919F039FFB7E700BF5D
:10907000005C26050000000027C3030038C303007E
:109080003BC3030044C3030080EE36005CC303000F
:1090900001282DE9FF41884608D01AF00DFE16235D
:1090A00003604FF0FF3004B0BDE8F0818A682A4BBE
:1090B0009A42F2D81FF067F905460F461FF063F990
:1090C000264CD8F80030D8F80420A3FB043604FB63
:1090D0000266D8F808209B1846EBE276EA0B42EAD3
:1090E0004742A2FB0421FF0B9B1AC0F30E0204FBB4
:1090F0000711A2FB04244FEAD23242EA444266EB53
:109100000101981A61F1000111A3D3E90023FFF7CF
:109110004BFD6C46CDE900012046029209F0A8FB08
:1091200018B91AF0C9FD8B23BAE74FF0FF324FF0A0
:10913000FF330B4818F0F5FB38B994E80F00094DE0
:1091400085E80F00064818F0E7FB0020ABE700BFFA
:1091500000CA9A3B00000000FFC99A3B00CA9A3B34
:1091600024CF0020F8D800202DE9F04706460C4611
:1091700092B0002900F0BD800F68002F00F0B98088
:109180008D68D1F8048005F10409C1450AD804228C
:10919000AB4978191FF0A2FCA8B90423F360A368B7
:1091A00004331DE06B1D984510D2454580F0A18029
:1091B0007B5D7819222B24D12146304612B0BDE8C0
:1091C000F04710F035BA6B1D98450ED305229D4926
:1091D00078191FF083FC30B90123F360A3680533CD
:1091E0000120A36086E0C145DFD8042296497819A2
:1091F0001FF074FC0028D8D10223F36001237361AF
:10920000CDE72D2B03D0A3F13002092A53D8002338
:109210000DF1080C67464FF0010EA8EB0505DFF8CD
:109220002C82019310F8012B452A3CD82A2A10D908
:10923000A2F12B01C9B20EFA01F111EA080F01D116
:109240002E2A06D101333F2B0CF8012B01D0AB4263
:10925000E8D1002548336B44384601A903F8405C47
:1092600016F0BCF9DDF804A08046BA45894640D026
:1092700071A3D3E90023FFF725FCB0B900224046D3
:109280004946734BFFF714FC90B940464946FFF737
:1092900043FC0823C6E906897061F360A368AAEB62
:1092A000070A53449CE7652ACBE76FF00040F0E7DC
:1092B0004FF00040EDE75B2B58D1D4F80C90B9F596
:1092C0007A7F16D209F10103E3607B5D5B2B10D13D
:1092D00001352046A5601DF0EBF9A368984506D935
:1092E000FA5C5D2A09D10027C4F80C9036E0013BF6
:1092F000A360002012B0BDE8F08700252F46013B97
:10930000A36020691DF04AFAA8460546002800F02F
:10931000A3804FB3C8F80000C0F80480A3682046BB
:109320000133A3601DF0C4F921462846FFF71CFF56
:10933000002800F0918020461DF0BAF9D4E90123FD
:10934000934280F08C802268D35C2C2BD9D05D2B8B
:1093500040F08580E368013BE3607D602023C6E93F
:109360000273A36801333BE70746D7E77B2BC0D1E5
:10937000D4F80C90B9F57A7FBBD209F10103E36010
:109380007B5D7B2BB5D101352046A5601DF090F9A2
:10939000A3689845ABD9FA5C7D2A03D10027C4F8AD
:1093A0000C9047E000252F46A846013BA3602069AA
:1093B0001DF0F4F9A946054600284DD0002F49D0EC
:1093C000C9F80000C0F80490A36820460133A360E8
:1093D0001DF06EF92146284610F02AF900283BD0EE
:1093E00020461DF065F92B69C5F810802B62D4E981
:1093F0000123934230D22268D25C3A2A2CD1013325
:109400002046A3601DF054F921462846FFF7ACFE24
:1094100010B320461DF04CF9D4E9012393421ED22B
:109420002268D35C2C2BC2D07D2B18D1E368013B82
:10943000E3607D60402392E70000C0FFFFFFDF4153
:109440003FFC030056FC03005CFC0300E57F0004C6
:109450000000E0C10746B7E7002F3FF44AAF3846A7
:1094600010F02CFD45E700BFD0B5174B0646186835
:109470000F461DF093F9044670B10823C0E9066752
:10948000C36039460EA3D3E900233046FFF71AFB29
:1094900020B16FF0004363612046D0BD002230460A
:1094A00039460A4BFFF704FB10B14FF00043F2E7D7
:1094B00030463946FFF730FB6061EDE7AFF30080DF
:1094C0000000C0FFFFFFDF4198C900200000E0C19D
:1094D0002DE9F04F1F469DB000230C4682460E92A8
:1094E00018934FF00008974B4FF000091D6828466D
:1094F000FFF7ECFB22468346179213782B2B3BD0C9
:109500002CD80D2B26D8082B26D8002B2FD00023A3
:109510000C93179E3378302B72D1737803F0DF03EE
:10952000582B63D10C9B17A9874A5046019318AB5F
:109530000297009319AB16F0BDFC10F00705044626
:1095400035D0062D1AD10E9B0BB101361E60404658
:10955000494637E0202BDAD10132CDE72D2BD6D189
:1095600001230C93531C17935378002BD1D10E9BDE
:10957000002BECD01C60EAE70023F2E7189A3AB11E
:1095800035211AA81FF0CDFE1899504616F064FF39
:10959000013D199A042D06D8DFE805F017032023B2
:1095A0001700DDE91A89210701D549F000490E9B12
:1095B00013B1179B0E9A13600C9B002BC7D040462B
:1095C00009F100411DB0BDE8F08FDDE91A8302F218
:1095D000334223F4801343EA0259E4E7DFF86C9145
:1095E000E1E76FF000494FF0FF38DCE7179B5A1CAA
:1095F00017925B78302BF9D0002BD8D0012300E0F4
:109600000023002704930A22179BCDE905770A93CC
:1096100017980678A6F13003D9B2092924D95A46F9
:1096200029461FF05BFA00282DD000203246059D08
:1096300083460346652A01D0452A13D11DB9049AF1
:10964000024394D00025179C621C179262782B2A43
:109650006ED02D2A72D04FF0000CA2F130010929F2
:109660007AD91794002699E00599013008291790B6
:10967000D7BF069902FB073702FB01330693059B10
:1096800001330593C4E7179B03EB0B02179213F802
:109690000B20059BA3B383461D46A2F13003092B83
:1096A00012D90123C6E7179B01305A1C17925A782A
:1096B000302AF8D0A2F13103082B00F2EA84834665
:1096C0000020179B05460A93303A00F1010311D0A0
:1096D0009B4400EB050C2B460A21634512D12B1845
:1096E0000135082B054419DC06990A2303FB0123E5
:1096F00006930023179A1846511C17915278CCE70D
:109700000598D5E7082B03F1010303DC069E4E43C1
:109710000696E2E7102BD8BF4F43DEE70F2BDCBFE6
:109720000A2303FB0727E4E74FF0000B012386E73A
:109730004FF0000CA21C1792A2788EE74FF0010C9C
:10974000F8E700BF60AB0300ECAA03000000F07F65
:10975000179A511C17915278302AF9D0A2F1310191
:1097600008293FF67FAF303A0792179A0D92179A61
:10977000561C17965278A2F1300EBEF1090F38D957
:109780000D99761A082E44F61F6603DC07998E425F
:10979000A8BF0E46BCF1000F00D07642002D4FD17D
:1097A000049908437FF403AF002B7FF4E0AE692AED
:1097B00029D026DC492A26D04E2A7FF4D8AE9D49EE
:1097C00017A81FF00EFC00283FF4D1AE179B1B78A2
:1097D000282B2FD11AAA984917A81FF016FC052884
:1097E00028D11B9BDDF8688043F0FF4949F4E0096C
:1097F000DDE6079E0A2101FB0621A1F13002079256
:10980000B5E76E2AD9E78D4917A81FF0EAFB0028B3
:109810003FF4ADAE179B17A88949013B17931FF082
:10982000E0FB10B9179B01331793DFF818924FF044
:109830000008BCE6844817F07FFD80468946B6E6FE
:10984000A6EB0B0306982C460F93059B002B08BF35
:109850002B46102D0593A8BF1024FEF733FE092DCB
:109860008046894614DCA6EB0B03002B3FF49FAE29
:10987000A6EB0B0379DD162B45DC0F9B42467349A3
:1098800001EBC3014B46D1E90001FEF795FED4E799
:109890006E4B03EBC40353E91223FEF78DFE8046A3
:1098A00089463846FEF70EFE02460B4640464946BC
:1098B000FEF7CCFC0F2D80468946D4DD2C1BA6EB91
:1098C0000B031C44002C26DC00F0A380644214F03F
:1098D0000F020AD05D4B4046494603EBC203D3E971
:1098E0000023FEF793FF80468946241100F0918003
:1098F0001F2C40F3B38022234FF000084FF00009E3
:10990000CAF8003053E6C5F12503A6EB0B029342DB
:1099100019DA2C1B144414F00F030AD04B494246A9
:1099200001EBC3014B46D1E90001FEF745FE80463D
:10993000894634F00F046CD0B4F59A7F41DD2223C0
:10994000CAF8003071E7C5F10F05404C42464B465E
:1099500004EBC501D1E90001FEF72EFE0F9B5D1B54
:1099600004EBC504D4E900238FE71633A6DBABEB89
:109970000602364B4046494603EBC203D3E90023B7
:10998000FEF744FF59E7002306932223DFF8B49043
:109990004FF00008CAF800301899504616F05CFDE8
:1099A0000699504616F058FD0599504616F054FD9C
:1099B0001099504616F050FD0799504616F04CFD90
:1099C000F5E50023241140464946214F0493012C1C
:1099D00022DC0BB180468946049BA9F154791C49CD
:1099E000424601EBC3014B46D1E90001FEF7E4FD1D
:1099F000144B0A4680460B4016498B429FD8A1F56E
:109A000080118B4286BFDFF850904FF0FF3802F193
:109A10005479002304934CE0E20704D5D7E90023EE
:109A2000FEF7CAFD0123049A64100837013204923C
:109A3000CDE700BF98FF0300D8AA030089C1030047
:109A4000C0FF03000000F07F2DC60300189F030035
:109A5000F09E03000000A07CFFFFEF7F14F01003D6
:109A600040464946AB4F18BF6A2304930023E207E0
:109A700004D5D7E90023FEF79FFD0123641007F109
:109A80000807F4D10BB180468946049B43B1C9F362
:109A90000A524946C2F16B03002B50DC6A2304933F
:109AA0000022002340464946FEF7EEFF00287FF4DF
:109AB00022AF069B5046059A00932B460A9916F052
:109AC00035FD109000283FF43AAF0F9BABEB060B2F
:109AD000002BB4BF5B46002311930F9B23EAE37373
:109AE0001493002307930593109B5046596816F072
:109AF00073FC069000283FF448AF109B0C301A69A5
:109B000003F10C01023292001EF018FE1AAB42461D
:109B10005046019319AB00934B46CDE90A8916F0E4
:109B2000D5FF189000283FF430AF0121504616F0C1
:109B300047FD03460590D0B90023059325E71F2B69
:109B40000EDD342B4FF00008DBBF4FF0FF33C2F1C6
:109B50004B024FF05C799340D8BF03EA01099DE7BF
:109B60004FF0FF3202FA03F303EA080896E7199C64
:109B70001A9A002CA9BF119B149BE718149EB8BF1A
:109B80001E1B049BB8BF119FE41A634B1444C2F11F
:109B90003602013C9C4280F2B0801B1B01251F2B2A
:109BA000A2EB0302CDBFC4F17F449D40002404F525
:109BB0007F04C2BF04F57B44E23405FA04F407EBEA
:109BC000020B049B16445F451E443B46A8BF5B4600
:109BD000B342A8BF3346002BC2BFABEB030BF61A50
:109BE000FF1A119B002B16DD1A460599504616F0F8
:109BF000A7FD059000289FD00146189A504616F000
:109C0000F5FC0D9000283FF4C0AE1899504616F0B0
:109C100023FC0D9B1893BBF1000F71DC0F9B002BF5
:109C200008DD149A5046069916F08AFD0690002821
:109C30003FF4A9AE002E08DD32460699504616F0D4
:109C4000D9FD069000283FF49EAE002F08DD3A466D
:109C50000599504616F0CEFD059000283FF495AECC
:109C6000069A5046189916F031FE079000283FF4E6
:109C70008CAEC36805990D930023C3601FF006FBEB
:109C800000284BDA0D9B53EA080340F0BC80C9F36F
:109C90001303002B40F0B78029F000431B0D1B0578
:109CA000B3F1D66F40F2AF80079B5B6923B9079B86
:109CB0001B69012B40F3A78001220799504616F03B
:109CC00099FD059907901FF0E1FA002840F39B8069
:109CD00029F00043049A1B0D1B05002A79D0B3F12B
:109CE000D66F6DD8B3F15C7F46D84FF000084FF0C7
:109CF00000092223CAF800304EE6002401255EE761
:109D00005A461899504616F075FD1890002885D1CE
:109D10003BE600BFC89E030002FCFFFFCB4640F0BD
:109D2000A3800D9AC9F31303002A40D0964A9342A8
:109D300058D1049B42467BB9B8F1FF3F40F089807F
:109D4000924B99453FF421AE914BDDF8108009EA22
:109D5000030303F580191FE68D4B09EA0303B3F1F2
:109D6000D46F16D918F101011BD1884A91453FF4EF
:109D70000CAE03F580198046864B404649460022CA
:109D8000FEF71AFC0B468046894603437FF404AE77
:109D9000AFE71E0D4FF0FF31C6F16B06B1408845AD
:109DA000E7D0002C5ED014EA0B0FE5D01EE0002BAC
:109DB0004AD1B8F1000F8BD064B314EA0B0F2BE03B
:109DC000A3F580134FF0FF386FEA13596FEA095972
:109DD000D2E7A3F580134FF0FF386FEA13596FEA0B
:109DE0000959D9E59CB114EA090F0CD0049A4046F0
:109DF00049461EF0EDFE02460B46DDE90A01FEF77C
:109E000025FA80468946049B002BB5D1C4E515EAA6
:109E1000080FEAE718EA050FF5D0049A40464946CC
:109E20001EF0D6FE02460B46DDE90A01FEF70CFAEB
:109E30000022002304460D46FEF726FE00287FF48C
:109E400054AFA046A946DEE7002CB6D115EA080FAC
:109E5000E2E724B114EA090F3FF49EADC6E718EA21
:109E6000050FF9E72A42A0E7059907981FF029FA9C
:109E700000224FF0804304460D46FEF719FE0028ED
:109E80006DD00D9B002B78D1B8F1000F56D1C9F3DE
:109E90001303002B59D100223F4B20462946FEF7E1
:109EA000FDFD002858D12046294600223B4BFEF7F5
:109EB00083FB04460D4605F1004308940993344B97
:109EC000334A0BEA03030BEA02021593344B9A421E
:109ED000DDE9086740F09E80ABF154794046494681
:109EE00016F08AFDDDE90823FEF766FB42464B4685
:109EF000FEF7ACF90B46264980462A4A19409142A2
:109F000054D90B9A214B9A4203D10A9B01333FF457
:109F10003CADDFF878904FF0FF381899504616F0B6
:109F20009BFA0699504616F097FA0599504616F096
:109F300093FA0799504616F08FFAD5E5B8F1010F5C
:109F400003D1B9F1000F3FF4D0AE174C0023124DEE
:109F5000CDE908340024B2E70024104DABE70F4BE5
:109F6000204629460022FEF727FB0D9B04460D469E
:109F7000002BA0D0CDE90845A1E7074C00232546DA
:109F8000CDE908341C469AE7FFFF0F00FFFFEF7F83
:109F90000000F07F000050390000F03F0000E03F7B
:109FA0000000E07FFFFF9F7C0000F0BF03F15479C9
:109FB000049B4E46002BB0D129F00043159A1B0D8F
:109FC0001B059A42A9D120462946FEF787FEC9F310
:109FD0001306FEF7C3FA0B4602462946204646EA18
:109FE0000806FEF731F90D9B04460D461E434AD084
:109FF0002DA3D3E90023FEF751FD00287FF4CCAC5C
:10A00000204629462AA3D3E90023FEF765FD002850
:10A0100083D0C1E4049B13B3159BB3F1D46F1ED856
:10A020002046294624A3D3E90023FEF741FD90B141
:10A0300029462046FEF798FD012838BF0120FEF78B
:10A0400041FA0D9B04460D46D3B901F1004312902D
:10A050001393DDE9126707F1D663159A9F1ADDE9BC
:10A060000A0116F0C9FC02460B4630463946FEF797
:10A07000A3FADDE90A23FEF7E9F88046894697E767
:10A08000CDE91245E5E70EA3D3E90023FEF706FD6F
:10A09000BDE7652A3FF448AB452A3FF445AB0123B1
:10A0A000FFF77EBBAFF300809535A094FFFFDF3F45
:10A0B00035E5AF350000E03F0000C0FFFFFFDF41A6
:10A0C0009535A094FFFFCF3F2DE9F04F144697B090
:10A0D0001D46476A8346239ECDE904457FB910207B
:10A0E00014F0A0FC0246CBF8240020B9A24BEA21D0
:10A0F000A24814F09DFBC0E901770760C760DBF858
:10A100002430196859B15A680123584693404A606F
:10A110008B6016F0A1F9DBF8243000221A602B1EA8
:10A12000B7BF23F00043002301220593A8BF33608B
:10A13000059F934BB8BF3260BB4319D142F20F73F6
:10A14000229A1360C7F31303234300F0E085249B96
:10A1500053B98C4B21E08C4B08930833249A13603D
:10A16000089817B0BDE8F08F864B08930333F5E7E6
:10A17000DDE90423CDE90C23DDE90C0100220023F5
:10A18000FEF782FC804650B10123229A1360249B83
:10A1900013B17E4B249A13607D4B0893E0E714AB18
:10A1A000C7F30A565846019315AB0093DDE90C231B
:10A1B00016F08CFC0390002E78D00D9BA6F2FF3693
:10A1C000CDF84C80C3F3130343F07F53DDE90C015A
:10A1D00043F44013194600226E4BFEF735F860A396
:10A1E000D3E90023FEF7E8F95FA3D3E90023FEF7E4
:10A1F0002DF804460D463046FEF774F95CA3D3E90A
:10A200000023FEF7D9F902460B4620462946FEF701
:10A210001DF804460D46FEF77FFC0022074600238A
:10A2200020462946FEF73AFC40B13846FEF75AF977
:10A2300022462B46FEF728FC00B9013F162F54D8C2
:10A24000554B03EBC703DDE90C01D3E90023FEF70F
:10A2500025FC00284BD0013F00231293149B9B1B2D
:10A260005A1E4CBFC3F1010300230A9245BF069357
:10A27000002306930A93002F3BDB0A9B0F973B4476
:10A280000A9300230B93209B092B00F28980052B56
:10A29000C5BF043B002401242093209B023B032BD9
:10A2A00000F28980DFE803F02D3A3859DDE91463C4
:10A2B0001E4406F23243202BC9BFC3F14003C3F151
:10A2C00020039F4006F21243D8BF04FA03F006F1C0
:10A2D000FF36C4BF24FA03F347EA0300FEF7F2F89F
:10A2E0000122A1F1F873139274E70123B5E71290EC
:10A2F000B4E7069BDB1B06937B420B9300230F9373
:10A30000C1E700230E93219B002B57DC01239946C4
:10A310001A46099321920CE00123F3E700230E93E0
:10A32000219BFB1803F1010909934B46012BB8BF90
:10A330000123DBF824000021042202F114059D42D0
:10A3400040D94160584616F047F8089000283CD1A3
:10A35000124B02464FF4D571CAE60123DFE700BF76
:10A3600061436F63A787D23FB3C8608B288AC63F1B
:10A37000FB799F501344D33FF3FE0300CAFF030051
:10A380000000F07FC6FF0300BDFF03005BE4030095
:10A390005AE403000000F83F189F03003E00040049
:10A3A000012400230E9420934FF0FF33002299469E
:10A3B00009931223AEE701230E93F5E7219B9946FB
:10A3C0000993B6E701315200B7E7DBF82430B9F161
:10A3D0000E0F089A1A606FD8002C6DD0002F36DD52
:10A3E00007F00F02A04BF80503EBC203D3E90034DA
:10A3F000CDE910344FEA271417D59C4B04F00F0415
:10A400004FF00308D3E90823DDE90C01FEF7FEF95C
:10A41000CDE90401954D5CB9DDE91023DDE90401C6
:10A42000FEF7F4F9CDE904012BE04FF00208F1E763
:10A43000E10709D508F10108DDE91001D5E900239C
:10A44000FEF7BAF8CDE9100164100835E3E700F033
:10A4500007817C42844B854D4FF0020804F00F02C7
:10A46000241103EBC203DDE90C01D3E90023FEF75D
:10A47000A3F80023CDE90401002C40F0E580002B77
:10A48000D0D1129BDDE90445002B00F04C81002265
:10A49000774B20462946FEF701FB002800F0438158
:10A4A000B9F1000F00F03F81099B002B00F3E4801D
:10A4B000DDE90C34CDE90434159B002B02DB0E2FB3
:10A4C00040F342820E9A002A40F067820B9C0025DE
:10A4D000DDF81880B8F1000F0DD00A9B002B0ADDC3
:10A4E0004345069AA8BF4346D21AA8EB0308069232
:10A4F0000A9AD31A0A930B9B0BB30E9B002B00F006
:10A50000A682002C00F0A18229462246584616F069
:10A5100017F9039A01460546584616F067F803995D
:10A520000646584615F098FF0B9B1B1B0B9300F03B
:10A5300091820B9A3146584616F002F90390012198
:10A54000584616F03DF80F9B0446002B00F084821D
:10A550001A460146584616F0F3F8209B0446012B94
:10A5600003DC049B002B00F07C820026236904EBB3
:10A57000830318691EF03BFEC0F120000F960A9B72
:10A58000184410F01F0000F09182C0F12003042B4A
:10A5900040F38182C0F11C00069B03448044069373
:10A5A0000A9B03440A93069B002B05DD1A46039978
:10A5B000584616F01FF903900A9B002B05DD214633
:10A5C0001A46584616F016F90446129B002B00F066
:10A5D0007682214603981EF059FE002880F26F8291
:10A5E00000230A220399584615F058FF0E9B7E1E41
:10A5F0000390002B00F05C82002329460A22584673
:10A6000015F04CFF099B0546002B03DC209B022B19
:10A6100000F35E82B8F1000F05DD29464246584638
:10A6200016F0E8F805460F9B002B00F0D082696811
:10A63000584615F0D1FE0746002840F07F820D4BAA
:10A64000024640F2EA2153E5E20706D508F1010887
:10A65000D5E90023FDF7B0FF0123641008350BE7AF
:10A660004FF002080DE700BF189F0300F09E0300A3
:10A670000000F03F3E00040020460022AC4B29467B
:10A68000FDF79AFF7E1E08F10108099CCDE904013F
:10A690004046FDF727FFDDE90423FDF78DFFA54BBD
:10A6A0000022FDF7D3FDA1F15073CDE91001119304
:10A6B000002C3BD10022A04BDDE90401FDF7C4FDD5
:10A6C00002460B46CDE90423DDE91023FEF704FA28
:10A6D000002840F05781DDE9102101F10043DDE958
:10A6E0000401FEF7DBF900283FF4E2AE0024254622
:10A6F000219BDDF820A0DE434FF00008214658469C
:10A7000015F0AAFE002D00F0A980B8F1000F05D0C9
:10A71000A84503D04146584615F09EFE29465846A6
:10A7200015F09AFE9AE03E464C46B1E7834B03EBA8
:10A73000C40353E90201089B1C440E9B002B4AD022
:10A7400002460B4600207E49FEF760F8DDE9102343
:10A75000FDF77AFDDDF820A0CDE91001DDE9040167
:10A76000FEF7DAF90546FDF7BDFE024630350B4629
:10A77000DDE90401FDF768FD0AF8015B02460B46BE
:10A78000CDE90401DDE91001FEF7A6F9002865D145
:10A7900000206C49DDE90423FDF756FD02460B4617
:10A7A000DDE91001FEF798F9002840F00D81A2457F
:10A7B00000F0EA8000225E4BDDE91001FDF7FCFEAF
:10A7C00000225B4BCDE91001DDE90401FDF7F4FE49
:10A7D000CDE90401C2E7DDE91023FDF7EDFEA04657
:10A7E000DDF820A0CDE91001DDE90401FEF794F9C0
:10A7F0000546FDF777FE024630350B46DDE90401DC
:10A80000FDF722FD0AF8015B02460B46A245CDE9A1
:10A8100004234FF0000223D1494BDDE91001FDF77D
:10A8200015FD02460B46DDE90401FEF755F9002847
:10A8300040F0CA8000204249DDE91023FDF704FD05
:10A8400002460B46DDE90401FEF728F970B1C24665
:10A8500008F1FF381AF8013C302BF8D0374655E0A4
:10A86000334BFDF7A9FECDE90401BDE7DDE90C346A
:10A87000CDE90434159B002BFFF628AE0E2F3FF7D1
:10A8800025AE2E4B03EBC703D3E90034CDE90634E4
:10A89000219B002B02DAB9F1000F64D0DDF820A073
:10A8A000DDE90445DDE9062320462946FDF7AEFF34
:10A8B000FEF732F90646FDF715FEDDE90623FDF742
:10A8C0007BFE0246204606F130040B462946FDF782
:10A8D000BBFC0AF8014B089C02460B46AAEB040499
:10A8E000A14540F08280FDF7B1FC04460D46DDE94C
:10A8F0000623FEF7F1F8002865D120462946DDE958
:10A900000623FEF7C1F808B1F3075CD40399584653
:10A9100015F0A2FD002301378AF80030229B1F604A
:10A92000249B002B3FF41CACC3F800A018E400BF2C
:10A930000000244000001C4000001440189F030049
:10A940000000E03F0000F03FA24B03EBC703D3E958
:10A950000034CDE90634219B002B9FDAB9F1000FBA
:10A960009CDC7FF4C3AE00229B4BDDE90601FDF7C2
:10A9700023FEDDE90423FEF7A5F8044600287FF452
:10A98000B5AE3E462546B4E0DDE90C34CDE90434ED
:10A99000159B002B01DB0E2FD6DD209A012A36DC19
:10A9A000139A82B303F233430B9CDDF81880069AA6
:10A9B000012158461A4406920A9A1A440A9215F03E
:10A9C000FFFD054686E53E4653469A4613F8012D9F
:10A9D000392A06D1089A9A42F7D1302208990136CD
:10A9E0000A701A7801321A7038E700227B4BFDF7A3
:10A9F000E3FD0022002304460D46FEF745F800283B
:10AA00003FF450AF82E7149BC3F13603CCE709F162
:10AA1000FF340B9BA34208DBB9F1000FA3EB040446
:10AA20000EDBDDF818804B46C1E70B9B0F9AE31A4B
:10AA30000B94DDF8188000241A444B460F92B6E7B9
:10AA4000069BA3EB09080023B1E7039E71E50B9A6F
:10AA5000039970E5039672E5209B012B17DC049B9C
:10AA6000ABB9059BC3F313039BB9059B23F00046C9
:10AA7000360D360536B1069B0126013306930A9B37
:10AA800001330A930F9B002B7FF470AD0F960120CA
:10AA900075E50026F6E73FF486AD1C33069A1A44A6
:10AAA000984406920A9A1A440A927CE50346F4E70F
:10AAB000099B002B2BDC209B022B09DC27E0B9F142
:10AAC000000F1DDC209B022B1ADD3E46CDF82490A2
:10AAD000099B002B7FF40CAE21460522584615F049
:10AAE000DDFC0146044603981EF0D0FB00287FF7EA
:10AAF000FFADDDF820A0312301360AF8013BFBE56C
:10AB00000E9B3E46CDF82490002B7FF483AD089F2A
:10AB1000214603981EF0ACF8089B00F13009099A11
:10AB200007F8019BFB1A9A4240F3CB8000230A22CC
:10AB30000399584615F0B2FC0390E9E72A6905F13C
:10AB40000C010C30023292001DF0F8FD0122394652
:10AB5000584615F04FFE089BA846054603F1010A2A
:10AB6000DDE9082313440A93049B03F001030B93CC
:10AB70000AF1FF332146039806931EF079F8414607
:10AB8000099000F1300903981EF080FB2A46214607
:10AB90000746584615F09AFEC268014602B3584669
:10ABA00015F05AFC002F3ADA01220399584615F0A5
:10ABB00021FE214603901EF069FB002803DC29D109
:10ABC00019F0010F26D0B9F1390F1DD132E0284616
:10ABD000C1E700BF189F030000001440000024409C
:10ABE0000E9003981EF052FB0E990C90584615F0EB
:10ABF00033FC0C9A5ABB209B53B90B9B43B9B9F158
:10AC0000390F17D0002F05DD099B03F1310901E051
:10AC1000002F2ADADDF818A00AF8019B6EE5209BC8
:10AC20003B4304D1049B03F00103002BBCD0B9F1DA
:10AC3000390F36D1069F392307F8013BBA46013F49
:10AC40001AF8013C392B5AD001333B7056E5002FDE
:10AC500006DB209B3B4306D1049B03F0010313B9A1
:10AC6000002AA1DCD6E7002AE1DC0A9B57460AF855
:10AC7000019C53452ED000230A220399584615F013
:10AC80000DFCA84503904FF000034FF00A02414627
:10AC900058460BD115F002FC804605460AF1010A20
:10ACA00066E7DDF818A009F10109B5E715F0F6FB34
:10ACB0002946804600230A22584615F0EFFB054638
:10ACC000ECE7099B4FF00008002BCCBF1F46012783
:10ACD000089B1F4401220399584615F08BFD21461D
:10ACE00003901EF0D3FA0028A8DC02D119F0010F5E
:10ACF000A4D1BA4617F8013D302BFAD0FEE4089BE8
:10AD0000BB429BD13123089A01361370F6E4249B91
:10AD1000002B7FF420AA014BFFF73FBABDFF0300D1
:10AD20000548036803F00703022B03D90321034AF4
:10AD300017F089BD704700BF18CD00208EAB03000F
:10AD400008B50748036803F00703022B03D9032162
:10AD5000044A17F078FDBDE80840034812F082BAB3
:10AD600018CD00209DAB03000CCF0020014812F04D
:10AD700079BA00BFACCE00202DE9F0438DB0844DF0
:10AD800002AF2B6803F00703022B22D96C468CB06C
:10AD90008CB002AA7F4B80485361804B9361804BFB
:10ADA000D361804B13627C4B3B6003F102337B60C9
:10ADB0007D4B7968536202F1280383E803007B4BE3
:10ADC00042F8103F002344F2C001284603F03CFD46
:10ADD000A546774B1B78774C20461CF0A3FF70B933
:10ADE0002B68590704D00121734A694817F02BFDDD
:10ADF0006FF0120420462C37BD46BDE8F083D4F82E
:10AE00001080A668D8F80030082143F48073C8F891
:10AE1000003020463368694A9847D6F81890B9F14F
:10AE2000000F0DD0D8F800304FF0A07213F4807FDF
:10AE300014BF4FF000734FF0806308212046C847CD
:10AE40005F49604B4B604FF480738B60F36913B1C3
:10AE500001225848984701F001F9821C044606D1A6
:10AE60004FF0FF314FF0FF301DF000FAF8E70028F7
:10AE700009DA2B685B07BDD00346534A01214448D9
:10AE800017F0EAFCB6E709F049FC041E05DA2B6866
:10AE90005E07AFD04D4A2346F0E74D4800F02AFF49
:10AEA000041E2B6804DA5D07A4D04A4A2346E5E76E
:10AEB00003F00703022B04D90321474A344817F053
:10AEC000C2FC1BF057F9041E05DA2B68580791D015
:10AED000424A2346D2E700F0ADFF00F0D3FD4FF425
:10AEE000F01200233E48CDE9002313F06DFB3D4CEA
:10AEF0003D4E204612F0B6F92422002138461DF0BE
:10AF000044FC02233C61394C7B7387F821307C621E
:10AF10004FF0FF324FF0FF330221384613F0BEFBF3
:10AF200000220023204612F0D7F9A8B92B6803F0BD
:10AF30000703022B04D903212D4A154817F083FC7F
:10AF400000F034FE031E07DA2A68510704D00121FD
:10AF500032460F4817F080FC00220023214812F0EF
:10AF6000BBF960B9234800F097FD031E07DA2A6891
:10AF7000520704D00121204A054817F06DFCFB68F8
:10AF80006FF39433FB603B6A6FF394333B62BFE72C
:10AF900018CD0020AEAB030000020103E1AB0300BB
:10AFA000EBAB0300F1AB0300FDAB030006000004B4
:10AFB000CFCB00209497030006AC030011000100E2
:10AFC00050EB00206DAD01001CAC03004AAC030047
:10AFD00021AD01006EAC03008EAC0300B0AC0300E9
:10AFE00070CD00200CCF0020DAAC0300ACCE0020E6
:10AFF000CBAC0300CECB0020FCAC030010B5027834
:10B000000346062A2BD8DFE802F004112A2A2A1E5A
:10B010002B001848026802F00702022A1FD9BDE877
:10B02000104003215B68144A16F0B1B91148036857
:10B0300003F00703022B03D90321104A16F0A5F9E8
:10B04000012002F06BFB0B480268520704D001217B
:10B050001B790B4A16F09BF900220A4B1A7010BD9F
:10B060000448036813F0060FF6D00221064A16F0D2
:10B070008CF9F1E7C4CC00201CAD03002FAD030018
:10B0800063AD030014FC002081AD030000212DE915
:10B09000F041E6B0604E02AF0446FC2207F1940096
:10B0A000C7F890101DF071FB336803F00703022B03
:10B0B00004D903213046594A16F067F92146584809
:10B0C0001BF078FB054680B156491BF07AFB8046A1
:10B0D0001BF0A5FB30B1FF22D8F8101007F190004B
:10B0E0001DF00EFD28460EF0E9FE356897F89080B9
:10B0F00005F00705B8F1000F1AD1FF2C28BFFF2477
:10B100004749224607F190001DF018FB07F1900314
:10B1100003F8048097F8903053B925B1424A0121D1
:10B120003D4816F032F907F5C877BD46BDE8F08115
:10B13000022D13D96C4688B002AA3C4B4FF4E6515D
:10B14000536107F1900393614FF400739383384B7D
:10B15000314842F8103F16F01CF9A546082235493F
:10B1600007F190001DF0BAFCC0B10722324907F187
:10B1700090001DF0B3FCA0B107F190042F212046F0
:10B180001DF097FC054678B93F222146381D1DF079
:10B19000B7FC87F84350294D01351BE007F19804AF
:10B1A000ECE707F19704E9E7A0EB0408B8F13F0FDB
:10B1B00004D933685907B6D0214AB0E73B1D42464F
:10B1C000184621461DF0BAFA00222B7800F8082014
:10B1D0002F2BE1D049211B4A3B1D07F1440016F0FB
:10B1E0008EFB4FF001080023174C2A2284F80080C0
:10B1F0002946009307F144001BF084F90346002818
:10B2000091D03268520704D04146104A024816F0E5
:10B21000BEF80023237086E7C4CC002098AD03005D
:10B2200097FC002072EE0300B2AD0300CEAD030028
:10B2300003000001DAAD0300E3AD0300E9AD030054
:10B24000EBAD030003AE030014FC00200EAE0300C0
:10B25000014811F085BF00BF70CE00202DE9F04FEE
:10B2600093B00B7882460D4600AF072B4AD8DFE833
:10B2700013F00800BE00D800490049004900490009
:10B28000CD00974DCB692A6802F00702002B40F0F1
:10B29000A680022A04D903212846924A16F075F89E
:10B2A0000122914B1A70914BBB600323BB81904BE1
:10B2B000198801B91A801A88511C19802B68FA81E3
:10B2C00003F00703022B04D903218A4A844816F0AD
:10B2D0005CF807F10801884819F05CFE0EF096FE54
:10B2E000044698B92B68580704D0844A01217C4849
:10B2F00016F04BF8824B1A7822B100221A7081485E
:10B3000011F0B0FF4C37BD46BDE8F08F00F0DCFF18
:10B310007D49024620461BF06DFA7C4A7C49204656
:10B320001BF068FA7B4A7C4920461BF063FA00F068
:10B33000CBFF7A49024620461BF05CFA00224FF010
:10B340008143774920461BF03FFA20461BF036FA2E
:10B35000064620460EF0B2FD26B92B685907C9D023
:10B36000704AC3E708234FF000086F4CFB6030467B
:10B37000BC6087F810807E61FDF7A8FCBB7FB861D8
:10B3800023F00303BB772B68A7F81C8003F00703A7
:10B39000022B11D9E84688B06A46644B4FF4E65157
:10B3A000C2E905344FF400739383614B4C4842F873
:10B3B000103F15F0EEFFC5464F4807F1080119F0A0
:10B3C00050FD034638B12A68520704D00121594A7A
:10B3D000434815F0DCFF30460EF024FE8AE7002AD1
:10B3E00090D001212846544A15F0D1FF8AE73C4805
:10B3F000036803F00703022B04D9CB694F4A0321EA
:10B4000015F0C5FF0022384B1A707BE734480368FB
:10B4100003F00703022B7FF675AF8B88484A0321A0
:10B42000E2E740F2FF12D1E901964B69DFF814B16F
:10B430009A4228BF1A46594619F044FE041EDFF806
:10B44000A08009DAD8F800305B073FF45BAF2346F1
:10B45000012140463C4AC7E700230BF80430D8F8E6
:10B46000003003F00703022B15D9C7F804D08AB0C7
:10B470006A46364BC2F81C90C2E9053640F20133E9
:10B480001384334B4FF41351404642F8103F15F0EC
:10B4900080FFD7F804D0112E40F0AA8032464846EB
:10B4A0002C491DF01BFB002840F09880D8F8006064
:10B4B000621E3E2A06F0070650D92EB1234601210E
:10B4C000254A074815F063FF2B7B012B7FF41AAF49
:10B4D0002B8B50463B8107F1080119F008FD11E75D
:10B4E000C4CC00202FAE030015FC0020E09F030019
:10B4F000CCCB002053AE03007CEB002078AE0300E1
:10B500002DCC0020C4CE00209AAE0300EBAB03008C
:10B51000CFE703009FAE0300B4AE030037F2030091
:10B52000BAAE0300C1AE030036B30300E1AE0300C0
:10B5300003000001F0AE03000FAF030026AF0300CD
:10B5400044AF030097FC002058AF030078AF03001E
:10B55000040000018FAF0300A1AF030022463D4964
:10B56000786007F108001DF0E9F804F1400307F1E5
:10B5700008029C187B681046374904F8403C1DF0CF
:10B5800011FB40B3C41C3A2120461DF092FA08B1C9
:10B5900000230370314B3F22214618461DF0B0FABC
:10B5A0000022022E80F83F2011D96C4688B06A46EE
:10B5B0004FF400732A4993832A4BC2E905104FF4D4
:10B5C000E651294842F8103F15F0E3FEA546012256
:10B5D000264B1A7078E707F10804D4E7324648464C
:10B5E00023491DF07BFA30B92046FFF74FFD6BE78A
:10B5F0000C2E7FF669AF0C2248461E491DF06EFAEC
:10B6000000287FF461AFD8F8003003F00703022B65
:10B6100014D9E8468CB06A46174BC2E90794C2E9D0
:10B620000536164BC2F824B09362154B4FF46351A4
:10B630000D4842F8103F15F0ACFEC546114B1B6893
:10B64000002B3FF441AF012207F108003A729847FE
:10B650003AE700BF97FC0020E7AD030017FC00208D
:10B66000C4AF030003000001C4CC002016FC00207E
:10B67000E5AF0300F7AF030004B0030001030305C7
:10B680000600000278EB00202DE9F04F012599B06B
:10B69000B64C02AFDFF8D88298F80060002E40F078
:10B6A0009A81DFF8D0A29AF800304BB1B24B3F221A
:10B6B0001846B2491DF024FA8AF8006080F83F600D
:10B6C000AF4E7DB9336803F00703022B05D90A2377
:10B6D0000321AC4AAA4815F05AFE4FF4A0200021DD
:10B6E0001CF0C4FD4FF0FF334FF0FF32A64811F0BD
:10B6F000BFFC4422002107F114001DF046F801238D
:10B70000C7E9073300233B60336803F00703022BCC
:10B7100012D96D4688B002AA9C4B4FF4E651536192
:10B72000954B974893614FF400739383984B42F87D
:10B73000103F15F02EFEAD463B4600218E4807F126
:10B74000140218F0EAFB054608B93B6813BB3368DE
:10B750005B0709D018F0B0FA0368012100938D4A05
:10B760002B46874817F082F8FFF772FD98F80050D3
:10B77000002D40F02F819AF80030002BA2D07E4B94
:10B780003F2218467D491DF0BBF98AF8005080F829
:10B790003F5097E7DB69DFF800925B68012049467C
:10B7A000C9F804304BF2223321F8040BA9F8023017
:10B7B00007F1040B10235A4607F04EFC336803F0E0
:10B7C0000703022B15D96D468AB002AB42F2B322B1
:10B7D000DA614FF400721A841A4670496848C3E966
:10B7E000051B6F4B4FF4135142F8103F15F0D1FD7C
:10B7F000AD46386818F08FFB00F062FD0546DFF8B3
:10B80000A4B15A4819F0D4FA2846CBF80050FDF7F5
:10B810005DFA654A654BCBF804001360062353605C
:10B82000634B28461D60FDF751FA614B614A586031
:10B830006148C4F85C9020679BE8030082E803003D
:10B84000594A4FF40071C4E918234FF41673A4F851
:10B85000843094F88830022243F0020384F8883060
:10B86000564B22636367564B0022E3674FF48073A5
:10B87000C4F880300123C4E90D22524A84F82430F0
:10B88000C4E90F32636433683B4803F00703022BBB
:10B89000A167A06412D96D468AB002AA4A4B1184EE
:10B8A000C2E9053042F2B323D3613D4B4FF413514B
:10B8B000334842F8103F15F06CFDAD46204619F0B4
:10B8C0008EFA034648B1326850073FF44DAF01216C
:10B8D0003E4A2B4815F05BFD46E71CF054FD4FF443
:10B8E0007A79A0FB090309FB0131CB0B9B46C50B01
:10B8F00045EA414598F80030002B7FF435AF1CF045
:10B9000042FD4FF47A7342F21172A0FB030309FB6C
:10B910000131C30B43EA41435B1B4FEAD13161EB79
:10B920000B01934271F100010CDB3368590704D01D
:10B930000121274A124815F028FD0021204619F060
:10B94000FDFA11E70121E36AB9617B614FF4FA72F4
:10B9500007F1140018F0F6FA0028CBDD7B8BDA072C
:10B96000C8D5204619F08CFBC4E700BF7CEB002053
:10B9700015FC002016FC002057FC002017FC0020BE
:10B98000C4CC002026B0030070CE00203DB00300E0
:10B990000300000157B0030008FC00207BB0030047
:10B9A0000400000170EB002068EB00208CB0030065
:10B9B00060EB0020D0EB00205DB2010097FF00207B
:10B9C00097FE0020B0C5002093B00300B6B003007E
:10B9D000D0B0030000250126E36ABE617B6141F21D
:10B9E0008832314607F1140018F0ACFA81464FF066
:10B9F000FF324FF0FF331E4811F03AFBB9F1000F50
:10BA000013DADFF87090D9F800305B0707D018F030
:10BA100053F9314603684846174A15F0B8FC00232D
:10BA200088F80030FFF714FC34E611D07B8BD80780
:10BA30000ED5204619F024FB034648B110F10B0F38
:10BA400006D00C4802685107E9D00C4A0121E4E70E
:10BA5000204619F0F0FA03460028E3D010F10B0F4E
:10BA6000E0D0044802685207D9D0054AEEE700BF8B
:10BA700070CE0020C4CC0020E5B00300FDB0030070
:10BA800015B103004FF0FF324FF0FF33014811F0C2
:10BA900023BC00BFC4CE0020F0B58FB0354B364D6F
:10BAA0001E7800AF76B12B6803F00703022B04D990
:10BAB00003212846314A15F068FC002420463C3713
:10BAC000BD46F0BD2E4B1B785BB92B6813F0060FFB
:10BAD00004D0022128462B4A15F057FC6FF07F0452
:10BAE000ECE7294A07F11804136820210133136099
:10BAF0002046264A15F003FF05237B60BB7D2449C1
:10BB000023F00303BB752B68C7E9034003F0070369
:10BB1000022B39603E72BE8211D96E468AB06A46E7
:10BB20001C4BD461C2E905311B4B4FF42351136206
:10BB30001A4B284642F8103F15F02BFCB5464FF043
:10BB4000FF324FF0FF33164811F092FA394615488C
:10BB500019F087F90446FFF77BFB002CADD02B686A
:10BB60005B07ABD0234601210F4A034815F00FFCB9
:10BB7000A4E700BF14FC0020C4CC00202CB10300BB
:10BB800015FC002051B103005CEB002000EA03002B
:10BB900053B303007AB10300000201030400000262
:10BBA00070CE00207CEB00208EB10300F0B597B082
:10BBB000444B454D1B7806AF5BB92B6813F0060F5D
:10BBC00004D002212846414A15F0DFFB6FF07F04C4
:10BBD00073E03F4A07F1200310685168182203C33D
:10BBE000002107F128001CF0D0FD38460AF02AFB9E
:10BBF000F8B9D7E900014FF47A720023FCF7D4FFBB
:10BC0000C7E9020107F1080012F04AFE202102688C
:10BC100043690492426803F26C7303928268029251
:10BC2000C26801920269781801320092294A15F01F
:10BC300066FE05230026284CFB6007F1200318460A
:10BC40007B61BC603E74FDF741F8BB7FB86123F0B7
:10BC50000303BB772B68BE8303F00703022B13D9C2
:10BC60006E468AB006AA1D4B4FF42351C2E9053433
:10BC700007F12003D3611A4B13481362194B42F8A2
:10BC8000103F15F086FBB5464FF0FF324FF0FF3303
:10BC9000154811F0EDF9154807F1080119F0E1F820
:10BCA0000446FFF7D5FA44B12B685B0705D023465D
:10BCB00001210F4A044815F06AFB20464437BD466F
:10BCC000F0BD00BF15FC0020C4CC0020A8B10300CB
:10BCD0004C9E0300D8B103004DB30300F6B103003E
:10BCE000000201030400000270CE00207CEB002063
:10BCF0008EB1030037B500287FD0414B414C18600E
:10BD000000F0DAFA404B01463F2218461CF0F8FEDC
:10BD100000210DF1070280F83F102A200AF048FAAE
:10BD2000054690B123685B0705D0034601212046F4
:10BD3000364A15F02CFB23685A071CD02B460121EC
:10BD4000334A304815F023FB15E09DF80730002BEF
:10BD500037D040F2927301462E4A2A200AF0BCF9ED
:10BD6000236803F00703B8B9022B04D90321204646
:10BD7000294A15F00AFB29480CF00AFC054640B197
:10BD800023685B0705D003460121254A1D4815F0AD
:10BD9000FEFA284603B030BD022B04D90321204609
:10BDA000204A15F0F2FA00212A200AF0DBF90346B6
:10BDB00038B1226850070ED001211B4A114815F0F6
:10BDC000E6FA236803F00703022B04D90321174A7C
:10BDD0000C4815F0DAFA40F2927300212A200D4A3D
:10BDE0000AF04AF905460028C5D023685907A2D0B1
:10BDF000034601210E4A03489BE76FF01505C8E78B
:10BE000078EB0020C4CC002057FC00201BB20300BC
:10BE1000E8B2030059B303003FB20300FDAF0100D5
:10BE20000CB3030051B203007AB203009FB20300C7
:10BE3000C4B2030010B588B000220023CDE9062368
:10BE400000230522094CCDE90323CDE901330093FA
:10BE50004FF400622046064B064911F0FDFC2046D7
:10BE6000054908B0BDE8104011F042BCD0CF002019
:10BE700089B60100601F01202CB30300134610B5E2
:10BE80000A460C460146044816F01BFC0028DCBF9D
:10BE90000023237010BD00BF0CEC002038B5044611
:10BEA0000F4B104D1A781049002A0CBF2A461A462B
:10BEB00017F015F80D4B20461A780D49002A0CBFD3
:10BEC0002A461A4617F00BF80A4B20461A780A49F8
:10BED000002A0CBF2A461A4617F001F8002038BD88
:10BEE000F7010120ECBA0300F6BA03009701012024
:10BEF00007BB0300B701012018BB0300012970B57F
:10BF00001346064605D80F4917F005F86FF01500DF
:10BF100070BD00240C4D59681F2228461CF0F0FD0E
:10BF20002846EC77FCF7D2FE2A46431C032107483B
:10BF300001F0C2FF30462A46054916F0D0FF2046E0
:10BF4000E6E700BF29BB0300970101200CEC0020AD
:10BF50004DBB0300012970B51346064605D80F49AD
:10BF600016F0D9FF6FF0150070BD00240C4D596814
:10BF70003F2228461CF0C4FD284685F83F40FCF7C8
:10BF8000A5FE2A46431C0121064801F095FF3046D4
:10BF90002A46054916F0A3FF2046E5E764BB0300E7
:10BFA000F70101200CEC00207FBB0300012970B5D4
:10BFB0001346064605D80F4916F0ADFF6FF0150081
:10BFC00070BD00240C4D59683F2228461CF098FD96
:10BFD000284685F83F40FCF779FE2A46431C02219B
:10BFE000064801F069FF3046054916F078FF204603
:10BFF000E6E700BF91BB0300B70101200CEC002075
:10C00000B1BB030038B5104D04460121284616F097
:10C0100054FB0221284616F050FB0321284616F057
:10C020004CFB0023094A20461370094A0949137042
:10C03000094A137016F053FF41F69A1000211CF0C4
:10C0400015F9012001F06AFB0CEC0020970101209A
:10C05000B7010120C4BB0300F70101202DE9F0471F
:10C0600082B000AF0C20391D02F0B0FE7D4C0546B9
:10C0700048B1236859071BD003467B4A012120465B
:10C0800016F0EAFB14E0786816F0CCFC774DA86255
:10C090001BF048FE88B923685A0704D001212046C6
:10C0A000734A16F0D0FB786816F075FC6FF0120535
:10C0B00028460837BD46BDE8F087786843682B609E
:10C0C0004FF48053AB8183681B0BEB8116F063FC4C
:10C0D000284601F019FD054628B123685B07E7D023
:10C0E000644A0346CAE7DFF89081402241460120B6
:10C0F000FFF7C4FE402202206049FFF7BFFE202266
:10C1000003205F49FFF7BAFE98F8003023B93F22B9
:10C1100040465C491CF0F4FCDFF860A123689AF803
:10C120000060002E46D113F0060F40D00221564A7F
:10C130004C4816F088FB236813F0060F37D0022115
:10C14000524A484816F07FFB236813F0060F2ED0A2
:10C150006D4688B06A464E4B53614A4B93614FF42B
:10C16000007393834B4B42F8103F4FF4E451334636
:10C170003C4802F069FB2368AD4613F0060F16D069
:10C180000221454A374816F05EFB236813F0060F7C
:10C190000DD00221414A334816F055FB236813F0B5
:10C1A000060F04D002213E4A2E4816F04CFB6FF0D9
:10C1B00001057DE703F00703022B7FF679AF03212A
:10C1C000384A284816F03FFB236803F00703022B88
:10C1D0007FF66EAF6E4688B06A464FF40079324BF8
:10C1E000A2F81C90C2E90538DFF8A88042F8108F49
:10C1F00000234FF4E6511B4802F026FB2368B546A6
:10C2000003F00703022B7FF653AF1D4A274B11782B
:10C2100088B0002918BF13466A462549A2F81C9029
:10C22000C2E9051342F8108F00234FF4E6510D4880
:10C2300002F00AFB2368B54603F00703022B7FF6E2
:10C2400037AF88B06A461B4BA2F81C90C2E9053A8A
:10C2500042F8108F00234FF4E651024802F0F4FA3E
:10C26000B54625E7C8CC0020EEBB03000CEC00204F
:10C2700013BC03002ABC0300F7010120B701012011
:10C280009701012041BC03004DBC03007BBC0300AF
:10C290009ABC030003000001CCBC0300F1BC030006
:10C2A00021BD030053BD030067BD0300E7BB0300CE
:10C2B00079BD03008BBD030000487047F7010120E2
:10C2C00000487047B70101200048704797010120DE
:10C2D00010B5094C0A44914200D110BD11F8013B40
:10C2E00058400309E35C0001C0B243401809205CD8
:10C2F0001B01DBB25840EEE761BE030010F0030201
:10C30000F0B542D121F00304264D274E274F0444B7
:10C31000A04218D101F00303E018002384423CD16D
:10C3200020484A405843204B4FEA70405843204B26
:10C33000504080EA104058431E4B80EA503058432A
:10C3400080EA1040F0BD50F8043B6B434FEA734362
:10C35000734353404FEAF34303EB8303DA19D7E700
:10C360001B68043C73434FEA73437B4353404FEADB
:10C37000F34303EB830303EB0C02032CA5EB040351
:10C38000EED821F003040444C4E70C460022054E15
:10C39000054FDFF818C04518EFE714F8015B45EAD0
:10C3A0000323BBE7512D9ECC9335871B646B54E66A
:10C3B0006BCAEB8535AEB2C22DE9F04F91B0009358
:10C3C00002F004030293C2F3C2030133840705465B
:10C3D0000E46DDF868800392059340F0BB81041D92
:10C3E00030B1072909D86FF01B0011B0BDE8F08FFC
:10C3F00001F007063444C6F10806009B4FF000091F
:10C400004FF0040A591E4FF0FF334F460193CB46BD
:10C410005346CDF810900DB1009A2260059800287F
:10C4200000F3E8809848009A824203D397488242FA
:10C43000C0F0E080039AA4EB050E92074FEA9E003D
:10C4400000F103810F2F00F2B180002D00F0058173
:10C4500007F140020DEB020C019A0CF8200C0CF8CD
:10C46000102C049801300490E7E07A285DD84B281E
:10C470000ED8472859D829282DD8252852D054D845
:10C4800020287AD02338D0F1000B4BEB000B74E05E
:10C490004C382E2849D8DFE800F070484848484812
:10C4A0004848484848484B484848484848484859F8
:10C4B000484B4B595959704B6D487048184B1848A8
:10C4C00048827F4B48484B487F0000204FF0000BCC
:10C4D0004FF0040A38E001222A38C0B202FA00F014
:10C4E00010EA0E0F49D110F0625C2FD110EA020B56
:10C4F00043D06046013C5444B4FBFAF40AFB04F414
:10C50000002D61D0A3EB050CA444B4453FF66BAFFE
:10C51000002868D1042B47D158F8043B236004233A
:10C5200004342AE0019A013A01924FF0000B24E012
:10C5300011F8010C6C2834D1002011F8023C83461C
:10C540006C2BC5D14FF0080A5346D3E708F1070812
:10C5500028F00708073424F00704F8E802AB35B1E7
:10C5600006982044B0423FF63EAFC4E900AB4FF01E
:10C57000000B08344FF0080A534611F8010F002849
:10C5800078D0BBF1000F7FF470AF2528F5D14FF0C4
:10C59000010B019B013301934FF0040AECE758466D
:10C5A00094E700208346A5E7082B02D06FF0150022
:10C5B0001BE708F1070828F00708F8E80223C4E998
:10C5C000002308230834D8E768B9042B02D108F106
:10C5D0000408A4E7082BE9D108F1070828F00708A8
:10C5E00008F10808EDE7059A013A059258F8042B7E
:10C5F000009210E7039A900720D54FF0010CA4EBAE
:10C60000050E4FEA9E00BEF5007FCFD20F2FCDD88A
:10C61000F5B107F140020DEB020E019AC0B20EF81F
:10C62000200C0EF8102CBCF1000F3FF41AAF60F094
:10C630007F000EF8200C09F101090137C5F108024D
:10C640004FF6DA7E0434069297E74FF0000CDAE7F3
:10C65000BCF1000F01D00136EFE702980236002846
:10C66000EBD10098CDE90631FCF730FBDDE906316E
:10C670000644E2E7631BB3F5806F97D245B9A6F194
:10C680000804E018B1E600BF6C96030090010400B6
:10C69000029A9B0828602B709DF81030C2B1EB7095
:10C6A00085F80290B9F1000F05D0002208A8C5F165
:10C6B000010C97420ED14FF0000AC5F101030DF1B4
:10C6C000200801930DF1300B574512D1601B8CE609
:10C6D0006B70E5E710F8013B190608D50CEB040E6A
:10C6E000B64503F07F033FF67EAE04F8013B01320E
:10C6F000DFE7B9F1000F03D098F90020002A17DB1B
:10C70000029BD3B11AF80B2004F8012B0022019BE5
:10C7100018191044B0423FF666AE98F80000009930
:10C7200004F8010B204603921CF008F8039A144405
:10C730000AF1010A08F10108C6E798F8002055F847
:10C7400022300093029B009845F82230FCF7BEFA95
:10C75000421CDCE76FF00D0047E600BF2DE9F04F0B
:10C7600097B000AFD7F880B03B62CBF3C00304466C
:10C77000894690F802A0FA62BB6141B94578007819
:10C780000AEB800020444D4517D8A0EB0409E3785C
:10C79000FB61BAF1000F02D01BF0010F16D1FB694B
:10C7A00053BBFB6A1BB1494620463A6A98474D463F
:10C7B00028465C37BD46BDE8F08F461C3046FCF786
:10C7C00085FA0130304409F10109DCE76268237819
:10C7D0007A62FA6A9900796104EB8301002A40F0D9
:10C7E00005810E464FF000084D4601EB0A094E4503
:10C7F00050D101EB0A0610E01BF0020FD1D02378D4
:10C800009A007A61626804EB83017A62FA6A002A0C
:10C810007BD14D46904601EB0A061BF0050F0CBF7D
:10C8200002230123FB62FB6906EB430A0BF00203C0
:10C83000BB625645BCD016F8021B16F8013C54F8F2
:10C8400023909B4B994502D39A4B99453AD3BB69A8
:10C85000002B44D0786A15F00CF800283FD0964899
:10C86000036813F0060F13D0E9468AB06A46934B6B
:10C8700053617B6AC2E906314FF400731384904B15
:10C8800042F8103F00234FF4125101F0DDFFCD4676
:10C89000023DCEE716F8013BF96254F82300FCF79D
:10C8A00015FAD7F88430F96A01304BB1D7F88830DF
:10C8B00098453EBFD7F8843023F8180008F10108E6
:10C8C000054494E7BB6923B1786A14F0D2FF0028CD
:10C8D000C5D11BF0010F05D1FB6AED1AA9E7BB6AB0
:10C8E000002BA6D04846FCF7F1F9D7F8843053B1B5
:10C8F000D7F8883098453FBFD7F88420431C22F8EA
:10C90000183008F10108054493E7BAF1000F73D01D
:10C910001BF0040673D0D046002607F148005246AB
:10C920003B61B9621BF00AFFB96A3B6901EB0A027D
:10C93000BA62FA69F9695200FA60BA6A02EB410216
:10C940003A610BF00202BA603A69B96A8A4258D178
:10C9500062781BF0020F18BF00217A6208BF4FEA0D
:10C960005801B2181BF0010FD2B240F09F801BF0AB
:10C97000040F14BF40460020BB616270A070E170DC
:10C9800020463A6A7969FB6A9847051EFFF610AFA0
:10C99000BB69414623707B6A3A6A6370FB6984F81D
:10C9A00002A0E37007F14800FB6A9847B0F1000865
:10C9B000C0F2BA807B69A9EB0A01C91AFB683A6A1E
:10C9C000C91AD7E90A0398470028C0F2AF804FF090
:10C9D000000BA84408EB000507F1380AB34571D3F2
:10C9E00000213A6A0846FB6A9847E1E656464FF04E
:10C9F000000807F1380092E75646D04696E7B04661
:10CA000094E7BA6A12F8021B12F8015CBA6254F891
:10CA10002500274A904202D3264A90421ED3BA6983
:10CA200032B1786A7B6014F024FF7B6800288BD1D8
:10CA3000BA6802BB08F1280207F1300C08F10100C6
:10CA4000944407F1580208F1020852FA80F00CF8F9
:10CA5000101C5FFA88F800F8105C75E7BA693AB103
:10CA6000786A7B6014F005FF7B6800287FF46CAF68
:10CA70001BF0010F09D006F1280207F13000711CEC
:10CA8000161806F8205CCEB25EE71BF0040F3FF4E8
:10CA90005BAF08F1280207F1300008F1010102EB59
:10CAA000000808F8105C5FFA81F84DE7002063E7A2
:10CAB0006C96030090010400BCCC002071BE030002
:10CAC000040000011BF80A3054F8239087F837302F
:10CAD000D7F884302BB3D7F888309B4521D2D7F8CC
:10CAE000843033F81B8001213A6AFB6A07F1370072
:10CAF000984700281ADB0544B8F1000F06D14846D4
:10CB0000FCF7E4F800F101081FFA88F841464846AE
:10CB10003A6AFB6A9847002808DB05440BF1010BD1
:10CB20005CE74FF00008DEE7454641E605463FE694
:10CB3000014B1860704700BFB4C5002030B5002518
:10CB400087B0CDE903010446009503A90548059582
:10CB500000F030FADDE904309842B8BF255407B040
:10CB600030BD00BFC11803000F2808B506D917F063
:10CB7000A3F8092303604FF0FF3008BD3022044BB7
:10CB800002FB0033D3E8AF3F002BF0D00020F4E7E6
:10CB9000C0C500200EB42DE9F741302545431B4C9C
:10CBA00005F10C0626444FF0FF324FF0FF3304EB43
:10CBB00005080746304614F0EAFED8F804306059FC
:10CBC0000AAA40F20111DB6801929847051E10DBAA
:10CBD000D8F82C3003F47042B2F5E04F05D011D8EC
:10CBE00003F45043B3F5804F03D1302303FB0744D4
:10CBF000A562304614F0CDFE284603B0BDE8F041F2
:10CC000003B07047B2F5004FEEE700BFB8C5002093
:10CC10002DE9F74F0C9E0546884691460193FFF794
:10CC2000A3FF002855DB302101FB05FB2A4C0BF14B
:10CC30000C0727444FF0FF334FF0FF32384614F013
:10CC4000A6FE04EB0B03DB6A03F47043B3F5E04F7D
:10CC500014D11EBB4FF0010A0BF1280121443020F2
:10CC60006843019A23185B68E2B1D3F804B0BBF1C2
:10CC7000000F1AD117F020F8052303E066B117F072
:10CC80001BF886234FF0FF380360384614F081FE0E
:10CC9000404603B0BDE8F08FB246DDE731464FF0C5
:10CCA000010ADCE7D3F800B0E1E70B684A464146E9
:10CCB0002058D84700288046E7DDBAF1000FE4D0BD
:10CCC000002EE2D1302303FB0544A36A0344A36290
:10CCD000DBE74FF0FF38DBE7B8C5002030234343E4
:10CCE00030B50D4908330B44D3E8AF2F92B1541E31
:10CCF000D3E8EF5F954204D1C3E8EC4FBCF1000FDD
:10CD0000F6D1F1D1012A05D13023584300230A1866
:10CD10000B50536030BD00BFB8C5002070B504464D
:10CD20000E461546FFF720FF00280DDB3023634336
:10CD3000064AD1184968316015B10C3313442B6091
:10CD400030235C43105970BD0020FCE7B8C50020BB
:10CD500070B500254FF0FF334FF0FF32174814F045
:10CD600016FE174BD3E8AF2F7AB10135102D03F122
:10CD70003003F7D116F0A0FF17234FF0FF35036003
:10CD80000E4814F006FE284670BD30246C43D3E8EC
:10CD9000EF0F0130C3E8E10F0029F8D1094E331934
:10CDA00032515A609A6204F10C0030441BF07BF857
:10CDB00004F1200030441BF090F9E1E720CE002080
:10CDC000C0C50020B8C500202DE9F041154630222D
:10CDD00002FB00F4114F0E463A1939515560D362E7
:10CDE000CDB1EB68BBB116F067FF0C34D0F8008012
:10CDF00040F20512314628463B1914F0B9FDB8F14E
:10CE00005F0F08D016F058FF03685F2B03D116F0B0
:10CE100053FFC0F80080BDE8F08100BFB8C5002016
:10CE2000F8B50546FFF7A0FE002824DB30246C434C
:10CE3000124F04F10C063E444FF0FF324FF0FF3327
:10CE4000304614F0A4FD3A1953689B688BB1D26A3E
:10CE5000385912F4404F0AD02946984704463046C4
:10CE600014F097FD2846FFF739FF2046F8BD984794
:10CE7000F4E71C46F3E74FF0FF34F6E7B8C50020AF
:10CE800070B504460D46FFF76FFE00280DDB30231A
:10CE900003FB04F006492B460C184FF48372095823
:10CEA0006068BDE8704014F063BD4FF0FF3070BDA6
:10CEB000B8C5002073B504460D461646FFF754FE6C
:10CEC00000280EDB3022084B40F2011102FB043334
:10CED0009B6A2A46009320463346FFF75BFE02B06A
:10CEE00070BD4FF0FF30FAE7B8C50020F0B502463C
:10CEF00001680A270020074E0B461C780131355D7A
:10CF00006D0701D41360F0BD07FB0043A3F13000AF
:10CF1000F2E700BFF3FD03002DE9F84F15469A46EE
:10CF2000D378234A6F2B12F803B081460F460BF0DB
:10CF3000030B2BD026D8582B0CBF10260A26DDF861
:10CF400028803246002348463946FBF77DFE092AF1
:10CF500008F1FF38D4B21ED83034B145E4B277F1CD
:10CF6000000788F8004001D3D04511D82B789B06E4
:10CF700005D5082E15D1AB7843F00803AB704046B9
:10CF8000BDE8F88F03F0F703702BD5E70826D6E746
:10CF900081460F46D5E7BBF1010F0CBF373457343C
:10CFA000DBE7102EEBD1AB7843F01003E6E700BFD0
:10CFB000F3FD03002DE9F04F8A4616461C46002576
:10CFC00097B00390307808B9284655E325280AD051
:10CFD0005146039B98470028C0F24E83731C0135CD
:10CFE0000493049EEEE71822002110A81BF0CDFB4D
:10CFF0007378252B00F0A380002398469E469C461C
:10D000001846711C0F4611F8012B2B2A00F0C68020
:10D0100000F2BD80202A00F0C480232A00F0C480E2
:10D020002BB19DF8483043F040038DF84830B8F1FB
:10D03000000F05D09DF8483043F020038DF84830AC
:10D04000BEF1000F05D09DF8483043F010038DF875
:10D050004830BCF1000F05D09DF8483043F008037C
:10D060008DF8483028B19DF8483043F004038DF81E
:10D0700048309DF8483003F04401442903D16FF350
:10D0800086138DF848309DF848302A2A43F08003F3
:10D0900009978DF8483040F08C809DF8493043F076
:10D0A00001038DF849307B1C1A782E2A0CBF012110
:10D0B00000219DF8492061F341028DF849200CD1EF
:10D0C0005A1C09925A782A2A40F083809DF84920F8
:10D0D000023342F004028DF849201A786C2A00F0DD
:10D0E000A48000F28680682A00F08C806A2A00F012
:10D0F000A5804C2A00F0AA801A4612F8013B782B32
:10D1000004928DF84B309DF8492000F217816D2B69
:10D1100000F2A980692B00F21181572B00F2BE802A
:10D12000412B03D0453B022B00F2088104229DF8DD
:10D130004A3062F302038DF84A300123CAE08DF8C9
:10D140004B30B31C04939DF84930D90740F1FD8062
:10D1500054F8048BB8F1000F07DA9DF84820C8F1A5
:10D16000000842F004028DF848205A0740F1F6808A
:10D1700054F804BBBBF1000F80F2F5809DF84930F4
:10D180006FF341038DF849304FF0FF3BEBE02D2A60
:10D190000DD0302A7FF444AF012333E74FF0010C68
:10D1A00030E74FF0010E2DE74FF001082AE701208C
:10D1B00028E709A8FFF79AFE099BBB423FF474AF2A
:10D1C0009DF848201390C00F60F341028DF848206D
:10D1D0006AE709A8FFF78AFE9DF848301490C3F368
:10D1E000400242EAD07262F341038DF84830099B55
:10D1F00073E7742A26D07A2A7FF47EAF06219DF841
:10D2000049200CE05A78682A9DF8492006D101216E
:10D2100061F3C6028DF8492002336DE7022161F304
:10D22000C6028DF84920013366E75A786C2A9DF8CA
:10D23000492001D10421EBE70321F0E705219DF806
:10D240004920ECE707219DF84920E8E7BDF8482090
:10D2500022F4F04222F0020242F4804242F0020242
:10D26000ADF84820DFE76E3BD9B201238B4040F296
:10D2700082410B4238D113F0240F52D1DF075DD524
:10D2800003219DF84A3061F302038DF84A3002F021
:10D290007803A3F14000434243411BE00120A3F186
:10D2A0005801C9B200FA01F111F4624F7FF43EAFA8
:10D2B00040F6010739421DD111F4043F3ED09DF8DC
:10D2C0004A3060F3020302F07802402A8DF84A30B7
:10D2D00034D000239DF84820C2F340010B4363F390
:10D2E00041028DF848202EE702219DF84A3061F373
:10D2F0000203E8E702209DF84A1002F0780260F38A
:10D300000201402A8DF84A1002BF9DF8481041F0F2
:10D3100001018DF84810632BDBD1131E18BF0123C8
:10D32000D8E703219DF84A3012F0780F61F3020329
:10D330008DF84A3014BF01230023CBE79DF8483015
:10D3400043F001038DF84830C3E79DF94820002AD7
:10D35000ACBF4FF0FF38DDF84C8006E79F077FF544
:10D3600013AFDDF850B00023CDE913339DF84A30F8
:10D370009DF8491003F00703012BC1F3C30132D11B
:10D38000CB1E042B04D8DFE803F020454520200005
:10D39000236801294FEAE372CDE910321BD19DF9D0
:10D3A0004030DA17CDE9103204349DF8483013F0DC
:10D3B00003074FD032465146049B039814F0FDFA00
:10D3C0000028C0F2598105440BE654F8043BDA17F3
:10D3D000CDE91032E9E70229E6D11AB243F3C033AE
:10D3E000CDE91023E0E7022B24D1CB1E042B04D877
:10D3F000DFE803F018101018180001294FF00002A0
:10D4000054F8043B14D00229CDE91032CDD19BB29F
:10D410001093CAE7073424F00704F4E80223CDE9A7
:10D420001023C2E754F8043B109300231193BCE788
:10D43000DBB2CDE7042B08D1073424F00704D4E98C
:10D4400000230834CDE91023AFE7032BADD154F806
:10D45000043BDDE79DF84B0078283FF6C2AD62281B
:10D460001ED8252850D058287FF4BBADDDE9100127
:10D470000DF13E03009312AA0AABFFF74DFDBBF17D
:10D48000000F814680F2C180B9F1000F3FF4A9ADD1
:10D490000DF13E06A6EB0903002F7BD0013379E0A6
:10D4A000633815283FF69DAD01A252F820F000BF69
:10D4B00083D50100E1D50100E3CF0100E3CF0100F6
:10D4C000E3CF0100E3CF0100E1D50100E3CF01008C
:10D4D000E3CF0100E3CF0100E3CF01002DD601002F
:10D4E00005D6010041D50100E3CF0100E3CF0100E3
:10D4F00019D50100E3CF010005D60100E3CF0100FB
:10D50000E3CF010005D601005146039B9847002850
:10D51000C0F2B280013564E5BBF1000FDDF8409048
:10D520000ADB594648461BF0FEFAB9F1000F3FF4FA
:10D5300058AD09EB000620E04846FBF7C7FBF8E7CB
:10D540001098002800F086800DF13E060AAB0021FD
:10D55000009612AAFFF7E0FCBDF84A30BBF1000FBD
:10D5600003F0EF0343F4F04343F010038146ADF8BA
:10D570004A3049DA00283FF434AD0027A6EB09030E
:10D5800008E0109B00278DF8283001230DF12906B3
:10D590000DF128099DF84A1011F0100206925FD093
:10D5A0000233139A134405924A0644BF14995B1838
:10D5B000B8F1000F6DDDA8EB03089DF8483058075F
:10D5C000C3F3800B65D4590659D53FB1514638464F
:10D5D000039B984700284FDB5F46013530234FE01F
:10D5E0001E075ABFC3F300135F012B27DDE9102389
:10D5F000002BBFF63BAF524263EB43032D27CDE92F
:10D60000102333E7002731E700279DF848100DF17C
:10D610003E03A3EB09036FF386119B458DF8481079
:10D620007FF632AFABEB030313932DE7109B072973
:10D630003FF6D7ACDFE801F00C04060C08080C0C30
:10D640001D70CEE41D80CCE4EA17C3E90052C8E4A3
:10D650001D60C6E4304E07460523A6F1050999E78B
:10D66000080748BF01339CE7184607935146039BC0
:10D6700098470028079B04DA17B0BDE8F08F2023F5
:10D68000C346594600290BF1FF3BEDDC4544D84623
:10D690006D1A37B151463846039B98470028EBDB9B
:10D6A00001359DF84A30DA0601D41B0706D55146EC
:10D6B0003020039B98470028DEDB0135069B3BB1F9
:10D6C00051469DF84B00039B98470028D4DB013559
:10D6D000059F2F4406E051463020039B98470028C1
:10D6E000CADB01357B1B002BF5DC33464A4651462D
:10D6F000039814F062F90028BEDB0544A844A8EBA7
:10D700000503002B7FF76DAC51462020039B984703
:10D710000028B1DB0135F2E72ABF0300044608B553
:10D72000EFF31183202383F31288BFF36F8F06F08A
:10D73000CBFF204604F0C4FC024814F0D3F816F0E6
:10D7400061FAFCE72BBF03002DE9F84340F26C734C
:10D7500044690569E1170135E41841F10001022D22
:10D760008CBF00230123E41AC76861F1000100297E
:10D77000064607F1FF374EDA6FF4C7704FF4C872F0
:10D780000023201861F10001FBF70EFA244B4FF043
:10D790003C0E03FB0044D6E900834FEAE37C994644
:10D7A0006346022D02468CBF6FF002000920B66866
:10D7B0000544C6FB0E93A9FB0EC60EFB036640F2A2
:10D7C0006D1E9920A3080EFB04333B446427454398
:10D7D0000520B4FBF7F40235B5FBF0F51B1B114C2B
:10D7E0001CEB080CA2FB042004FB01012B4446EBBC
:10D7F000E87698180C4A41F1000380180B4A63F14F
:10D800000003A0FB020102FB031110EB0C0041EB33
:10D810000601BDE8F8834FF4C87200232046B3E741
:10D8200070FEFFFFB13A02009405F5FF8051010040
:10D830002DE9F047058B04462807904611D40229AC
:10D8400005F0070540F0CC80204614F095FB78B138
:10D850000138218B042811D8DFE800F0C2106D8553
:10D86000950001290CBF45F0100545F020052583E2
:10D8700088F31188BFF36F8FBDE8F08701F0070AC6
:10D88000AA4500F0A5800027B9463E46A368002BB4
:10D8900000F0BC8041F00801218388F31188BFF3B8
:10D8A0006F8FA168002900F0BA800D68002900F090
:10D8B000B680334652462046D1F80480C047002D3A
:10D8C00076D02B6829461D46F0E701F007035A1F62
:10D8D000012A1BD8002221F00701062B276889B2F4
:10D8E000C4E9002209D13B4603E0628B0132628326
:10D8F0001B68002BF9D141F002012046218314F06E
:10D900003BFB00287AD041F0200176E0042B0AD1BD
:10D9100021F0070189B22046218314F02DFB10B1BC
:10D9200041F020012183218B01F0070AAA454FD045
:10D930000027B946AAE7236921F0070141F0060153
:10D94000062DD3F8009021832DD1B9F1000F3FD0DF
:10D9500041F00801218388F31188BFF36F8F2046BF
:10D960003949C84729E021F00701236941F0040142
:10D9700089B2042DD3F804902183E6D000274FF01C
:10D98000040A3E4682E721F00701236941F00501C0
:10D9900089B2052DD3F808902183D6D000274FF007
:10D9A000050A3E4672E700274FF0060A3E466DE73D
:10D9B0002B4687E7B9F1000FD1D1EFF3118820236F
:10D9C00083F31288BFF36F8F238B23F00803238325
:10D9D000258BEA062ED525F01003238305F00705D5
:10D9E0006669218B002EBFF670AF00232768C4E95B
:10D9F000003321F0070141F001012183218B4FF019
:10DA0000000901F0070AAA457FF440AF002F9CD01F
:10DA100041F00801218388F31188BFF36F8F002F35
:10DA2000C8D03D68394633465246204614F0D0FAF5
:10DA30002F46F4E7AB067FF51BAF25F020032383C9
:10DA400005F0070500E700BFFD1F03002DE9F743C0
:10DA50000F4606460821C06A14F070FC80463C68F8
:10DA6000DFF84890241A3C6004EA0905AC4203D868
:10DA7000002003B0BDE8F08308236A462146304603
:10DA800014F0F2FB0028F4D16946304614F060FC33
:10DA900040B1BDF80230BDF8042005EA0905134481
:10DAA0001D443C60A4EB0804E0E700BF0000FFFF5A
:10DAB00073B504464FF6FF72C06A082114F03EFCAD
:10DAC000002563680F4EADF800208DF80620A2896E
:10DAD000191833401344181A60606846ADF80210F4
:10DAE000ADF8045014F021FC6946204614F0F0FC17
:10DAF0002046211D14F0F1FB284663683340A360E3
:10DB000002B070BD0000FFFF2DE9F04704468AB067
:10DB100000F1140738461AF0C6F9A06A8368DB687A
:10DB20009847E06250B99F4803685D0703D09E4A5A
:10DB3000012114F0DFFB6FF015054EE0A06A836849
:10DB4000DB6898470368013B1F2B05D9954803689C
:10DB50005C07F0D0954AEBE7A06A216807AA17F0A6
:10DB6000ECFB28B18F4803685907E4D0904ADFE7FF
:10DB7000A5892DB1089BB5FBF3F203FB12552DB11E
:10DB8000884803685A07D6D08A4AD1E7E389012B2F
:10DB900005D8844803685B07CDD0874AC8E7E36AA5
:10DBA000029593F805904FF0FF334FF0FF3238465F
:10DBB0000FF05EFA0821E06A14F0C0FBA8460646A2
:10DBC000E3891FFA85FA53450BD8E389434526D1EB
:10DBD00038460FF0C5FA6FF02C0528460AB0BDE8AC
:10DBE000F087A1892B04891B13FA81F14A46082387
:10DBF0002046029114F046FB78B1204602A914F0A9
:10DC00006CFB08F1010808234A46204602991FFAD6
:10DC100088F814F037FB0028D7D00135D0E75345FA
:10DC20000BD1029908234A462046891B14F02AFB8F
:10DC300018B9204602A914F050FB204602A9FFF7AC
:10DC400005FF054618B138460FF08AFAC5E7029B72
:10DC50004FEA13484FEA08486360C4F80880D4E9E3
:10DC6000011399420FD30823204603AA14F0FCFAAB
:10DC700005460028E7D103AB13F8012B91453FD1AE
:10DC80000135082DF8D1636820461B0C1B0402A93E
:10DC9000029314F022FB4A462046A389029914F00D
:10DCA000F1FA051ECFDB636800F09C804FF6FF7928
:10DCB00003EB0608A3891FFA88F29B1B9A42CDF852
:10DCC000088039D300223748036803F00703002A8D
:10DCD0004CD0022B03D90321384A14F00BFB6368A4
:10DCE00020461B0C1B0402A9029314F0F6FA2046EE
:10DCF000029914F001FB0546002D00F09180A2E787
:10DD0000204603A914F024FB626810B9921B6260DC
:10DD1000A5E7BDF81050BDF80E10E06AC4F8088001
:10DD2000294414F00BFB40449042A060EED1002D3A
:10DD3000ECD06FF01C05AEE008234146204605AA52
:10DD400014F092FA054600287FF47DAF204605A91D
:10DD500014F0FEFA30B1BDF814304B4502D1BDF8D5
:10DD600018300BB1B044A5E70122ACE7022B03D970
:10DD70000321134A14F0BEFA2046616814F0BCFA7D
:10DD8000054600287FF45FAF63680E4AA1891340FF
:10DD90000B44A3EB4603636013402046A36014F0DA
:10DDA000BFFBA8E704CD002068BF03008ABF0300C3
:10DDB000A7BF0300BFBF0300D3BF0300F6BF03002C
:10DDC0000BC003000000FFFF4A4620465B1A14F018
:10DDD00059FA051EFFF637AF08D0E26AA368126849
:10DDE0001344A360D4E901318B42EDD86168A38963
:10DDF00001EB46029A427FF47FAFDFF8A880A26869
:10DE000001EA08039A423FF477AF204614F074FA0F
:10DE1000054600287FF417AF636803EA0803A36090
:10DE2000A389A288A3EB46039A4230D038460FF06C
:10DE300097F901231C4D23742B6803F00703022B71
:10DE400023D9E389A289032100922846174A14F0B6
:10DE50000DFD2B6803F00703022B16D963689AB2F5
:10DE600000921B0C03212846114A14F0FFFC2B687A
:10DE700003F00703022B08D9A3689AB2009203218A
:10DE800028460C4A1B0C14F0F1FC0025A5E62046A0
:10DE900014F02FFB054638460FF062F9002DC8D06C
:10DEA0009BE600BF0000FFFF04CD002032C003004E
:10DEB00049C003005BC003002DE9F04F1D46037C01
:10DEC00091B00446029100926BB9664803685B0703
:10DED00003D00121644A14F00DFA6FF00C063046AD
:10DEE00011B0BDE8F08FC26A0821104614F026FA7E
:10DEF00029460190104614F021FAA389019A074699
:10DF0000A3EB8203AB42C0F0A9801DB1009B002BA4
:10DF100000F0A48063680593204606AA05A9DDF8F1
:10DF200014A014F052FA06460028D8D1BDF81830D3
:10DF3000029A934206D06268059B9A42ECD1002D6A
:10DF400036D1CCE7204606A914F002FA0028F2D018
:10DF5000BDF81A90BDF81C3045B39D4228D14FEA58
:10DF60001A4A4FEA0A4AD144AA46E36ADDF800B0E9
:10DF70001B685B4203F020030393DDF80C804946E5
:10DF8000D04528BFD0462046434608AA14F06CF975
:10DF900000284AD14246584608A91AF0BFFB38B9B2
:10DFA000BAEB080AC144C344E7D198E7002B96D0E6
:10DFB000002F3DD1B94604F1140A4FF0FF324FF063
:10DFC000FF3350460FF054F8E3899E4243D0A168D6
:10DFD000626809EB01039A422FD3029B2046ADF8F9
:10DFE0002030FF23009A8DF826302B46ADF8221002
:10DFF000ADF8245014F033FA29460746E06A14F0CD
:10E000009DF9A3680344A36057B908A814F08DF9DB
:10E01000204608A914F05CFA002814BF07462F46D2
:10E0200050460FF09DF83E4659E7C1DC064656E7DC
:10E03000019B1F441FFA87F9BDE72046FFF738FD13
:10E0400007460028ECD1204614F06AFA074600285B
:10E05000E6D10136B8E76FF01B07E1E76FF0150670
:10E060003DE700BF04CD002054BF03002DE9FF476A
:10E070001E46037C04460F469046BDF8309063B9B7
:10E080002E4803685B0703D001212D4A14F032F9B2
:10E090006FF00C0004B0BDE8F0870821C06A14F0EE
:10E0A0004DF9A389A3EB4003B34243D30025D4F831
:10E0B00004A0CDF804A04D455146DDF804A009D9CF
:10E0C000636853451ED1BDF80830BB421AD06FF0CB
:10E0D0000100DFE7204602AA01A914F076F9002822
:10E0E000D8D1BDF80830BB4206D1204602A914F0B1
:10E0F0002FF908B10135ADB26268019B9A42DAD1BD
:10E100005146E0E7BDF80C30002BE0D0A945DED841
:10E11000BDF80A00090CB3424FEA014128BF33465B
:10E1200001444246204614F09FF80028B2D1BDF8C1
:10E130000C00AFE76FF01500ACE700BF04CD002086
:10E1400054BF03002DE9F047044607464FF001098C
:10E15000DFF8508014B93846BDE8F08794FAA4F58A
:10E16000B5FA85F509FA05F32E0108EB05156FEAF6
:10E17000030A24EA03042B7B002BEBD058F806306B
:10E180001B694BB94644736804222846196807EA9C
:10E190000A0714F0D5FADDE7284698470028D9D1B8
:10E1A000F0E700BF589C030030B5002289B00F494A
:10E1B0000F481AF02FF9002200230024CDE906238E
:10E1C0000E230C4DCDE903344FF440722846CDE9BF
:10E1D0000144094B094900940FF03EFB08492846C9
:10E1E0000FF086FA204609B030BD00BF05E20100FD
:10E1F00048D5002088D0002049E501006027012093
:10E2000073C0030001480FF02DB800BFF4CE00200A
:10E210002DE9F047804621480F4614F06DFA064676
:10E22000002833D000252846BDE8F087237B83B142
:10E230002368DB680BB120469847636883F8069033
:10E2400023681B69D3B9636804222046196814F057
:10E2500077FA013610345445E8D3B8F1000FE2D014
:10E26000002DDFD02846FFF76DFF0546002FF7D0C1
:10E2700000214FF4A47019F0F9FFF1E72046984708
:10E280000028E0D009FA06F31D43E2E705464FF007
:10E290000109034CDFF80CA0DDE700BF4CEC0020C7
:10E2A000589C0300689C030008B5034608462BB140
:10E2B000044A136000F06EFD002008BD6FF01500E9
:10E2C000FBE700BFB8C8002010B5044C237813B991
:10E2D00003480EF0C7FF0123237010BD3702012051
:10E2E000F4CE002010B50446094814F005FA3CB1FC
:10E2F000084BD3E8EF1F0139C3E8E21F002AF8D129
:10E3000005481AF093F8BDE8104004480EF0AABF83
:10E3100044EC002048EC002048D50020F4CE00203A
:10E3200000200146034BD3E8EF0FC3E8E21F002AA9
:10E33000F9D1704744EC002070B5FFF7F1FF0546B6
:10E34000074C084EB44200D370BD63685B792BB1B3
:10E3500023685B6813B12946204698471034F1E7DB
:10E36000589C0300689C030010B5044C04492046E7
:10E3700013F03FFC034B1C6010BD00BF70CC0020AD
:10E38000A4A003003CEC002000230E4A10B513703B
:10E390000D4A4FF4004113600C4A0D481360FFF71B
:10E3A00083FFFFF7E1FF00F079F90A4B0A491846AD
:10E3B0008B4200D310BD1A1A5C681211013222710F
:10E3C0001033F5E73802012044EC002048EC00202F
:10E3D000F5260300589C0300689C030001460022B8
:10E3E0000023014813F026BC70CC0020014813F034
:10E3F000BFBC00BF70CC0020024B0146186813F070
:10E400000BBD00BF3CEC0020014813F040BD00BF35
:10E4100070CC00202DE9F041344B1878002862D0F0
:10E42000FFF7E4FF0446002859D1314B314C1B68FB
:10E43000002B19DD19F0A7FF4FF47A72A0FB02033D
:10E4400002FB0131C30B43EA4143D4E900209B1A8C
:10E4500040F2E9324FEAD13161EB0001934271F1B0
:10E46000000101D3FFF768FFD4E9003213F57A7396
:10E4700042F10002C4E90032BDE8F041FFF7C4BF39
:10E480006B685B793BB121784B0713D52B6821462C
:10E4900028461B68984710354545F1D32046FFF7BD
:10E4A000ABFF154BD3E8EF1F0139C3E8E21F002A89
:10E4B000BBD0F7E720462688C1F3C20700F0A4FAD4
:10E4C000C6F382160246002EE0D00028DEDB0123D0
:10E4D0003946284600F092F9B042DCD3D6E7074D22
:10E4E000DFF81C80D8E7BDE8F08100BF37020120CB
:10E4F00044EC002040D5002048EC0020589C03004C
:10E50000689C030070B50D4D297861B90120FFF7B3
:10E510007FFE0B4C0B4EB44206D3FFF77BFF002867
:10E52000FBD101232B7070BD63685B791BB123683D
:10E5300020469B6898471034EDE700BF3802012061
:10E54000589C0300689C030000212DE9F047084611
:10E55000FFF75EFE044648B340F267684FF00009DB
:10E560000FF0D6FC1A4B186030B11A4B1B68092B00
:10E5700002DD19480EF076FE0025184FDFF858A08E
:10E5800044B12046FFF7DEFD044618B94FF0FF38CE
:10E590004FF0FF39FFF73EFF064628B9B5B94246AE
:10E5A0004B4650460EF098FE3546E9E74FF0FF38EF
:10E5B0004FF0FF39D4E72B689B691BB10022284636
:10E5C000114698471035BD42F5D3E8E7044DFAE708
:10E5D00040EC002048EC0020F4CE0020689C0300B2
:10E5E000589C030013B5184814F086F8174B1B7895
:10E5F00073B1EFF31184202383F31288BFF36F8F7D
:10E60000FFF708FF84F31188BFF36F8F02B010BDCE
:10E610000F4B1B68002BF9D050B9002200230D4886
:10E62000CDE900234FF4004200230FF0CDFFEDE7CA
:10E630000928EBD1074819F0F9FE074802B0BDE8F8
:10E6400010400EF00FBE00BF48EC00203802012041
:10E6500040EC002048D50020F4CE002010B5064B39
:10E6600004461B6898472146A060044813F061FBEC
:10E67000BDE81040FFF7B6BFB8C8002070CC00203E
:10E68000044A054B9B1AB1EBD30F34BF52F831004B
:10E6900000207047E09A0300589C030000210B48BB
:10E6A0000B4B30B51B1A0B4CDB080430994200D1E0
:10E6B00030BD10F83120256802F0070225F007056B
:10E6C0002A4344F8042B0131F0E700BFE09A03002D
:10E6D000589C0300B4CC0020F8B5064600240A4F2D
:10E6E0000A4DED1BED08AC4203D14FF0FF3420463C
:10E6F000F8BD57F8340020B13146FAF7DDFA0028AA
:10E70000F5D00134EFE700BFE09A0300589C030006
:10E7100000282DE9F047884615461F461DDA4FF0C0
:10E72000000A5446DFF89090244EA6EB09063609FD
:10E73000B24509F1100902D12046BDE8F08759F829
:10E740000C0C3B462A4641460079FFF7E1FF844224
:10E7500038BF04460AF1010AEAE7194B194AD21AEE
:10E76000B5EBD20F26D203EBC5031C79BC4228BF00
:10E770003C460722144EC0B200EB400056F825304C
:10E78000824023EA020304F007028240134300217F
:10E79000032223FA02F000F00700814202F1030293
:10E7A00038BF01461E2AF4D123F007030B4346F875
:10E7B0002530C1E70024DCE7589C0300689C030077
:10E7C000E09A0300589C0300B4CC0020F8B506463C
:10E7D0000F460024074D084BED1AED08AC4200D35C
:10E7E000F8BD002122B23B463046013413F0A0FFB1
:10E7F000A4B2F3E7589C0300E09A030070B14168AB
:10E80000097973B1002A17DBCBB20C4903EB430340
:10E8100051F82200D84000F0070070474FF0FF3158
:10E82000EFE707490748401AB2EBD00F3ABF01EBB8
:10E83000C20108791846704704207047B4CC002004
:10E84000E09A0300589C03002DE9F04F8FB0C1F30C
:10E850004A2804AF0D469146B8607B600C0DB8F1B4
:10E86000000F67D000264FF0040B4FF00A0A07F1A3
:10E870001403C7F80C80C7E907667E620193CDF8E0
:10E8800008B0CDF800A007F11C0332464846F968ED
:10E89000FDF764FFB0F5006F034620D32A480368F4
:10E8A00013F0060F17D06C468AB0D9F8041004ABE9
:10E8B000264D1A46C3E9055140F2FF71D9614FF464
:10E8C00000711984224B42F8103F4FF41251334625
:10E8D000FFF7BAFFA5462C37BD46BDE8F08FC0F361
:10E8E0000A0804F11700184420F0070080083B6074
:10E8F000FFF774FD68F35325044690B13B6800F1BF
:10E900001001C7E9083607F11403F961CDE900A346
:10E91000CDF808B048460F4AF96807F11C03FDF727
:10E920001DFF68F353252A4620467B68B96813F01B
:10E930003AFFD0E704F1170020F007008008FFF746
:10E940004DFD0446EDE700BF0CCD002088C003005C
:10E95000040000017B2703002DE9F04F87B0044637
:10E96000DDE9105ADDE91279934698460391DFB14B
:10E970003B46524610210020CDF80090CDF814906F
:10E98000FDF71AFDB0F5006F06460ED31C4803686C
:10E9900013F0060F30D040F2FF730221194A07B07E
:10E9A000BDE8F04F13F058BF3E4605F11700304464
:10E9B00020F007008008FFF711FD04F007040BF0BA
:10E9C000070BE40044EA8B1444EA462444EA055465
:10E9D000054640B13FB13B4652463146CDF8009026
:10E9E0001030FDF7E9FC434622462846039907B05C
:10E9F000BDE8F04F13F0D7BE07B0BDE8F08F00BF01
:10EA00000CCD0020C7C00300406820B1034BC01AE2
:10EA100040F38F0070474FF0FF307047B4CC0020B8
:10EA20000EB403B503AB53F8042B0146044801931D
:10EA300013F043FF02B05DF804EB03B0704700BF72
:10EA4000C9280300CA0605D48B064CBF02490349F6
:10EA5000FFF7E6BF704700BF2CC6030094EF03002A
:10EA60002DE9F04F89B09A46149B9DF84CB006935F
:10EA7000159B04460593169B0D469046179E0493DE
:10EA8000BBF1000F00F09D8006F48073079313F034
:10EA90004DFE06F00209024600283ED0204692496B
:10EAA000FFF7BEFF0746B9F1000F08D016F0440F7C
:10EAB00035D12A4620468D49FFF7B2FF074406F0BC
:10EAC000010353B18A4B204653F82B20894B8A49C6
:10EAD000002A08BF1A46FFF7A3FF06F48073002B35
:10EAE00049D006F00803002B63D1B8F1000F66D0BF
:10EAF000424620468149FFF793FF0546069B3D4469
:10EB0000002B6DD1049B002B73D1F30700F1E5803E
:10EB100031462046FFF796FFD9E00746C3E7784B1A
:10EB200018680028CAD0774B4FF47A791B684FF0E9
:10EB30003C0CB5FBF3F5B5FBF0F14FF4616300FB62
:10EB4000115509FB05F5B1FBF3F2B5FBF0FE03FB34
:10EB5000121100FB1E55B1FBFCF309FB05F5B5FBDB
:10EB6000F0F50CFB131120460091CDE901E5664953
:10EB7000FFF756FFA2E706F00803EBB1634B204610
:10EB800053F82B206249FFF74BFF0546B8F1000F01
:10EB900005D0424620465949FFF742FF0544BAF1E5
:10EBA000000FABD0524620465A49FFF739FF0544C3
:10EBB000A4E74FF0000AE1E706F00805E6E745465E
:10EBC0009CE7BAF1010F069B06D1002B65D1049B8F
:10EBD000002B7CD000250CE0002BF8D04E485DE0E7
:10EBE0004E48069B22464E4912F012FE049B002B13
:10EBF00069D0DFF83081DFF83091049F3146102F63
:10EC0000204628BF10274FF0000AFFF71BFF55458D
:10EC100046DC059B494620461A78FFF701FF4FF076
:10EC2000010A1AF0070F03D141462046FFF7F8FE0C
:10EC300057453CD9059B4946204613F80A20FFF763
:10EC4000EFFE0AF1010ABAF1100FEAD14FF0000A03
:10EC500020463649FFF7E4FE5246059B20469A5C63
:10EC6000334B995C11F0970F08BF2E223149FFF703
:10EC7000D7FE0AF1010ABAF1100F1DD01AF0070FE2
:10EC800003D141462046FFF7CBFE57455246E4D814
:10EC900041462046FFF7C4FEEBE720485D46A0E76B
:10ECA00041462046FFF7BCFE0AF1010AAFE72046C5
:10ECB0002149FFF7B5FEC4E7059B3B440593049B40
:10ECC000DB1B049399D1BBF1000F7FF41EAF2046EC
:10ECD00009B0BDE8F04F13F0E3BD2046054A0649F0
:10ECE000FFF79EFE14E700BF04C1030008C1030044
:10ECF000B8A00300FFC0030076BD03002DC10300D0
:10ED000054EC002050EC002011C10300CCA0030003
:10ED100031C1030037C10300F7280300C9280300ED
:10ED2000BB28030044C103003CC1030046C10300EB
:10ED3000F3FD030029E4030042C1030042F20F7314
:10ED400073B58B4228BF0B4605680446052168460B
:10ED50000D4A12F0D4FD0646636828460B225B6814
:10ED60000A4913F08FFD63683246694628465B689E
:10ED700013F088FD63681B2228465B68044913F082
:10ED800081FD02B070BD00BF00EA030064C1030052
:10ED900048C1030000210123064A904206D8064AD2
:10EDA00001B901231360054B186070470121400829
:10EDB0005B00F2E740420F0050EC002054EC0020D2
:10EDC000014B036000207047E0A0030070B5104BBA
:10EDD0000D461C68B4B10F4B196800238B4202DB4F
:10EDE0006FF0010070BD224612F8106B864202D00F
:10EDF00014460133F2E7E06818F094FF28B10020D0
:10EE00002C60EFE76FF00C00ECE76FF01200E9E721
:10EE1000F0C8002080A50300F0B58368054687B0E0
:10EE2000002B76D0D0E90467016A33448B4243D982
:10EE30008269934262D8C06803AA394416F07DFA09
:10EE4000044658B148480368590704D02346474A46
:10EE5000012113F001FD002C12DB2DE0E868DDE953
:10EE6000031283689B68CBB93F4803685A0705D0F3
:10EE70006FF0570301213E4A13F0EEFC6FF0570488
:10EE8000394803685E0706D0AB6800932346394AC9
:10EE9000012113F0EBFC204607B0F0BD9847044673
:10EEA00030B1314803685B07D5D0314A2346CFE7FC
:10EEB0002B6A049A13442B626A6AAB68B3FBF2F4C0
:10EEC00002FB14343CB12868141B224695F8281024
:10EED000184419F05AFCAB68E8682A683E44234499
:10EEE00081684C683146A047044650B11E4803680B
:10EEF0005907D0D0204A23460096C9E76FF0210475
:10EF0000BEE7EB695BB92B69AA6813442B61002348
:10EF1000AB600024BFE7135DDB4313550134AB68DE
:10EF20002A689C42F7D3E86881680C683146A0479C
:10EF3000044648B10C4803685A07ACD023460F4A30
:10EF4000012113F089FCA6E73246EB69A96828681D
:10EF5000984704460028D6D0034803685B079AD038
:10EF6000074A2346ECE700BFB4CC002090C1030061
:10EF7000B1C10300CDC10300F9C103001DC20300EC
:10EF800033C203002DE9F84F0E46DDE90AB9924677
:10EF900098460446A0B199B192B18B680846DB68E7
:10EFA000984707460068B8FBF0F300FB13835BB19A
:10EFB0001A480368590703D0194A012113F043FC8A
:10EFC0006FF00D00BDE8F88FBBFBF0F300FB13B34F
:10EFD0002BB1124803685A07F2D0124AEDE7B9F193
:10EFE000000F04D0B9FBF0F500FB159028B10B48D9
:10EFF00003685B07E4D00C4ADFE7C4E900A8C4E972
:10F0000005B9E6602061A0603B6863620C9BC4E9BF
:10F0100007307B7984F82830D4E700BFB4CC0020D7
:10F0200047C203007EC2030092C2030070B50546CA
:10F030008EB00C4616460021302202A819F0A5FB1E
:10F04000A9682246284614F07DFF002805DA14F04E
:10F0500033FE006840420EB070BD42D0E868002424
:10F0600030222346CDE9004402A915F0C4F8002857
:10F07000EDDB302838D1D5E90412089B1BBA944245
:10F0800008BF8B4233D1099BAA691BBA93422ED188
:10F090009DF8083003F00703042B02D06FF0150031
:10F0A000D9E79DF809302BB30C990D9B09BA1BBA0F
:10F0B00051EA0302F2D00029B3600DDA0F4B9942F6
:10F0C00002D8C6E90014E9E70D4BC91864EB040443
:10F0D0000020C6E90014BEE7094BC91844F100043A
:10F0E000F6E76FF07300B6E76FF07900B3E76FF003
:10F0F0002100B0E76FF00F00ADE700BF7F7EAA836D
:10F100008081557C2DE9F0410F46164605468EB0AC
:10F11000002846D0002A44D03022002102A819F04D
:10F1200034FB1B238DF8083019F02DF91F4C4FF0DC
:10F130000008A0FB043204FB012113F5804341F1D8
:10F140000001D80B40EA41400023184AC90BF9F7E7
:10F150002BFD41F2C603040E5A43030244EA012484
:10F1600003F47F032343C5E9040143EA0063000A73
:10F1700000F47F400343AA6112BAE8680C930D9231
:10F1800030224346CDE9008802A914F0D5FF0028BB
:10F1900009DB3246394628460EB0BDE8F041FFF79C
:10F1A00045BF6FF00D000EB0BDE8F08140420F008A
:10F1B00010B5044616F0B5FA03490246204613F08E
:10F1C0008EFE002010BD00BFD2C2030013460022F5
:10F1D00073B5044601920A21586801AA13F0DBFFB7
:10F1E000019D95B920EAE0744FF40046294640F2AB
:10F1F000E7304FF47A720023C4FB0601F9F724FDCF
:10F2000019F034F8284602B070BD2A46204602495B
:10F2100013F081FE019DF5E7FEC2030008B5034A25
:10F22000034913F05CFE002008BD00BFEEC30300DD
:10F23000F5C30300F7B51746002305460A2101AAC6
:10F24000B868019313F0A7FF1749C6B2284613F018
:10F2500054FE019C44B122462846144913F05BFE3B
:10F26000019C204603B0F0BD042E09D93246284641
:10F270000F4913F050FE284613F089FE0124F0E7F1
:10F280007868FFF729FA021E07DA28467A680949E2
:10F2900013F041FE6FF01504E3E7334621462046A4
:10F2A00012B213F045FADCE720C4030086C4030061
:10F2B000ADC40300C4C40300002307B50090694631
:10F2C00004488DF804300EF07FFF9DF8040003B071
:10F2D0005DF804FB3B2B030010B5044605F0EAF98A
:10F2E00007490246204613F0FAFD2046054913F06F
:10F2F000F6FD214604480EF081FF002010BD00BF3E
:10F300004FC503006EC503000DF30100F0B58FB0CB
:10F3100004460D46D0F8A07018F0E9FE06460EF03F
:10F32000F7FD204B2049002E08BF1E461F4A2346EA
:10F33000844218BF0A46009628461D4913F0CFFDA7
:10F34000D4E90A23CDE90023284694F90E30227B24
:10F35000184913F0C4FD06A9202220460EF0D8F962
:10F36000636E02461449284613F0B9FD204605A9EC
:10F3700018F0CBFE024628B12846104913F0AFFD25
:10F380000FB0F0BD6422059B2846F91A4A43B2FB30
:10F39000F7F20091CDE9017209493A4613F09FFD59
:10F3A000EEE700BF78C5030044C10300C6D90300DF
:10F3B0007BC5030087C50300B3C50300CAC50300AE
:10F3C000F7C50300F0B50025044691B0294608AF03
:10F3D0001C2209A819F0D9F9134E1A222021384607
:10F3E00019F0D3F9214611480EF008FF07AA4FF48F
:10F3F0000061304618F07DFE6423079A2046C2F56E
:10F4000000614B43DB0A05934FF400630097CDE99D
:10F410000313CDE9013206492B46324613F05FFD56
:10F42000284611B0F0BD00BF603C012035F401005A
:10F4300048C6030070B504460D46D0F8A06088B0F9
:10F4400007A918F062FE024628B128460E4913F0BB
:10F4500046FD08B070BD204618F049FE6422079BA7
:10F460000096F11A4A43B2FBF6F2CDE90131074B9F
:10F47000CDE90362002818BF034622462846044906
:10F4800013F02DFDE5E700BFCAC5030078C50300F2
:10F4900091C6030038B5134605461022002158686E
:10F4A00010F040FA0446FFF707FF38B92246284615
:10F4B0000C4913F030FD6FF0150038BD0EF028FD3B
:10F4C000844204D12846084913F025FDF3E720467D
:10F4D0000EF0DAFA28462246044913F000FD002017
:10F4E000EBE700BFF5C6030010C7030038C70300F1
:10F4F00038B51346054610220021586810F012FA5C
:10F500000446FFF7D9FE38B9224628460C4913F0C5
:10F5100002FD6FF0150038BD0EF0FAFC844204D1F4
:10F520002846084913F0F7FCF3E720460EF0CAFB23
:10F5300028462246044913F0D2FC0020EBE700BF26
:10F54000F5C6030077C703009DC7030038B513460F
:10F55000054610220021586810F0E4F90446FFF730
:10F56000ABFE38B9224628460C4913F0D4FC6FF0A4
:10F57000150038BD0EF0CCFC844204D12846084961
:10F5800013F0C9FCF3E7204602F0E4FD28462246CA
:10F59000044913F0A4FC0020EBE700BFF5C603000C
:10F5A000D8C70300FDC703002DE9F04F87B004461C
:10F5B00068460DF057FB2423009F082103FB0077CA
:10F5C000264A204613F07EFCDFF894A0009DDFF869
:10F5D00094B0BD4203D3002007B0BDE8F08F2B6884
:10F5E0000BB11A7832B92B4614211F4A01A80FF02B
:10F5F00075FF01AB52460821204613F063FC2846F4
:10F6000018F090FB194B0821002808BF5B46184AE8
:10F61000204613F057FC2B6AA3B11E6896B13368DD
:10F6200083B108212046134A13F04CFCB1464FF039
:10F6300000083368104A434506D8082120460F4A7F
:10F6400013F040FC2435C4E70821204659F8043F54
:10F6500013F038FC08F10108EBE700BF44C80300D1
:10F6600053C803003BC803004EC8030035C803005D
:10F6700096CF030058C8030075BD03002CC60300D5
:10F680001FB50C68D1E9043203944C68013302942D
:10F690008C6802F26C720194C9680091024913F0FF
:10F6A0001EFC04B010BD00BF92C80300F7B513786C
:10F6B00006463A2B0F46154614D1541C23783A2B94
:10F6C00028D101340A22204601A910F011F8019A2C
:10F6D0000346A242386017D01078A8B93C2B15D940
:10F6E00015490EE00A22284601A910F001F8019CF4
:10F6F000B860AC4208D023783A2B05D1172807D937
:10F700000E49304613F007FC6FF0150003B0F0BD52
:10F710000134D3E70A22204601A90FF0E9FF019B3B
:10F720007860A342F0D01A783A2AEDD13B2801D96B
:10F730000349E6E75C1CC5E7D1C80300B3C8030072
:10F74000C1C803002DE9F0410D4690B002A904465E
:10F750000120174614F0E3FB07A902A80FF0BEF83A
:10F76000032D55D17D680A22284601A90FF0C0FF5C
:10F77000019E8046B54215D032782D2A12D101362D
:10F780000A22304601A90FF0B3FF019B9E4209D027
:10F790001A782D2A06D1451E0B2D0CD92849204652
:10F7A00013F0B9FB204613F0F2FB6FF01505284665
:10F7B00010B0BDE8F0815E1C0A22304601A90FF0AE
:10F7C00097FF019B9E42EDD01B78002BEAD1431E90
:10F7D0001E2B01D91B49E2E7A8F26C73CDE90B534C
:10F7E000BA680A90204607A9FFF760FF0028D9D120
:10F7F00007A812F0B5FBB1F1FF3F08BFB0F1FF3F22
:10F80000CDE9020108D120460F4913F084FBCCE773
:10F81000022DC7D17A68E5E70023012002A90493ED
:10F8200014F07FFB054628B102460849204613F034
:10F8300072FBBAE7204607A9FFF722FFB7E700BF30
:10F84000E1C80300F0C80300FDC8030026C9030097
:10F850002DE9F041144688460746102200216068D1
:10F8600010F060F8B8F1020F064607D820230821EF
:10F870003846244A13F026FB336816E00A2200219A
:10F88000A06810F04FF8C5B22B46082138461D4A33
:10F8900013F018FBB8F1030F1AD1102D0CD0202D46
:10F8A000EAD0082D0BD13378DBB208213846164A4E
:10F8B00013F008FB002009E033889BB2F5E73846D7
:10F8C0000821124A13F0FEFA6FF01500BDE8F0812E
:10F8D00010220021E06810F025F8082103460446B4
:10F8E0000B4A384613F0EEFA102D06D0202D07D023
:10F8F000082DE4D1E4B23470DCE7A4B23480D9E757
:10F900003460D7E762C903008DC9030077C90300DB
:10F910009EC9030000232DE9F04F91464FF0FF35BB
:10F92000012287B00193504B074688461A60202673
:10F9300003F084F82C46DFF834A14946524640468D
:10F9400003F0A0F8411C06D16A1C41D14849384651
:10F9500013F0E1FA17E073281AD0772828D061282D
:10F9600011D1DFF810B11021DBF8000001AA13F06B
:10F9700012FC019B0546002BDFD0DBF800203E493E
:10F98000384613F0C8FA6FF0150007B0BDE8F08FE5
:10F99000DFF8E0B00021DBF8000001AA13F0FBFB68
:10F9A000019B0446002BC8D0DBF800203349E7E771
:10F9B000DFF8C0B00021DBF8000001AA13F0EBFB78
:10F9C000019B0646002BB8D0DBF800202C49D7E776
:10F9D000631C01D12B49BAE75FFA86F8C6F3C40667
:10F9E000002C3FD002AB29461A46A6EB050C0CE0D2
:10F9F000B8F1100F1DD0B8F1200F20D0B8F1080FCA
:10FA00002AD10878187031443344A64203D80CEB4D
:10FA100001001028ECD9102CA14628BF4FF0100986
:10FA200029464B46384601F023F81035A4EB09046B
:10FA3000D6E7088880B21870000A5870E3E70868B3
:10FA40004FEA102E187083F801E04FEA104E000EB6
:10FA500083F802E0D870D6E7082138460A4A13F046
:10FA600031FA90E7204690E710C90020ECC9030066
:10FA7000F3C90300BCF00020B2C90300C5C90300EC
:10FA8000D8C9030010CA030077C9030070B50F4E30
:10FA900004460D46337871B123B10D49BDE870407D
:10FAA00013F039BA0123337020460A4913F017FACC
:10FAB0000123337004E083F001033370002BF3D192
:10FAC00029462046BDE8704013F07FBA3902012074
:10FAD0002ACA030065CA030070B504463B48037890
:10FAE000182B02D10B78112B31D00B46013A8D180F
:10FAF000AB4225D18B5C0A780370A2F13003092B4D
:10FB0000334C04D922F02003413B052B04D8236851
:10FB10003049CA54013323602368022B33D11022A9
:10FB200000212C480FF0FEFE2B4A136803F8010B4E
:10FB300013602A4A1368013313600023236022E014
:10FB400013F8016B182ED3D11E78112ED0D1234D6E
:10FB500020462A68224913F0C2F920460021FFF707
:10FB600095FF204B187870B91F4A2B681168042B39
:10FB70000ADC08B111602B6013F003010BD112688D
:10FB800013681BBA136070BD0868043B00BA41F8E3
:10FB9000040B0120EBE75B4203F0030358BF59421B
:10FBA000022904D1126813885BBA9BB2EAE70329E1
:10FBB000E9D1106802681104C2F3074301F47F0120
:10FBC0000B4302F47F4213430360DCE73A02012057
:10FBD00058EC00203C02012064EC00205CEC00208A
:10FBE0008FCA03003B02012060EC00202DE9F84F92
:10FBF0000023064615460C462949DFF8A8800B600D
:10FC00002949DFF8A890DFF8A8B088F800300B6029
:10FC1000012C2F4655F804AF1ED902224946504602
:10FC200018F05CFF80B99AF80220003A18BF012250
:10FC30009244504602221F4918F050FF30B9012368
:10FC400088F80030013CE3E70022F1E749465046DE
:10FC5000F9F732F8A8B904370022786811460FF096
:10FC600061FE0022144B1146186078680FF05AFEAE
:10FC7000124B134918603046FFF708FF0020BDE81B
:10FC8000F88F9AF800202D2AE6D19AF80120002A50
:10FC9000E2D052465946304613F021F9D2E700BF70
:10FCA00058EC00203B0201205CEC0020A9CA0300B4
:10FCB000AFCA0300ACCA030064EC002060EC002073
:10FCC000D9FA010007B50A4818F02CF860B10423EE
:10FCD000084A0093126801230549074800F030FFE5
:10FCE000002003B05DF804FB6FF01200F9E700BFDD
:10FCF000DC9703001CA20300689C030010B5446855
:10FD0000C4E90012A36042684021134653F8404BF7
:10FD100051635362002302F13801C2E90413082140
:10FD2000C2E90A33C2E9063313631162C2F8B8307C
:10FD3000A36823B11B6C13B1204604499847A368FC
:10FD40001B6A0BB120469847002010BD51FD0100F1
:10FD50002DE9F34705460C468368DB6B03B19847F2
:10FD6000AB68DB6A73BB4FF0000904F1240704F1B0
:10FD70002808218E238D626B5B1A9BB2D31A9342A3
:10FD800028BF13464146384601AA12F0DBF98246E5
:10FD9000002844D0AB6801991B69002B33D0024680
:10FDA00028469847064688B332464146384612F000
:10FDB000FFF956454FF00109DBD00020D4E90131AD
:10FDC000984703E0284698470028CCD1AB68DB6908
:10FDD000002B37D1628BE38A04F110079B1A226A49
:10FDE0009BB2934204F11A0828BF13464146384695
:10FDF00001AA12F0A7F9064658BB284612F0C5FE24
:10FE0000C4F8B86031E06FF05706CDE702464146CE
:10FE1000384612F0CDF9B9F1000FD7D0CDE7174829
:10FE2000036813F0060F03D00221154A12F00BFDF0
:10FE3000AB681B69002BEED0012228460DF10301AF
:10FE40009847E8E7284698470028C3D102B0BDE8A4
:10FE5000F087AB680199DB6863B102462846984792
:10FE600002464146384612F0A3F9D4E90131012097
:10FE70009847EBE76FF05702F3E700BF60CD002033
:10FE800011CC030010B504468168183101F072FBF3
:10FE9000A1682046BDE81040014A183101F0F8BAC7
:10FEA00053CC0300014912F002BF00BF2CC603006F
:10FEB000F7B5044680680D46D0F878325A0705D564
:10FEC000002112F042FFE06813F06AFDE368DB688E
:10FED00073B9002D3BD0A66806F15607384612F0DC
:10FEE000F3FE002835D0394606F5AB7018F0EEFD6C
:10FEF000A2682946E0680DF10603563213F053FD5F
:10FF000058B9A06800F5AB71563018F0DFFDA06855
:10FF1000563012F0D9FEADF80600204613F0FAF97B
:10FF2000A368D3F874329B0603D50B49606912F0BD
:10FF3000BEFE204601F096F8A268BDF806302046C5
:10FF4000A2F85230A268A2F8503013F086F903B03C
:10FF5000F0BD86F85601CBE76C9E03002DE9F04F0B
:10FF6000A7B004465422002111A818F00EFC00236B
:10FF7000CDE90533A36820465633029313F0D1F937
:10FF8000204613F053F910B96069FFF78BFF002684
:10FF90004FF0FF37B246B3463546B146A06814224B
:10FFA0000021183018F0F1FB204600F0A1FFA168F5
:10FFB000E068B1F85020563113F02CFD204613F0C4
:10FFC000BBFD0DF144080396DDE90532012A6DD031
:10FFD000132B6ED85FBBBBF1000F0AD0204613F085
:10FFE000CCFD1423A26811A956320DEB030000F0DA
:10FFF00033FEB9F1000F0CD099F81130FE2B08D167
:020000040002F8
:10000000059B26AA02EB830252F8542C0AB1013355
:100010000593A068059D436A002B40F0B680CEB1E1
:10002000C3699E422DD00D9600F1180524E00223ED
:100030004146029A06A800F00FFED8F8042006995F
:100040000346029231B101290AD148B16D4A2046D6
:1000500013F015FA6FF00705284627B0BDE8F08FBA
:10006000059B002B34D0D8F8000001F0A3FA98B11A
:1000700066B1A5680D9618350CAE0FCE0FC5336866
:100080002B602046FFF7FEFE0125E5E75E4A0121D1
:10009000204613F0F4F9DDE7059BCBB12946204655
:1000A000D8F8002001F028FC022809D1059B132B69
:1000B00091D9069B022B8ED10121544B544AC6E79D
:1000C000032805D0059B4FF0010B013305937BE717
:1000D000039B33B94846D8F8001007AA13F002F87A
:1000E000054608F10408013F9DB3EB68BBF1000F22
:1000F00008D0F3B1204613F014F9204613F0ADF800
:10010000444AC4E7ABB1AE46A368DDF814A003F1DE
:10011000180CBEE80F00ACE80F00DEF80030CCF899
:100120000030AB682BB96B7CFE2B04BF2F7C07F132
:10013000FF37D5F804C0BCF1000F08D0AE460CAEB6
:10014000BEE80F000FC6DEF8003033606646A946F1
:1001500003E0059B53B101230393069B17B9022BC0
:100160007FF432AF059B013305932DE7A368DB6A6B
:1001700013B1DB68002BEED1274B01210093204601
:10018000119B264A13F07BF9E5E790F82830A5EBA0
:100190000A05BBB14FF6FF7290F82910FF2918BF6E
:1001A0000A469D4202D313449D420BD98369012123
:1001B00020461B4A13F063F92046FFF763FE6FF0F9
:1001C000150549E7012112F0B5FDA06800F543705F
:1001D00012F0D4FDA36811AA294602EB8A02204638
:1001E0005B6A98470546A0684FF0FF324FF0FF3337
:1001F00000F5437012F043FD0021A06812F09AFD53
:100200002AE700BF61CC030075CC0300D6CC030005
:1002100003BB030093CC0300C2CC0300BFCF030099
:10022000FACC0300022210B5836804461A7583686D
:100230009B6CBBB912F002FD8368D3F87832DB0403
:100240000BD50321084B094A13F019F9A0686FF484
:10025000805100F51E7012F007FD2046BDE81040E9
:1002600001F086B810BD00BF15CD030076BD0300B8
:100270002DE9F04F044680680121B1B000F51E70F1
:1002800012F0E7FCA3681B7D022B20D10023099309
:10029000A36860689E6C03681D6909AB0EB31022E9
:1002A0001BA9A847099B93B10121A06812F042FD48
:1002B0002046099A1BA9B0470021A06812F03AFD18
:1002C000A3689B6C002BE3D12046FFF7ABFF6FF0D8
:1002D0000101A06800F51E7031B0BDE8F04F12F0CA
:1002E000C3BC01220DF12301A847099B002BEED0CE
:1002F0009DF923109DF823300029A268C8DB517DA9
:10030000032900F21283DFE811F004009202AA022E
:1003100010030D2B56D00A2B32D0B2F87812092BCD
:100320006FF3CA01A2F8781264D013D8002B5DD005
:10033000082B00F0DD818D495A1CD2B28A5CA0687E
:1003400012F0970F00F0E181012112F0FEFC9DF800
:10035000231001E11B2BA06846D07F2BEBD1D0F8F6
:1003600074329D0742D5012112F0EFFCA368D3F847
:100370007432190700F1C581204613F0C9F835E041
:10038000D2F87812C1F3C70129B1D2F87812C1F3BB
:10039000C7010A29CFD1B2F8781263F3CA01A2F8D3
:1003A0007812A568B5F85010C1B9284612F0CDFCF6
:1003B000E06813F0F5FA6069FFF774FD2046FFF777
:1003C00031FF65E7D2F87812C1F3C7010029E2D006
:1003D000D2F87812C1F3C7010D29DBE72046FFF7F9
:1003E000BDFDC5F82403E9E701234375606912F0F8
:1003F000F2FD4DE7A068D0F874329A07F6D50121D6
:1004000012F0A3FCA068B0F85030FF2BEED000250E
:10041000B0F8522000F1560100F5AB7018F08EF9DB
:10042000A3681BA9B3F852200BA8134483F85651B4
:10043000A268142302F5AB7200F00EFC0B9914298C
:10044000D4D830AB03EB810343F8545CA368B3F812
:100450005220002A50D1002957D100250A950A9B25
:1004600030AA02EB830353F854AC0026504612F036
:100470002BFCB3468146B04637463946284616AA75
:1004800000F0C6FC034600284ED1012E72D10A9B13
:1004900030AA02EB830353F8540C12F015FCA26847
:1004A000064641462846183200F0B2FC0568284648
:1004B00012F00AFC864205D0821B92B22046A9198E
:1004C00013F024F8A0682A4AB0F85230034493F895
:1004D0005630D15C11F0080142D1D0F87432DF07F8
:1004E00039D512F03CFC2021204600F009FF012103
:1004F000A06812F034FC79E70029AED0134493F8D9
:1005000055301B4AD35C1B0702D40129A5D0013901
:1005100000200CAB009301900AAB1BAA12F00DFE59
:10052000054600289BD161E71B684A46514618469C
:10053000039318F0D3FA60B9039B1846F8F7C6FB8B
:10054000584538BF5846002E08BFB8461FFA80FBF2
:100550000136013791E72021204600F0D1FE45E722
:100560000121204612F0ADFE40E700BFF2FD03007E
:10057000F3FD030004907FF639AF0A9A30AB03EB2A
:10058000820252F8543CC1461846039312F09CFB79
:10059000049BA2680590A2F840300496A2684946E0
:1005A0002846183200F034FC039BD0F800A009F173
:1005B00001094BB1BAF1000F06D019465046059A11
:1005C00018F08CFA0028E9D1A168BAF1000F4DD1DA
:1005D000A1F840A0049B013B0493DFD16069FFF7C1
:1005E00061FC204600F0C4FE0A9B30AA02EB8303A4
:1005F00053F8540C12F068FB414611AA8146284674
:1006000000F006FC0746A0683968FF2200F5AB70D1
:1006100018F076FA3B684FF6FF7708F1010AB84602
:1006200003935146284616AA0AF1010B00F0F0FB8D
:10063000002851D00022A168036801F2551111F879
:1006400001EF985C704503D110B101324245F6D1FB
:10065000B9F1000F01D04A4506DBBA42A8BF3A46BD
:10066000013E012E97B237D0DA46DAE7B04806915C
:1006700012F02AFB069900EB0B074A8FBFB2121A41
:1006800092FBF7F2504692B20791069212F01CFBD1
:1006900007993F1AB1F84000069A00F1010CA1F841
:1006A00040C0B0FBF2F102FB110080B2BFB260B9F2
:1006B000062120469E4B9F4ACDF800A012F0DFFE97
:1006C0003946204600F07AFC84E75346062120464E
:1006D000994A12F0D4FEF3E7002F3FF487AE039956
:1006E000A7EB0902204692B2494412F00FFF7DE6C3
:1006F000A068D0F874329E077FF578AE012112F021
:1007000024FB204612F023FF70E6D0F874229207F3
:100710007FF56CAE013B162B3FF668AE01A252F896
:1007200023F000BFFD0802008107020089070200D4
:1007300079030200F1080200AD070200ED03020098
:10074000ED030200ED030200ED030200B507020015
:10075000BD070200ED030200E7070200ED030200FF
:10076000F1070200ED030200ED030200ED030200B9
:10077000ED030200F5070200ED0302001F0802006E
:10078000204612F0D7FD31E6204612F0CAFD204681
:1007900012F04CFD10B96069FFF784FBA0680121DD
:1007A00012F0D3FA2046FFF73DFD1FE6204612F077
:1007B000CAFD1BE6204612F0D1FD17E6D0F87432D0
:1007C0009F0603D55D49606912F071FAA368D3F8FA
:1007D00074329E0603D55A49606912F068FA2046C1
:1007E00000F0C6FD02E600212046FFF761FBFDE5B3
:1007F0000121F9E7204612F08DFD204612F01EFA85
:100800000121A06812F0A1FAA368D3F874329D0602
:100810007FF5ECAD4B49606912F049FAE6E52046F8
:1008200000F09AFC0121A06812F08FFADEE55B2B44
:1008300002D102235375D9E5D2F87422900706D568
:10084000622B08D14FF0FF31204600F0CDFB002293
:10085000A3685A75CAE5662BF9D10121F4E7002196
:100860005175A268D2F8741289077FF511AD313B3A
:100870001B2B3FF6BBAD01A151F823F0F908020094
:100880000509020019090200ED080200ED0302004B
:10089000ED030200ED030200ED030200ED03020090
:1008A000ED030200ED030200ED030200ED03020080
:1008B000ED030200ED030200ED030200F107020068
:1008C000E7070200AD07020081070200ED03020006
:1008D000F1080200ED030200FD080200ED03020032
:1008E000ED030200ED030200090902000323537522
:1008F000204612F016FD79E503235375204612F0C9
:1009000009FD73E503235375A068D0F8741201F054
:10091000010181F00101ECE503235375A368D3F8CD
:1009200074329B077FF562AD26E5002382E700BFA6
:1009300043C1030059CD030076BD0300719E03003F
:10094000769E03006C9E03002DE9F041044680680A
:10095000154600F51E70002937D04FF4804112F083
:1009600078F9A3680021DD64606803689B68984794
:10097000002851D1204612F028FA00284CD1274EE9
:10098000274FDFF8A080A06800F52F704FF0FF32EE
:100990004FF0FF3303210DF081FE0546A068CDB175
:1009A00040F26762002300F5437012F068F998BBCB
:1009B00020462B4601211C4A12F061FDA068BDE8CB
:1009C000F04100F5437012F0D9B96FF4804112F094
:1009D0004BF9C6E74FF0FF334FF0FF3200F543709D
:1009E00012F04DF932460221204612F04AF93A46F9
:1009F0002946204612F045F920464246012112F0D0
:100A000040F9606803685B6903B19847A06800F526
:100A1000437012F0B3F9B6E7BDE8F081E92C0300AA
:100A200071020200812D03005FCD030010B5044662
:100A30000A4912F054FA2046094912F050FA2046A9
:100A4000084912F04CFA2046074912F048FA2046AD
:100A50000021064A00F01CFD002010BD76CD0300E9
:100A6000B4CD030013CE030067CE030001CF030013
:100A7000F8B51E4617460A462949044612F02FFAD1
:100A80003EB320463A78274912F029FA01256A0731
:100A900003D12046244912F022FAAE421ED9204644
:100AA0007A5D204912F01BFA0135102DEFD1204656
:100AB0001E4912F014FAB6B920461B4912F00FFA7B
:100AC0000125AE422B4610D82046174912F007FAEE
:100AD00016E02046164912F002FA01252046144974
:100AE00012F0FDF9E0E700252B46FA5C114B204699
:100AF0009B5C114913F0970F08BF2E2212F0EFF9FB
:100B00000135102D06D06B07DBD12046064912F0C7
:100B1000E6F9D6E72046BDE8F840084912F0DFB90B
:100B200017CF03003CC1030044C1030046C10300CA
:100B300042C10300F3FD030029E403001ECF0300BC
:100B40002DE9F043044680688846D0F82013154606
:100B50001F4689B0002960D14FF44A7217F015FE84
:100B6000E06812F0CFFFA06800F5437017F09BF922
:100B70004FF42F794FF41F76A068304417F090FDA2
:100B8000A0680022831901214844103617F05AFD4D
:100B9000B6F52F7F09F11409EED10026A3690221D1
:100BA0001E60A06866F3820500F51E7012F051F811
:100BB0005022A36820465A871822A3681A87216802
:100BC00012F0B7F9A3684146C3F874526068144A3A
:100BD00003681D682346A8470546D0B90122A368CB
:100BE0001A75D4E90A0100220023CDE906230E2359
:100BF0000393109B4FF40062CDE901730495094BF8
:100C000000940CF029FEA368C3F82003616A0CF07D
:100C10006FFD284609B0BDE8F0836FF07705F8E76F
:100C2000D52C0300490902001346002213B50446DF
:100C300000920A4601460748FCF7BCF923691B7974
:100C40002BB1204602B0BDE8104012F0C4B902B08A
:100C500010BD00BFEF2F03002DE9F04F002607461F
:100C600014469946B34685B0DFF8A0A1019106600D
:100C70002378002B00F0C6801AF8033013F0080325
:100C800004D004F801BBF3E70026F1E73A68511CF1
:100C90003960019941F822403A684A4500F0B28033
:100CA0001E4621780029E3D0A6B90E4623461C46ED
:100CB000272E04D05C2E20D0222E40F09780204694
:100CC00012F0B3F9611C0246204617F044FD21786A
:100CD0000029CDD0B142A04604F101041BD1404609
:100CE00012F0A3F921460246404617F034FD98F869
:100CF00000604446002ED9D1BAE7204612F095F99B
:100D0000651C02462946204617F025FD66782C46CC
:100D1000002ECDD1ACE75C2998F80110D8D1B142B2
:100D20008C4608D1404612F080F9214602464046E2
:100D300017F011FDB5E7302925D10025022218F85A
:100D400002C0ACF13000C0B2072819D8ED00013262
:100D5000EDB2052A45EA0005F1D1511E4144404655
:100D60000392029112F061F9039A0299023A821AEF
:100D7000404617F0F0FC98F8011088F80050A7E7FB
:100D8000D2B2022AE9D1BCF1780F2AD10025022083
:100D900018F80020A2F1300C5FFA8CFCBCF1090FAE
:100DA00009D82D01EDB24CEA0505022801D0042234
:100DB000D3E70320ECE7A2F1610CBCF1050F05D8E5
:100DC0002D01EDB2573A1543EDB2EEE7A2F1410C19
:100DD000BCF1050F03D82D01EDB2373AF3E7022835
:100DE00002D108F1010473E70322B6E71AF80630CE
:100DF0001B073FF549AF6678631C002E7FF457AFA1
:100E00001C4635E7304605B0BDE8F08FF3FD030022
:100E100038B50B46154648B91449154A521AB3EB72
:100E2000920F05D251F82350284638BD84680CB97A
:100E30000025F9E70F4A94420AD30F4A944207D299
:100E400018462946226890472B68002BECD1EFE723
:100E50000A4A944202D30A4A944205D324681422CF
:100E60005343E518E358F0E70133F8E7989C030093
:100E7000CC9C0300F89D0300F89D0300CC9C03006C
:100E8000F89D03002DE9F843074612F0CEF8054619
:100E900030BBBDE8F88354B18AB2AA1A01302C1BCA
:100EA000013239443844A5B217F055FC44466B1E54
:100EB0009E42EEDA30463B5C013619F80330B6B29A
:100EC0001B07F4D531468BB29D42F0D97B5C19F8F3
:100ED000038018F00808DED001340131A4B2F2E733
:100EE0000026DFF808903446E1E700BFF3FD030079
:100EF000F8B58468054694F856306BB9AB68B3F81A
:100F00005020A3F85220F8BD013A92B2A4F8502024
:100F10002AB984F85620F1E7134E04F15600B4F8CC
:100F20005020831813F8013CF35C13F00803EBD155
:100F300083549AB210F802C01F4616F80CC010FA7B
:100F400083F11CF0080F03F10103F2D1BFB2002FAF
:100F5000D4D0B4F85060731C9A1AF61B17F0FBFB40
:100F6000A4F85060CAE700BFF3FD03008368D3F81C
:100F700074329B0603D50249406912F038B97047B4
:100F80007C9E0300014912F032B900BF2CC6030059
:100F90000A1E0DDC0ED042238168D1F87412890636
:100FA00008D5002A04494069B8BF524212F01FB95F
:100FB0004123F1E7704700BF3ACF03000A1E0DDC62
:100FC0000ED044238168D1F87412890608D5002A0E
:100FD00004494069B8BF524212F009B94323F1E70E
:100FE000704700BF3ACF03002DE9F0410C1E0646C2
:100FF00033DA4FF0FF35644224B2DFF86480A4B2E4
:10100000AFB214E0B3680020B3F8522003F1560CDD
:101010001146B3F8503071B9B5F1FF3F00D073B944
:10102000891A304609B212F04CF9013CA4B2002CE6
:10103000E8D1BDE8F0818B4201D1012DF0D01CF840
:1010400001E018F80EE01EF0070F04D10028E7D1E8
:10105000394489B2DFE70120FAE70125CDE700BF77
:10106000F3FD03002DE9F0478568044605F15600BD
:10107000F7F72CFE0023984695F83C70DFF8549063
:1010800086B2A268558FED1BB54209DB002E1FDD2D
:101090005633606910491A44BDE8F04712F0A7B80A
:1010A0001D442A4492F856A082F85680A26856330E
:1010B0001A444946606912F09AF8A3682B4483F8F1
:1010C00056A0A3685B8FDB1BF61A00272B46D8E7D8
:1010D000BDE8F08703BB030076BD030008290A467C
:1010E00017D8836893F83E10914212D083F83E20BF
:1010F0008368082AD3F8743205D0990609D50549C2
:10110000406912F074B89B0603D50349406912F098
:101110006EB8704741CF0300819E030038B50D467D
:1011200009780446FFF7DAFF6A78072A11D8A3681E
:1011300093F83F1091420CD083F83F20A368D3F876
:1011400074329B0605D560690249BDE8384012F04B
:101150004EB838BD4ACF0300F8B583680446B3F8EB
:101160005020002A55D0B3F85210002951D05531E3
:1011700003F156050B441846A84206D3014611F860
:101180000169202E3CD0A8423CD286B29DB2AB1B56
:101190009BB2591C471CD21A0144384617F0DBFA9F
:1011A000A268711BB2F85030204613FA81F3A2F8FE
:1011B0005030A36809B2B3F850201344002283F8DA
:1011C000562012F07EF8A368D3F874329A0603D53D
:1011D0001049606912F00BF83B46082120460E4A80
:1011E00012F04DF92046FFF7C1FEA368D3F8743220
:1011F0009B060ED560690949BDE8F84011F0F7BFBC
:101200000846B9E7014611F80169202EBDD008460D
:10121000B9E7F8BD869E030076BD03008A9E0300F1
:101220002DE9F84F04460F4690460AB1FFF79EFE9F
:10123000A668D6F87432B6F852505B0724D505F18B
:1012400056003044F7F742FD05462A4EB5B9A3686B
:10125000B3F85020A3F85220A06811F0D5FF30B1A8
:10126000B8F1000F00D017B16069FFF78BFE79422B
:101270002046BDE8F84F09B212F023B83146606944
:1012800011F0B5FF013DE1E73046F7F71FFDB6F875
:101290005090738F19FA80F915FA80F0B0FBF3F2D1
:1012A000B9FBF3F39A42AA461BD0134D4845A368F5
:1012B000CDDA5A8F461CB0FBF2F302FB130313B9CD
:1012C0006069FFF75FFEA368204653442A46082161
:1012D00093F856300AF1010B12F0D1F8DA46304695
:1012E000E4E7563508212046044A731912F0C7F87E
:1012F000ADE700BFC6D9030029E4030076BD0300B3
:1013000013B583688DF80710D3F874220446D0070C
:1013100025D5B3F85210B3F850208A421FD0481C8C
:101320009DF80720A3F852000B4483F85620A368C9
:10133000D3F87412890710D5D3F87432606913F0AA
:10134000040F18BF2A22094911F051FF204611F05D
:101350006DFF10B16069FFF715FE02B010BD0122EC
:1013600020460DF1070112F097F8F6E729E4030093
:1013700010B5044683680221084A12F080F8A36879
:10138000D3F874329B0707D52046FFF76BFE204643
:10139000BDE8104011F070BF10BD00BF76BD030066
:1013A000014912F05DBA00BF2CC603002DE9F047D9
:1013B000054690460E46002965D00024DFF8CC9003
:1013C000335D19F803301A071ED43046F7F77EFC58
:1013D000AB6880B25A8F001BA2EB0803984206EB61
:1013E000040A13D95146002711F8010B19F800C05F
:1013F0001CF0080F02D00A282DD03B4608EB07004E
:10140000824227D90137EFE70134D9E75346002755
:10141000B84214D013F8012B0A2A19D1686911F0C7
:10142000DAFD51463A46284611F0C2FF6869FFF7D7
:10143000B7FF0134414628463C44FFF7BFFD6869C9
:10144000311912F00DFA6869BDE8F047FFF7A8BF3F
:101450000137DDE71F46686911F0BDFD3A46514688
:10146000284611F0A5FF3C44335D19F803301B07F3
:1014700007D46869FFF794FF41462846FFF79EFDB1
:10148000A3E70134F0E7BDE8F08700BFF3FD0300F8
:101490002DE9F04F0F460021044616460D4689B04F
:1014A000384603AA01F10108FFF7B2FC98B97DB1F3
:1014B00026B132460821204611F0E1FF0021DFF875
:1014C000A880384603AA01F1010AFFF7A1FC60B920
:1014D00009B0BDE8F08F006810B1F7F7F7FB80B2F4
:1014E000854238BF05464146DAE7D0F800B0BBF187
:1014F000000F1AD09BF80020BAB1D0F804905846DB
:10150000F7F7E4FB20222E1A8DF80B204346082122
:101510002046164ACDF800B0B6B211F0B0FFB9F1CE
:10152000000F1DD16069FFF73BFF5146C9E701225B
:1015300020460DF10B0111F03BFF0BF1010B1FFADF
:101540008BF29642F3D8204643460821084A11F010
:1015500096FFAA1D4946204692B2FFF727FFE4E70F
:101560004FF0000BEBE700BF61CF03005ACD030043
:1015700037C10300F7B50F6805460E46A7B13846D8
:10158000F7F7A4FB84B2094B2846009308213B4699
:10159000074A11F074FF2846E21C716892B203B04A
:1015A000BDE8F040FFF702BF3C46ECE75DCF03002B
:1015B0005ACD030010B507490446F7F77DFB38B153
:1015C00020460549F7F778FBB0FA80F0400910BDD6
:1015D0000120FCE753CF030056CF030010B583680A
:1015E0000446D3F874329B0603D50649406912F0CD
:1015F0004AF95022A36800205A871822A3681A8744
:1016000010BD00BF8E9E030008B5836902491A68A9
:1016100011F065FC002008BD64CF03002DE9F34103
:101620000D49054611F05BFC00220C4C0C4EDFF816
:101630003480B44202F1010703D3002002B0BDE8B8
:10164000F081636A92B20093A3684146284611F084
:1016500046FC30343A46ECE774CF0300689C030044
:10166000989C03008CCF030008B5024911F061FC7F
:10167000002008BD2DC6030073B5044600250D4E9D
:10168000A2680DF106030121E06802F5AB7212F0C9
:101690008AF9BDF80600A36840B12A4631462046C3
:1016A00003F5AB7311F01BFC0135E9E783F8560134
:1016B00002B070BD9DCF030010B5044611F07DFC53
:1016C00003490246204611F00AFC002010BD00BF6D
:1016D000A5CA0300022907B50BD153680C49009332
:1016E00012680C4B11F017FC6FF0150003B05DF899
:1016F00004FB8368084AD3F87432084913F0020FD8
:10170000074B18BF1A4611F0EAFB0020EEE700BFB6
:10171000BCCF0300A7CF030014DF0300C5CF030035
:101720000DC4030010B583680446D3F874329A06DA
:1017300003D50749406912F0A6F8A368D3F87432BC
:101740009B0603D50349606912F09DF8002010BD87
:10175000959E03009A9E0300F0B50129044685B0CA
:101760000AD053685E49009312685E4B11F0D3FBB8
:101770006FF0150005B0F0BD8368D3F87432990698
:1017800003D55949406912F07EF800256FF0F90140
:101790002046FFF7FDFBFA212046FFF70FFCA0686B
:1017A0004FF48072294600F5AB708DF80B5016F09F
:1017B000ECFF4E49606912F066F8606911F00BFCAD
:1017C0004FF47A766068012203680DF10B011F69FE
:1017D00003ABB847039BEBB9013E4FF47A70B6B246
:1017E00016F09BFA002EEDD1A368D3F874329B0655
:1017F00003D53F49606912F046F85022A36820469D
:101800005A871822A3683B491A8711F076FB6FF0BC
:101810000700AFE79DF80B20A3681B2A53D093F86D
:1018200056111B29CED1522A4DD15A19002382F8C4
:101830005631A66896F857215B2A2BD1022506F26D
:10184000571010F8011F2A463B2905F10105ADB2DA
:1018500023D1FF2AC8D002F5AB7216FA82F100221A
:1018600011F8010F18BBFA2A28BFFA22FA2B28BF59
:10187000FA2386F85601A1684A87A2681387A368ED
:10188000D3F874329A0603D51949606911F0FBFF49
:1018900000206FE786F85631A6E703EB8303303963
:1018A00001EB4301B5F5807F8BB2CAD19CE70135CE
:1018B00002EB8202ADB2303800EB4200B5F5807F1A
:1018C00082B2CDD190E72B440135ADB2092D83F81A
:1018D00056217FF677AF0022A36883F8562183E76D
:1018E000BCCF0300A7CF0300A09E030010D00300CD
:1018F000A49E0300D6CF03002DE9F04F07461546FE
:10190000894689B021B1104612F002F900285BD156
:10191000032455E05C463CE029460AF5AB7017F01D
:1019200041F90646002854D0F7F7D0F982B2601C7E
:1019300031460132304416F00EFF224659463046F9
:1019400016F0FCFE4FF020033355BAF8543008F17E
:10195000010801331C44AAF85440002401994B1C8F
:10196000484603AA0193FFF753FA0646E8B100225E
:101970002846316812F0C0FA0028EFD1D6F800B03E
:10198000D7F808A0BBF1000FC4D05846F7F79EF96E
:1019900084B2BAF854302344FF2BBDDD2B4603211B
:1019A00038460D4A11F06BFD0124B8F1000F07D045
:1019B000B8682A4600F1540100F5AB7011F06BFBDA
:1019C000204609B0BDE8F08F4FF0000802244146E0
:1019D000C5E70224E9E700BFCDD4030008B50548F8
:1019E0000FF080FF04480FF07DFFBDE8084003487A
:1019F0000FF078BF25D5030059D503008CD503001F
:101A00002DE9F84305460C4600AF002948D0DFF821
:101A1000B890D9F800305A0742D0D1E900016E469B
:101A20008AB06A46A3684FF00508DFF8A0C0C2E993
:101A30000713C2E905C042F8108F00234FF421516B
:101A40004846FCF701FFD9F80030B5465B0727D0C0
:101A5000D4E903018AB06A466369DFF874C0C2E959
:101A60000713C2E905C042F8108F002348464FF41F
:101A70002151FCF7E9FED9F80030B54658070FD0E0
:101A8000E36901214846134A10F0E6FED9F8003018
:101A9000590705D0A369012148460F4A10F0DCFE22
:101AA000012D0AD1EFF3058307480268520704D0DD
:101AB0000A4A2946103B10F0CFFE214628460BF07B
:101AC000F7F8BD46BDE8F8833CCD0020BAD5030049
:101AD000E9D5030018D6030027D6030055D6030026
:101AE00030BFFFF7FDBF00BF054B5A699B689A42A4
:101AF0001FBF044A536843F080535360704700BFD0
:101B0000C4FB002000ED00E0F8B5364C0646236823
:101B10000D465B0703D02046334912F05DF8334B86
:101B20009B6ADF065CD52368580703D030492D48EF
:101B300012F052F811202D4B9B6A190707D5236824
:101B40005A0703D02B49274812F046F81220274F96
:101B5000BB6A9B0719D52368580703D0264921483B
:101B600012F03AF87B6BBA6A11060DD5226852075B
:101B700004D00121214A1B4810F06EFE26B11B4AF9
:101B8000936A23F0800393621320184B9B6ADB0750
:101B900007D523685F0703D01949124812F01CF8D3
:101BA0001420124B9B6A9E0607D52368580703D062
:101BB00014490C4812F010F815200C4B9A6AD10603
:101BC00058BF9A6A9A6A920642BF5A6A22F4005231
:101BD0005A629A6A42F0FF029A6200232B70F8BDA3
:101BE0001020A8E73CCD002068D6030000ED00E0FF
:101BF0007ED60300B1D60300C4D60300DCD60300B2
:101C0000F2D6030011D7030010B5334C23685807F0
:101C100003D02046314911F0DFFF314B9B6A990117
:101C200057D523685A0703D02E492B4811F0D4FF0B
:101C30001E202B4B9B6ADB0107D52368580703D076
:101C40002949254811F0C8FF1F20254B9B6AD9025E
:101C500007D523685A0703D024491F4811F0BCFF59
:101C600002201F4B9B6A1B0307D52368580703D02C
:101C70001F49194811F0B0FF2120194B9B6A5903E5
:101C800007D523685A0703D01A49134811F0A4FF57
:101C90002220134B9B6A9B0307D52368590703D067
:101CA00015490D4811F098FF23200D4B9B6ADA036C
:101CB00007D523685B0703D01049074811F08CFF54
:101CC0002420074A936A6FEA03436FEA134393623F
:101CD00010BD1D20ADE700BF3CCD002040D7030064
:101CE00000ED00E058D703006BD7030085D7030051
:101CF000AFD70300CDD70300F2D703000CD8030001
:101D0000F8B5374C064623680D465B0703D02046DE
:101D1000344911F061FF344B9B6ADF0451D52368CD
:101D2000580703D031492E4811F056FF17202E4B8B
:101D30009B6A190507D523685A0703D02C49284800
:101D400011F04AFF1820284FBB6A9B0519D523685C
:101D5000580703D02749224811F03EFFBB6BBA6AEF
:101D600011040DD52268520704D00121224A1C48D3
:101D700010F072FD26B11C4A936A23F4004393626B
:101D80001920194B9B6A5B0507D523685F0703D0B1
:101D90001A49134811F020FF1A20134B9A6AD605EE
:101DA00011D52368590703D015490D4811F014FFC8
:101DB0001B200D4A936A43F47F43936200232B70E8
:101DC000F8BD1620B3E79B6A9A04F2D523685B0737
:101DD00003D00C49024811F0FFFE1C20E9E700BFC8
:101DE0003CCD002037D8030000ED00E04DD80300C3
:101DF000B1D603005ED8030077D803008CD8030067
:101E0000A7D8030011D703002DE9F0478AB0774B1C
:101E10000446D3F804908A461646002500AFC9F35D
:101E2000080885F31188BFF36F8F02F07F43B3F189
:101E30007F4F21D1D3071FD4500603D411070BD4F1
:101E400001250BE06A4803685A0702D0694911F07E
:101E5000C3FE16F0040600D0544600250023FB7193
:101E6000A8F10303092B00F29B80DFE803F0078D44
:101E700090899999999999932C46EFE75C4E33682C
:101E80005B0703D030465C4911F0A6FE0023FB71CE
:101E9000564BDA6A900708D53368590703D057497B
:101EA000534811F099FE002333E0DA6A002A04DA7D
:101EB00033685A07F7D05249F2E7DB6A5B00F2D584
:101EC0003368580703D04F49494811F085FE474B06
:101ED000A1695A6942F480725A61BFF34F8FBFF310
:101EE0006F8F5A6931F8021C22F480725A61BFF375
:101EF0004F8FBFF36F8F4DF6027291422BD1336833
:101F0000590705D0236801213F4A394810F0A4FC45
:101F10002368FA79DAB907F1080604F1200C324691
:101F200020686168083403C264451646F7D17A6AAE
:101F3000002D56D0C2F3080121B96FEA52226FEA90
:101F400042227A62184607F10801FFF759FD283747
:101F5000BD46BDE8F0879A6AD2B222B10120F91DD0
:101F6000FFF7D2FD0EE09A6A12F47F4F04D00120F1
:101F7000F91DFFF7C5FE05E09B6AB3F5803F92D3DC
:101F8000FFF742FE0346C4E70020F91DE8E7002002
:101F9000F91DEEE7164803685A0784D01B4980E70D
:101FA000134803685B073FF47EAF194A6E4619F485
:101FB000F87F8AB0174B18BF13466A461649C2E924
:101FC0000513A8F11003D3614FF400731384134B6E
:101FD00042F8103F00234FF41151FCF735FCB54691
:101FE00061E722F4FF7222F00102AAE700ED00E0AF
:101FF0003CCD0020EDD8030010D9030027D9030001
:1020000048D9030056D9030075D9030091D90300BC
:10201000D4D80300BFD80300B5D9030004000001E1
:10202000064B5A6942F010025A615A6942F48062C2
:102030005A615A6922F008025A61704700ED00E0C7
:10204000EFF30880EFF3098101B57246FFF7DCFE7C
:1020500001BD00BF002080F31488BFF36F8F002004
:1020600080F30A8880F30B88124880F3088814F004
:10207000DDFB002010490860BFF34F8F00F044F8EB
:10208000202080F311880D484FF0AA014FF4006220
:1020900015F072FE09484FF40061401880F309887A
:1020A000EFF314800221084380F31488BFF36F8F8D
:1020B00000F0FEF8A055012094ED00E0603C012006
:1020C000BFF34F8F0549064BCA6802F4E062134321
:1020D000CB60BFF34F8F00BFFDE700BF00ED00E016
:1020E0000400FA05002318460649D1F89020C2F3EF
:1020F0000722934200DB7047C1F89830C1F8A00076
:102100000133F6E700ED00E010B572B6002484F369
:102110001388FFF7E7FF23464FF0FF300C4A03F127
:1021200020010133102B42F82100F8D100234FF099
:10213000FF30074A03F160010133102B42F8210000
:10214000F8D162B6BFF34F8FBFF36F8F10BD00BFE2
:1021500000E100E0084B9B6883420BD1EFF305835D
:1021600043B1064B5A6842F080525A605A6A22F4D0
:1021700000425A620BF0D2BEC4FB002000ED00E02A
:1021800016498A6882F8B5E04FF030001044EFF34A
:10219000098C80E8F01F202080F31288BFF36F8F36
:1021A0000F4F4FF000664A698A603E6092F9B5E0D1
:1021B000D2F8AC000023C2F8AC3080F3118802F1F1
:1021C000300090E8F01F8CF3098802F1000004B59C
:1021D00011F00CFDBDE8044070470000C4FB002076
:1021E00004ED00E01EF0040F0CBFEFF30880EFF3E6
:1021F0000980816911F8021C0229FFD001B57246DD
:1022000011F0DFFC01BD00BF40B2002807DB012355
:102210004109034A00F01F00834042F82130704713
:1022200000E100E040B200280CDB0122064943092E
:1022300000F01F008240203341F82320BFF34F8F6E
:10224000BFF36F8F704700BF00E100E0054B42090C
:1022500053F82220012300F01F0003FA00F0104081
:10226000704700BF00E100E040B2002801F1010129
:10227000ACBF00F16040064B4FEA4111C9B2ABBFA1
:1022800000F5614000F00F0080F80013195470470A
:1022900014ED00E0044B054A23F07F039360BFF385
:1022A0004F8FBFF36F8F70470080010000ED00E09B
:1022B00008B5FFF7EFFF074AD2F8883023F4700320
:1022C000C2F888300AF0F4FD0BF0BCFF00F046F8CD
:1022D0000AF032FE00ED00E042F8203C009B0D4980
:1022E00042F81C3C019B21F0010142F8183C029B82
:1022F00042F8081C42F8143C4FF0807342F8043C4A
:102300000023C0F8AC304FF43C43203A0265C0F8DB
:10231000B43070474119030000B50A4B0E4698606F
:102320001546D0F89C3083F30B882C4686F3098839
:102330000020054B98472046002100220023034C33
:10234000204700BFC4FB0020F73B030041190300F6
:102350001022014B1A61704700ED00E0002320219C
:102360000348C2180133412B82F80013F9D170479A
:1023700000E100E008B5EFF30583064A103B02EBED
:10238000C30152F8330049688847BDE80840FFF7A9
:10239000ABBB00BF249803001FB5094C094A234674
:1023A0000121094800F01CF900230393074B012188
:1023B000E41A01A80193029400F01CF904B010BDC6
:1023C0000000042080C5002064A60300D0CF0020B8
:1023D00010B50C7A0B6804F01F0223F01F031A4398
:1023E000CB68640923F01F03054943EA440343F023
:1023F0000103C1F89800C1F89C20C1F8A03010BDBD
:1024000000ED00E010B50C4B0446D3F89030C3F358
:102410000723013B98420BD9084803685B0704D0A7
:1024200001212346064A10F017FA6FF0150010BD7F
:10243000FFF7CEFFFBE700BF00ED00E02CCD002052
:10244000CCD903002DE9F04F8946144606464FF0DB
:102450000008544D85B0C8452EDAD6F804A0BAF16C
:10246000000F4BD0BAF11F0F1BD91AF01F0F18D154
:10247000D6F800B01BF01F0F13D1584611F0DEFB49
:1024800007460AEB0B00013811F0D8FB874217D042
:102490006FF01507444803685B070BD0434A3B467F
:1024A00005E0414803685A0704D04346404A0121E9
:1024B00010F0D2F96FF01504204605B0BDE8F08F9A
:1024C00017F1160FE6D0BC42E4DDC5F89870D5F8D8
:1024D0009C10C5F89870D5F8A03021F01F0143F08A
:1024E0001F0BD6E900321A44994202F1FF3A1DD17E
:1024F000D34507D13146F8B211F0A9FB08F1010824
:102500000C36A8E73146C5F89870D5F89C3022F013
:102510001F0203F01F031343C5F89C30E0B211F013
:1025200096FB10F1160FC5D0441CE7E7C5F898706C
:10253000D5F8A020013B23F01F0302F01F02134334
:10254000D3453146E0B2C5F8A030E8D011F07FFBAA
:1025500010F1160FAED0C5F89870D5F89C209DF8F4
:1025600008300BF1FF3B62F304038DF80830D5F817
:10257000A0309DF808205B0863F347128DF808200F
:10258000D6E900321344009323F01F035B44A3EB0E
:102590000A03013023F01F036946C0B20393FFF71B
:1025A00031FFBEE700ED00E02CCD002015DA03007E
:1025B000F2D903000522044BC3F89420BFF34F8FD8
:1025C000BFF36F8F704700BF00ED00E0BFF35F8F78
:1025D0000022024BC3F89420704700BF00ED00E0DA
:1025E00010B5034C2278FFF72DFF207010BD00BFFF
:1025F0005C0201202DE9F74F294D8A4606464FF02F
:102600000008AB46274FD0451BDAD6F80490B9F145
:10261000000F3FD031680846019111F00FFB01997E
:10262000044609EB0100013811F008FB84424FF029
:1026300014021D4B08D002FB08F36FF015024BF893
:10264000032003B0BDE8F08F14F1160F2C60F8D012
:102650001978A142F5DD02FB08B0C7F89840C7F829
:102660009840D7F89C4000F10801007B64F3040017
:102670000871D7F8A0000C79400860F347140C717A
:10268000D7F89C1021F01F016960D7F8A01021F045
:102690001F01296108F1010814350C36B3E700BFAA
:1026A000F0EF002000ED00E05C020120F0B54149B0
:1026B000414CD1F890302568C3F307239D4287B081
:1026C00075D80020FFF782FF3C4BC1F8C03085422F
:1026D00016D13B4C01A82570FCF772FB002506467D
:1026E000384FAE4213D1002023783249D1F89020E0
:1026F000C2F30722934254DBFFF75CFF00202FE078
:10270000616801EB0011FFF763FE0130DFE701991B
:10271000280101EB0513DA683A40B2F5001F21D019
:10272000B2F5800F2BD0B2F5801F38D15A689B6864
:102730000958013B22F01F0003440120844623F086
:102740001F0340EA4C10CDE902218DF8100002A9C8
:1027500020780593FFF756FE00281DDA6FF015006C
:1027600007B0F0BD5A689B680958013B22F01F0072
:1027700003444FF0020C012023F01F03E1E75A68E5
:102780009B680958013B22F01F0003444FF0000CE6
:10279000022023F01F03D4E723780133237001358F
:1027A0009FE7C1F89830C1F8A00001339EE74FF0D1
:1027B000FF30D5E700ED00E070A60300AAFF44005B
:1027C0005C0201200000F0FF014B1860704700BF61
:1027D000F4C80020F8B50D46094F461EC0F10104AB
:1027E000A3199D4201DC2846F8BD73780A2B02D15B
:1027F0000D203B6898473B6816F8010F9847EFE7B4
:10280000F4C8002010B5074C2368C2180648C0F170
:10281000005101F580218A4236BF22604FF0FF301F
:10282000C01810BD04F00020A0E7012008B505483D
:102830000FF058F8002383F31188BFF36F8F042340
:10284000184602DF47DA030038B50025074C20465A
:1028500015F029FB04F11400013515F03EFC052D9F
:1028600004F12404F3D1002038BD00BF08F000209B
:1028700070B5224B82689A4215DDD0E9001601330B
:1028800092FBF3F3012976F100054FEAE37422DAB3
:10289000C91844EB0604C0E90014194901FB0323DD
:1028A0008360012070BD002AFBDAB2F1004F1EBF29
:1028B00014499B1AB3FBF1F3D0E9004108BF03238D
:1028C00000294FEAE3760FDA01F100459C42B54159
:1028D0000ADA0020E6E7CD439D426FF00045A5EB04
:1028E0000605A541D4DAF4E7E41A61EB0601C0E974
:1028F0000041044901FB03228260D2E7FFC99A3BF1
:10290000003665C400CA9A3B012810B50C4609D0B0
:10291000042818D100230022C1E9002300238B6082
:10292000002010BD4FF0FF324FF0FF3309480EF08A
:10293000F8FF0028F4D1084B0FCB84E80F000548BE
:102940000EF0EAFFECE711F0B7F9162303604FF041
:10295000FF30E6E724CF0020F8D80020F0B50022B1
:102960000026002785B001280C46CDE900670292B9
:1029700009D004280AD011F09FF9162303604FF004
:10298000FF3005B0F0BD6946FFF7BEFF15F0FBFC58
:10299000234AC30BC0F30E00A0FB0202C00B43EAA4
:1029A000414340EA4240C90BA060C4E900312046DF
:1029B000FFF75EFF18B911F07FF98B23DEE7D4E94A
:1029C00000100028DDE900321ADA002A08DA4FF098
:1029D00000454E4265EB0005B34272EB0505EADBAC
:1029E0005B1842EB0002C4E90032A368029A204659
:1029F0001344A360FFF73CFF0028DCD00020C0E7B1
:102A000051EA0005ECD0012B72F10005E8DBCD4363
:102A10009D426FF00045A5EB00059541DFE700BF43
:102A200000CA9A3B0B0706D5034B1B5C03F003035C
:102A3000012B08BF20307047F3FD030008B500F0FC
:102A4000B7F8012200230949C0E900224161084981
:102A5000C0E902330A60074903610A60064A13604D
:102A6000064A1360064A136008BD00BF2DC6030066
:102A700014C9002010C90020C4F00020C0F00020BC
:102A8000BCF000202DE9F04107460E46154600F047
:102A90008FF8C36804461BB943691A78002A41D1EC
:102AA0000023E3606368BB4256F8232008DB324B07
:102AB0006361204600F062F84FF0FF30BDE8F0811E
:102AC000511C616192F80080B8F12D0FEFD1911C7B
:102AD000616151782D29A16004D192786AB90133DE
:102AE0006360E4E749B9244B41462846636115F029
:102AF000E0FF0028DDD0C4F80880D4F8088028461C
:102B0000414615F0D6FFB8F13A0F636900D070B9AD
:102B10001B7813B9636801336360204600F02EF818
:102B20003F20CBE75A1C42611B788360E5E742787F
:102B30003A2A0BD0002222611B7813B96368013353
:102B40006360204600F01AF8A068B7E7187862685A
:102B5000094928B901329742626004DD56F82230F3
:102B6000C4E90431EAE761612D7820463A2DD5D1D8
:102B700000F004F82846A1E72DC603000268074BC1
:102B80001A604268064B1A608268064B1A60C26877
:102B9000054B1A600269054B1A60704714C9002082
:102BA00010C90020C4F00020C0F00020BCF00020BC
:102BB00000487047F8C8002038B50024054D284665
:102BC000013415F08AFA052C05F10C05F7D1002027
:102BD00038BD00BFC8F0002038B50024054D284698
:102BE000013415F060F9052C05F11405F7D100202A
:102BF00038BD00BF04F100200A4B30B51C4600254B
:102C0000094A191BB1F5707F01D9002030BD506809
:102C100003F1C001C3E930200160F03303F8085C20
:102C20005160EEE708D9002018C900202DE9F04FC7
:102C30000F464FF00008BB4646469DB0069008A8D8
:102C400014461D4615F0A1FBDDE90823DDF81890B8
:102C5000CDE904230DAB0A93CDF80C80BBF1000F36
:102C600021D1002E6AD0B5F1FF3F08BFB4F1FF3F7C
:102C700017BF4FF47A724FF0FF34A4FB024302FBFC
:102C800005331CBFE40B44EA43444FF482724146CF
:102C9000CDE90074069B039811F045F906463046CD
:102CA0001DB0BDE8F08FD9F80000002841DB0CAA68
:102CB0000BA9FAF733F8079000283AD00C984FF098
:102CC000FF324FF0FF330AF0D3F91CAB01930AAB8C
:102CD000079900934FF481724B460B9811F023F93A
:102CE00010F1780F8246079917D10023002208A817
:102CF00015F04BFBDDE90834CDE90434002425460A
:102D0000A2460C980AF02CFABAF1000F11DA10F072
:102D1000D3FFCAF10003036033E010F1120FF0D1CA
:102D2000039B13B988460B9B03934FF0000A0126BF
:102D3000E7E709F108090BF1FF3B8FE7DDE9042321
:102D400008A815F046FBDDE90845B04622462B46AB
:102D5000DFF8D0900A990DAC091B891009FB01F12D
:102D600020460BF09BFC00F10B030B2B054604D80F
:102D70002D4E1E4116F0010606D010F09DFF6D424B
:102D800005604FF0FF368AE73D46B2460A94069C3E
:102D900085B9BAF1000F82D0002E80D1DDE904237D
:102DA00008A815F016FBDDE908452B462543224609
:102DB000D0D174E72068A4F8068000282CDB0CAA88
:102DC0000BA9F9F7ABFF834618B92023E38001363E
:102DD00022E00C984FF0FF324FF0FF330AF048F931
:102DE0000AAB5946009340F2031223460B9811F0A8
:102DF0009AF883460C980AF0B3F91BF10B0F0ED02A
:102E0000BBF1000F04D010F057FFCBF1000382E7B5
:102E1000B4F90630002BDAD10834013DB8E74FF0A1
:102E2000010AF9E7CDCCCCCC7EF7FFFF0122024BA3
:102E30000020C3F8402570470090034020B1034BA9
:102E4000800143F001031847704700BFC09E030094
:102E5000034A044B1168928819609A80704700BF3A
:102E6000E8DA03005D0201202DE9F04105460E4637
:102E70001746124CDFF84880444507D310F01CFF7A
:102E80006A2303604FF0FF30BDE8F0812368AB4256
:102E900000D083B93A4631462846A368984750B1D6
:102EA00010F00AFF002303603A4631462846E368E3
:102EB000BDE8F04118471034DEE700BFD09A0300A8
:102EC000E09A03000122024B1860024B1A7070470F
:102ED00068F100209D020120034B186808B1034BE4
:102EE000187800F00100704768F100209D02012071
:102EF00010B4034C24682468A44610BC604700BF8B
:102F000068F10020014B1B685B68184768F10020DE
:102F10002DE9F0410D460646F8B1F1B10846F5F746
:102F2000D5FE08281CD8114FDFF84480441C4745C3
:102F300008D32246294606F1080015F0FFFB0020C1
:102F4000BDE8F081B74206D02246294607F10800C5
:102F500015F0E4FB38B14037E9E76FF01500EFE713
:102F60006FF05A00ECE76FF07700E9E754CF0020EC
:102F700094CF00202DE9FF414FF0FF324FF0FF3397
:102F8000244811F0F7F9244C244E254D254FB44226
:102F900005D3204804B0BDE8F04111F042BA002248
:102FA0002046C4E90222227411F0AEF9D0F808805C
:102FB000B8F1000F14D0D8F800308BB104F1140030
:102FC00014F071FF04F1280014F06DFFD8F8003000
:102FD0002046984794F83C3023F0030384F83C30B3
:102FE000237A83B9204611F050FA70B10E4A136863
:102FF000591C11600D4A092101A80EF080FC2046E1
:1030000001A9FFF785FF4034C1E72B685A1C2A60ED
:103010003A46F0E75CCE002054CF002094CF002049
:103020006CF10020F6DA030070F10020EFDA030003
:1030300038B5074C074DAC4200D338BD03212046BC
:1030400011F06FF910B9204611F0EDF94034F2E7B4
:1030500054CF002094CF00202DE9F04F002489B0F8
:10306000022882460D46CDE9064402925BD10B68E8
:10307000049143B94A68002A4CD14FF6FF734C893A
:10308000E11A4C424C4106A80246002305F1100704
:1030900005EB43010E88002E3ED00133082B02F1D0
:1030A0000102F5D14FF0FF384FF0010B002710F867
:1030B000013B5B4588BFB84607F1010788BF9B46C7
:1030C000082FF4D13A220023BBF1010F08BF4FF0C3
:1030D000FF38CDE90023002102980026042F64D197
:1030E000019B9A5D034672BB302203F8022B009AC3
:1030F000427018460136B742F0DC029B984214D069
:10310000BAF1010F4FF0000340F08B8000F8013C52
:1031100002980BE01C46B6E7167802310136B94238
:103120001670B7D1B9E7012803D0002009B0BDE877
:10313000F08F2E2304274FF0FF3883462546019158
:1031400000930494C7E74FF0000C4FF00909CDF845
:1031500014C0DFF8D4C0B2FBFCFE03920CFB1E22AD
:10316000DDF814E0F14503DBDDF80CE0E64509D3BA
:10317000DDF80CE0CDF81490BEFBFCFE0EF1300E35
:1031800003F801EB4FF00A0E09F1FF39B9F1FF3FE7
:10319000BCFBFEFCDFD14FF000021A701B1A50FA84
:1031A00083F0009B00F8013BA4E76CB1052E0BDD1A
:1031B00005F10C0301933A2300F8013B2E23042769
:1031C0004FF0010A009388E7B0450ED111B9B8F16C
:1031D000000F02D13A2300F8013B3A2300F8013BEB
:1031E0000BF1FF3300211E4484E711B13A2300F8AC
:1031F000013B049B33F816305BBA13F47F4FC3F3E3
:1032000007215FFA83F90AD00023612211F04DF9FA
:1032100001234946612211F048F901216AE70B4672
:10322000F7E7037074E700BF00CA9A3B01282DE955
:10323000F8430C46164637D100234C1E136019463E
:103240001A461D4614F8010F18B12E281BD1013360
:103250009BB2012909D9092A03D9032907D1632A75
:1032600005D86FF01500BDE8F8830029F9D0FF2AD2
:10327000F7D8725522781AB10135EDB2042D10D16C
:10328000032B7BD0EDE73038C7B2092FE9D80131E5
:10329000C9B20429E5D002EB820200EB420082B2FF
:1032A000D0E700221146CDE70228DAD12E212046B0
:1032B00015F0FFFB237800280CBF082706273A2BC0
:1032C00008BF01342046F5F701FD00224249824241
:1032D00023DB0025A8462378002BC2D03A2B41D00F
:1032E0001022002120460CF003FA10228146002112
:1032F00020460CF0FDF9C9F3072949EA002926F810
:1033000015903A21204615F0D4FBD8B1441C013564
:10331000AF42E0DC062F31D133E0A35CA3F13005EE
:10332000092D09D9462B09D82D2B9AD92E3BDBB272
:1033300021FA03F3DB0794D50132C8E7613B052B83
:10334000FAD98EE77B1EAB428BDC0135AF4288DCBD
:10335000062F13D185E706EB450306F8158083F8A1
:1033600001800135BD42F6DB3A21204615F006FC0E
:10337000A0421ED1062F03D06378F3B9002072E774
:10338000013400250B362378002B3FF46AAF00216F
:103390000A2220460CF0ACF92E2106F8010F204637
:1033A00015F087FBB0B10135042D00F10104EAD11D
:1033B000E4E7062F08BF00F1FF307D1E013010F852
:1033C000013D3A2B02D1013DFFF44BAFA042F6D1B3
:1033D00001349CE7032D54E70110F8012DE9F04773
:1033E0000B6890F888503C4A03F1050806463B4BB1
:1033F00090F88600C1F80080032814BF10461846D4
:103400000C4611F0C8F9C5F34005034638B9D4E9B4
:103410000072974296F8861004D16FF00B0318469D
:10342000BDE8F0873A4602F8011B616822608A42D3
:10343000F3D0BB1C787023602146B6F8840011F0ED
:103440009BF903460028EAD106F1540011F0A3F9D4
:1034500003460028E3D1B06E6D00E8B1214696F82E
:1034600088A090F8089011F096F90AF0010A034636
:103470000028D4D1F36E214653B3184611F08BF9CE
:1034800003460028CBD145F004054FEAC90345EABD
:103490004A1503F018031D43306E38B1214611F070
:1034A0007AF903460028BAD145F08005706E38B12C
:1034B000214611F070F903460028B0D145F04005CF
:1034C0007D7022464146BDE8F047102011F07EB9DC
:1034D00011F052F9D4E700BF98A60300A0A603009C
:1034E000D2E90031C91A012983BF054900200988A2
:1034F0006FF00B0084BF23F8021B5360704700BFBE
:10350000FCDA0300D0E90032D21A012A81BF054A51
:10351000128823F8022B43608CBF00206FF00B0051
:10352000704700BFFEDA0300F0B5C66D044685B0F3
:10353000308806220121FFF797FC00280546E0624B
:1035400005DA10F0B9FB0068404205B0F0BDA76A8B
:103550009FB1124A02AB10685168072203C3394673
:1035600002A815F0CDFA082319220093012128465C
:103570006B4410F07BFE00280ADB3388E06A012BE5
:103580000CBF08221822E16D10F0ABFD002803DA11
:10359000E06A10F0A4FDD4E70020D6E7A89E03005F
:1035A000142290F824305343014AD358184700BFDF
:1035B000A8A6030030B4142590F82440024B05FB64
:1035C000043330BC5B681847A8A6030010B4142469
:1035D00090F82420024B04FB023310BC9B68184770
:1035E000A8A6030070B4142690F82450034C06FBE0
:1035F0000544E468A44670BC604700BFA8A6030069
:10360000142190F82420024B01FB02331B69184758
:10361000A8A60300F0B590F85030C66D002B044604
:103620004B49308808BF012185B04FF48172FFF704
:103630001BFC00280546E06204DA10F03DFB006840
:10364000404256E0A76A9FB1424A02AB10685168F7
:10365000072203C3394602A815F052FA082319229B
:103660000093012128466B4410F000FE00284EDB39
:10367000E06A0423052200934FF48D7104F13003B6
:1036800010F0F4FD002842DBA36BE06A002B32D17E
:10369000236CE06A002B3ED1A56CE76A002D47D170
:1036A000636CE06A012B0AD104230C2200934FF4CF
:1036B0008D7104F1440310F0D9FD002827DBE36C81
:1036C000E06A53B104230A2200934FF48D7104F190
:1036D0004C0310F0CBFD002819DB3388E06A012B86
:1036E0000CBF08221822E16D10F0FBFC00280EDB55
:1036F000002005B0F0BD626B002AC9D09200009294
:103700004FF48D71032210F0B1FD0028C0DAE06A99
:1037100010F0E5FC91E7E26B002ABDD09200009228
:103720004FF48D71012210F0A1FD0028B4DAEEE70C
:103730002846F5F7CBFA013000902B4602224FF4D1
:103740008D71384610F092FD0028A9DADFE700BF3E
:1037500001000040B09E0300084B70B5C31A0D462F
:1037600007499B10044659434022064811F031FD99
:103770002B4601462046BDE87040184788F10020DE
:10378000B76DDBB670970300402373B50B4C009305
:10379000041B0B460D460A49A41061430646094A1C
:1037A000094811F041FD011E05DA30462B4602B0F2
:1037B000BDE87040184702B070BD00BF88F100201E
:1037C000B76DDBB6915203007097030010B5EFF3AD
:1037D0001184202383F31288BFF36F8F074A136885
:1037E00023F00201DB07116002D4012013F029F855
:1037F00084F31188BFF36F8F10BD00BFD8F1002094
:1038000070B50022012104460520FEF72DFD0F486A
:1038100006F0B4FC0E4B984215D106F0BFFC2669A9
:103820000C4930460EF0F7FB00280BDB0125356410
:103830002469084904F11C000EF0EDFB002801DBAF
:103840000020E56470BD6FF00400FBE75D39020005
:103850000000AD0BD0A603007FB500220123CDE907
:10386000022304ABCDE90433094A6B46CDF800D0FE
:10387000CDF804D011F005FD002805DB4FF480429F
:103880000023684609F028FD07B05DF804FB00BF7F
:10389000AF5203000C22104B014602FB0033002004
:1038A00030B4D3E90E529863EFF31180202484F3EF
:1038B0001288BFF36F8F1C6C04F0C00444F0020444
:1038C0001C6480F31188BFF36F8F1DB12B4630BC91
:1038D0000248184730BC704788F1002070970300F9
:1038E00010B4EFF31182202383F31288BFF36F8F9C
:1038F0001748016841F002040460C80707D482F346
:103900001188BFF36F8F012010BC06F05BBC11491A
:10391000D1F80C04D1F80C14C907F0D5EFF31180DD
:1039200083F31288BFF36F8F0B490B6C03F0C00356
:1039300043F002030B6480F31188BFF36F8F82F3AF
:103940001188BFF36F8F002010BCFFF7A3BF00BF2B
:10395000D8F100200050004088F1002010B101286B
:1039600004D07047034B1B6C5B0701D1FFF792BF7C
:10397000704700BF88F100202DE9F0410122074681
:103980003449D1E8EF3FC1E8E02F0028F9D133B93D
:10399000314932484B60CB608A600EF04FFB7B1E92
:1039A000012B28D8012F06D12D4BD3F81C3403F05E
:1039B0000303022B1FD014F094FB0546E8B9294BF2
:1039C0001B78D3B102220646254BC3F80823244CAA
:1039D000DFF89480D4F81824D4F81834D20315D51D
:1039E00003F00303022B01D0012F0FD16DB386F337
:1039F0001188BFF36F8FBDE8F081EFF311862023AC
:103A000083F31288BFF36F8F0125E0E7C5B130461D
:103A100010F005F9D4F81835DBB2012BDAD1D4F85F
:103A20000421002AD6D00022C4F80421D4F80421AD
:103A30000222C4F818252022C8F88021A360C9E713
:103A40000021212014F012FCE4E70222044BC3F809
:103A50000423D0E784F1002074F10020A4F10020B9
:103A6000005000405E1F012000E100E008B507485B
:103A700014F058F938B10648FEF7A6FE0448F9F7E5
:103A800057F8002008BD6FF01200FBE7DC97030039
:103A9000953A02000A2838B50446074D04D1AB68B0
:103AA0000D2128465B689847AB6803485B68E1B224
:103AB0009847204638BD00BFDC970300024B0B60DF
:103AC00001231360704700BFDCF1002000487047FD
:103AD00018A7030007B5034606480268520704D03A
:103AE000054A009101210EF0C1FE6FF0150003B0F0
:103AF0005DF804FBF0CC002047DB030010B5012289
:103B00000648114614F06BFA12F0FFFE044C2060D8
:103B100012F0F8FE6060002010BD00BFE4F100204C
:103B2000DCF10020F7B50E46144612F0EBFE2146FC
:103B30000546304611F00EFC80B3B6FBF5F305FBED
:103B40001363374623B9B4FBF5F305FB134363B1A5
:103B5000164803685A0705D03346154A00940121D8
:103B60000EF084FE6FF0150002E0A54202D900209D
:103B700003B0F0BD4FF0FF324FF0FF330D4809F0B6
:103B8000ABFB12F0BFFE0546384606F0BFFF641BD4
:103B90002F44F9D1074809F065FBE8E703480368BB
:103BA0005B07DFD0044A33460094D8E7F0CC00200E
:103BB00064DB0300E4F1002047DB0300F7B50E46A9
:103BC0001946304617461D4611F0C4FB68B91C481B
:103BD0000368590705D033461A4A009501210EF0B3
:103BE00045FE6FF0150003B0F0BD45EA060414F081
:103BF000030407D0124803685A07F2D0124A33462A
:103C00000095EBE79DB14FF0FF324FF0FF330F48C7
:103C100009F062FB2B19032BA6EB040009D80C4A10
:103C2000D2F80034DB07FBD5084809F01BFB002065
:103C3000D9E73B1B196806F085FF043CEAE700BFA3
:103C4000F0CC002047DB030083DB0300E4F100201D
:103C500000900340430970B507D10B4B596821B15F
:103C600001250C68094E854001B970BD8A682A405B
:103C700002D030464B6898471CB1236821461C4649
:103C8000F2E72346FAE700BFFCF100209497030017
:103C90002DE9F04340F206354668D00648BF0320C0
:103CA000337B02EA050558BFC2F3401087B001F02C
:103CB0001F07B5F5837F144647EA43178DF80300C5
:103CC00041D00FD8062D18D007D8B5B1022D3CD061
:103CD0006FF0150007B0BDE8F083B5F5807FF7D130
:103CE00001250AE040F20222954230D0B5F5407F2E
:103CF0002FD0B5F5007FEBD1022522032BD5012370
:103D000072688B409360326962BB07F01F037F09C2
:103D100075D13D4A84F4803102EB8302D2F800323F
:103D2000C1F30041C4F3404423F4E16344EA410495
:103D300023F007031C4344EA800444EA0524C2F844
:103D400000420020C6E70725D7E70425D5E705256B
:103D5000D3E70325D1E7630341BF012372688B409A
:103D6000D360D0E71036394630460DF1020206F036
:103D7000E9FC14F4403F80460CD13946304612F03D
:103D8000BAFD224B9845DCD130469DF8021006F072
:103D900019FDD6E74FF0000901AB3946304603AABA
:103DA000CDE90439CDE90199CDF80C9006F098FBE6
:103DB000164B98428CD114F4003315D09DF8033083
:103DC00084F48034C4F300448DF80E3039464B46F9
:103DD000304603AA8DF80C508DF80D4006F034FCE7
:103DE0000A4B9842CDD073E7CDE9043339460DF143
:103DF0000303304603AA039306F072FBF0E7803317
:103E000052F82330FFDE00BF002584400000AD0BD8
:103E100038B545682B69B3B11035284606F0C8FCA3
:103E2000044680B90146284606F09EFC084B98429D
:103E30000BD122462846074906F07EFC2246052182
:103E40003120FEF711FA002038BD6FF00400FBE7C7
:103E50000000AD0B553C0200F0B51646426801F07B
:103E60001F04107B87B044EA4014106900286DD00D
:103E7000B6F5001F02F1100506D12146284612F0C2
:103E80003CFD002007B0F0BD0027B6F5800F01A86B
:103E90000197476037D1B3F1007F14BF0523042396
:103EA0008DF804300023CDE90403039393680DF1EA
:103EB000030723FA01F111F0010139D1B6F1A07F16
:103EC00036D104F01F03620903F1800344D1244A70
:103ED00052F82330DB072BD43A462146284606F019
:103EE00031FC204B984219D002972146284603AA5C
:103EF00006F0F6FA1C4B98422BD1012221462846A7
:103F000006F070FCBDE7B3F1C06F05D0B3F1007FE0
:103F100014BF01230223C3E70323C1E73946284620
:103F200006F058FC104B9842DED06FF00B00A9E76A
:103F30003A462146284606F005FC0B4B9842D4D160
:103F400028469DF8031006F03DFCCEE76FF0850093
:103F500098E76FF0150095E751F82330FFDE00BFBA
:103F6000002584400400AD0B0000AD0B2DE9F047A7
:103F700040F2FF16594FDFF868C1DFF868E100EB47
:103F80008101814202D10020BDE8F087046814F469
:103F9000804FC4F3C325C4F3080340F08C80240E83
:103FA000B34208BF4FF0FF337D5D192C00F28680CD
:103FB000DFE804F00D13191C1F251C84848484364B
:103FC0006084848484848484848463787B7EC2F85F
:103FD0000C355C1C5BD10430D3E7C2F814355C1C93
:103FE000F9D000245CE0C2F80835F2E7C2F81035D9
:103FF000F5E75C1CC2F80835EDD0002404E05C1C39
:10400000C2F80C35E7D001245FEA531859D14FF0BC
:104010000109DFF8CC8009FA03FAC8F80CA008E01F
:10402000C2F80835002DDAD15C1CD4D00024062556
:10403000A146D0F800A00AF40048B8F1000F1CBF58
:104040004FF00009012403F01F085B093FD10CEB7E
:104050008808D8F80032CAF3412A03EA0E0343EA7B
:104060008A0343EA052343EA090343EA4403C8F801
:104070000032B0E7C2F80C35D4E7C2F86035B3F1CE
:10408000FF3F0468A7D0C4F30044002CBBD05C09F8
:104090001AD10124DFF8488004FA03F9C8F808901F
:1040A000A146C6E7C2F86435E9E7C2F86835E6E735
:1040B000C2F86C35E3E76FF0150065E76FF0850037
:1040C00062E70023DB60FFDE00239B60FBE7002349
:1040D00008F1800853F82830F5E700BFE5DB03005E
:1040E00000258440F0F8FCFF2DE9F04104460D4620
:1040F000476813F0F6FF4FF0200888B9264B1B786D
:1041000073B16426606811F058FAF0B9012012F01A
:104110008FFB013EF6D10021212014F0A7F8F0E733
:10412000EFF31186314688F31288BFF36F8F606812
:1041300011F043FAA8B986F31188BFF36F8FEFE748
:1041400086F31188BFF36F8FE5E7EFF311863146F1
:1041500088F31288BFF36F8F606811F02EFA002881
:10416000EED0BB6900201D706368BA691B68C3F894
:1041700044250122C3F84825C3F82001D3F8204183
:10418000C3F85801D3F858019A6081F31188BFF33E
:104190006F8FBDE8F08100BF5E1F0120F8B50546B6
:1041A000002201210820FEF75FF80820FEF72CF816
:1041B0006C680121E06811F054FA6B681A68236991
:1041C000C2F82435617D237D0B43A17D0B43C2F8EA
:1041D0006C356E68D6E9004313F001034DD02F69AA
:1041E00007F10C0005F066FF314B98420AD03148C8
:1041F00003685B0703D001212F4A0EF024FB6FF008
:104200000400F8BD387B04F10C0204F5907112F043
:1042100011FB387B012707FA00F005F045FF082362
:10422000C4F80035B369C4F844350023C4F84835F0
:10423000A760D4F85831002BFBD00026C4F80065E5
:104240006B683146D86811F00CFA6D683146E86841
:104250002C6811F006FA0823C4F800352A7A52B9FE
:10426000EB69C4F834350123C4F83835C4F810219B
:10427000D4F8102123600020C3E70822C4F80025E9
:10428000B269C4F84425C4F848350123A360D4F8C2
:104290002031002BFBD00023C4F82031D4F820318A
:1042A0000123E3604FF48073C4F80433C1E700BF17
:1042B0000000AD0B68CD0020EDDB0300012383403F
:1042C00070B5DC430B4AD2E8EF1F01EA0405C2E8EF
:1042D000E65F002EF7D14FF4803282400648C0F8E6
:1042E0000823BFF35F8FBFF36F8F0B4214BF012012
:1042F000002070BD0CF200200050014070B40E4947
:1043000022F07F46D1E90034D01AC31844F10004EA
:10431000C1E90034A6F50013B3F5400F09D2074BED
:104320001B681A0A1B069C19054B42F10005C3E9DC
:10433000004570BC0AF062B8C8DD002010F2002011
:10434000D0DD0020D9B101230D4A8340D2E8EFCF60
:104350004CEA030CC2E8E1CF0029F7D14FF48033D7
:10436000084A8340C2F80433074BD3E8AF3FC34049
:10437000DB0742BF4FF40012044BC3F80021704723
:104380000CF200200050014008F2002000E100E0A3
:104390000D4B1868010A0006BFF35F8F0B4BD3F873
:1043A0000435181841F10001B3F5801F0AD2084BFB
:1043B000D3E90023904271EB030303D210F1807024
:1043C00041F10001704700BF10F200200050014091
:1043D000D0DD00202DE9F04F85B016461F4604467B
:1043E0009DF840A0FFF76AFF0190FFF7D1FFB042B0
:1043F00071EB070352D23B4B301A67EB0101984235
:1044000071F100014DD2384B03EB0413D3E90223C1
:104410009F4208BF964258D04FF48038334908FA7B
:1044200004F8204626F07F4BC1F8488311F06DF95F
:104430004FF00309584604F15005AD00ADB205F147
:10444000804504F5A87305F5A8350293029A20F07B
:104450007F4341F82230C1F84483D1F80435244A1F
:10446000C01A033820F07F4090422ED9286868B1E6
:10447000D1F80435A3EB0B0020F07F40B0F5000F1E
:10448000039322D9204611F040F9039BBAF1000FA3
:1044900007D109EB030009F10109D7E7BAF1000FD1
:1044A00009D06FF0150520460199FFF74BFF28460C
:1044B00005B0BDE8F08F01230E4AA340D2E8EF0F0C
:1044C0001843C2E8E10F0029F8D107490E982301EB
:1044D000C8500F9B01EB04120025C2E9026753602C
:1044E000E1E700BF01008000B8DD0020005001407E
:1044F000FDFF7F0008F200207FB500254FF0FF3060
:104500004FF0FF31194C1A4B0226C4F80833C4F897
:104510004833184BC4F80855C3E902014FF48033FF
:104520004FF40012C4F80433134B0121C4F80463A0
:104530001520C3F880212A46FDF796FE1520FDF7C9
:1045400063FE01230D4AA360236013600C4B0D4AE8
:10455000009328460023CDE90155FFF73BFF304685
:10456000FFF70AFA284604B070BD00BF00500140B2
:1045700003000F00B8DD002000E100E00CF2002095
:10458000FD420200FFFF7F002DE9F7432E4BD3F8D9
:10459000042390070BD5D3F8042142B10022C3F8BD
:1045A00004212A4AD3F80431136801331360264AE0
:1045B000D2F80433D90326D5254BD3E8EF1F21F0D9
:1045C0000100C3E8E40F002CF7D1CB0702D4D2F8E6
:1045D0004031C3B100251C4CC4F84051D4F84031DF
:1045E000FFF7D6FEEFF31182202383F31288BFF387
:1045F0006F8F184BD3E90267B042B94106D282F3FC
:104600001188BFF36F8F03B0BDE8F0834FF0FF3820
:10461000D3E900104FF0FF391D60C3E902894FF460
:104620008033C4F84833C4F84051D4F8403182F3A1
:104630001188BFF36F8F0029E5D0009032463B46CA
:1046400028468847DFE700BF0050014010F20020F5
:1046500008F20020B8DD002030B5431C124C85B0B4
:1046600005D08442A8BF0446012CB8BF0124FFF73F
:104670008FFE0E4B0C4DD3E90013401AB0F5000F1E
:104680000FD22218AA4228BF2A46002052180849F1
:10469000CDE90100009143F10003FFF79BFE05B057
:1046A00030BD2A46F1E700BFFFFF7F00C8DD0020D4
:1046B000FD42020008B5FFF76BFE024B1B68C01AF3
:1046C00008BD00BFC8DD0020012310B5074C152030
:1046D0006360FDF7A7FD4FF40012054BC4F80833E3
:1046E000C4F84833034BC3F8802110BD005001408B
:1046F00003000F0000E100E070B50546054C064ED2
:10470000B44200D370BDD4E900312846984708343C
:10471000F6E700BF680104007001040070B50022D4
:1047200001212A20FDF7A0FD0C4806F055FA0446A9
:1047300040B10B4803685B0704D001212346094AB6
:104740000EF08AF8084D094EB54201D3204670BDDF
:10475000D5E90031204698470835F5E794A70300CE
:1047600038CD00202CDC0300700104008801040017
:10477000F0B50F4B01461A680E4B0B250026184664
:104780001F46B84201D3013D04D11846013A1960D1
:104790005A60F0BD04688C42FBD03CB14468141BE5
:1047A000A642BCBF034626460830EAE70346ECE7CC
:1047B000E8F20020F4F200200020054BC3E90000DD
:1047C000044BD3E8EF2FC3E8E10F0029F9D170477C
:1047D000ECF20020E8F200202DE9F04788B0054611
:1047E0000E4612F09FF820B96FF06D0008B0BDE8DA
:1047F000F08713F0C8FD33680446002B0F4604D140
:1048000009F0E2FA6FF00A00F0E7BCBF4FF0FF33A7
:1048100033600122002101A813F0E1FBE84607956F
:10482000EFF3118A202383F31288BFF36F8F09F00F
:104830006FFBFFF79DFFDFF818914268D9F8003051
:104840009A426CD10023434D00936B68002B6DD1CD
:10485000C5E900888AF31188BFF36F8F33685A1C4B
:1048600069D04FF4004E40F2E730002123EAE37CA8
:104870004FF47A720023CCFB0E01F4F7E5F90246FF
:104880000B4601A808F028FDEFF3118A202383F3DB
:104890001288BFF36F8F00222B685BB1434554D160
:1048A0000099002A4BD16A6829609A4200D1696058
:1048B0000023009309F02CFBFFF75AFFD9F80030D2
:1048C00043608AF31188BFF36F8F12F02BF8002832
:1048D0008AD035686B1C27D013F055FD4FF47A7ED3
:1048E000A0FB0E320EFB0121A4FB0E420EFB0722A1
:1048F000DB0BE40B43EA414344EA42441B1B4FEA0F
:10490000D1314FEAE57C61EBD231ED1A6CEB010C51
:10491000BCF1000FB8BF002535602DB972E74360C8
:104920008AF31188BFF36F8F00205FE7C3F8008020
:10493000C5F804808EE74FF0FF321346A1E71160FF
:104940006968994208BF6A60B2E71A461B68A4E723
:10495000E8F20020ECF2002030B404682CB10D4BDA
:104960009C4202D3C0339C420BD30B4C2378072BC1
:104970000BD85D1C2570074C03EB430304EBC3030A
:104980000360006830BC13F02ABB6FF00B0030BC32
:10499000704700BF28F20020C102012002682AB13E
:1049A000094B9A4202D314339A4206D3074B1A7822
:1049B00032B901221A70044B0360006813F073BA15
:1049C0006FF00B00704700BF14F20020C0020120FE
:1049D00038B505460A4BD3E8EF1F0131C3E8E21FA3
:1049E000002AF8D1074B1C6804B938BDE369AB4213
:1049F00001D005B113B9201D08F034FC2468F3E799
:104A0000E8F20020ECF200200146002200230148D9
:104A100008F00EBB44F300200146014813F0FAB938
:104A200044F30020014600220023014808F000BBA7
:104A300058F300200146014813F0ECB958F3002068
:104A400008B54FF480620649064813F0DBF9BDE86B
:104A500008404FF402520449044813F0D3B900BF90
:104A6000C202012044F30020E884002058F3002013
:104A700010B5044B1C6804B910BD201D08F0F2FBF2
:104A80002468F8E7ECF2002070B50546054C064EA8
:104A9000B44200D370BDD4E90031284698470834A9
:104AA000F6E700BF6001040068010400014806F059
:104AB000B1BC00BF894A0200034638B1054802680C
:104AC000520705D00121044A0DF0C6BEFFF7EEBF24
:104AD000704700BF38CD002062DC0300292800F0B9
:104AE000838009DC012853D0062800F08780002845
:104AF00074D04FF0FF307047B0F58D7F08D0B0F51F
:104B0000007FF6D140F206439942F2D11E2128E0FF
:104B10000F2929DC0029ECDD4B1E0E2BE9D801A062
:104B200050F823F0634B0200634B0200634B02001A
:104B3000634B0200634B0200634B0200F34A020026
:104B4000F34A0200F34A0200F34A0200F34A020069
:104B5000634B0200634B0200814B0200854B020055
:104B60000E21002011607047A1F2FA33032BC0D848
:104B7000A1F2FB310229F3D8DFE801F02606080094
:104B80000F21EEE71021ECE71221EAE71321E8E715
:104B900040F20943994219D009DC1429E1D004DC20
:104BA0000229DED00429DCD0A3E71529FBE7B1F503
:104BB000826F0DD040F2254399420BD040F20A4358
:104BC000994296D12221CCE71121CAE72121C8E7D9
:104BD0002821C6E73D21C4E72021C2E740F2074370
:104BE000994286D11F21BCE7B1F5816FF4D040F224
:104BF000264399427FF47DAF3E21B2E740F21F4346
:104C000099427FF476AF3721ABE700BF4FF0FF3218
:104C1000064B00201A609A611A639A641A669A67B2
:104C2000C3F89020C3F8A820704700BF70F300209D
:104C30000B490346087880B90A49097839B1A2F5C9
:104C4000807102290AD9A2F58872012A06D9013B8E
:104C5000022B8CBF0020012070470020704700BF4E
:104C6000430701204207012070B400231825016882
:104C7000084C05FB03F2A658B14206D1B0F9061064
:104C80000832A01870BC09F061BD0133082BF0D1C7
:104C900070BC704770F300202DE9F347074690463B
:104CA0000C4679B300231A46C868834234D1802A5F
:104CB00071D800254FF0FF324FF0FF33384810F025
:104CC00032FEA946374EE368AB422CD80026354663
:104CD000DFF8D0A0B14511DD85B96368384601938E
:104CE0002368A9EB060200930AEB0601434610F085
:104CF0001EFE051EEEDD2E44B145EEDC284810F008
:104D000014FE05E00EF0D8FF16234FF0FF350360C8
:104D1000284602B0BDE8F087A16801EBC3014968ED
:104D200001330A44C1E7A36806EB090003EBC5029F
:104D300053F83510526813F001FDA3684FEAC50A15
:104D400053445B6801359944BDE7A3684FEAC60A3E
:104D500003EBC6035B683BB14FF00009A36803EBAC
:104D60000A025268914504D30136E368B342ECD895
:104D7000CEE753F80A106368494401932368384624
:104D80000093A2EB0902434610F0D1FD011E05DBA2
:104D900089440D44E2E700263546E6E70D46B7E7CD
:104DA00084CE0020C20601204FF0FF324FF0FF33C7
:104DB00070B505460B4810F0B6FD002318200A4ACE
:104DC00000FB03F156588C18013605D155500548A3
:104DD00010F0ABFD204670BD0133082BF0D100244C
:104DE000F5E700BF0CCE002070F3002038B5094D68
:104DF00004464FF0FF3228464FF0FF3310F093FD8A
:104E000000234FF0FF32C4E900232846BDE83840B4
:104E100010F08BBD0CCE002010B50446094B0A4A99
:104E2000186003680948DA61FEF74CF8236843B15B
:104E30000C33D3E8EF1F41F00801C3E8E21F002A5A
:104E4000F7D110BD6CF300205D4F0200C0A7030036
:104E5000F0B5A1F58173046887B0032B57D8DFE85C
:104E600003F0024077530127D2E9016113683A4AFF
:104E7000B3F904300492ADF814308DF8167033682D
:104E8000994204D10EF018FF0C23036014E000F1E6
:104E90000805284613F004FC2B46002239463068EA
:104EA00013F0D0FB0823204600933C22394604AB84
:104EB00007F048F9044610B14FF0FF340EE03368B4
:104EC00014333360CDE90200284602AA03A913F087
:104ED000EFFB039B002B18BF6FF07704204607B051
:104EE000F0BDD2E900421368143313600023CDE90A
:104EF000033303AA04A9083013F0DAFB049B0BB1B7
:104F0000039BE3800024E9E713684360FAE7032981
:104F100012D0042918D1156835F4804303D00EF05F
:104F2000CBFE1623036004212046C5F3803207B070
:104F3000BDE8F04012F0F7BB2046002212F0F3FB70
:104F4000840304F48044C9E70EF0B6FE16239CE700
:104F50006FF05E04C2E700BF694C02002DE9F0412A
:104F60000D1E0646174615DA08F0DEFEDFF87C80D7
:104F7000012388F800303A46304625F04041FDF7DD
:104F800073FF002388F80030044608F0E1FE204655
:104F9000BDE8F08115F0804804D008F0C5FEDFF8C8
:104FA0005080E5E7F7F7D4FE041E09DB29463A46B0
:104FB000304607F033F8051E05DA20460CF0EBFC0E
:104FC0004FF0FF34E3E7FFF7EFFE014638B90EF08C
:104FD00073FE0C230360284607F080F8EDE7434694
:104FE0002046044AF7F7F0FED1E700BF430701204F
:104FF00042070120C8A703002DE9F04389B0074606
:105000000C461546F7F7A4FE0646002E38681DDB51
:10501000FCB10DB32B6801AA082B18BF16230DF1A4
:1050200008090193494612F077F8B0F100080ADB4D
:10503000FFF7BAFE074690B90EF03EFE0C23036060
:10504000404607F04BF830460CF0A5FC4FF0FF3619
:1050500019E02246A146E5E72A46A946E2E764B1FF
:105060005DB1B9F80020012A11D108232B60BDF8E9
:105070000A3022806380039B6360002339463046F8
:10508000154AF7F7A1FE304609B0BDE8F083022AC1
:1050900017D118232B60BDF80A3003AD6380234677
:1050A0000DF11C0C23F8042B2A4603CA6245186034
:1050B0005960154603F10803F6D19DF81C3023759D
:1050C000DBE70EF0F9FD86230360404607F006F8A3
:1050D0003846FFF78BFEB6E7C8A7030007B50246C0
:1050E000064803685B0706D0D2E90032012100922E
:1050F000034A0DF0BBFB03B05DF804FB38CD002084
:1051000094DC030008B5074806F07EF9034638B181
:1051100005480268520703D00121044A0DF09CFBA8
:10512000002008BD31510200B8CC0020BDDC0300D6
:105130002DE9F84304460026264DDFF89C9000AF89
:105140004D4525D30EB32046F3F7C0FD0022411D87
:105150000023224807F06CFF054670BB2048036817
:1051600013F0060F11D06E4688B06A461D4BC2E997
:1051700005344FF4007393831B4B42F8103F4FF4F8
:10518000E4512B46F9F760FBB546BD46BDE8F88310
:1051900095F8088018F0010F0BD1296819B1204645
:1051A00013F000FD28B118F0020F04D020466B6800
:1051B00098470C35C4E70126FBE72146043013F07D
:1051C00085FC2946094812F0FFFE094808F0ECF971
:1051D000DBE700BF34CC002064CC0020BCCD002035
:1051E000B8CC0020EADC0300030000013CCF002023
:1051F00060C900202DE9F843134E144FDFF85080AA
:1052000000220023304607F0FBFF0546B8B9BDE891
:10521000F883237ADA070AD49B0708D4216819B1E6
:10522000484613F0BFFC10B14846636898470C34F9
:10523000BC42EED32946404612F0ECFDE0E7054CB7
:1052400005F10409F4E700BF3CCF002064CC002046
:10525000BCCD002034CC002050B103685BB1436862
:105260004BB10069054BC01A18BF4FF0FF307047B3
:105270006FF0150070474FF0FF307047EEFFC00031
:1052800000232DE9F04F0C46017B89B005464268AA
:10529000079369B1C4E9002308222281426803739D
:1052A0000792AB6800200133AB60079B6B6079E02D
:1052B000D0F80880B8F1000F05D1104610F004FDB9
:1052C00008B102326A606F683E78002E71D00D2EF0
:1052D00051D00A2E02D17B78002B6AD03A4613783F
:1052E00092460D2B02F10102F9D00A2BF7D04FF0B4
:1052F0000009DFF8CCB05BF8041B08460191F3F716
:10530000E5FC01990246504613F0E8FB002850D016
:1053100009F10109B9F1040FEDD10D2E01D00A2ECA
:1053200002D17B78002B47D1384610F0CDFC002805
:1053300042D102AE3946304607AAB8F1000F20D15B
:1053400010F0D0FD96E8070084E80700237ADBB16F
:10535000237A0798053B032BA3D80178627A0D299D
:1053600003D8184B0B41DB071FD510F0ADFCE0B99B
:10537000002A96D114E07B78DBB10A2BAED1BB7842
:10538000AAE710F042FEDDE73046696807AA00F0A0
:105390002BF896E8070084E80700237A002BD7D182
:1053A0006FF04C0009B0BDE8F08F012A08BF2A73E6
:1053B00077E76FF00400F5E76FF00A00F2E700BF4F
:1053C0000CA80300FEDBFFFF48B141B10023054AF2
:1053D000C0E900118360C3600261184670476FF036
:1053E00015007047EEFFC0000B7830B5392B08D898
:1053F0002F2B0AD8202B21D00023C0E90033836053
:1054000030BD5A2B16D8402BF6D90C46164D14F841
:10541000013F392B1FD81F2B05D9203BDBB225FAC2
:1054200003F3DB07F3D402B11460641A09230160AB
:105430004460E4E7613B192BE7D9DDE74B785A2B51
:1054400006D8402B02D8303B092BD5D80131DCE7F8
:10545000613B192BF9E75F2BD9D094BF413B613BEE
:10546000192BE0D8D3E700BF0168FF0348B906480D
:10547000036803F00703022B05D90321034A0DF04B
:10548000E2B900F073B8704714CD002046DD030088
:105490000D4B10B519780D4B187810F08BFE0346A4
:1054A00048B10B48026852070DD0BDE810400121F9
:1054B000084A0DF0D1B90121074805F0B1FFBDE858
:1054C000104000F04DBC10BD470701202ECC00203D
:1054D00014CD0020BFDD0300F5DD0300034638B125
:1054E00005480268520705D00121044A0DF0B4B9FD
:1054F000FFF7CEBF704700BF14CD002008DE0300C9
:1055000010B5044610F04BFE30B102460349204668
:105510000DF001FD6FF0070010BD00BF3DDE030080
:1055200010B5044610F032FE30B102460349204661
:105530000DF0F1FC6FF0070010BD00BF64DE03004A
:1055400010B5044610F019FE30B10246034920465A
:105550000DF0E1FC6FF0070010BD00BF89DE030015
:10556000014807F0FDBD00BF48CE002070B50646DB
:10557000124D4FF0FF324FF0FF33114807F078FD26
:105580002C6844B9082009F025F948B9FFF7E8FF6D
:105590006FF068000DE063689E4207D02468F0E772
:1055A000046046606B682BB9C5E90000FFF7D8FFBF
:1055B000002070BD18606860F8E700BF30F400207C
:1055C00048CE002038B50F4C05462368C3B14FF0D4
:1055D000FF334FF0FF320C4807F04AFD23680BB150
:1055E0001C681BB9BDE83840FFF7BABF28465B68A6
:1055F00098471CB1226823461446F2E72246FAE790
:1056000038BD00BF30F4002048CE0020024B18689F
:10561000B0FA80F04009704730F400201FB5002335
:105620000393074B4FF48062029302AB009305494A
:105630000E23054807F0BEFF05B05DF804FB00BF70
:1056400009E7030060330120D8DD00202DE9F04197
:10565000A8B000AF06463822002107F1680013F019
:1056600094F80A230021302207F13800C7E90231FB
:1056700013F08BF84FF0FF33314607F12400C7E9F0
:105680001033FFF7A1FE01213A1D07F1240010F0AD
:105690001FFC054618B388480368590704D02B46F9
:1056A000864A01210DF0D8F8834803685B0712D0C1
:1056B0006C468AB06A46824BD661C2E9053540F233
:1056C000013313847F4B42F8103F00234FF41151F4
:1056D000F9F7BAF8A546A037BD46BDE8F08107F155
:1056E0000C0107F124007C6810F0D2FB054630B1B4
:1056F000714803685A07D7D0734A2B46D1E7E4B202
:105700005A2C26D0FB68032B23D9022107F108036A
:1057100007F1180207F1240010F0DDFB014628B95B
:10572000102207F118000AF0FDF878640A2303211B
:10573000BB6007F1180207F1080307F1240010F01D
:10574000CAFB014628B9102207F118000AF0EAF84E
:10575000386404213A1D07F1240010F0B9FB002839
:1057600040F0888097F80480052107F1100207F1C6
:10577000240010F0ADFB0621054607F1140207F1E5
:10578000240010F0A5FB3B69284303431BD14A4882
:10579000026812F0060F16D0D7E910616D468AB084
:1057A000D7F814C06A46C2E907610621DFF81CE198
:1057B000C2F82480C2E905EC42F8101F4FF44251B0
:1057C000F9F742F8AD46012C57D13B6C013365D057
:1057D0003F4807F047FDFFF719FF00287FF47BAF34
:1057E0003C4B1A78A24208D087F8680007F168009D
:1057F0001C7087F87040FFF7E5FE374B396C9A68EC
:10580000914203D1DB687A6C9A421DD00423324D59
:1058100007F1380487F868300FCC0FC50FCC0FC5DF
:1058200094E80F0007F1380685E80F000FCE07F166
:1058300070050FC50FCE0FC594E80F0085E80F0067
:1058400007F16800FFF7BEFE244A137843453FF492
:1058500042AFB8F1090F05D840F2812323FA08F3CB
:10586000D9071DD4144803685B073FF434AF1C4AC2
:1058700043460FE04FF0000876E7052CA5D0042C36
:10588000A9D95A2CA7D00C4803685D073FF423AF71
:105890002346144A01210CF0DFFF1CE704249AE799
:1058A000052307F1680082F8008087F8683087F8E0
:1058B0007080FFF787FE0EE714CD002039DF03006C
:1058C00008E003000400000166DF0300B5DF030009
:1058D000DCCE002044070120B0DE00204507012077
:1058E0005CE0030034E00300002313B50446019399
:1058F000E8B101AB0F4910480DF1020205F0DCFEE2
:10590000031E0BDC0D480268520703D001210C4A2C
:105910000CF0A2FF6FF00D0002B010BD019B002043
:1059200001330CBF04239DF802302370F4E76FF0BD
:105930001500F1E771E003008EE0030014CD0020B4
:1059400039DF030073B506460124324DD5E8EF3F39
:10595000C5E8E24F002AF9D16BB12F48036813F074
:10596000060F03D002212D4A0CF06DFF6FF0760474
:10597000204602B070BD0DF10700FFF7B5FF90B1F2
:10598000254803685B0709D16FF00D040023D5E8B3
:10599000EF2FC5E8E13F0029EAD0F8E7204A214689
:1059A0000CF051FFF0E79DF8073003F0FB03012BEB
:1059B00001D10024EAE70DF1060000F061F80028AB
:1059C000E2D1184807F0AEFC204600F081F804460A
:1059D0000028DBD1002EECD04FF096720023114846
:1059E00007F07AFC10F10B0F044610D10A48036847
:1059F00003F00703022B03D903210B4A0CF023FF0A
:105A00006FF073049DF8060000F062F8BEE700280E
:105A1000F8D1CEE738F4002014CD002098E0030040
:105A2000B4E00300DCCE0020DEE0030008B5084847
:105A300005F0F6FC034648B106480268520703D059
:105A40000121054A0CF008FF6FF00D03184608BD50
:105A500003E1030014CD00200EE1030008B5FFF7B9
:105A6000E5FF48B900F0D2F830B9044B1B781BB100
:105A7000BDE8084000F014B908BD00BF460701208A
:105A800013B50446C8B10E490E480DF1060205F0E3
:105A900013FE012803460BD00B480268520703D0BF
:105AA00001210A4A0CF0D8FE6FF00D0002B010BDC3
:105AB000BDF8063000202370F8E76FF01500F5E719
:105AC0004BE1030056E1030014CD00205FE1030029
:105AD000042838B5044626D9A0F11405EDB2182DD6
:105AE0000BD9204803685A0704D0012123461E4AD7
:105AF0000CF0B2FE6FF0150014E001231B4AAB401E
:105B000013421FD1012DECD1FFF7A8FF0346C8B106
:105B100014480268510703D00121154A0CF09CFE7D
:105B20006FF00D0038BD0428DBD801A353F820F036
:105B3000455B0200095B0200095B0200E35A0200B8
:105B4000455B020021460B4805F06AFC0028E9D0BD
:105B5000044803685B07E3D00121074A0CF073FE99
:105B6000DEE700BF14CD0020C4E10300010C3001CA
:105B70009AE10300E0E10300EBE1030010B5044605
:105B800094B03822002106A812F0FFFD214601A89A
:105B9000FFF71AFC6A46012101A810F099F90446A2
:105BA00098B116480368590704D001212346144AC6
:105BB0000CF052FE114803685B0704D00121234614
:105BC000104A0CF049FE14B010BD009B63B1012BCC
:105BD0000AD00A480268520703D001210A4A0CF091
:105BE0003BFE6FF01504E5E78DF82030032306A88F
:105BF0008DF81830FFF7E6FCE5E700BF14CD002074
:105C000024E2030069E203004DE2030008B50948FD
:105C100005F006FC034650B10748026812F0060F73
:105C200003D00221054A0CF017FE6FF00D03184651
:105C300008BD00BFCDE2030014CD002090E20300B8
:105C400070B58EB0044638220021684612F09DFDE2
:105C50000025104E0834214656F8040BF3F72CF8B3
:105C600048B90B2368468DF808508DF80030FFF7CF
:105C7000A9FC0EB070BD01350A2DECD106480368B1
:105C80005B07F6D06FF03C030121044A0CF0E4FD01
:105C9000EFE700BF84A8030014CD0020D8E2030082
:105CA00008B5084805F0BCFB20B901220020064BCE
:105CB0001A7008BD054805F0B3FB0028F5D06FF059
:105CC0000D00F6E708E303004607012014E3030094
:105CD00038B5431E062B05460C460BD917480368FA
:105CE000590704D02B46164A01210CF0B5FD6FF080
:105CF000150038BD042906D9104803685A07F6D0A4
:105D0000104A0B46F0E7104B5A5C104B53F820102A
:105D10000F4805F085FB60B1084C23685B0705D090
:105D2000012103460B4A20460CF096FD6FF00D0052
:105D3000DFE7094B1D70094B1C70DAE714CD00201A
:105D4000CFE30300F1E3030051E40300ACA8030038
:105D500016E403002CE403002ECC002047070120AA
:105D60000423B0B58AB000AFFB831023224C01207E
:105D700021463A1DFB8406F0B3FC18BB21460220E5
:105D800007F1080206F0ACFC0346F8B1012302203B
:105D900007F1080107F1280202EBC30333F80A2CCC
:105DA00011F059F858B1154C2368590707D00DF078
:105DB00083FF036801212046114A0CF04DFD28376E
:105DC000BD46B0BD00230120391DE3E70B48026842
:105DD0005207F4D06D4688B06A460A49C2E90514F4
:105DE0004FF400719183084942F8101F4FF4E251BB
:105DF000F8F72AFDAD46E2E780E4030014CD002069
:105E000088E40300B3E4030003000001002808B5A0
:105E100049DB20F47F035848B3F5047F026808DCAF
:105E2000B3F5007F0ADC322B4CD02FDCB3B3172B39
:105E30003ED0520740F09A80504834E06FF4007131
:105E400059180F29F5D801A050F821F0DF5E0200A3
:105E5000F55E02000B5F0200335E0200335E02005B
:105E60001F5F0200355F0200335E0200335E0200F6
:105E7000335E0200335E0200335E0200335E0200D6
:105E8000335E02004B5F0200575F02003C2BD0D113
:105E900012F0060F1FD16FF0070004E012F0060F9A
:105EA00002D16FF0040008BD354910F085F9F8E71C
:105EB00012F0060F02D16FF00600F4E7314910F03E
:105EC0007BF9F8E712F0060F02D02F4910F074F9B1
:105ED0006FF01500E7E72D4910F06EF9DBE712F0DF
:105EE000060F02D16FF00100DDE72949224810F0CA
:105EF00063F9F7E712F0060F02D16FF00C00D2E75A
:105F000024491D4810F058F9F7E712F0060F03D0A6
:105F10002149194810F050F96FF00B00C3E712F057
:105F2000060F02D14FF0FF30BDE71C49124810F0B8
:105F300043F9F7E712F0060F02D16FF07700B2E7EE
:105F400017490D4810F038F9F7E712F0060FBFD0E7
:105F500014490948BAE712F0060F02D16FF08B001E
:105F6000A1E71149044810F027F9F7E701210F4A8A
:105F700001480CF071FC5FE728CD0020ADBAADBA46
:105F8000D8E40300E6E40300F5E4030015E50300AC
:105F900022E5030030E5030043E503005BE5030071
:105FA00085E5030098E50300A8E50300D5E50300B7
:105FB00002460B46014807F05BB800BF34CE002014
:105FC000014807F0CDB800BF34CE002000210148C1
:105FD00005F026BAEFE5030013B504460F49104853
:105FE00001AA05F069FB031E11DA0E48026812F0DF
:105FF000060F03D002210C4A0CF02EFC00230121D5
:106000000A48237002B0BDE8104005F009BA019BB0
:10601000002BF3D00123237002B010BDFAE503007A
:1060200004E6030028CD00200DE60300EFE50300A1
:1060300030B504460D4685B00DF10F00FFF7CCFFDB
:1060400023464FF480510A4A0A48009505F04CFA5D
:106050009DF80F3004460BB9FFF7B8FF204624B176
:1060600005B0BDE83040FFF7D1BE05B030BD00BF80
:1060700034E6030048070120F0B506460F461C46EB
:10608000154685B002B3FBB14FF0FF314FF0FF3042
:10609000FFF78EFF0DF10F00FFF79EFF23463A46F4
:1060A00031460C48009505F0BBF99DF80F300446C9
:1060B0000BB9FFF78BFFFFF783FF3CB1204605B01C
:1060C000BDE8F040FFF7A2BE6FF01504204605B012
:1060D000F0BD00BF45E60300F8B504460F461E4676
:1060E0001546CAB34FF0FF304FF0FF31FFF760FFA6
:1060F00020463946FFF79CFF044620BB0327184C77
:106100002221204612F0D5FC08B3013F00F1010422
:10611000F6D12221204612F0CCFCC0B110F8013C8F
:10612000711E0A2B6B5C08BF00F1FF300A2B18BFF1
:106130003146021B8A420DD12046294612F0EEFA62
:10614000041E18BF0124FFF73BFF2046F8BD6FF087
:106150000104F8E70124F6E76FF01504F5E700BF46
:106160004807012037B504460D464FF0FF304FF089
:10617000FF31FFF71DFF0DF10700FFF72DFF21464F
:106180002A460A4805F04CF99DF8073004460BB939
:10619000FFF71CFFFFF714FF204624B103B0BDE852
:1061A0003040FFF733BE03B030BD00BF5DE60300F3
:1061B0007FB504460E46154662B34FF0FF314FF0EF
:1061C000FF30FFF7F5FE0DF10F00FFF705FF00238D
:1061D00012484FF480510370114A2346009605F08F
:1061E00083F99DF80F3004460BB9FFF7EFFE44B179
:1061F0002046FFF70BFE0446FFF7E2FE204604B000
:1062000070BD0648F2F762FD042894BF002001200B
:106210002870F1E76FF01504F0E700BF4807012090
:106220006EE6030008B5054803685B0703D001214B
:10623000034A0FF0C5FF6FF0150008BDCCCC00205D
:106240008EE6030010B5044618B9BDE81040FFF70C
:10625000E9BF00F0C7F858B90848036813F0060F03
:1062600003D00221064A0FF0ABFF6FF03C0010BDD7
:106270002046BDE8104000F095B800BFCCCC00200F
:10628000B3E60300FF281CBF034B1870034B1B68C9
:106290000BB10148184770474817012044F400200B
:1062A00010B5037883B9037A03F0FB03012B0BD1FC
:1062B0000FF08DFF40B9BDE810404FF400420023BD
:1062C0000249034807F0E6B910BD00BF80C50020B1
:1062D000E8DE002010B5084C236813F0060F07D045
:1062E0000DF0EAFC036802212046044A0CF0B4FADF
:1062F0006FF03C0010BD00BFCCCC0020E0E60300F6
:10630000012270B50F4BD3E8EF1FC3E8E42F002C38
:10631000F9D1B1B94FF47A734FF4004503FB00F49F
:1063200040F2E7304FF47A720023E4FB0501F2F704
:106330008BFCBDE8704002460B460348034907F05A
:10634000A9B970BD40F40020E8DE002080C500201F
:106350000022054BD3E8EF1FC3E8E02F0028F9D156
:106360004FF46150FFF7CCBF3CF400201FB5002371
:106370000393084B4FF4A062029302AB06490093CB
:1063800006480E2307F016F90548FFF76FF805B029
:106390005DF804FBFFE6030060370120E8DE002023
:1063A000A162020030B585B00446694601200DF0B7
:1063B000B6FD18B1FFF78EFF05B030BD4FF47A710E
:1063C000009B019DA3FB013201FB05220299044DB4
:1063D00091FBF5F15B1842EBE172C4E90032EBE7A7
:1063E00040420F00034AD2E90032134314BF012098
:1063F00000207047E0DE002010B5104CD4E90032D8
:10640000134302D16FF03C0010BD11F0BCFF4FF4FC
:106410007A72A0FB020302FB0131C30B43EA414342
:10642000D4E900209B1A064A4FEAD13161EB000102
:10643000934271F10001E5DA0020E5E7E0DE00209B
:1064400080EE36002DE9F0418EB080460F461546AD
:106450000021102268461E4612F097F924220021DE
:1064600005A812F092F911F08EFF4FF47A72A0FB9A
:10647000024302FB0131DFF87CC01F4BE40B44EA0E
:106480004144C90B1E60CCE90041FFF761FF0022C7
:106490001A4BD3E8EF1FC3E8E02F0028F9D14FF4DF
:1064A0007A72002340463946F2F77EFB144BCDE961
:1064B00000015A436946012002920DF032FD034665
:1064C00068B110480268520703D001210E4A0CF04F
:1064D000C3F90320FFF7D6FE0EB0BDE8F081684691
:1064E00005A908F0FBF91DB1314605A800F044FAF2
:1064F0002846EFE7E0DE002070C900203CF40020D1
:1065000040420F00CCCC002010E70300014B1B6879
:10651000FFF798BF70C9002030B587B0FFF76CFF58
:1065200038B9FFF715FFFF2007B0BDE83040FFF78F
:10653000A9BE00221C4BD3E8EF1FC3E8E02F0028C0
:10654000F9D163230024002501A902A8CDE9024561
:10655000019300F0C7F9024630B9DDE90201019B61
:10656000FFF770FF07B030BD04A8CDE9044500F087
:106570001FF828B9DDE904010122FFF7C7FFF1E7A1
:106580000A4BD3E8EF2F511CC3E8E01F0028F8D1D5
:10659000002A05DBFFF7DCFE0320FFF773FEE1E7CF
:1065A0003C20FFF7ADFEF7E740F400203CF400206C
:1065B0002DE9F0479CB006460BA80FF0F9FD054603
:1065C00060B14148036813F0060F04D002212B4646
:1065D0003E4A0CF041F96FF03C0470E09DF82C301D
:1065E00003F0FB03012BF6D1394FDFF8E880DFF829
:1065F000D890442200210BA857F8044B12F0C5F89C
:106600004FF4806341460C93204601AB0BAA0DF07A
:10661000D9FC0346B0B1D9F8002012F0060F04D01F
:1066200002212D4A28480CF017F94DB1264803687D
:1066300013F0060FCFD00221284A0CF004F9CAE764
:106640000125D6E7019B02A8D3E906210CF039FA0F
:10665000034680B11C48026812F0060F06D101986B
:106660000DF02AFD02A80CF05BFADEE71C4A0221BD
:106670000CF0F2F8F3E7DFF86CA041F288315246F3
:1066800002A8F8F73FFD044638B10F48036813F03D
:10669000060FE4D0144A2346E9E701980DF00CFDFB
:1066A00002A80CF03DFA4FF47A71DAF80030DAF80B
:1066B0000400A3FB013201FB0022C6E900322046A0
:1066C0001CB0BDE8F08700BFCCCC00202EE7030053
:1066D000CCA8030068E703006CE70300AEE7030003
:1066E00083E70300C0DF002098E7030010B50848E7
:1066F00004F096FE034648B106480268520705D0EA
:10670000BDE810400121044A0CF0A6B810BD00BF3E
:10671000EEE70300CCCC0020FAE70300012801D00B
:10672000152803D10249034811F0BBBC704700BFD4
:1067300074C90020E8DE00200122F0B5614B8DB065
:1067400000AF04461A70FFF757FED8B12C2120463F
:1067500012F0AFF90546C0B95B4803685E0711D077
:106760006E4688B06A46594BC2E905344FF400734F
:106770009383574B42F8103F4FF4E2512B46F8F702
:1067800063F8B5463437BD46F0BDF2F79FFA1028DE
:1067900016D84D4803685D07F4D06D4688B06A4648
:1067A0004C4BC2E905344FF400739383484B42F8D5
:1067B000103F00234FF4E251F8F746F8AD46E1E709
:1067C0006B78222B08D0404803685907DAD06D4611
:1067D00088B06A46404BE4E707230E213A1DA81C07
:1067E0000BF086FB0628034614D837480268520788
:1067F000C8D06D468AB06A463849D461C2E90513EB
:1068000040F201331384364B42F8103F00234FF41B
:106810001151D1E739797A7901F00F0303EB830342
:10682000090901EB430102F00F0303EB8303120993
:1068300002EB4302BB79C9B203F00F0000EB80000A
:106840001B0903EB4003DBB2BB61FB79D2B203F05F
:106850000F0000EB80001B0903EB4003DBB27B6100
:106860003B7A013A03F00F0000EB80001B0903EBB9
:106870004003DBB23B617B7A643103F00F0000EB35
:1068800080001B0903EB4003B87ADBB2FB6000F029
:10689000070303EB8303040904EB4304030707F135
:1068A0000C004FF47A7548BF6442FA613962F6F71A
:1068B0004BFFA0FB05062346002205FB0161FFF705
:1068C000C1FD5FE749170120CCCC002036E803006A
:1068D0000300000163E8030086E80300BDE803004D
:1068E00004000001632370B590B006931D4B04466D
:1068F0001B780D46E3B106AB07AECDE9036308ABE9
:10690000029309AB01930AAB00930CAA0BAB164997
:10691000164804F0D1FE821F012A03460CD9144800
:10692000026812F0060F03D00221124A0BF094FF06
:106930006FF03C0010B070BD0C9B304664330C937C
:106940000B9B4FF47A76013B0B93F6F7FDFEA0FB11
:10695000060206FB0122069BC4E9000200202B6010
:10696000E8E700BF49170120FFE803001BE9030027
:10697000CCCC002024E903007FB5124B1B78FBB977
:10698000D0E90425642495FBF4F60391036804FB25
:106990001651029343680132019383680093C368E0
:1069A000094804F03DFD034650B10848026852070B
:1069B00006D00121064A04B0BDE870400BF04CBF80
:1069C00004B070BD49170120B8E90300CCCC002009
:1069D000E5E90300014610B5074804F021FD034630
:1069E00048B106480268520705D0BDE810400121B1
:1069F000034A0BF031BF10BD76BD030024CD00204B
:106A00000AEA030010B50C4C20460FF0E2FB0B48DD
:106A10000FF0DFFB20460FF0DCFB20460FF0D9FB28
:106A200020460FF0D6FB20460FF0D3FB2046BDE8F2
:106A300010400FF0CEBB00BF2DC6030030EA0300AC
:106A4000034638B105480268520705D00121044ABF
:106A50000BF002BFFFF7D6BF704700BF24CD002068
:106A600062DC0300F7B5044601900E4601A81949FF
:106A700017460FF0C2FB019D2B785B2B12D15D21D5
:106A8000284612F016F8F8B10130441B631CBB42D3
:106A90001DD822462946304611F050FE00203055C0
:106AA00003B0F0BD3A21284612F003F80028ECD1DB
:106AB0002F21284611F0FDFF0028E6D12046F2F7ED
:106AC00005F9431CE018E0E76FF01500E8E76FF008
:106AD0000600E5E7E7AD0300F0B585B001900E468E
:106AE00001A81B490FF089FB019B1B785B2B03D18D
:106AF000184901A80FF081FB174901A80FF07DFB91
:106B0000054608BB019F2F21384611F0D2FFC8B9B6
:106B10003846F2F7DBF80446072C28BF072439462D
:106B2000224602A811F00AFE04F110030DEB030443
:106B3000002302A804F8083C11F0DEFD308028464E
:106B400005B0F0BDC41BE7E76FF01505F7E700BF20
:106B5000E7AD03005601040038DD03002DE9F341E1
:106B60000E4616491746019012F01CF858B9144900
:106B700001A80FF042FB044660B16FF015042046F7
:106B800002B0BDE8F0810F4901A80FF036FB0028E4
:106B9000EDD0F2E7DDF804804046F2F797F8431CA9
:106BA000BB42054606D802464146304611F0C6FDB6
:106BB0007455E4E76FF00604E1E700BFE8AD0300B9
:106BC000E9AD0300E7AD03002DE9F0411E4694B0A6
:106BD00000AF05460C4690460021442207F10C0008
:106BE00011F0D3FD022E7E6149D0002C3BD0042150
:106BF0004FF4805378183B61224A234608F06EFC1C
:106C0000391D284607F1080307F10C020DF0DAF9E7
:106C1000044650B31C4B1B6803F00703022B1BD91F
:106C20007B696E46022B98BF184A8AB094BF52F80F
:106C30002330174B6A46C2E90730164B1649536298
:106C4000164BC2E9051542F8103F00234FF443519B
:106C50000D48F7F7F9FDB5466FF07504204650373B
:106C6000BD46BDE8F0812146CBE7BD684046D5E989
:106C7000062111F063FD28460DF01EFAEEE76FF0D5
:106C80001504EBE700EA0300E4CC0020D4A80300DD
:106C900056EA0300000201035EEA03000500000259
:106CA00038B50546006800281BDB0DF018FA0446CD
:106CB00060B10DF001F80368092B07D00CF0FCFF60
:106CC0000468094803685B0705D164424FF0FF334D
:106CD0002B60204638BD23460121044A0FF09FFA5D
:106CE000F3E70024F5E700BFE4CC00208AEA0300C4
:106CF0002DE9F04F93B002AFD7E91A54B5F80080F0
:106D000083468A46C7E901233E6FB8F1000F4ED192
:106D100033692A46002B08BF022320467179FFF70A
:106D200053FF8146002842D0AA483369026802F026
:106D30000702B3B1002A35D06D468AB002AAA64B2D
:106D4000C2F81C90C2E905344FF400731384A34BBE
:106D500042F8103F00234FF41151F7F775FDAD468F
:106D600020E0022A12D9E8468AB002AA9C49C2F859
:106D70001C90C2E905144FF400711184974942F840
:106D8000101F4FF41351F7F75FFDC54601232A4644
:106D900020467179FFF718FF814640B18D4803689E
:106DA0005D07C9D148464437BD46BDE8F08F288805
:106DB000012827D0022840F08181BB685BBA6B8034
:106DC0001823FB6052467968FCF74EF8002881468C
:106DD000DFF80082CBF8000019DA0CF06DFFD8F86C
:106DE0000030D0F80090590705D04B4601214046AD
:106DF0007C4A0FF014FAC9F10009B9F1000F00F054
:106E0000528130E0BB685BBA6B800823D9E77379A5
:106E1000002B3BD0D8F80020BB6102F00702022A09
:106E200004D903214046704A0FF0F9F904234FF4C6
:106E3000826200930121484607F118030DF016FA0B
:106E400020B3D8F800305A070BD0D7F818800CF0D0
:106E500033FF036801210093644A43465D480BF009
:106E600005FD6FF072095846FFF71AFF2B88594845
:106E7000022B036840F0288103F00703022B85D919
:106E80004B4603215A4A0FF0CAF97FE7BAF5817FD2
:106E900004D040F211139A4540F0DC8033687B61E6
:106EA000002B00F0D78096F80490B9F1000F00F0A5
:106EB000D180DBF800303B610223BB6104230093E7
:106EC000052207F118034FF48D7138690DF0CEF9E2
:106ED000DFF80081D8F80030002859D05B0707D0D0
:106EE0000CF0EAFE012103684046424A0FF097F990
:106EF0000CF0E2FE0368C3F10009B9F1000FB2D152
:106F0000BAF5817F7ED10120214607F11A020DF0EA
:106F1000A6F9012800F09E800220214607F11A02FE
:106F20000DF09DF9012800F095802046F1F7CEFE86
:106F3000DBF800900222009023464FF48D71484602
:106F40000DF094F9002800F08580D8F8003059073A
:106F500016D00CF0B1FEE8468AB0036802AAD361ED
:106F60004FF40073244913841C4BC2E9051442F802
:106F7000103F00234FF411511648F7F765FCC54642
:106F80000CF09AFE0368002B64D0C3F100096AE795
:106F900003F00703022B05D94B4603214046174A4D
:106FA0000FF03DF94FEA8903009301224FF48D71F0
:106FB0007B6938690DF05AF90028A1D0D8F8003063
:106FC000580795D00CF078FE012103680C4A01485F
:106FD0008CE700BFE4CC0020ABEA03000400000112
:106FE000D6EA03001BEB03003DEB030053EB030069
:106FF00069EC03007EEB03000AEC0300AAEB03003C
:10700000D7EB030040F211139A4523D1B37B0BB3A6
:107010000223DBF80000BB6104230E2200934FF42F
:107020008D7107F118030DF021F998B10CF044FEB1
:1070300003687B61C3F10009D8F800305A0705D016
:107040004B460121254A26480FF0E9F87B69002BC1
:107050007FF409AF294631F8040B282307F1180201
:10706000FBF7FAFF1E48036803F00703022B13D94E
:10707000E84688B002AA1B4B536107F118039361DD
:107080004FF400739383184B42F8103F00234FF4E2
:10709000E651F7F7D9FBC546DBF800002946FA6848
:1070A0000DF01FF810B94FF000097BE60CF004FE5C
:1070B0000368682B05D0C3F100099EE66FF06909EB
:1070C000D1E66FF06E09CEE65B073FF46BAE4B4640
:1070D0000121064A0FF0A3F864E600BF36EC030076
:1070E000E4CC002058EC0300030000019DEC0300F9
:1070F0004FF47A73B1FBF3F210B5002403FB1211C5
:10710000594386B0431C0292039404911AD0102371
:1071100014220093012102AB0DF0A8F880B10B4CB2
:10712000236813F0060F07D00CF0C6FD0221036898
:10713000074A20460FF073F80CF0BEFD006840428D
:1071400006B010BD6FF01500FAE700BFE4CC0020D8
:10715000B7EC0300F0B50446674F85B000F5107634
:10716000012120460FF0CEF830B14FF0FF324FF042
:10717000FF33304606F0B0F8022120460FF0C2F887
:10718000C8B1D4F83C312046DB689847014668B165
:1071900020680FF07AF80028E2D020680FF083F81A
:1071A0000122022120460FF092F8D9E704220221A1
:1071B00020460FF08CF8032120460FF0A3F830B1E1
:1071C0004FF0FF324FF0FF33304606F085F80421D0
:1071D00020460FF097F8002853D0D4F83C312046D1
:1071E0005B699847014690B310F1680F0CD0206896
:1071F0000FF04BF840B120460FF09AF8B0E70421A9
:1072000020460FF07FF8C8B120460FF05AF8D4F8A6
:107210003C312046DB68984705460028A0D03B68F3
:107220005B0705D001210346344A33480BF014FBB9
:10723000294620680FF029F80028E0D020460FF0FA
:1072400040F820680FF02FF801220421AAE794F8F3
:107250003831B3B12848036803F00703022B03D980
:107260000321274A0BF0EFFA20460FF061F80023C4
:10727000CDE901330393022322688DF8043001A87D
:107280009047052120460FF03DF860B1637E8BBB2F
:1072900020460FF016F80122204605210FF017F8BE
:1072A00020680FF000F8062120460FF02BF8002888
:1072B0003FF456AFD4F83C3153B120460FF001F8FB
:1072C000D4F83C3120469B6898470023C4F83C31F1
:1072D0000621204600220EF0FAFF0023CDE90133FB
:1072E0000393042322688DF804300DEB03009047CC
:1072F00005B0F0BD0322CFE7E4CC0020EAEC0300A8
:1073000006ED03002DE9F04F95B004469946D0F8FC
:107310003C3100AF00F516784046BB6016464FF092
:10732000FF334FF0FF328A460EF0ADFF01212046B9
:107330000EF0E8FFC0B9032120460EF0E3FF98B934
:10734000A34803685E0705D094F86C320121A14A76
:107350000BF082FA40460EF0B8FF4FF0FF3528469A
:107360005437BD46BDE8F08F032120460EF0CAFF1A
:10737000F860F8B14022304607F11001FFF772FBC8
:1073800068B1934803685D0703D00121924A0BF06E
:107390005AFA40460EF099FF6FF01505DFE74022DC
:1073A00004F12C0107F1100011F098FBB0FA80F302
:1073B0005B09FB604022304604F12C01FFF752FBD1
:1073C000834648B1824803685C07E2D001215B46EE
:1073D000824A0BF041FADCE7C022304604F16C012E
:1073E000FFF7BCFB0546D0B179480368590712D0B6
:1073F0006C468AB06A467A4BD661C2E9053540F2DE
:1074000001331384774B42F8103F4FF411515B4620
:10741000F7F71AFAA54640460EF057FF9FE7D64603
:1074200004F10C0CBEE80F00ACE80F009EE80F0062
:107430008CE80F0094F8283004F10C02C4E94B5991
:10744000C4F8345184F838517A6013B90A2384F8A7
:107450002830DFF894910023CB46C4F83C31634ACE
:107460005B4693450DD21A683146204612683B6050
:1074700090470BF1040B3B680028F0D01B68C4F860
:107480003C31D4F83C31002B5BD13046584911F0E7
:1074900089FBD8B14E4803685A0711D06C4688B0B2
:1074A0006A46544BC2E905364FF400739383524B3E
:1074B00042F8103F00234FF4E251F7F7C5F9A54613
:1074C00040460EF002FF6FF07A0548E7DAF8003028
:1074D000002B4AD09AF80410484A494B00290CBFA7
:1074E00092469A463A48036813F0060F12D0EB46CC
:1074F0008AB06A46434BC2F81CA0C2E90536424B2B
:107500001362424B42F8103F00234FF42251F7F729
:107510009BF9DD46354A9145CB460ED2DBF800306B
:10752000514620461B68984709F104092F4A002854
:10753000F1D0DBF80030C4F83C31D4F83C31002BFA
:10754000A8D0032120460EF0DDFEF8B1FB687BB128
:107550000422032120460EF0BAFE40460EF0B5FE8E
:1075600004F5107005F07EFEF9E6DFF890A0B9E7AB
:10757000BB685BB11B6920469847BB6820469B6887
:1075800098470122032120460EF0A1FE022201218C
:1075900020460EF09CFED4F83C31324620465B6813
:1075A0007968984706460028D7D001220221204654
:1075B0000EF08DFE40460EF088FE054803685B071E
:1075C00004D001213346124A0BF046F93546C6E68F
:1075D000E4CC002018ED030030ED030049ED03007A
:1075E0006AED0300040000018C0104009001040016
:1075F000E7AD0300C0ED030003000001E3AD0300AD
:10760000DAAD030093ED0300000201030400000261
:10761000DAED03002DE9F04184B004460E46D0F8BF
:107620002C111E481546036800AF03F0070359B339
:10763000022B19D9E8468AB0D4F830316A46DFF80F
:1076400060C0D161C2E905C34FF0640C0CFB03F3C9
:10765000B3FBF1F31362052342F8103F00234FF40C
:107660002351F7F7F1F8C5460022C7E90265236800
:107670003A71381D984710B120460EF059FE00208F
:107680001037BD46BDE8F081022BEDD9D4F830317A
:107690000321044A0BF0E0F8E6E700BFE4CC002049
:1076A00001EE03001FEE030070B50D46044688B0DE
:1076B000002847D0002945D00B68002B42D04B68EA
:1076C000002B3FD08B68002B3CD04FF4036200218D
:1076D00011F05BF895E8070084E80700012200211B
:1076E00004F5107010F07BFC04F51676304610F0AF
:1076F000DAFB4FF0FF324FF0FF3330460EF0C3FDA0
:10770000002200230025CDE906230E234FF4A062BA
:10771000CDE90335CDE901550C4B009404F54C71CE
:1077200004F51C7006F098F8C4F82803084905F021
:10773000DFFF0123304684F86C320EF0C6FD284688
:1077400008B070BD6FF01500FAE700BF5571020078
:1077500033EE03002DE9F743894616461F460446DB
:10776000002842D0002940D0002A3ED0002B3CD037
:1077700000F5167840464FF0FF324FF0FF330EF021
:1077800082FD012120460EF0BDFDB8B9032120463F
:107790000EF0B8FD90B91F4803685A0705D094F859
:1077A0006C3201211C4A0BF057F840460EF08DFD5B
:1077B0004FF0FF34204603B0BDE8F0833046F1F7C8
:1077C00085FA05463846F1F781FAA1680544023585
:1077D0008D420DD90F4803685B0703D001210F4A82
:1077E0000BF031F840460EF070FD6FF01504E1E744
:1077F000009733460A4A606807F070FE626849469F
:1078000020460A9BFFF77EFD044640460EF05DFDD4
:10781000D0E700BFE4CC002018ED03003EEE0300EB
:1078200076EE030038B506220D4601230446C0E972
:10783000572321490822284611F050F948B1072260
:1078400028461E4911F04AF9B8B1237CABB1E36870
:107850009BB14FF48173C4F85C31E3680BB1237CB6
:107860005BB91748036813F0060F03D00221154ACD
:107870000AF0E9FF6FF0150013E0284604F5B27135
:10788000FFF72AF950B1D4F85C31062B0AD0B3F5D2
:10789000817F03D140F2BB13A4F86431237E1BB96E
:1078A000002038BD5023F7E7D4F8603143F080431F
:1078B000C4F86031F4E700BFDAAD0300E3AD0300C4
:1078C000E4CC00207CEE030010B50C4608222046D4
:1078D000074911F003F940B107222046054911F08C
:1078E000FDF8B0FA80F0400910BD0120FCE700BFB0
:1078F000DAAD0300E3AD03007FB500F10C030293A2
:1079000000F12C03019300F5B373009300F5AC76FE
:10791000B0F86431D0E9571204463046FFF7E8F971
:10792000054698B9D4F84011D4F85801FFF7E0FBA8
:10793000054670B10A4803685B0704D001212B4655
:10794000084A0AF089FF3046FFF7AAF9284604B032
:1079500070BD012384F8440184F87031F6E700BF5C
:10796000E4CC0020A2EE03002DE9F04387B090F8AC
:107970007031044604AF002B79D00023C0F83431B5
:1079800080F85431D0F85C31B3F5817F11D1037E9A
:107990007BB94369B3F5006F3FD9A548036813F07D
:1079A000060F03D00221A34A0AF04DFF4FF40063F3
:1079B00063616569D4F8306104F16C0304F12C0C47
:1079C000D4E9010165B3D4F82C213544013D1AB145
:1079D000013A954228BF1546CDE90165964ACDF892
:1079E00000C007F07BFD012384F845310023C4F873
:1079F0004831002802DBA368834222D28C48036806
:107A00005A0703D001218D4A0AF01DFF6FF0670667
:107A100030460C37BD46BDE8F083002BC6D0C8E722
:107A20003EB1CDE900C6864A07F058FD84F84551BD
:107A3000DFE7844ACDF800C007F050FD84F84561C7
:107A4000D7E702466168D4F858010EF0EAFB60B14E
:107A5000774C23685B07D9D00CF02EF9036801211D
:107A60002046794A0AF0F8FED0E784F87001D4F88D
:107A70003431D4E90112D4F85801D21A19440EF065
:107A8000EEFB061E14DA16F17A0F0CD1636953B1BE
:107A9000B3F5807F02D9803B6361B7E7083B082BD1
:107AA0006361B5D9B2E794F84431002BB0D0ADE7AB
:107AB000D4F8343106EB030894F85431002B40F02D
:107AC000E081B8F1000FA1D042466049606811F032
:107AD00036F800287FD0012384F8543163680430DD
:107AE000C51A00210A46DFF868C1AA42606874D14D
:107AF0002A46584911F023F8814678B16268564900
:107B0000821AAA1A11F01BF8786038B10A22391DBE
:107B100009F1090007F006FFC4F850016FF4967CE4
:107B2000D4F8503103EB0C02022A05D96FF4997096
:107B30000344012B00F2D7802A464849606810F0C0
:107B4000FEFF8146002800F0CE8062680130821A74
:107B50004149AA1A10F0F3FF7860002800F0C380B2
:107B60000023334E0370326809F10C0502F007025E
:107B7000022A11D9E84688B004AA3949C2E9051594
:107B80004FF400719183374942F8101F4FF4E651CA
:107B90003046F6F759FEC54629462046FFF742FE15
:107BA000A0B33368590713D06C468AB004AA2E4B91
:107BB000C2E9053040F2013313842C4BD56142F801
:107BC000103F00234FF411511948F6F73DFEA5462A
:107BD0006FF04C061CE7454683E7835C00EB020E22
:107BE0000D2B04D00A2B02D061B93A2B0CD01CF813
:107BF000031001F0030101294FF0000108BF2033F9
:107C00008EF80030013270E70121FBE74022284660
:107C100004F12C01FEF726FF814658B333685A075A
:107C2000D6D06C468AB004AA114BC2E90530C1E730
:107C3000E4CC0020CAEE030003EF0300CEEF030004
:107C40004EEF030097EF0300FAEF030092EF0300FB
:107C5000F3FD030020F0030094EF03002AF003007B
:107C600036F00300030000014BF0030004000001A4
:107C700074F00300C022284604F16C01FEF76EFF89
:107C8000D8B133685B0713D06E468AB004AA964B0E
:107C9000D561C2E9053040F201331384934B42F8B9
:107CA000103F4FF411514B469148F6F7CDFDB546C4
:107CB00004F5167005F054FA8AE794F8713194F8D7
:107CC00028200133DBB29A4284F87131BFF49EAEB2
:107CD00033685E0704D00121864A85480AF0B3FD67
:107CE0006FF01E0694E6D4F82C316068CBB994F896
:107CF00045312A46002B37D07F4910F020FF80B154
:107D000063687E49C21AAA1A10F019FF814640B171
:107D100062687B49821AAA1A10F011FF7860002865
:107D20003AD12A467749606810F009FF58B1704887
:107D3000036813F0060F03D00221734A0AF083FD93
:107D4000012384F8443194F85431002B4FD0D4F8F7
:107D500050315BBB664803685D073FF439AF6B4A3F
:107D600001210AF070FD33E7694910F0E8FE0028B0
:107D7000D7D03A2110F09DFE626881460028D0D00D
:107D8000821A5F49AA1A10F0DAFE78600028C8D07B
:107D9000D4F83031C4F82C3109F1010010F0ACFCFA
:107DA000D4F82C310344C4F82C31BAE794F84521B7
:107DB0008AB9D4F83021002A0CBFC822CE229342BF
:107DC0000BD04B48026854073FF402AF0121514ADF
:107DD0000AF042FDFCE6CE22F1E7D4F82C31CBB913
:107DE0004348036859073FF4F3AE4B4AB8E762686B
:107DF00002EB08039A427B6004D219780D2901D066
:107E00000A291CD17D6815F8013C0D2B19D00A2BCD
:107E100017D0AD1A002D64DBA84515D10023C4F896
:107E200034310025D4E94B329B1A202B28BF202364
:107E3000AB422EDD002E3FF4E9AD0026E8E5013B24
:107E4000D8E7013D7D60DDE745B16068A8EB050836
:107E50004246411910F07FFCC4F8348194F8543143
:107E60008BB9A368D4F834219342DAD12048026850
:107E7000520703D00121294A0AF0EEFC6FF00606F2
:107E8000C6E5C4F83481B8F1000F4546CADA464663
:107E9000BEE52A44C4F8302125B12A46204661684F
:107EA000FFF7B8FB94F8453153B1D4F848311D447D
:107EB0006369C4F848519D4224BF012384F870319E
:107EC000D4E94B329A4202BF012384F8383184F856
:107ED00070310023C4F8343194F83831002BA9D024
:107EE000ABE72E4694E500BF6AED030004000001F5
:107EF000E4CC00209DF00300C4F00300E9AD0300D2
:107F000094EF0300E5F00300F9F0030021F1030012
:107F1000D4F0030052F1030074F1030086F1030072
:107F2000002307B5CDE90033044B8DF800001B6832
:107F30006846984703B05DF804FB00BF98F6002040
:107F400008B50649064810F0BCF806490648FFF790
:107F5000ABFB10B90122054B1A7008BDC97F0200A6
:107F6000D0DF002084C9002000E000204A17012053
:107F700007B56FF0010111480EF0A0FA104B1B7805
:107F800073B10022CDE9002205228DF804300D4B9B
:107F900068461B688DF80020984703B05DF804FB25
:107FA0006FF0200105480EF089FA83064CBF0620C9
:107FB000012003B05DF804EBFFF7B2BF60F40020CE
:107FC0004B17012098F60020F0B585B0334802AF7A
:107FD000D0E8AF3FD90608D44FF400420023304820
:107FE00005F052FB0C37BD46F0BD6FF004010EF0FA
:107FF00065FA381D00F07AFB2A4C0546E8B1236883
:108000005A0714D06E468AB002AA274B5361274BF9
:10801000C2E906304FF400731384254B42F8103F39
:1080200000234FF411512046F6F70EFCB546052308
:10803000204A1370FFF79CFFD4E77E681E4B1F4A4F
:1080400000961B6812681E491E48FFF783FB2368D1
:10805000C0B15B0714D06E468AB002AA1A4B5361B6
:108060001A4BC2E906304FF400731384104B42F8E8
:10807000103F4FF411512B462046F6F7E5FBB5466D
:108080000223D5E703F00703022BABD903213346C4
:1080900020460F4A0AF0E0FBA4E700BF60F400208E
:1080A000D0DF0020F4CC0020BBF103000EF403006D
:1080B000040000014B17012090F6002094F60020E8
:1080C00068F6002000E00020E1F10300FEF3030069
:1080D0000BF2030070B5044686B0002800F0A481BE
:1080E0000378032B00F2E280DFE813F004000001C4
:1080F000E30091016FF0020188480EF0DFF9830779
:1081000040F1A380864987480EF05DF958B10522F9
:10811000854B1A706FF0040180480EF0CFF90020F3
:1081200000F0FAFA89E0814BD4E901011B787BB1B8
:1081300000F096FA7E4D287068B97E4803685E07A5
:1081400003D07D4A01210AF07EFB0322764BE0E753
:1081500000F068FAEEE7794B1B7830EA03020DD0A5
:10816000744C2268550706D001210093744A0346D7
:1081700020460AF07BFB04226B4BCAE7684E714B2A
:108180000021326800F07CFA10F11B0F034605D184
:10819000684803685907D8D06B4AD3E700280ADA41
:1081A00064480268520703D0684A01210AF054FB70
:1081B00006225D4BADE7ADD103A800F097FA002889
:1081C000F6D1039B002B3BD05448D0E8AF3F1B07B0
:1081D0001DD56FF004010EF071F900F0B9FA0146F7
:1081E00040B1544B1B685D07E2D001210346584A59
:1081F0005048DBE7534B3268287800F041FA0346D9
:1082000018B34C4802685407D2D0524ACDE7042133
:108210000EF049F943480EF0ACF800234FF4004249
:108220004D4805F031FA4348036803F00703022B79
:1082300003D90321494A0AF006FB4FF0FF3036E02C
:108240006FF0040135480EF039F9D4E9010100F06E
:1082500057FA10F1160F034609D13648036803F0A8
:108260000703022B7FF671AF03213D4A6BE728B16C
:108270003048026851079BD03A4A96E7294803A93B
:108280000EF0C2F800287FF442AF254B1A68002A8E
:108290003FF43DAF6421039B8DF810004B43B3FBCB
:1082A000F2F30593304B04A81B689847002006B0F2
:1082B00070BD012000F030FA034618B900F066FAEC
:1082C000034630B11B48026852073FF471AF274A9A
:1082D0006BE76FF0010111480EF0F0F810210F4824
:1082E0000EF0E1F80120FFF71BFEDFE7204E114DF5
:1082F0003368002B40D0426812F1680F01D00B3276
:108300003AD12A6812F0060F04D00221194A09480E
:108310000AF0A2FA3368013B3360C7E760F400203B
:1083200048F4002000E000204B1701204D170120E9
:108330004C170120F4CC002029F203002FCC0020A0
:108340003CF20300D36403006FF203007DF20300EC
:1083500096F20300BAF20300D0DF0020E2F203003D
:1083600007F3030015F3030098F600202FF3030032
:1083700064F6002049F303002B685E0705D06368AC
:1083800001212B4A2B480AF067FA002000F0C4F9BB
:1083900010F10D0F08D038B12B68580704D0012117
:1083A000254A24480AF04FFA6368244A13F16E0FF5
:1083B00010DA13F17B0F1CDB01217B3301FA03F38D
:1083C00013F4A95F1CD113F0C00F1BD1D90710D52E
:1083D000072318E013F1220F14D013F1210F0ADA4A
:1083E00013F16A0F11D004DB13F1680F0AD04D337B
:1083F00008D0052307E013F1160F06D00733F7E77F
:10840000117087E60223137084E60823FBE70C4C07
:10841000102120460EF047F8D4E8AF3F5B073FF548
:1084200045AFFFF7A5FD41E76FF015003FE700BF3F
:1084300073F30300F4CC00208DF303004B170120ED
:1084400060F400202DE9F04F85B00D461E4604462D
:10845000039200287AD0002978D0414B1B68002B6A
:1084600074D001213F480EF01EF810EA010970D1C6
:108470003D4F9DF83830052E7B710F9BBB606BD84C
:108480006FF0100137480EF019F86FF0040135480D
:108490000EF014F8354B204683F80090F0F716FCE8
:1084A00001462046F3F72AFF82462846F0F70EFCE5
:1084B00001462846F3F722FFDFF8B4808146D8F85A
:1084C0000020DFF8B0B0924503D1DBF800209042E5
:1084D00036D0082123480DF0E6FF274BC8F800A04E
:1084E0001C60264BCBF800901D60039B43B13EB14E
:1084F000234B03991846B20010F020F93E71386002
:108500000221204B9DF8402019601F4B15481A701E
:108510000DF0C9FF00232246009313492B461B4848
:10852000FFF718F9044638B16FF001010D480DF05E
:10853000C5FF16480DF01DFF204605B0BDE8F08FC1
:108540006FF0080107480DF0B9FFC6E76FF015049A
:10855000F2E76FF07704EFE76FF00604ECE700BF97
:1085600098F6002060F4002068F600204B170120E8
:108570008CF6002088F6002094F6002090F600206B
:108580004CF4002064F600202FCC002000E00020F6
:10859000B0B500AF68B3184B4FF4007118601748BE
:1085A00000F068FB0446D0B1154803685B0713D0A0
:1085B0006D468AB06A46134B5361134BC2E90634C9
:1085C0004FF400731384114B42F8103F00234FF413
:1085D0001151F6F739F9AD462046BD46B0BD0C4BFA
:1085E00018700C4B1B78002BF6D1FFF7A9FC044642
:1085F000F2E76FF01504EFE798F6002064F400202E
:10860000F4CC0020C2F30300EBF3030004000001EC
:108610004D1701204A170120014B1860704700BF19
:1086200090C900201F2910B504460ED900F01AFB8E
:1086300068B9204600F09EF958B9074803685B07FF
:1086400003D00121054A0AF0FEF8002010BD0120E8
:10865000FCE70220FAE700BFD4CC00205EF4030060
:1086600008B5054803685B0703D00121034A0AF0F7
:10867000EAF8002008BD00BFD4CC00205EF403005F
:1086800010B50446012C10461A4603D0022C0FD117
:10869000104C05E0104B1C68104B9C4213D01C463C
:1086A0000D4B1C600E4B19602368BDE81040184745
:1086B0000C4803685B0703D001210B4A0AF0C3F89A
:1086C0006FF0850010BD064B1B688B42E8D100207F
:1086D000F8E700BF10A903009CF60020F8A80300EB
:1086E00094C90020D4CC002029F20300034B1B685E
:1086F0000BB15B6818476FF00C0070479CF60020C8
:10870000044A126812B108B1936818476FF00C0060
:10871000704700BF9CF6002010B50A4B1B686BB178
:10872000DB689847044638B1074803685B0703D005
:108730000121064A0AF087F8204610BD6FF00C04AC
:10874000FAE700BF9CF60020D4CC00207CF40300A4
:1087500038B50B4D2B687BB15B699847044648B12F
:10876000084803685B0703D00121074A0AF06BF849
:10877000204638BD2860FBE76FF00C04F8E700BF27
:108780009CF60020D4CC00207CF40300034B1B6833
:108790000BB11B6918476FF00C0070479CF6002066
:1087A00030B5144C85B02368F3B900B30568F5B152
:1087B0004168E1B18268D2B12560029343690193B7
:1087C00003690093C3680C48F6F7DCFB044640B12C
:1087D0000A4803685B0704D001212346084A0AF0CF
:1087E0003BF8204605B030BD6FF00D04F9E76FF09F
:1087F0001504F6E7A0F60020A4F60020E0CC002047
:108800009AF4030010B5044602480AF058F92060B3
:10881000002010BDA4F600200A4610B50146002332
:1088200007480AF008F9044640B1064803685B07A8
:1088300004D001212346044A0AF00EF8204610BD58
:10884000A4F60020E0CC0020BCF4030010B528B949
:10885000002400220B4B20461A6010BD0022012389
:10886000114609480AF0E7F804460028F0D0074806
:1088700003685B07EDD001212346054A09F0ECFFB0
:10888000E7E700BFA0F60020A4F60020E0CC00201F
:10889000BCF4030008B50023064883600361C36885
:1088A00033B1416900F0C8FA0022034B1A6008BDD9
:1088B0001846F9E7A4F60020A0F60020F7B5274DEA
:1088C0002B6803F00703022B04D903212846244A0E
:1088D00009F0B9FF0FF0DAF9024658B1112809D0B2
:1088E0002B68590703D01F491C480DF017FE6FF085
:1088F0000D041BE01C4F00203B6898473C2601A854
:108900000FF02FF90446D8B1721C03D101203B6847
:1089100098473C26112C0CD0052C0AD02B685B07FD
:1089200004D0224611490D480DF0F8FD204603B051
:10893000F0BD4FF4004000210FF098FC013EDEE74F
:108940003B68022098472B6803F00703022BEDD900
:108950000321074A014809F076FFE7E7DCCC002055
:10896000F3F403002AF50300D0F600204CF50300D1
:1089700069F503004068024BC31A584258417047DA
:108980006D6544752DE9F04399B002AF344B07F1A2
:108990000C09064648461A600FF01FF9314C05468F
:1089A00068B12368580704D02A4620462E490DF0A6
:1089B000B5FD6FF00D005C37BD46BDE8F08307F1F3
:1089C0003008242325214046284ACDF8009006F09F
:1089D00085FD236803F00703022B12D9E94688B00E
:1089E00002AA234BC2E905384FF400739383214B4D
:1089F00042F8103F4FF4E6512B462046F5F724FF8E
:108A0000CD4607F108000FF0CAF8024628B12368E6
:108A10005907CED018491348C9E7BB68B3420CD2F6
:108A20002268520706D001210093144A33460D48AC
:108A300009F01CFF6FF01A00BDE7381D0FF091F828
:108A400038B1112809D023685B07B2D002460C491F
:108A5000E1E77B68B3F5201FADD1FFF72FFFAAE751
:108A6000D0F60020DCCC002082F503008AAF0300A2
:108A7000ACF5030003000001C7F50300FBF503009C
:108A80002AF6030008B50FF06CF8024640B105481D
:108A900003685B0702D004490DF040FD6FF00D0242
:108AA000104608BDDCCC00202AF6030070B5054650
:108AB0000E4603F0DBFF024660B110F1780F09D0DB
:108AC00021480368590702D020490DF027FD6FF0B7
:108AD0000D0070BD01221E4B314628461A700FF062
:108AE00098F8041E06DA184803685A07EFD02246A1
:108AF0001849EAE723D0144803685B0703D02246ED
:108B000015490DF00BFD012C1BD0A31E0C2BDED83C
:108B10000123A34013F40A7F0ED113F4904F04D124
:108B2000022CD4D16FF00600D3E7FFF7C7FE314621
:108B30002846FFF7BBFF10B16FF01500C9E7002012
:108B4000C7E76FF00B00C4E7DCCC00205EF6030043
:108B50004E1F01209BF60300C0F6030008B503F08A
:108B6000B5FF024650B1074803685B0702D00649CB
:108B70000DF0D4FC6FF00D02104608BD034B1870C9
:108B8000FAE700BFDCCC0020DDF603004E1F012019
:108B900010B50FF064F8044613280F48036809D194
:108BA0005B0703D001210D4A09F04DFE6FF015045B
:108BB000204610BD03F007033CB11BB12246084913
:108BC0000DF0ACFC6FF00D04F2E7022BF0D903219D
:108BD000044A09F038FEEBE7DCCC002010F7030074
:108BE0004AF703007DF7030008B5074B1B781BB954
:108BF000BDE808400FF04AB80020FFF7AFFF00289B
:108C0000F6D06FF00D0008BD4E1F01200548036827
:108C100003F00703022B04D900230321024A09F0C1
:108C20001BBE7047D8CC0020C3F7030013B500214A
:108C300008460BF0BFF9044660B1084803685B07BB
:108C400005D000230121064A009409F00FFE2046BA
:108C500002B010BDFFF7DAFFF9E700BFD8CC002063
:108C6000FDF703000068024BC31A58425841704791
:108C70003DB8F39640B110F0030305D1044A1060EB
:108C8000044A1846116070476FF01500704700BF26
:108C9000DCF60020D8F60020F0B58BB00025324A73
:108CA000324C15602268034602AF6AB93048036847
:108CB0005D0703D001212F4A09F0C5FD6FF01204B2
:108CC00020462437BD46F0BDB0F5E02F0DD9284829
:108CD0000268540706D04FF4E02201210092264A90
:108CE00009F0C4FD6FF01A04EAE7244E30460FF095
:108CF00019F80346C0B91E480268510711D06C46E6
:108D000088B002AA1E4951611E4991614FF4007159
:108D100091831D4942F8101F4FF4E251F5F794FD7D
:108D2000A5466FF00D04CBE7184B4FF40022C7E9BE
:108D300001362368381DFB60154BFD611B683B61E4
:108D40004FF4E023C7E90523FFF72AFD041E09DAE3
:108D5000074803685B07B3D0012123460D4A09F099
:108D60007BFDADE72C46ABE7D4F60020DCF6002017
:108D7000D8CC002028F803005CF80300009803001A
:108D80008EF80300B1F8030003000001C5F80300EA
:108D9000D8F60020CEF8030010B50446FFF732FDE8
:108DA00020B9034A236812681344236010BD00BF32
:108DB000D4F6002030B4064A064C136824680B44ED
:108DC000B3FBF4F504FB1533136030BCFFF724BD8F
:108DD000D4F60020D8F6002038B50546FFF736FD5A
:108DE000044650B10C4803685B0704D001212346B8
:108DF0000A4A09F031FD204638BD15B1084B18600C
:108E0000F9E70548036803F00703022BF3D90321B0
:108E1000044A09F018FDEEE7D8CC0020EFF8030073
:108E2000D4F600200FF903000022024B1A60FFF76E
:108E300031BD00BFD4F600207FB50446C06801AA4A
:108E40000CF07BFA054658B1144803685A0704D061
:108E500001212B46124A09F0FFFC284604B070BDE0
:108E6000206ADDE901128B189842F6D2E0680AF018
:108E700094FE064650B1094803685B0704D00121FF
:108E80003346084A09F0E8FC3546E6E7DDE90132F9
:108E9000134462699B1A2362DFE700BFD0CC002035
:108EA00090C1030041F903002DE9F043224885B049
:108EB0000DF041FB002604461F4B204FD3F83880AD
:108EC000DFF87C90B04503D8002005B0BDE8F08302
:108ED000636A97E807001D6801AB83E807000C226E
:108EE000194628460FF01AFC78B975B122692B692A
:108EF0009A420AD1AB69A2699A4206D8E2699A42BB
:108F000003D963696A6993430CD0256A75B10D482A
:108F100008F0E8FC002383F31188BFF36F8F04236C
:108F2000184602DFE36801361C44CBE7484608F0E8
:108F3000D9FC636A1D60F5E700820100009E030012
:108F40009CF9030073F9030010B5084908480DF0B7
:108F500001FB044640B1074803685B0704D00121C8
:108F60002346054A09F078FC204610BD4D920200C8
:108F7000E0F600203CCD0020CFF903002DE9F843B6
:108F8000DFF85892964DD9F870402B68072C0E46A2
:108F900000AF00F0080803F0070372D0132C00F0B4
:108FA000D080052C40F0F580D9F854901BB12846AC
:108FB0008C490DF0CBFA19F4805F54D02B68590717
:108FC00003D0894986480DF0C1FA172419F4006FBF
:108FD00007D02B685A0703D0844981480DF0B6FAB0
:108FE000182419F4007F14D02B685B0703D0804944
:108FF0007B480DF0ABFA7F4B19F4004F9B6B07D009
:109000002A68540704D001217B4A754809F024FCE2
:10901000192419F4806F07D02B68580703D07749BB
:109020006F480DF093FA1A2419F4807F1DD02B6835
:10903000590703D072496A480DF088FA1B24F36976
:10904000B8F1000F40F0C480C3F3080222B96FEA00
:1090500053236FEA4323F36131462046F8F7D0FCEF
:10906000BD46BDE8F8831624B0E719F4005FE6D0EA
:109070002B685A0703D0634959480DF067FA1C243E
:10908000DDE7D9F85C401BB128465F490DF05EFA78
:10909000630609D52B68580706D0D9F86830012136
:1090A0005A4A4F4809F0D8FBE10708D52B685A0700
:1090B00003D057494A480DF049FA2624BFE7A307D1
:1090C00008D52B68580703D0524945480DF03EFAA1
:1090D0002724B4E7610708D52B685A0703D04E4907
:1090E0003F480DF033FA2824A9E7230708D52B6859
:1090F000580703D049493A480DF028FA29249EE739
:10910000E10608D52B685A0703D0454934480DF0CD
:109110001DFA2A2493E7A30608D52B685D0703D020
:1091200040492F480DF012FA2B2488E724064DD52C
:109130002B68580703D03C4929480DF007FA2C2426
:109140007DE7D9F86C901BB1284638490DF0FEF93F
:1091500019F0020F06D02B68590703D03449204874
:109160000DF0F4F919F0010F06D02B685A0703D05F
:1091700030491B480DF0EAF919F0040F3FF45FAFD6
:109180002B685B073FF45BAF2B4915480DF0DEF908
:1091900055E7CBB1294A2A4BE9468AB00F2CC8BF04
:1091A00013466A462749103CC2E905134FF4007381
:1091B0001384254BD46142F8103F00234FF4115122
:1091C0002846F5F741FBCD46002438E7252436E74D
:1091D00023F4FF7323F001033DE700BFE0F6002016
:1091E0003CCD002037D803004DD80300B1D6030092
:1091F0005ED8030000ED00E077D803008CD80300B0
:10920000A7D8030011D7030009FA030022FA0300CC
:1092100032FA030048FA030066FA030081FA0300F9
:109220009EFA0300B3FA0300CDFA0300E0FA03004C
:10923000FAFA03002AFB030058FB0300D4D803000A
:10924000BFD80300B5D903000400000100B5104BDE
:1092500089B05A6AD86C00929A6A20F0050001928F
:10926000DA6A694602921A6B03925A6B04929A6BFD
:109270000592DA6B06921A6C1B6D07929B0748BF2A
:1092800040F00400FFF77AFE09B05DF804FB00BF70
:10929000E0F60020F0B585B06E46816805461039CD
:1092A00021F0070409F0C0FB32460A4B03F1100C11
:1092B000374618685968083303C763453E46F7D1F7
:1092C00010232146284609F07CFB003818BF0120F6
:1092D00005B0F0BD78AB03002DE9F7431D46064607
:1092E0000F46904609F097FB6C1E04444042044030
:1092F000082C06D94FF4B4710F4B104A104805F0F2
:1093000097FA304609F090FB81462A464146684666
:109310000FF014FA4946621B0DEB05000FF035FA09
:1093200023466A463946304609F04BFB003818BFE1
:10933000012003B0BDE8F0835AE4030016FC0300EB
:109340008CFB030030B50D46816887B0102302AA5C
:109350001039044609F020FB002802DA012007B08A
:1093600030BD1022204602A90DF021F900283AD183
:1093700010221E4902A80FF0D1F900280CBF0123CA
:1093800002232B7020460DF00CF9012301460DF14C
:109390000702204609F000FB0028DFDB9DF80730BC
:1093A000204603F00F021B096A702B7101220DF198
:1093B00007010DF0FCF810B96B78042B03D90123D9
:1093C0006B7000232B71A2682046183A22F0070226
:1093D000083AA91C0DF0FEF80028BFD12046E91C70
:1093E0000DF025F9BBE70323CBE700BF78AB030003
:1093F0000E2A13B5044606D90C4B4FF4CF710C4A14
:109400000C4805F015FA0E2901D90B4BF5E741EA96
:1094100002118DF807100DF0C4F8012301460DF17B
:1094200007022046FFF758FF02B010BDCFFB030034
:1094300001FC03008CFB0300E1FB0300F7B50D1EEC
:1094400069460CBF17462F460446FFF77BFF78B9E5
:109450009DF80060022E22D0032E0BD0012E26D1C3
:1094600035B19DF80330032B02D120460DF0D8F81A
:1094700003B0F0BD002DFBD12046FFF70BFF002805
:10948000F6D157B120460DF0CBF80028F0D10022DC
:1094900031462046FFF7ACFFEAE70226F7E76DB951
:1094A0000146A268204609F0A1FA0320E0E740F255
:1094B0004F21034B034A044805F0BAF90420D7E7CB
:1094C0005AE40300F3FB03008CFB030013B50C4BC1
:1094D0000C4603EBC00001A90079F5F777FC0146C3
:1094E00060B9221E18BF01220198FFF7A7FF0446AA
:1094F000019809F050FA204602B010BD0124FAE7A5
:1095000028A903002DE9F041A2B005460E461746F2
:1095100098460EF0E6FD70B9114B1B785BB14FF029
:10952000FF324FF0FF330F4803F0A2FD044618B19D
:109530006FF0830510E0012468460AF051FB4246B3
:1095400039463046289BA847054668460AF049FB3D
:1095500014B9044803F004FE284622B0BDE8F081A7
:109560005E1F012098CE0020002300B589B0CDE910
:10957000063303AB0493042303900593A9B10B684E
:1095800006934B6807930223111E18BF0121084858
:10959000CDE9002140F2F53104AA00F02FF80028AF
:1095A000B8BF012009B05DF804FB0123ECE700BF60
:1095B0000501004070B5402696B006AB05460C4646
:1095C0003246002118460FF0E0F84FF48072CDE9E2
:1095D0000206CDE90454ADF8402054B1012304AA99
:1095E000009200210448019302AA00F007F816B087
:1095F00070BD2046FBE700BF0001004010B4B1F58C
:10960000004F029C0ED2042B0CD8042C0AD8240440
:1096100044EA0364134644EA0102014610BC0348CD
:10962000FFF770BF6FF0800010BC7047217C010015
:109630002DE9F0470A688B6806465C1CD018D35C9D
:109640000F46222B144440F0E18025460023D1F838
:1096500004C0A91A614580F0D9802978222919D13E
:10966000C3F10103281A3A6918449047814600283B
:1096700000F0CC808046AC4216D3002388F800303E
:1096800010230120C6E903393B68ED1A0135BD609E
:10969000BDE8F0875C2905D10135A91A614580F044
:1096A000B58001330135D4E723785C2B06D0013433
:1096B00008F1010288F800309046DCE76378752BEA
:1096C0000AD86D2B0FD8622B2AD023D82F2B39D054
:1096D0005C2B37D0222B35D048467B6998473B68B6
:1096E000E41ABC6095E06E3B072BF5D801A252F856
:1096F00023F000BF2D970200D9960200D9960200F0
:10970000D996020035970200D99602003D970200D3
:109710004B970200662BDFD10C2308F1010202E017
:10972000082308F1010202210C44C3E70A2308F1CF
:109730000102F8E70D2308F10102F4E7092308F11B
:109740000102F0E708F10102EDE72B1B052BC3DD59
:10975000A01C0CF08EFFA0F55C43B3F5806F824631
:10976000BAD3A0F55843B3F5806F2CD2A31DEB1AE2
:10977000052BB1DDA3795C2BAED1E379752BABD191
:1097800004F108000CF075FFA0F55C43B3F5806FA1
:10979000A2D20C21204BC0F3090003EA8A23034321
:1097A00003F5803AF020042202F1FF3C58FA8CFCC9
:1097B000E0455FFA8AF320D1012A14BF034303F086
:1097C0007F034244B0E77F280BD9B0F5006F0CD37C
:1097D000B0F5803F0DD3B0F5881FBFF47DAF0621F3
:1097E000E0E7062100200122DEE70621C020022258
:1097F000DAE70621E0200322D6E703F03F0363F017
:109800007F030CF801394FEA9A1AD1E7002C7FF454
:1098100066AF00203CE700BF00FC0F002DE9F74FCA
:109820004D4B04461A889B780F46ADF804208DF8FE
:10983000063019B9002003B0BDE8F08F38B34FF0FF
:10984000000B01464548884611F8013B6BBBA8EB6D
:109850000408D844384608F103010CF04CFF0546D3
:109860000028E7D0222308F1010A08F10209461C6A
:109870000370BBF1000F2ED14246214630460EF058
:109880005DFF222305F80A3005F809B00BE003213B
:1098900038460CF030FF0028CCD0D7E9012301A9CD
:1098A000D21A0FF02DF90120C5E7222B0BD8072B78
:1098B0000ED9A3F10802D2B220FA02F2D20705D5DE
:1098C0000BF1010BBFE75C2BBDD1F9E71F2BBAD819
:1098D0000BF1050BB7E74FF05C0804F1FF3B1BF8F9
:1098E000013F2BB9222205F80A2005F80930DAE7F2
:1098F0001F2B06D9222B04D05C2B02D033700136EB
:10990000EDE7304600F8018B9BF800300D2B0ED8A8
:10991000072B10D9A3F10802052A0CD8DFE802F0C2
:10992000031A160B1418622373700646E7E7222BFE
:10993000FAD05C2BF8D039687C68411A084A611A61
:1099400005F0CCFD0536DAE76623EDE76E23EBE79D
:109950007223E9E77423E7E73CFC030037000004C7
:1099600036FC0300F8B50D460446002834D0002923
:1099700031D08468FAB9194E74B3236AC3B1AB42CB
:1099800021D005F1FF3C013B1CF8011F0F46725C22
:1099900002F00302012A13F8012F08BF01F120078A
:1099A000B05C00F00300012808BF203297420FD0BE
:1099B0002468E1E724687CB1216A21B12846EFF7E9
:1099C0007BF90028F6D1236A002B08BF002403E0AE
:1099D0000029D9D1F7E70C462046F8BDF3FD030076
:1099E00070B5054640B1EFF771F9074B461C30469C
:1099F0001B689847044610B90024204670BD3246C3
:109A000029460EF09BFEF8E798C90020F8B50D46F0
:109A10001446074600B3F9B1F2B190421CD093B19D
:109A2000D66846F40076E3689B0504D4206A10B13A
:109A30000A4B5B6898472562E66021463846BDE8D8
:109A4000F8400CF096BE0846FFF7CAFF054618B16D
:109A5000E66826F40076E6E70020F8BD98C9002005
:109A60002DE9F04F0C4606468FB0C8B1C1B1057B59
:109A7000102D00F0D9800ADC6B1E072B10D8072BA5
:109A80000ED8DFE803F023390D0F0D0D0D3B402DEF
:109A900000F01B81802D00F0B480202D00F0CA80E2
:109AA000002525E0A14B18681B7907900521204669
:109AB0008DF820300CF01FFE0546C8B1D4E9012313
:109AC00007A9D21A0FF01CF8012511E0984B0621C6
:109AD00018689B8807902046ADF820300CF00BFEEC
:109AE0000028DDD0D4E9012307A9D21A0FF008F825
:109AF00028460FB0BDE8F08F8E4BD4E70021D0E9A7
:109B00000689162208A807910EF03FFE00220023C6
:109B10004046CDE90423494642464B46EEF7E6FF70
:109B200090B929F0004B4FF0FF3240465946824B26
:109B3000C246EEF7DBFFE8B94FF0FF324046594628
:109B40007D4BEEF7B5FFA8B9784907A80EF0BEFF28
:109B500004252046691C0CF0CEFD0028A0D0034649
:109B600007AA29188B4247D100234355A3682B44E9
:109B7000A360A9E71A21714ACDE9008907A805F079
:109B8000ADFC6F49054604AA07A805F0DBFC0128D7
:109B900026D1DDE90423CDE90223DDE9026323F0C8
:109BA000004732463B4650465946EEF777FF08B12C
:109BB000B246BB46DDE9020142464B46EEF744FBA6
:109BC000002206465F4B21F0004750465946EEF70B
:109BD000F3FC02460B4630463946EEF769FF38B9CA
:109BE0001A21CDE90089584A07A805F077FC0546F7
:109BF000192D3FF755AFACE712F8016B03F8016B75
:109C0000B0E7006900283FF44BAFEFF75FF8451C61
:109C1000294620460CF06FFD00283FF441AF2A464C
:109C200031690EF08BFD4FE700690FB0BDE8F04FD2
:109C3000FFF7F4BD8668012120460CF05CFD00288A
:109C40003FF42EAF5B232C274FF000080370A3686E
:109C50000133A360E3680133E3606EB9022120465B
:109C60000CF049FD00283FF41BAF5D2346700370E4
:109C7000E368013BE36027E721463046FFF7F0FE4B
:109C800000283FF40DAF20460CF029FD3368BBB12E
:109C900063692046002B0CBF4FF001094FF0020909
:109CA00009F101010CF027FD00283FF4F9AE07701F
:109CB00063693BB9431C83F80080A3684B44A360ED
:109CC0003668CAE7831C4570F5E74B698568002B49
:109CD0000CBF012702272046791C0CF00CFD002840
:109CE0003FF4DEAE7B230370E3680133E360636916
:109CF0000BB10A234370A36809263B443A27A360AB
:109D000063691DBB002B00F08180E16801312046B2
:109D10000CF0F1FC00283FF4C3AE6369002B7FD147
:109D200003467D221A7000225A70A1E73FFC03000F
:109D300056FC03005CFC0300FFFFEF7F44FC0300C4
:109D40004BFC03000000B03C4FFC030073B1204605
:109D5000E1680CF0D0FC00283FF4A2AE0346E268B4
:109D6000191A8A424FD8A3681344A3602146286A6F
:109D7000FFF754FD00283FF493AE20460CF0AFFCF3
:109D800063692046002B0CBF4FF001084FF002081A
:109D900041460CF0B0FC00283FF482AE07706369C6
:109DA00003B14670A368214643442846A360FFF7E9
:109DB00057FE00283FF474AE20460CF090FC636917
:109DC0002A68B3F1000818BF4FF00108002A18BF35
:109DD00008F10108204608F101010CF08CFC002874
:109DE0003FF45EAE2B6813B12C2300F8013B63698E
:109DF00013B10A2300F8013B00230370A368434416
:109E0000A3602D687CE703F8016BA8E702217EE7D9
:109E100003F8015BE268191A013A8A42F8D880E730
:109E200003460925F6E700BF70B5234D8AB00E46FC
:109E300024220021044601A80EF0A7FC2B684FF451
:109E4000807098474FF48072034606960AAE0190E0
:109E5000029295E8070006E907007BB1204601A9B8
:109E6000FFF7FEFD50B101A80CF039FCAE68039974
:109E700056B101980131B0470446C8B9019808B1FC
:109E80006B689847002413E02B68481C98470446E9
:109E90000028F3D0039A029B01329A4228BF1A4647
:109EA00001990EF04BFC039BE6546B6801989847B0
:109EB00020460AB070BD00BF98C9002070B50446A6
:109EC0000F4D04B970BDE3682668D90504D4A068B5
:109ED00070B920696B6888B9E3689B0503D4206A70
:109EE00008B16B68984720466B6898473446E8E7A6
:109EF000FFF7E4FFE368DA05EBD5EDE79847EBE71A
:109F000098C900202DE9F04305464FF0000989B0BB
:109F10002F4F0C46164600211C2201A898460EF031
:109F200034FCC7E9009925B90024204609B0BDE8F2
:109F3000F083002C3DD0274BCDE9015493E8070076
:109F400008AB03E907000CF029FC0446002830D0D8
:109F5000019850B1039BE3B9029B042B04D903225F
:109F60001D490EF0BBFD88B101A80CF0A1FB014614
:109F70002046EFF7F9F8C8B1B8F1000F0BD1002E69
:109F8000D3D0019B039A13443360CEE7032303939A
:109F9000EAE74846E9E701A80CF08AFBDDE902237D
:109FA000934203D2019AD35C002BE8D02046FFF7FE
:109FB00085FFDDE90223934201D332B1531E0EB176
:109FC000EA183260C7E90053AEE71346F7E700BF6F
:109FD00054F7002098C9002061FC030038B50A4BF3
:109FE000054618680CF0DAFB044648B11023C3603C
:109FF0002846FFF7F5FC206118B92046FFF75EFF01
:10A000000024204638BD00BF98C9002008B5044B85
:10A0100018680CF0C3FB08B14023C36008BD00BF43
:10A0200098C90020014B5B68184700BF98C9002001
:10A0300030B50468ACB1B4FA84F30122C3F11F0354
:10A04000DBB29A4024EA0202D0E8EF5FA54204D1D5
:10A05000C0E8EC2FBCF1000FF6D1EAD102480B703A
:10A0600030BD0248FCE700BF0000AD0B0200AD0BA5
:10A0700010B50368CB40DB0710D401238B40026886
:10A0800043EA0201D0E8EF4F944204D1C0E8EC1F4C
:10A09000BCF1000FF6D1F2D1014810BD0148FCE738
:10A0A0000000AD0B0400AD0B014BC3F80405704775
:10A0B000007001400146014800F01AB9A4C900200F
:10A0C000F7B5064618B301281FD104224FF4807358
:10A0D000014629480025C0F80813012142F21074F6
:10A0E00002F1804203F1804303F5A04302F5A04250
:10A0F00011601D608E421B681F4F8DF8071008BF4E
:10A100000DF1070546B1012E23D003B0F0BD0C229E
:10A110004FF482730221DCE7D7F8183403F480335C
:10A120003DB9002BF1D001200CF082FB013CF3D1B2
:10A13000EBE7D7F8182402F003022A70002BE4D0D2
:10A140009DF807000128E0D10CF072FB013CD9D149
:10A15000DBE7D7F80C3403F480333DB9002BD4D0BF
:10A1600001200CF065FB013CF3D1CEE7D7F80C24BD
:10A1700002F00102E1E700BF00500040044B1A79F1
:10A1800022B9012218601A710248704702487047CC
:10A190005CF700200000AD0B0C00AD0B08B5074BC1
:10A1A0001B6833B10520F8F751F810B90520F8F70E
:10A1B0002BF80122024BC3F8182508BD5CF70020DC
:10A1C0000050004010B510B1012848D010BD294BF7
:10A1D000D3F81814D3F81824C90324D502F00303C4
:10A1E000022B05D0012B02D00020FFF769FF0123CD
:10A1F000204A0220C2F8183508224FF48273002149
:10A2000003F1804303F5A04319601C68012402F1A7
:10A21000804202F5A0421460174A12681AB3154B27
:10A22000C3F80403D2E7D3F81424D207DFD5D3F858
:10A230001C2402F00302013A012AD5D80E4A126802
:10A240001AB10222C3F80423C0E7D3F80421002A7C
:10A25000FBD00022C3F80421D3F80431B6E7002272
:10A260004FF48073CBE71A68002AFCD019601B6892
:10A27000ACE700BF005000405CF70020F8B50126B5
:10A28000194C1A4FD4F8045305B9F8BDB5FA85F046
:10A29000C0F11F00830003F580739BB203F180437C
:10A2A00003F5A04306FA00F21968D2B225EA0205C6
:10A2B0000029E9D00021022A19601B68C4F808238C
:10A2C0000DD1D4F81834D4F8183403F00303012B5B
:10A2D00005D1C4F81825C4F80423A360D4E73B686B
:10A2E000C0B29847D0E700BF005000405CF70020A4
:10A2F0000079024B03EB0010FFF79ABEACC90020B7
:10A30000036803F01F025B090260024818BF0020C7
:10A31000704700BF0025844070B5C3B20C4C0833B1
:10A3200034F813300546DA050E4607D5C3F3432348
:10A3300004EBC302526854F833309847A3682BB13A
:10A3400031462846E268BDE87040184770BD00BF3E
:10A3500064F70020024611F0010004D003490B6AA3
:10A3600013600B6203B90020704700BF00258440D2
:10A3700010B4124AC0B2083032F81030D9051BD5DB
:10A38000C3F3432123F4F85322F81030002002F1E4
:10A390000E0434F8023F13F4807F03D0C3F3432349
:10A3A000994209D001302028F3D1002342F83130FE
:10A3B000034810BCFFF75CBE10BC704764F7002078
:10A3C000BCF70020F0B50446002001260746124BDA
:10A3D000124D0B449900124B8B420BD1114BD3F809
:10A3E0007C2132B10022C3F87C21D3F87C3140F0CB
:10A3F0000040F0BD5A19920806FA02F2144208D041
:10A40000D3F800C0BCF1000F03D01F60D3F800C028
:10A4100010430433E0E700BF40C4001000EFFCBF6E
:10A420000011034000100340CBB2024608460D491C
:10A43000083331F81330990611D599070FD401214B
:10A4400010685B0B9940C0F80813126802EB830395
:10A45000D3F8102522F00302C3F81025704700211D
:10A460000CF03ABA64F70020F7B5194ECDB20835B2
:10A4700036F815300746DB070C4626D5FFF7D4FF24
:10A4800036F815309A0608D55A0B3B6803EB820361
:10A490000022C3F81025C3F810252046FFF768FFF7
:10A4A000002301A826F815300194FFF729FF019B2E
:10A4B00000EB8300D0F80022064B134043F0020368
:10A4C000C0F80032044803B0F0BD0448FBE700BF09
:10A4D00064F70020F0F8FCFF0000AD0B0400AD0BAA
:10A4E0002DE9FF41136807460C461646FBB1DFF81D
:10A4F0004881CDB2083538F8152002F02202222A10
:10A5000022D000222046CDE900228DF80E208DF8C1
:10A510000F200DF10E010DF10F020CF094F938F837
:10A52000153023F0020343F0010328F81530736857
:10A5300063B393F800C058683F4AE3B2083332F877
:10A5400013108D0702D5C8B13C4822E021F020014C
:10A55000C904C90C22F8131080B1BCF1030FF3D861
:10A5600070683D68406890F800E005EB8E05BCF12E
:10A57000000F11D1C5F810C5C5F810C532F8131079
:10A5800021F01C0141EA8C0122F81310B3684BBB87
:10A590002B4804B0BDE8F081D5F8108541EA4E3172
:10A5A00028F00308C5F810853D6841F0200105EB4F
:10A5B0008E05D5F8100522F8131020F4473020F44A
:10A5C0004070C5F810052002D5F8107500F4F85059
:10A5D00040EA0C403843C5F8100502EB4E00A0F8E5
:10A5E0005C40CBE72046D3E90067FFF7C1FE002EB1
:10A5F000CED0114DD5E90023964203D19F4201D11F
:10A60000002209E00F480DF10F01FFF711FD0C4B7F
:10A610009842BED19DF80F20E4B205EBC203083486
:10A620005F6035F8143045F8326043EA422343F462
:10A63000807325F81430ABE764F700200400AD0BFD
:10A640000000AD0BBCF700202DE9FF4107460C468A
:10A650001E4612B3DFF8D480CDB2083538F8153075
:10A66000980701D4990621D413F01C0F02D0537817
:10A67000012B1BD001238DF80F3000232046CDE99C
:10A6800000230DF10F01931C01320CF0DCF838F8B7
:10A69000153043F0030328F81530002E44D0234D25
:10A6A000E1B2083135F81120930703D4204804B0F3
:10A6B000BDE8F081002096F800E03B6822F020021F
:10A6C000D20403EB8E03D20CC3F8100525F8112039
:10A6D000C3F8100596F801C04FEA8E08BCF1000FD0
:10A6E00022D03868B6784044D0F810354FEA0C4C88
:10A6F00023F4981323F4F853C0F81035230203F41D
:10A70000F8530CF4403C3605D0F8107543EA0C03BE
:10A7100006F48016334342EA4E323B4342F02002B5
:10A72000C0F8103525F811200248C0E764F7002072
:10A730000400AD0B0000AD0B014BC3E902127047E2
:10A7400064F70020054BC9B2083133F8113099067F
:10A7500043BF5B0B024813700248704764F7002048
:10A760000000AD0B0400AD0B70B50E4C064694F81E
:10A770006C50A5B94022294604F110000EF005F8EE
:10A780003068C0F87C51D0F87C3140F30730F7F7DF
:10A790003BFD0123044884F86C30A36570BD034879
:10A7A000FCE700BF64F700200000AD0B0C00AD0B10
:10A7B000034B93F86C00003818BF0120704700BFAE
:10A7C00064F700200079024B03EB8000FFF750BCD8
:10A7D000BCC900200079024B03EB8000FFF728BCC6
:10A7E000BCC9002073B5CBB20C462149083331F8FF
:10A7F000133001689D0619D513F0020616D15B0BC4
:10A800009C0004F580754E51495901682144D1F8E6
:10A81000104544F00104C1F810452AB10122016835
:10A8200002FA03F3C1F8043302B070BDD1F8042377
:10A83000C3F38203002AA4BF4FF00042C1F80423EF
:10A84000042B11D0052B11D001A80194FFF758FD5E
:10A85000019A0369D34003F00103991C204602B01A
:10A86000BDE870400CF038B80321F7E70221F5E7A6
:10A8700064F700202DE9F74F4F4F0821D7F8040364
:10A88000C0B240F00040FFF79DFD051E17DA00231F
:10A890000121684600934FF00108FFF75BFDDFF8E8
:10A8A0001C91009991B94FF00040FFF78BFD0121F9
:10A8B0006846FFF74FFD0028F3D125F0004501243D
:10A8C0003E4E002D63D103B0BDE8F08F91FAA1F4A4
:10A8D000B4FA84F4E00804F1080339F813A004F092
:10A8E00007021DF8003008FA02F223EA02030DF80D
:10A8F000003001A80194FFF703FD019B4FEA9A0184
:10A90000803350F82360CAF3820B4B07DA46C6F354
:10A91000014621D520465946FFF7FEFC01A80194C7
:10A92000FFF7EEFC019BF6B2803350F82330C3F3FF
:10A9300001439E4207D1002120460BF0CDFF314656
:10A9400020460BF0C9FF01A80194FFF7D9FC019B39
:10A9500008FA03F30362A4E7022E0CD10321204678
:10A960000BF0BAFF0BF00503012BECD1514620464A
:10A97000FFF7D2FCE7E7022120460BF0ADFFBBF169
:10A98000030FF3D0032EDED1BBF1020FEDE795FAF2
:10A99000A5F3B3FA83F304FA03F225EA020503F5FB
:10A9A000A27257F8221006EB4303B3F85C00C1F320
:10A9B0000141FFF7B1FC84E70010034064F7002079
:10A9C00070B5084C0E462379154643B92A20F7F78F
:10A9D0001BFC0123044823712660A56070BD034859
:10A9E000FCE700BFD4F700200000AD0B0C00AD0B5E
:10A9F000002330B50D4A50F8234003F5A27101330E
:10AA0000082B42F82140F6D10023084A00F11C012E
:10AA100003F5B27451F8045F0133082B42F8245057
:10AA2000F6D1036CC2F8043330BD00BF00A0024071
:10AA300038B50024154D2A20C5F81045C5F8144531
:10AA4000C5F81845C5F81C45C5F82045C5F8244586
:10AA5000C5F82845C5F82C45C5F89045C5F8944576
:10AA6000C5F89845C5F89C45C5F8A045C5F8A44566
:10AA7000C5F8A845C5F8AC45F7F7D4FB4FF0FF3350
:10AA8000C5F80833024B1C7138BD00BF00A002405E
:10AA9000D4F700200123024A8340C2F804337047F0
:10AAA00000A002400123024A8340C2F808337047E5
:10AAB00000A00240F8B5012600270B4B0B4DD3F840
:10AAC0000C4304B9F8BD94FAA4F0B0FA80F006FA89
:10AAD00000F324EA0304064B82009F502B68002BEE
:10AAE000EFD0A9689847ECE700A00240D4F7002017
:10AAF00000A10240044AD2F80834DB07FBD501600C
:10AB0000BFF35F8F704700BF00900340C0F30B039B
:10AB10007BB90222084BC3F884254FF0FF32026054
:10AB2000D3F80024D207FBD500220448C3F88425BB
:10AB300070470348704700BF009003400000AD0B12
:10AB40000A00AD0B012310B5044CC4F88435FFF79F
:10AB5000D1FF0023C4F8843510BD00BF009003402E
:10AB600037B50125074C4FF4FA7065610AF0DDFD39
:10AB7000002363610193256123690193019B03B065
:10AB800030BD00BF0056004030B50D4D89B0036A9E
:10AB900003AC01908DF808300FCD0FC42B6801A8CD
:10ABA00023600BF0CDFE40B9044603AD55F8043BDD
:10ABB000984710B90134052CF8D109B030BD00BF59
:10ABC000189E0300034BD3E8EF2FC3E8E10F0029E1
:10ABD000F9D17047E0F7002038B50546002850D07D
:10ABE000436A002B50D0836A002B4DD00124294B9F
:10ABF000D3E8EF2F002A03D1C3E8E14F0029F7D1B2
:10AC000045D1686A00F04EF8F9F71AFF224BC820C8
:10AC10009C660AF08AFD2846FFF7B6FF044640B955
:10AC200001221D4B0220DA66FFF7CCFF00242046EC
:10AC300038BDFFF795FF002C11DBAB6A2046984723
:10AC4000164B9C421AD013DCA4F18864033C012CFF
:10AC500011D82846FFF798FF04460028E0D00122CB
:10AC60000D4BDA66F9F704FF0020FFF7ABFFDEE7D4
:10AC70000B4B9C42EDD06FF00404F0E76FF00A0438
:10AC8000EDE76FF00D04D2E76FF01504CFE74FF05A
:10AC9000FF34CCE7E0F700200050004005004004FE
:10ACA00001005005014B1860704700BFE4F7002019
:10ACB00007B5044BCDE900011B686846984703B00F
:10ACC0005DF804FBE4F70020014B1870704700BFEB
:10ACD0004F1F0120024B1878431E584258417047BD
:10ACE0004F1F012070B503680446033BDBB2052B00
:10ACF00003D8094A52F823502DB9A06858B1BDE8CD
:10AD0000704000F01DB80BF05FFE21682B46BDE8D7
:10AD10007040090C184770BD30A90300014B5B69F6
:10AD2000184700BFC0C90020014B1B68184700BF6F
:10AD3000C0C90020014B5B68184700BFC0C9002094
:10AD4000014B1B69184700BFC0C90020014B9B681D
:10AD5000184700BFC0C90020014B1B6A184700BF3D
:10AD6000C0C90020014B5B6A184700BFC0C9002062
:10AD7000014B1868704700BFE8F70020002230B58B
:10AD80000B4B19680C6894420FD001EBC2039D680D
:10AD9000A8420BD14FF003020433D3E8CF1F0029A0
:10ADA00003D1C3E8C02F0028F7D130BD0132EAE754
:10ADB00008F800202DE9F041002406460F46204601
:10ADC000DFF854803368A34201D8BDE8F08106EB78
:10ADD000C4056B68DBB2012B16D16A68B8F8003085
:10ADE000B3EB124F10D1022FA8680FD1FFF77AFFF3
:10ADF00001206B6823F0FF0343F003036B60B8F896
:10AE000000300133A8F800300134DBE70168090C99
:10AE10000BF08AFDECE700BF10FC002010B5074CDA
:10AE200002216068FFF7C6FF0028F9D101212068E0
:10AE3000FFF7C0FF0028F3D110BD00BF10F80020BD
:10AE400070B5072860D8DFE800F00B5F475F435F0D
:10AE50003C0401F0ADFE0320BDE87040F9F7B8BD39
:10AE600003202A4BD3F81446D3F81866284B1D78D4
:10AE70001870EDB2FFF728FF012D10D1254B264A9F
:10AE80009C4212D0230C1B04B3F1886F0DD0A4F5A3
:10AE90008033203B022B0FD96FF00403136031463F
:10AEA000C4F30B00FFF704FF00E014601B4B1868AD
:10AEB0000AF045FC0020CFE7194931F9133013603F
:10AEC000F4E70024124B20461C70FFF7FDFEEDE76F
:10AED000FFF7A4FF0220BFE70D4B1A78012AD0B27A
:10AEE0000ED1104A1168104A8C685460496811608C
:10AEF00002221A70FFF7E8FE084B18680AF01FFCE0
:10AF0000FFF78CFF0120A7E770BD00BF00A0024043
:10AF1000511F0120010050050CF80020F8F7002017
:10AF200088AB0300F4F7002010F800200A23F7B5DF
:10AF30004FF47A750C4E0D4F0193316838680BF061
:10AF40001EFD044640B90AF0F8FB40B9012001A9F2
:10AF5000F9F742FC6E30F0D1204603B0F0BD019805
:10AF600068430AF0E2FBE8E7FCF7002004F8002061
:10AF7000054B1B782BB9054B1968054B18680BF06E
:10AF8000FEBC0020704700BF501F012000F80020C9
:10AF900008F8002070B5164B42681B6822F0FF02CB
:10AFA00042F00202C31A42601248134A0168C3F316
:10AFB0008913D2E8DF4F651CC2E8D65F002EF8D1B6
:10AFC00001EBC3014A6892B242EA04424A60026855
:10AFD000032002EBC302536823F0FF0343F0010395
:10AFE00053600AF0A2FB0122044BDA6070BD00BF7F
:10AFF00000F8002008F8002012FC002000A0024009
:10B000002DE9F04F95B038220021064603A80DF037
:10B01000BCFB0223049308230693202308930423F4
:10B020000D93102340250F9380230122CDE9115366
:10B03000D523002159480B921393F9F78DFC05464F
:10B04000002840F0A880024655493079FFF7B8FC47
:10B0500003A8FFF7CDFC34686268B2F59D6F40F03D
:10B0600097806169E3680B44E16903F59D630B44D4
:10B07000B3F5003F00F28C80206829460DF085FB77
:10B0800033681C68D3F81C9004F53A72019204F1FD
:10B090006007444A04F1A40804F1200BB9F1000F41
:10B0A00060D1C2F800B000254FF0010A257065702C
:10B0B00084F802A0E570336840461B69636033681A
:10B0C0005B69C4F814B0A360374BC4F81890C3F898
:10B0D0000080364BE7601F600823C4F8108084F8B6
:10B0E000A43088F8015088F8025088F8035084F89A
:10B0F00060307D70BD70FD700BF024FC38460BF0A5
:10B1000021FC2B4B04F53A7231681A60294B04F18B
:10B11000E802C8681A60284B284E18600869496917
:10B1200058609960264B2749C3F81046C3F8145657
:10B13000254B264C1D80264B86F800A01D80254BF4
:10B14000029525601D611B690293029B134B1868D1
:10B150000AF0F7FA98B103236FF073043370FFF726
:10B1600067FC11E09B6904F1400963643368484659
:10B17000DB69C2F800B0236401F0F2FC93E72468B5
:10B18000002CECD1144B1C70204615B0BDE8F08F9C
:10B190006FF01504E3E76FF02D04F5E7F8F70020F2
:10B1A00041AE0200F4F7002008F8002004F8002067
:10B1B00000F80020FCF70020E8F70020511F0120D4
:10B1C00000A00240F049020012FC00200CF8002010
:10B1D00010FC002000560040501F012070B5164B97
:10B1E00042681B6822F0FF0242F00102C31A42606B
:10B1F0001248134A0168C3F38913D2E8DF4F651C74
:10B20000C2E8D65F002EF8D101EBC3014A6892B2C2
:10B2100042EA04424A600268032002EBC302536818
:10B2200023F0FF0343F0010353600AF07EFA01228A
:10B23000044B5A6070BD00BFFCF7002004F80020EA
:10B2400012FC002000A0024010B5FFF76FFE0124A1
:10B2500000220321047081704270C270FFF7BEFFAC
:10B26000054B1C700BF081FBBDE81040034B47F20F
:10B27000305118680AF065BA501F0120F8F7002015
:10B2800038B50A4B04461B78022BDDB20DD1FFF70F
:10B290004DFE50B100220121846001704270857022
:10B2A000C270BDE83840FFF799BF38BD511F01207B
:10B2B000034A126812B1002800DB1047704700BF34
:10B2C00024F800202DE9F743002581460F46104859
:10B2D000294690461E46019304F0D4FB041E11DB60
:10B2E000013420460BF09DFBC9F8000068B13346DD
:10B2F00042462146019604F0C5FB28463C6003B057
:10B30000BDE8F0836FF01500F9E76FF00B00F6E78A
:10B31000B89E030010B50E4B04461B68A3B1EDF7B1
:10B32000D5FC082810D9237A3F2B0DD009490822D3
:10B33000204604F031F9014630B904F108000A2230
:10B34000BDE8104004F0EEBA4FF0FF3010BD00BF72
:10B3500024F8002065FC0300F7B504460F460420DE
:10B36000002116461D460BF031FB024638B914B1D8
:10B3700020460BF058FB6FF00B0003B0F0BD00202F
:10B380006FF0580314600D4C137350739073D073A7
:10B3900020703146032057600BF038FB4FF0FF332D
:10B3A00001932378AB4201D10020E6E7022001A9F6
:10B3B000F9F712FA0028F4D0DFE700BF521F01208E
:10B3C000F8B5054600240F4F57F8046B2846314660
:10B3D0000DF0E8FB28B90134042CF5D14FF480308E
:10B3E0000DE06CB1A31E012BF8D83046EDF76EFCD2
:10B3F0000A220021284404F07BF940EA0440F8BD09
:10B400002046FCE748A90300014B18600020704764
:10B4100028F80020014B1860704700BF24F8002076
:10B420000FB42DE9FF410A9CFFF754FC00284AD0D5
:10B43000002C4BD0284E294F316838680AF0A3F908
:10B44000002846D1264D316828680AF07AF900288C
:10B4500036D122460BAB03A902A80193FFF732FFB6
:10B46000044658B128680AF06AF938680AF089F980
:10B47000204604B0BDE8F04104B07047029C20466D
:10B48000FFF748FF02230646012220460399FFF7F3
:10B4900063FF04460028E5D1DFF84880D8F80000B3
:10B4A000FFF78EFF0446D8F800000BF0B6FA2868C4
:10B4B0000AF045F9002CD8D13046FFF7F9FED4E761
:10B4C0006FF00A04D1E74FF0FF34D1E76FF00D04BD
:10B4D000CEE76FF00A04CBE73CF8002034F80020F8
:10B4E00038F800202CF800200CB42DE9F04F8BB078
:10B4F00007460E46149CFFF7EDFB002800F0C380C2
:10B50000002F00F0C380002C00F0C080002E00F05F
:10B51000C080DFF88C81634BD8F8001018680AF0FF
:10B5200032F9002840F0B8805F4DD8F80010286844
:10B530000AF007F9002840F0A380224615AB09A9BC
:10B5400008A80793FFF7BEFE044618B128680AF062
:10B55000F6F83CE0DDE908830393544B1C68002CAB
:10B560005AD0C246DDF80C90CDF804809AF800302D
:10B57000202B36D0093B042B33D90C224FF0000B83
:10B580004B4BCDF808B01B6802FB03430493049BAC
:10B590009C422ED1029B002B3ED028680AF0CFF8A7
:10B5A000019A114611F8013B202B0191F8D0093B7B
:10B5B000042BF5D931463846029B9847044618B902
:10B5C0003846FFF7FDFE044640460BF02CFA354B9B
:10B5D00018680AF0D6F820460BB0BDE8F04F02B06C
:10B5E0007047B9F1000FC8D00AF1010A09F1FF391B
:10B5F000BCE7A3685B450DD94B451A46504628BFAA
:10B600004A462168059303F0C7FF18B9636802939F
:10B61000059B9B460C34BAE74046FFF77BFE0223AE
:10B620008146012240460399FFF796FE0446002812
:10B630008CD1DFF880803846D8E9004AB2455246BE
:10B64000214628BF32460DF079F8B245204607D989
:10B650000BF0E3F928680AF072F86FF00604B6E719
:10B66000FFF7AEFE0446D8F800000BF0D6F92868C4
:10B670000AF065F8002CAAD14846FFF719FEA6E7A4
:10B680006FF00A04A3E74FF0FF34A4E76FF00D0456
:10B69000A1E76FF015049EE76FF00A049BE700BF77
:10B6A0003CF8002034F8002038F800201CF8002076
:10B6B00018F800202CF800200EB42DE9F343DDF833
:10B6C00024808146FFF706FB00285FD0B9F1000F08
:10B6D0005FD0B8F1000F5CD0314C324F2168386830
:10B6E0000AF051F8002857D12F4E216830680AF02F
:10B6F00028F8002847D14846EDF7E8FA451C2846C7
:10B700000BF08FF9044668B930680AF018F86FF04A
:10B710000B0438680AF035F8204602B0BDE8F04363
:10B7200003B0704749462A460DF0EAF92046FFF774
:10B73000F1FD02238146012220462946FFF70CFE37
:10B74000044618B1306809F0FAFFE2E7174B306899
:10B750001D6809F0F4FFB9F1000F06DB2846FFF77A
:10B760002FFE10B94846FFF7A3FD0AAA4146284616
:10B77000019204F0B9F9041E284608BF6FF04C048A
:10B780000BF04BF9C5E76FF00A04C2E74FF0FF3446
:10B79000C2E76FF00D04BFE76FF00A04BCE700BF1B
:10B7A0003CF8002034F8002038F800202CF8002065
:10B7B00038B5C3680446A72B01D0206810E00329E0
:10B7C00007D0042926D0022902D10122154B1A7074
:10B7D00038BD144B00681A78022A05D10028F7D02A
:10B7E000BDE838400BF019B90F4D2A6862B12B68DB
:10B7F0009847002320682B600BF00FF90B4B18685B
:10B80000BDE8384009F09BBF094A1060616851608B
:10B810000222DCE7074B1B68002BCED0006898475C
:10B82000CBE700BF521F012020F8002038F800208D
:10B830002CF8002028F80020012210B511460B48F2
:10B84000F9F78AF870B90A48F9F7A8F8014648B933
:10B850004FF0FF32074B1A60BDE81040012305226C
:10B86000FFF77ABD6FF02D0010BD00BF38F8002043
:10B8700034F800203CF8002010B400F11C03D3E899
:10B88000EF2F511EC3E8E41F002CF8D1012A0CDC75
:10B89000074BD0E8EF2FC0E8E13F0029F9D164223F
:10B8A000002110BC04300CF070BF10BC704700BF0A
:10B8B0001EF1010010B500240A4B4FF450722146CE
:10B8C00009481C700CF061FF21462246064B0748D0
:10B8D00001310829C3E900029A6003F16803F7D136
:10B8E00010BD00BF531F012040F800201EF10100D1
:10B8F000164830B5002203464FF0FF34144DD0E80F
:10B90000EF1FA94204D1C0E8EC4FBCF1000FF6D103
:10B910000CBF0121002112D1682101FB0233012259
:10B920000C49DA61097893F8202061F3451283F815
:10B9300020200222A3F8482083F84A2030BD01329B
:10B94000082A00F16800DAD10846F7E740F800203D
:10B950001EF10100531F012030B502460023682567
:10B96000054905FB03F460180C59944203D00133D8
:10B97000082BF6D1002030BD40F8002010B5044659
:10B9800004300BF047FA606C08B1F9F745F8064B44
:10B99000D4E8EF2FC4E8E13F0029F9D12046BDE803
:10B9A0001040FFF769BF00BF1EF1ADDE70B508257E
:10B9B000064C074E2368B34202D02046FFF7DEFF55
:10B9C000013D04F16804F5D170BD00BF40F80020CE
:10B9D0001EF101002DE9F8430F4C06460025A04654
:10B9E0004FF068090D4B0E4F18702368BB420CD006
:10B9F00009FB058393F8202066F3451283F8202085
:10BA0000A36B13B120460BF070F80135082D04F13B
:10BA10006804EAD1BDE8F88340F80020531F0120F4
:10BA20001EF10100112807DC002801DA0020704710
:10BA3000064B23FA00F005E0A0F1FF03122BF5D826
:10BA40000348D84000F00100704700BF41000200E9
:10BA50000900040010B5436904461BB90BF012FF3E
:10BA600023684360044B186809F069FE2046BDE86E
:10BA700010400BF009BF00BF80FB0020032208B577
:10BA800011460448F8F768FF002818BF6FF02D0032
:10BA900008BD00BF80FB00202DE9F04F9A4600232F
:10BAA00087B081460E461446CDE903330593FFF770
:10BAB00011F940B9012009F03AFE6FF00A0420465E
:10BAC00007B0BDE8F08FB9F1000F5CD1002E00F097
:10BAD000C28000F0EDFC08B90D20ECE7002C49D144
:10BAE000002506274FF0010801950A220021304663
:10BAF00003F018FF4FF6FE73421E9A4200F21B81BC
:10BB00004FEA002B4BEA102B1FFA8BFB002C6FD057
:10BB10002368DB046CD53A2130460CF0CAFF00B133
:10BB2000461C304685490DF03DF80A22002872D0A7
:10BB30000021033003F0DCFD0446814B4FF47A61B1
:10BB4000186809F0FEFD002840F08C80B9F1000F64
:10BB500064D04846EDF7BAF8014618200AF036FFDF
:10BB6000064600285CD1764B6FF00904186809F08E
:10BB7000E6FDA4E7236823F4A05323F002038BB16E
:10BB80004FF0FF349BE700F093FC0028A4D0002C7A
:10BB9000F0D1002EA4D1354606274FF00108B34658
:10BBA000019625E0606838B9A06860B10BF0D2F862
:10BBB00048B96FF0060482E70BF0C6F80028F3D10D
:10BBC0006FF005047BE7E068A8B9606800F032FE1A
:10BBD000C3B20193A368E768002B08BF0123002FBD
:10BBE00008BF062725685FFA83F8BFB256B9B34687
:10BBF0004FF0FF34A1E7A1680BF0C0F80028E4D1B2
:10BC00006B2058E705F4A053B3F5805F7FF46DAF68
:10BC10004FF0000B7CE7014630468BE749469CE736
:10BC20000461B9F1000F07D04846EDF74FF84946D7
:10BC3000024630680CF082FD019B314647F20D0050
:10BC4000B361C6F81C803762756103AA00F012FE6A
:10BC50001628044602D16FF0010430E705DC50B12C
:10BC60000B2806D16FF0020429E7722801D1732056
:10BC700021E720461FE72020DDF81090F8F7C4FEEA
:10BC80000646CAF8000070B3D9F808000BF064FD4E
:10BC90007060DAF800607368012B0DD0022B25D09C
:10BCA0003046F8F7B9FE6FF00504049800283FF419
:10BCB00006AF0AF0B2FE02E70823C6E902870027B2
:10BCC00033613560F76109F118085A464046B9F802
:10BCD00014100AF0B0FE7061DAF8006073693BB9C5
:10BCE0003046F8F799FE6FF00904DEE71623E4E723
:10BCF00015F002051DD0B9F816000130F8F784FEE2
:10BD0000DAF80030B061986928B95869F8F784FE0C
:10BD1000DAF80000E5E7B9F81410B9F81620414444
:10BD20000CF00CFDDAF80020B9F816309269D754FF
:10BD3000BBE7B561B9E76FF00704C0E66EFC03002E
:10BD400080FB0020F8B548F20F03994205460E46E5
:10BD500040D022D848F20D03994233D048F20E0366
:10BD6000994233D00069FFF7F7FD044610B3B6F5EA
:10BD7000004F1FD9A6F50046013E0B2E1AD8DFE86A
:10BD800016F0AE00E800B600B600B6003A013A017F
:10BD9000B600C400190019000B0149F204039942CE
:10BDA0001CD0B1F5104F3FD9C068FFF7D5FD044650
:10BDB000002848D12868002800F02D81BDE8F8400F
:10BDC0000AF02BBEBDE8F840FFF744BEBDE8F840DE
:10BDD0000BF084B8BDE8F8400BF02AB80369082BD3
:10BDE00000F21981DFE813F01000160009000E00C0
:10BDF00016001701170118001E000020BDE8F840CA
:10BE0000FFF7E8BD0120F9E70021E868BDE8F84048
:10BE10000AF05EBF0121F8E70021E868BDE8F840BC
:10BE20000AF062BF0121F8E70069FFF795FD0446BB
:10BE30000028BFD048F281039E42BBD1014628466C
:10BE400000F054FB56E049F202039E4200F0CD8020
:10BE500037D80AF0C5FE0746E0B91020F8F7D4FD40
:10BE60000646B8B1394610220CF08FFC2B6873607F
:10BE70006B683381698A002900F0C8802A8A05F13D
:10BE800014000AF0D8FDF060002840F0BF80304672
:10BE9000F8F7C2FD28680AF0C0FD20460AF062FEED
:10BEA00058B120460AF09CFE38B994F8203043F08F
:10BEB000800384F820300C23A36120460AF057FE4B
:10BEC00018E049F203039E423DD049F282039E42AC
:10BED0007FF470AF0146284600F020FB0AE06B6952
:10BEE0002BB928460BF0CEFCAA6943681A60284695
:10BEF0000BF0CAFC20460AF083FE002800F08B807D
:10BF00002046BDE8F8400AF0F0BD90F8203043F03C
:10BF1000010380F820300AF04AFE18B13E4B186841
:10BF200009F00DFC94F82030204623F00A0384F831
:10BF300020300AF065FE10B120460AF0D6FD2046FA
:10BF4000FFF71CFDD3E7286969280BD16823A3619B
:10BF5000D0E790F82030EE686FF3410380F820308E
:10BF6000686918B10BF03DFCA061C3E720460AF0F8
:10BF700008FE28B994F8203043F0040384F82030F8
:10BF800020460AF0FEFD0028B4D0002EB2D00021D9
:10BF9000204600F0E1FAADE76B69F3B928460BF0F3
:10BFA00071FCAA6943681A60426892F8203043F035
:10BFB000040382F82030436822691A614368626989
:10BFC0005A6183684BB105F10C0205F1300152F85A
:10BFD000040B8A4243F8040BF9D194F82230002B69
:10BFE00085D0013B84F8223081E790F8223001337C
:10BFF00080F822307EE728460BF044FC6B6913B9C9
:10C00000AB69436073E74FF0FF33FAE731462046F0
:10C010000AF088FD6EE7F8BD84FB00202DE9FF41A2
:10C020002D4B80461B780F4616463BB90D2009F074
:10C030007EFB4FF0FF3004B0BDE8F0810AF084FED3
:10C0400008B96A20F3E73046FFF7ECFC08B97B201B
:10C05000EDE738460AF07EFE08B96B20E7E739467F
:10C0600030460AF08BFE0028F7D0FFF741FC05466A
:10C0700008B91720DBE7002114200AF0A7FC0446CA
:10C0800020B92846FFF77AFC6920D0E74FF0FF334C
:10C09000037443748374C374404600F0CBFB606147
:10C0A00038460BF061FB0146A06130460BF05DFBAA
:10C0B0002146E06101AA47F20100029500F0DAFB97
:10C0C000044620B12846FFF759FC2046AFE7C5E9F2
:10C0D000038728686E61AEE7541F012030B585B034
:10C0E0000546FFF739FC044628B9092009F01FFB73
:10C0F0004FF0FF300EE0FEF7EDFD68B920460AF084
:10C1000056FD18B10E4B186809F019FB2046FFF7D1
:10C1100035FC002005B030BD002108200AF056FC97
:10C12000014608B96920E1E7056101AA47F2090063
:10C1300000F0A0FB0028ECD01628EAD0D6E700BF1C
:10C1400084FB00202DE9F04385B0814688461446E3
:10C150001D460C9EFFF700FC40B9092009F0E7FAE4
:10C160004FF0FF33184605B0BDE8F08315B90EB1A6
:10C170001620F3E7B8F1290F00F09D800CDCB8F130
:10C18000010F11D0B8F1060F00F09180B8F1000F47
:10C1900000F08F806D20E1E7B8F58D7F39D0B8F5DC
:10C1A000007FF7D11E2C08E0222C10DC202C05DCAF
:10C1B000142C12D0152C17D0022CEBD131461020A4
:10C1C0000AF004FC0746002879D16920C6E73C2C18
:10C1D00011D03D2C16D0282CEFE73246294605B069
:10C1E000BDE8F0430BF054BB3246294605B0BDE82C
:10C1F000F0430BF05BBB3246294605B0BDE8F04387
:10C200000BF062BB3246294605B0BDE8F0430BF0A7
:10C210007BBB631E112BBDD801A252F823F000BFD7
:10C2200077C20200A1C20200BDC1020095C1020096
:10C2300093C2020069C2020095C1020095C10200CA
:10C2400095C1020095C1020095C1020085C202009D
:10C25000BDC10200BDC10200BDC1020095C1020006
:10C26000BDC10200BDC102003246294605B0BDE88D
:10C27000F0430BF06CBB3246294605B0BDE8F043F5
:10C280000BF079BB3246294605B0BDE8F0430BF010
:10C2900087BB3246294605B0BDE8F0430BF092BBA0
:10C2A0003246294605B0BDE8F0430BF09ABB372C67
:10C2B00083E71F2C81E7202C80D03E2C7DE7C0F83F
:10C2C000109040460BF070FA7861204600F0BAFA00
:10C2D000B86125B13246294638680CF02FFA394644
:10C2E00047F203007E6001AA00F0C4FA034600286A
:10C2F0003FF438AF32E700BF2DE9F04385B0814607
:10C30000884614461D460C9EFFF726FB40B90920BF
:10C3100009F00DFA4FF0FF34204605B0BDE8F08378
:10C3200005B10EB90E20F3E7B8F1290F00F09480A3
:10C330000CDCB8F1010F11D0B8F1060F00F08780C6
:10C34000B8F1000F00F086806D20E1E7B8F58D7F31
:10C350002DD0B8F5007FF7D11E2C79E0152C1FD019
:10C360000ADC042C15D0142CEED13246294605B037
:10C37000BDE8F0430BF06FBBA4F12103012BE3D820
:10C38000102031680AF022FB0746002868D1692096
:10C39000BEE73246294605B0BDE8F0430BF04BBB83
:10C3A0003246294605B0BDE8F0430BF063BB621E80
:10C3B000122AC9D801A151F822F000BF33C40200EB
:10C3C00041C4020081C3020081C3020025C40200EF
:10C3D00009C4020049C3020049C3020049C3020064
:10C3E00049C3020049C3020017C4020049C3020046
:10C3F00081C3020081C3020081C3020049C302005D
:10C4000049C3020081C302003246294605B0BDE897
:10C41000F0430BF03EBB3246294605B0BDE8F04381
:10C420000BF04DBB3246294605B0BDE8F0430BF09A
:10C4300058BB3246294605B0BDE8F0430BF063BB5C
:10C440003246294605B0BDE8F0430BF06EBB372CF1
:10C4500096D079E71F2CFBE7202C91D03E2CF7E7F4
:10C46000C0F8109040460BF09FF97861204600F02C
:10C47000E9F93946B86101AA47F20400D7F800800B
:10C4800000F0F8F9044620B140460AF0CCFA204604
:10C490003EE77A68336841469A4228BF1A462846E2
:10C4A00032600CF04BF940460AF0BDFA34E700BFA9
:10C4B000014B1878704700BF541F012008B5FFF7E3
:10C4C000F9F9FFF7DBFA40B9012206481146F8F7FF
:10C4D00043FA18B90122044B1A7008BD6FF02D0001
:10C4E000FBE700BF84FB0020541F012010B5436907
:10C4F0000C467BB191F820306FF3C30381F82030F4
:10C5000040690BF06EF9044BA061BDE8104018685B
:10C5100009F015B910BD00BF84FB002010B591F8DB
:10C5200020300C466FF3C30381F82030006960B9F6
:10C53000DBB223F0140343F0140381F82030054BE1
:10C54000BDE81040186809F0FAB80BF04AF9A0618C
:10C55000F5E700BF84FB00202DE9F743DFF8FC90EE
:10C560000446D9F80000019109F0EBF8074650B1F4
:10C57000019B002B70D11023A3614FF0FF37384689
:10C5800003B0BDE8F083606CD8B1ECF79FFB461CAC
:10C5900094F84B8031464FEA880808F10C000AF005
:10C5A00015FA054678B920460AF006FB08B169235A
:10C5B000A361D9F8000009F0C2F8692009F0B7F8C2
:10C5C000DBE73E46E4E723684246036194F84830DF
:10C5D00004F14C01037594F84A30183000F8023C1D
:10C5E00094F8493000F8033C94F84B3000F8013CD3
:10C5F0000CF0A4F8F6B13246616C28680CF080FAB1
:10C600006E6094F82030042043F008032A4647F275
:10C61000810184F820300AF0F9F920460AF0CCFABA
:10C620000028ACD120460AF0C2FA40B9A06900281F
:10C63000A5D0C3E72E706E70AE70EE70E0E70220FA
:10C6400001A9F8F7C9F810F10B0F05D00028E9D0BF
:10C650000028B8BF4042B1E77420AFE784FB002058
:10C660002DE9F74F0025074688462C464FF00A0A69
:10C67000DFF868908DF8045001AE17F801BBBBF1EC
:10C68000000F09D1032D27DD0124019BC8F80030DC
:10C69000204603B0BDE8F08F594610480CF009FA67
:10C6A00068B13278A0EB09031AFB0233FF2B11D8D3
:10C6B00014B90135042DEBDC01243370DDE7BBF147
:10C6C0002E0F07D1002CE3D0042D03D07070044648
:10C6D0000136D2E70024DBE75C46D9E794FC03008F
:10C6E0002DE9F04F87B00D46019201B12AB90E2015
:10C6F00009F01DF84FF0FF3088E0012803D0022830
:10C7000008D06A20F4E72846019907B0BDE8F04F49
:10C71000FFF7A6BF1022002102A80CF036F82B78F4
:10C720003A2B03D16B783A2B6FD101350024A946FF
:10C730002746A346A04602AE15F801ABBAF1000F9A
:10C7400023D1BBF1000F64D0B51C06AB9D425CD871
:10C7500064BA3480B8F1000F64D006AB9D42A5EBFB
:10C76000080852D01A4600210123984553DA019A4D
:10C7700002AB06AD1C4603CCAC42106051602346B0
:10C7800002F10802F6D1012040E0514627480CF0A2
:10C7900090F988B9514626480CF08BF970B1244ABB
:10C7A000032F32DC821A42EA0414B4F5803F2CD203
:10C7B0004FF0010B0137BFE71C4AF1E7BAF13A0F1E
:10C7C00016D1BBF1000F05D1B8F1000F1DD1A9465C
:10C7D000B046B1E72B78C3B1B31C06AA934214D874
:10C7E00064BA3480A9461E46044607468346A3E73A
:10C7F000BAF12E0F09D1351D06AB9D4205D8314641
:10C800004846FFF72DFF0028A4DC002007B0BDE854
:10C81000F08F35469EE715F8010D013302F8010D42
:10C820002970A2E706AB9D42EFD1A0E783FC03008D
:10C8300072FC030003289CBF014B1856704700BFD1
:10C840009FFC030002383C289ABF034B53F820009A
:10C850004FF0FF30704700BF6CA903000138042877
:10C860009ABF034B53F820004FF0FF30704700BFD2
:10C8700058A903004FF0FF3337B50D4DCA60144679
:10C8800015600A460146042001930AF0BFF82068AB
:10C89000A84202D00AF0A5FF08E0022001A9F7F79C
:10C8A0009BFF0028F3D00028B8BF404203B030BD42
:10C8B000EEC100BC2DE9F041056807460C463DB1CC
:10C8C00001F47043B3F5005F04D1404BC3E9001598
:10C8D000BDE8F0813E4E336863B144F204029142F8
:10C8E00064D00CD844F2020399424ED044F20303C0
:10C8F000994253D03868BDE8F0410AF08EB844F24E
:10C90000012221F4807393420FD044F20313994221
:10C91000F0D1304C206808B10AF07FF801222E4B8C
:10C920001A7025600420336826E0DFF8B080D8F85C
:10C93000000008B10AF071F844F201339C420CBFC8
:10C940000322022295F85170254B264C1A70C8F824
:10C95000005017F008053368227810D01AB9052066
:10C9600098470123237007F04107012F02D10220CD
:10C970003368984701203368BDE8F0411847002A22
:10C98000F1D0062098472570EDE7174C206808B1D4
:10C990000AF043F8032033682560EDE70D4C20686A
:10C9A00008B10AF03AF800220B4BB9E72A78032ABB
:10C9B000A0D8DFE802F0020507090720984799E7A9
:10C9C0000820FBE70920F9E70A20F7E798FB002099
:10C9D00088FB00208CFB0020551F012094FB0020C9
:10C9E000561F0120571F012090FB002008B500238F
:10C9F000094A0A4813700A4A13700A4A13700A4A0D
:10CA000013700A4A136001221146F7F7A5FF0028A8
:10CA100018BF6FF02D0008BD571F0120A0FB00209C
:10CA2000591F0120581F0120561F012088FB00209C
:10CA300010B50B4C206818B109F0EFFF00232360FC
:10CA4000084C206818B109F0E8FF00232360064C69
:10CA5000206818B109F0E1FF00232360002010BD19
:10CA600094FB002090FB00208CFB00201FB5FEF7FC
:10CA700031F900B3144C237803BB01A80BF071F813
:10CA8000B8B90146082009F0A1FF0146C8B1019BD1
:10CA900002AA0361032000F035F850B9C8230293BD
:10CAA000002002A9F7F798FE02980028F8D1012388
:10CAB000237004B010BD4FF0FF30FAE76FF077003D
:10CAC000F7E76FF00B00F4E75A1F012007B5FEF7F8
:10CAD00001F978B10021042009F078FF014660B126
:10CAE0006A46062000F00EF808B9054B187003B02E
:10CAF0005DF804FB4FF0FF30F9E76FF00B00F6E74D
:10CB00005A1F01204FF0FF3337B50B4DCA60144652
:10CB100015600A4601460620019309F077FF206858
:10CB2000A84201D0404205E0022001A9F7F754FED7
:10CB30000028F4D003B030BDEEC100BC30B4074BC8
:10CB40001C6844B143688589A4460268C1899BB2C8
:10CB5000E8B230BC604730BC704700BFA4FB002087
:10CB600000210122074B1970074B1A70074B1970EF
:10CB7000074B1960074B1960074B18600748F7F718
:10CB8000EBBE00BF5B1F01205D1F01205C1F012069
:10CB9000ACFB0020B0FB0020C0FB0020A8FB002065
:10CBA000024B186808B108F0CABD7047A8FB002006
:10CBB00070B4284B1B68196958691A7C00221A74D2
:10CBC0005C7C5A749C7C9A74DC7CDA741C7D1A75CB
:10CBD0005C7D5A759C7D03299A75DC7DDA7529D0B8
:10CBE000042929D001290FD185681B4E954210D107
:10CBF0001A7A012100221972597A5A72997A9A7214
:10CC0000DA7A6FF05F02DA72144B70BC186808F0C1
:10CC100096BD911C00EB81014C682178622907D0F8
:10CC2000633918BF0121490046F821400132DDE790
:10CC30000121F9E7187ADEE7187A1972597A5A72DF
:10CC4000997A9A72DA7A6FF05F02DA720122044BF3
:10CC50001A70D9E7C0FB0020B4FB0020A8FB00201D
:10CC60005C1F0120034A044B026024209B1AB3FB83
:10CC7000F0F070474C97030024980300014B98682C
:10CC800098307047C4FB002010B50446F1F73AFC19
:10CC9000054803685B0703D00121044A05F0D3FD72
:10CCA00020460BF04AF800BF3CCD0020A3FC030057
:10CCB0002DE9F04704460D4600AFEFF3118920231C
:10CCC00083F31288BFF36F8FDFF8CC80334AD8F834
:10CCD0000030966859075CD0042898BF304BEA466C
:10CCE0008AB0117C98BF53F820306A4688BF2D4B1C
:10CCF000C2E9073140F201332B4893842B4BC2E940
:10CD0000050442F8103F00234FF431512248F1F757
:10CD10009BFDD54665B1EB69D8F80020C3F3080345
:10CD200033B152071ED00121214A1B4805F08BFD6B
:10CD3000D8F800305B0715D016BB1E48E8468AB00D
:10CD40006A461D4BD061C2E9053640F201331384B7
:10CD50001A4B42F8103F00234FF411510E48F1F7DF
:10CD600073FDC54629462046FFF78EFF89F31188DB
:10CD7000BFF36F8F3046F5F7EDF9BD46BDE8F0879C
:10CD800030460BF0B4F90028D7D00378002BD4D06C
:10CD9000D4E7002DBFD1E5E73CCD0020C4FB002047
:10CDA00060AA0300B2FC0300C8FC030005000001F8
:10CDB000F0FC0300C0FC030011FD030004000001AF
:10CDC00038B50A4B53F82040013053F82050A542A3
:10CDD00000D838BD606830B1037FDB0701D40AF0AA
:10CDE000B4FF0834F3E723689847FAE774AA03000E
:10CDF000012270B5294B032086B01A70FFF7E0FFBF
:10CE0000F4F7ECFD0420FFF7DBFF254C254D26460B
:10CE1000AE4204F1300410D300F086FF204C224EC5
:10CE2000AC4226D300F094FFEDF7A6FF1F4A137B18
:10CE300023F00103137306B070BD54F80C3C059346
:10CE400054F8103C049354F8143C039354F8183CE1
:10CE5000029354F81C3C019354F8203C009354E98D
:10CE60000A2354E90C0100F095FC54F8303C5E654F
:10CE7000CDE7D4E90A23B3F1FF3F08BFB2F1FF3F8A
:10CE800005D052EA0301206803D101F01DF83034C7
:10CE9000C6E73146183001F01FFAF8E75E1F01209F
:10CEA0002C9A03002C9A030003820300E8E8002078
:10CEB00008B50348034A0021121A0AF05DFF08BDB5
:10CEC000D0CF0020601F0120B82370B5144E86B06B
:10CED00003FB0066134B012205930F23CDE90332B8
:10CEE0000023CDE9013314234FF4A0720E4D0F49F6
:10CEF00003FB0055044602FB00110D4B3046009524
:10CF000000F048FC737B2C7423F004037373094B0B
:10CF1000013403EBC423EE606B6006B070BD00BF4C
:10CF200030E8002073FD0300C4FB002060440120B2
:10CF3000817E0300603C0120BFB50020FFF740FF69
:10CF40002A4B03F5006282F3088883F30A880024E1
:10CF5000E023274D274F85F82230EC772C766C762E
:10CF6000AC7685F820406B6A43F4E0236B6285F869
:10CF70002340F5F755F8F5F7EBF94FF0FF33AB62C7
:10CF8000EB62F5F793FBF5F707FAF1F7FDF91A48AD
:10CF900000F08EFC0AF0C5FE0120FFF711FF022011
:10CFA000164DFFF70DFF00F007FF154B15495D61AA
:10CFB000154B4FF48052059301232846CDE90343D6
:10CFC000CDE901443B46009400F0E4FB06466A7B51
:10CFD000284622F004026A730BF0D6F82046FFF7C9
:10CFE00073FF3A4631462846F5F796F9603C012032
:10CFF00000ED00E0F1CD0200A0E90020E8E800200B
:10D00000C4FB0020A045012017AD030038B5064C35
:10D01000064DAC4201D3002038BD2046D4E90112B0
:10D020000AF0F0FE1434F4E7A8CD0020D0CD0020A3
:10D030001FB5054CCDE9002302940A4600210AF0F1
:10D040009FFE04B010BD00BF5B170300002038B581
:10D05000054C064DAC4200D338BD20460AF0F6FE22
:10D060000028F9DB1C34F5E7A8CD0020A8CD00206E
:10D070002DE9F341044617461E46EFF3118820239D
:10D0800083F31288BFF36F8FC368334A7BB1806824
:10D090009168884219D057EA060318D188F311889D
:10D0A000BFF36F8F6FF00F0002B0BDE8F0819168A1
:10D0B00091F90E100133E36093682161A36088F356
:10D0C0001188BFF36F8F0020EEE72169F2E791F935
:10D0D0000E1090F90E306FF07E029942A8BF1946EB
:10D0E0009142B8BF11468B422DDD0AF0D4FE0546B1
:10D0F00022464146CDE90076184800F03DFD002863
:10D10000E1D0EFF31186202383F31288BFF36F8FF2
:10D11000A068D0B1236821699C420AD04BB193F931
:10D120000E309942A8BF19466FF07E039942B8BFEE
:10D1300019460AF0B0FE40B13146084800F0B0FD93
:10D140006FF00A00B0E70025D2E7002DF4D186F396
:10D150001188BFF36F8FF3E7C4FB00205F1F01202E
:10D16000F8B583680546002B40D0234A9268934265
:10D170003FD1C368012B03D9013BC3600020F8BD38
:10D18000EFF31187202383F31288BFF36F8F0169B8
:10D1900080680AF080FE2C68AC4207D10023C5E904
:10D1A000023387F31188BFF36F8FE7E7002CF5D0C8
:10D1B000D4E90032002613605A60637BC4E900663C
:10D1C00023F002036373A66004F118000BF0AFF8BC
:10D1D000AC6094F90E3020462B61C4F8B0600AF0C0
:10D1E000D3FF3946054800F05BFDC7E76FF0150037
:10D1F000C5E74FF0FF30C2E7C4FB00205F1F0120EE
:10D2000037B51146EFF31185202282F31288BFF360
:10D210006F8F04689CB12368426823F00303944233
:10D22000036008BF4360012120460AF0C1FE0446A6
:10D2300085F31188BFF36F8F204603B030BD51EAEC
:10D240000302F5D000F10802CDE90013104629468B
:10D2500000F092FC0028EFD1014B9B681C69EBE7C2
:10D26000C4FB002070B5EFF31186202383F31288EE
:10D27000BFF36F8F0468A0421BD0D4B1D4E9003251
:10D28000002513605A60637BC4E9005523F0020354
:10D290006373A56004F118000BF049F82046C4F848
:10D2A000B0500AF071FF3146BDE87040094800F007
:10D2B000F7BCD0E902329A4218BF013302218360E1
:10D2C00010300BF0CEF90028EDD186F31188BFF3B2
:10D2D0006F8F70BD5F1F012013B5EFF31181202404
:10D2E00084F31288BFF36F8F846844B1013C84607B
:10D2F00081F31188BFF36F8F002002B010BD52EA96
:10D30000030406D181F31188BFF36F8F6FF00F0014
:10D31000F3E7CDE900230246014800F02DFCECE7DD
:10D320005F1F01202DE9F8430546EFF31188202304
:10D3300083F31288BFF36F8F00266FF00A09374618
:10D340002C68A54216D0ACB1D4E9003213605A6003
:10D35000637BC4E9007723F002036373A76004F1E1
:10D3600018000AF0E4FF2046C4F8B0900AF00CFF61
:10D370000126E5E700230221AB6005F110000BF068
:10D3800070F930B92EB988F31188BFF36F8FBDE8FB
:10D39000F8834146BDE8F843014800F081BC00BF76
:10D3A0005F1F01202DE9FF41044620274E4EEFF379
:10D3B000118887F31288BFF36F8FD4F8BC50F5B98A
:10D3C000022104F1D4000AF01AFE002868D004F10A
:10D3D000CC050022012128460AF06FFF0028F8D171
:10D3E00000234FF0FF3202934FF0FF334146CDE967
:10D3F00000233E4804F1C40200F030FED7E7D4F821
:10D40000C0202B689542C4F8BC3008BFC4F8C030B7
:10D41000D4F8D43043F00203C4F8D430EB6823F0DE
:10D42000040343F00103EB606B6888F31188BFF3DA
:10D430006F8F28469847EFF3118887F31288BFF360
:10D440006F8FEB68D80623F0010236D4EA60EB68F0
:10D450009A0716D5306823F00203EB6088B10021EB
:10D46000036870B14268954235D1036869BB726840
:10D470003360824200D17360002340F8083BFFF71D
:10D48000F1FED4F8D43023F00203C4F8D43088F38A
:10D490001188BFF36F8FDB0589D400F095FC86E718
:10D4A000D4F8D430D9069BD5C4F8D40088F31188B9
:10D4B000BFF36F8F04B0BDE8F08123F01103EB6080
:10D4C00005F11000FFF7CEFEC1E70B6073688342E1
:10D4D00008BF7160D0E723B11A68014618461346A9
:10D4E000BFE71A46F9E700BFE8FB00205F1F0120F5
:10D4F000F8B5C36804469A070F46C3F340062ED416
:10D500005B071CD40B680BB983680B60E368DD070D
:10D5100042BFA36802263B603D6858BF0126002D2C
:10D520003CD0204B9A68D5F8B8309A420AD0D5F84A
:10D53000D430D807C3F3800214D46FF0120600234E
:10D540003B6025E00AF0CDFDD5F8D4300028F0D1BD
:10D55000D907C3F3C002F0D552B15B0708D46FF00E
:10D560000F06ECE7002AFAD1C3F3C003002BF6D173
:10D5700000232360D5F8C03063B9C5E92F4428469D
:10D580000AF057FDE36843F00403E3603B68A360DF
:10D590003046F8BD1C60C5F8C040F0E76FF01506D6
:10D5A000CDE700BFC4FB0020014601480AF079BD69
:10D5B00078EA0020F0B50446002089B0C4E92F00C5
:10D5C0000E9D04F1C400C4E9310004F1CC00C4E9AB
:10D5D000330055B32879002840F2011008BF01201C
:10D5E000C4F8D40000204FF0FF364FF0FF37CDE9EC
:10D5F0000330CDE90100CDE9066720460C4B0094CD
:10D6000000F02AF955B1296811B1204600F070F8F0
:10D610006B791BB1237B43F001032373204600F099
:10D6200053FCC4F8B84009B0F0BD0120D8E700BFF2
:10D63000A5D3020037B501900846EFF311842021ED
:10D6400081F31288BFF36F8FC16811F01E0F16D1DE
:10D6500053EA020508D101A9FFF74AFF84F31188B4
:10D66000BFF36F8F03B030BD41F00801C160019975
:10D6700010308161034900F02FFE0120EEE7002009
:10D68000ECE700BF4180030001460148FFF7D2BF2D
:10D6900078EA0020F7B50C4616461D460190EFF3D8
:10D6A0001187202383F31288BFF36F8F08460AF097
:10D6B000B1FC55EA060309D1204601A9FFF718FF7E
:10D6C00087F31188BFF36F8F03B0F0BDE368324674
:10D6D00043F00803E360019B0449A36204F11000D6
:10D6E0002B4600F0F9FD0120EAE700BF418003006E
:10D6F00010B5044608B9054B9C681F2204F1780058
:10D700000BF0FEF9002084F8970010BDC4FB002048
:10D710002DE9F84F0C46A1B39AB390F80D90DFF8BD
:10D7200068800846571EB9F1000F25D00025DFF8A4
:10D730005CA0B8F804B019EA0B0F19D0B8F806309D
:10D740007E1B9E4228BF1E46D8F8001032460AF0C3
:10D75000F5FF2E4439EA0B0904EB06000CD0BD1B83
:10D76000012D28BF012551462A460AF0E7FF35441E
:10D7700008F108086019DCE7002303702046BDE8C3
:10D78000F88F0348FBE700BF8CAA03007BFD030072
:10D790002DC603002DE9F04F1F4685B000F1580358
:10D7A000C0E91633129B0025037304230E4604467A
:10D7B00043730732119B22F0070A5246C0E906550F
:10D7C00085608373C57301EB0A093046AA21DDF831
:10D7D00038B0DDF84C800AF0D8FF109BC4E9276A06
:10D7E000C4F8A45002930F9B4A46CDE900B33146DA
:10D7F0003B462046F4F770FD0F9BC4E9197BE366B6
:10D80000109B65652367EFF31183202282F3128852
:10D81000BFF36F8F0F4E326A3462626783F31188F1
:10D82000BFF36F8FB8F1000F11D01F22414604F1F2
:10D8300078000BF065F984F89750B3680BB1D3F812
:10D84000A8304846C4F8A83005B0BDE8F08F84F889
:10D850007880F2E7C4FB0020F0B5002587B005957D
:10D86000109DDDE9127604950F9D044603950E9DEB
:10D8700002950D9D01950C9D0095FFF78BFFB6F16C
:10D88000FF3F08BFB7F1FF3F05D056EA070305D1B8
:10D89000204600F019FB204607B0F0BD3A4633465B
:10D8A00004F11800014900F017FDF4E703820300BA
:10D8B00040F201138381002310B50446C0E92733E9
:10D8C00000F092FF014B9C6010BD00BFC4FB002024
:10D8D0006FF00A01094A9368C3F8B0100849C3F809
:10D8E000AC004B6843F080534B60002383F31188F6
:10D8F000BFF36F8F9368D3F8B0007047C4FB00206C
:10D9000000ED00E070B590F90D20437B002A36DB76
:10D91000D90634D11B4C63F07F032246437352F87F
:10D92000183FE169934207D1C0E900210860E06136
:10D9300011E09942F8D01B68002BF5D090F90E50F9
:10D9400093F90E60B542F4D0AE42F2DD5968C0E9F9
:10D95000003108605860A569954200D005B9E568B6
:10D96000A3685A7BD20604D1DA897F2A01D9AA6931
:10D9700032B1AB4202D0284600F0B0FB656170BD09
:10D980006361FCE7C4FB002038B590F90D20014627
:10D99000002A437B04DA03F07F0343730AF0BAFBE7
:10D9A0000D4D2A4652F8184FAB68944200D004B986
:10D9B000EC688B4207D05A7BD20604D1DA897F2AE1
:10D9C00001D9A2692AB1A34202D0204600F086FB09
:10D9D00023466B6138BD00BFC4FB0020B3F1FF3F9D
:10D9E00008BFB2F1FF3F03D00249183000F074BC09
:10D9F000704700BF0382030070B590F90D20014607
:10DA0000002A437B04DA03F07F0343730AF082FBAE
:10DA10001C4C4B7B224663F07F034B7352F8183F3C
:10DA2000E069934207D1C1E900200160E16111E0A2
:10DA30009842F8D01B68002BF5D091F90E5093F95D
:10DA40000E60B542F4D0AE42F2DD5868C1E9003054
:10DA500001605960A569A368954200D005B9E568E1
:10DA60008B4207D05A7BD20604D1DA897F2A01D9AA
:10DA7000AA692AB1AB4202D0284600F02FFB2B4600
:10DA8000636170BDC4FB0020F8B5394C0746A2683D
:10DA9000824224D1EFF305830BBBEFF311862023E1
:10DAA00083F31288BFF36F8F537B03F07F0343F040
:10DAB000100353730AF02EFB234653F8185F9D4260
:10DAC00000D005B9E568A3689D4202D0284600F061
:10DAD00005FB30466561BDE8F840FFF7F9BEEFF39E
:10DAE0001185202383F31288BFF36F8F7B7BD906C8
:10DAF00004D585F31188BFF36F8FF8BDD90943F0C2
:10DB0000100219D17A73A6691A4B9E4200D006B949
:10DB1000E668A368B34202D0304600F0DFFAA3689B
:10DB200066619F42E5D1EFF30583002BE1D13A7B9B
:10DB3000D2070AD42846CEE703F07F0343F0100350
:10DB400038467B730AF0E6FADDE785F31188BFF308
:10DB50006F8F83F31188BFF36F8F0423184602DFA2
:10DB6000EFF31180202383F31288BFF36F8FB2E7A6
:10DB7000C4FB0020DCFB0020F8B5DDE906670D4B97
:10DB80000C46986811460C4A1060EFF3118220226F
:10DB900082F31288BFF36F8F9D6828460AF0CCFA93
:10DBA000284632463B46FFF719FF2046BDE8F840BD
:10DBB000FFF78EBEC4FB0020F0FB0020F8B5044642
:10DBC000EFF31187202383F31288BFF36F8F437B1A
:10DBD00049B203F01F02002A0CBF0126002639D1EA
:10DBE00003F07F032D4D43730AF094FA2A46437BDA
:10DBF000817363F07F03437352F8183F934227D138
:10DC0000E869C4E900200460EC610FE09842F8D0B4
:10DC10001B68002BF5D093F90EC06145F6D08C45FA
:10DC2000F4DD5968C4E900310C605C60AC69944271
:10DC300000D004B9EC68AB689C4202D0204600F0EA
:10DC40004DFA6C6187F31188BFF36F8F3046F8BDD2
:10DC5000E869DEE79B071ED585680AF05BFA8173E9
:10DC60002B689D4209D16B68C4E900531C606C604D
:10DC7000E8E76A689342F6D01B68002BF3D093F96B
:10DC80000E209142F5D08A42F3DD5A68C4E9003291
:10DC900014605C60D6E78173D4E700BFC4FB00204A
:10DCA00049B9EFF3058030B9054B5A699B689A4230
:10DCB00001D0FFF70DBE81F31188BFF36F8F70475E
:10DCC000C4FB002010B5EFF31184202282F31288E8
:10DCD000BFF36F8F427BD10604D484F31188BFF366
:10DCE0006F8F10BD22F010024273FFF70BFE21462A
:10DCF000BDE810400148FFF7D3BF00BF5F1F012000
:10DD0000034648B9EFF3058232B9064A5169926871
:10DD1000914201D0FFF7DCBD83F31188BFF36F8F11
:10DD2000704700BFC4FB0020EFF31181202383F371
:10DD30001288BFF36F8F054B9A68D37B013BD37377
:10DD400081F31188BFF36F8F704700BFC4FB0020C1
:10DD500070B5EFF31186202383F31288BFF36F8F22
:10DD6000144DAB68DA7B0132DA732A4652F8184F49
:10DD7000944200D004B9EC685A7BD20604D1DA8907
:10DD80007F2A01D9A2692AB1A34202D0204600F01D
:10DD9000A5F923466B6186F31188BFF36F8FEFF30C
:10DDA0001180202383F31288BFF36F8FBDE870408A
:10DDB000FFF7A6BFC4FB0020024B03F11802C3E922
:10DDC00006227047C4FB002070B5EFF311862023B4
:10DDD00083F31288BFF36F8F1B4CA168E0690B6857
:10DDE000814214BF1A46002249680B605960A3683B
:10DDF000E1692AB9154AC3E900210B60E3610CE02F
:10DE000093F90E0092F90E50A84218D0854216DD03
:10DE10005168C3E900210B605360A5690B4B9D421B
:10DE200000D005B9E568A3689D4202D0284600F0FD
:10DE300055F965613046BDE87040FFF749BD8A423B
:10DE4000D8D01268D5E700BFC4FB0020DCFB00205F
:10DE5000F8B550EA010306460C4603D1FFF7B4FFBC
:10DE60000020F8BDEFF31187202383F31288BFF35E
:10DE70006F8F124D124BA8681860FFF785FDA868D8
:10DE8000234632460F49183000F026FAAA680446A5
:10DE9000537B384643F004035373FFF719FDAB6817
:10DEA000D3E90A23B3F1004F08BF002AD8D10AF002
:10DEB00066FA201A20EAE070D3E700BFC4FB002016
:10DEC000F0FB00200382030038B50446EFF3118510
:10DED000202383F31288BFF36F8F437B5B070FD53B
:10DEE00018300AF024FA637B204623F0040363739E
:10DEF000FFF708FD2946BDE838400448FFF7D0BECB
:10DF000085F31188BFF36F8F38BD00BF5F1F0120FD
:10DF1000014B9868704700BFC4FB00202DE9F8430F
:10DF20000446077BEFF31185202383F31288BFF3A8
:10DF30006F8F437B190705D585F31188BFF36F8F6A
:10DF4000BDE8F883D90943F008025DD14273A368A4
:10DF500013B120460AF0E6F804F118000AF0E7F9D8
:10DF6000A66D04F15808B04511D04FF0000976B104
:10DF700030460AF0D7F806F118000AF0D8F9304612
:10DF8000C6F8B090FFF7BEFCA66DB045EFD1DFF844
:10DF9000C080D8F808309C423ED1EFF30589B9F132
:10DFA000000918BF4FF00109D8F81860294A9642B5
:10DFB00000D00EB9D8F80C60B34202D0304600F061
:10DFC0008DF82046C8F8146000F0E0F8B9F1000FB1
:10DFD00002D02148FFF76CFCD8F808309C4231D1C0
:10DFE000EFF3058373BB227BD20718D42846FFF7D3
:10DFF0006FFCFB07A4D5002383F31188BFF36F8F59
:10E000000423184602DF9BE703F07F0343F0080375
:10E0100043730AF07FF89AE74FF00009C4E785F3ED
:10E020001188BFF36F8F83F31188BFF36F8F0423C1
:10E03000184602DFEFF31180202383F31288BFF329
:10E040006F8FD4E785F31188BFF36F8FD1E700BFDF
:10E05000C4FB0020DCFB0020A0E90020D3B5DDE9F3
:10E060000667089CCDE90067FFF786FD1CB1034BEE
:10E070009B681B69236002B0D0BD00BFC4FB0020B9
:10E080000122044BC01A044BC0105843034B1A54CE
:10E09000704700BF58EA0020ABAAAAAA5F1F012060
:10E0A000C3897F2B12D80A4B1B6863B1094B90F9C7
:10E0B0000E201B689A4209DB437BDB0606D1064B28
:10E0C000C31A18BF012303F0010070470023FAE7C9
:10E0D000E8C90020F4FB002030E8002070B50E4BAA
:10E0E0000E4C1E7C054606EB460304EBC30420469B
:10E0F0000AF01DF900220A4B28469A55FFF7D0FF77
:10E1000048B1084B2046BDE870401A680649013AFC
:10E11000D31700F0E1B870BDC4FB002058EA00201E
:10E120005F1F0120E8C9002081E0020038B5EFF34D
:10E130001185202383F31288BFF36F8F104B114A90
:10E140009C681068A04206D1FFF7C8FF85F31188CC
:10E15000BFF36F8F38BD00211B7C11600A4AD35C6E
:10E16000002BF3D02046FFF79BFF0028EED0637B07
:10E17000DB0602D12046FFF73FFC2046E4E700BF64
:10E18000C4FB0020F0FB00205F1F0120EFF3118192
:10E19000202383F31288BFF36F8F0A4A136A8342E6
:10E1A00007D15B6F136281F31188BFF36F8F7047E4
:10E1B0001346002BF7D05A6F8242F9D1426F5A674B
:10E1C000F1E700BFC4FB0020F8B505460E46EFF3AB
:10E1D0001187202383F31288BFF36F8F064B1C6ACD
:10E1E00024B987F31188BFF36F8FF8BD20463146FD
:10E1F000A847646FF4E700BFC4FB0020F8B50646EB
:10E200000F46EFF31183202282F31288BFF36F8F42
:10E2100015460B490C6A24B983F31188BFF36F8F3D
:10E22000F8BD83F31188BFF36F8F39462046B0479E
:10E23000EFF3118385F31288BFF36F8F646FEAE702
:10E24000C4FB0020074808B5074A0849121A09F01C
:10E2500095FDBDE808400648064A0749121A09F02C
:10E260008DBD00BF80C50020CCCF0020A8010400D8
:10E2700068C5002080C5002090010400024B18688A
:10E28000984208BF00207047ECC90020034B1B6870
:10E290000BB9F6F70FBA0020704700BFF8FB00205B
:10E2A00030B570B10B4B5B6898420AD0036843B13C
:10E2B000D3E90421D0E90445121941EB0501C3E972
:10E2C0000421D0E9003213605A600023C0E9003312
:10E2D00030BD00BFECC90020B3F1FF3F08BFB2F171
:10E2E000FF3F2DE9F84F0446994615461F467BD05F
:10E2F0008160EFF31188202383F31288BFF36F8FBF
:10E30000013279F1FF33DFF8E8A020DBFFF7BEFF31
:10E31000DAE90027013549F100092D1849EBE073CE
:10E3200006464FF00109C4E90453AD1843EB070753
:10E33000FFF7A4FF0346DFF8BCE0DEF804A0EBB96A
:10E34000C4E900EACAF80040CEF8044028E06FF0C3
:10E350000103DAE900125B1A4FF0FF3161EB0202B0
:10E360005B1B62EB0902012B72F10001BCBF0123B0
:10E3700000224FF00009C0E90432D9E7D3E9041CB8
:10E38000D4E904208A4270EB0C0B24DA891A5A680B
:10E390006CEB0000C3E90410C4E9003214605C6057
:10E3A000FFF76CFF84420ED1134B1B685BB9B9F1C8
:10E3B000000F02D1FFF76AFF0646304609F0A0FFC2
:10E3C0000021F6F749F988F31188BFF36F8F2846CB
:10E3D0003946BDE8F88F521A60EB0C009A45C4E943
:10E3E0000420ADD01B68AAE700252F46EFE700BF49
:10E3F00070EA0020ECC90020F8FB00202DE9F0476E
:10E40000EFF31185202383F31288BFF36F8FDFF8BA
:10E41000A0900026C9F800000027FFF72FFFDFF8C3
:10E420009480D9F80030D8E900ECD91750B1D0E980
:10E430000442A34271EB020A1BDAE41A62EB010206
:10E44000C0E90442002413EB0E034CEB010120460B
:10E45000C8E90031C9F8004009F052FF2146F6F73B
:10E46000FBF885F31188BFF36F8FBDE8F047FFF726
:10E470005DBE14EB0E024CEBE473C0E90467C8E91F
:10E480000023FFF70DFF85F31188BFF36F8F8368BB
:10E490009847EFF31185202383F31288BFF36F8F22
:10E4A000D9F800301B1BC9F80030FFF7E7FEB8E7CA
:10E4B000F8FB002070EA002010B5EFF31184202350
:10E4C00083F31288BFF36F8FFFF7E0FE0346054A20
:10E4D000D2E90001181841EBE37184F31188BFF30E
:10E4E0006F8F10BD70EA0020F8B50446EFF3118776
:10E4F000202383F31288BFF36F8F026822B187F362
:10E500001188BFF36F8FF8BDD0E90A36581C46F169
:10E510000001022871F1000127D3012B76F10001DF
:10E52000BCBF012316465D1E46F1FF3609F02BFFE6
:10E53000013041F10001401946EB0101012871F160
:10E5400000013ADB09F01FFF013041F100016FF0DB
:10E550000102401946EB01034FF0FF31121A61EB43
:10E56000030320461749FFF7B7FE236B01332363EC
:10E57000236A6BB187F31188BFF36F8F2046236A3C
:10E580009847EFF31187202383F31288BFF36F8F2F
:10E5900054F8185FA542B2D0002DB0D0284609F03B
:10E5A00002FE0023C5F8B03087F31188BFF36F8FE8
:10E5B0002846BDE8F84009F0E7BD6FF001024FF0D2
:10E5C000FF33CEE7E9E402002DE9F04105461C46A1
:10E5D00090461F46EFF31186202383F31288BFF382
:10E5E0006F8FB4F1FF3F08BFB2F1FF3F05D186F353
:10E5F0001188BFF36F8FBDE8F081531C74F1FF33B6
:10E6000009DB012A74F10003BCBF0122002412F1CE
:10E61000FF3844F1FF37284609F089FEDDE906019D
:10E620000023C5E90A012B6342463B4628460249BE
:10E63000FFF752FEDBE700BFE9E402001423F0B568
:10E640000024202703FB0100134E01B9F0BD10F890
:10E65000073CA0F1140C03F03F03102B40F80C4CC6
:10E660000CD826FA03F3DB0708D550F8143C2BB17D
:10E6700050F8105C2B605D6040E9054482F311881E
:10E68000BFF36F8FEFF3118287F31288BFF36F8FA1
:10E6900060460139D9E700BF160101002DE9F74FA7
:10E6A0001D46274B16469F68012387F8603087F880
:10E6B000613052EA05030CBF0123002307F1600219
:10E6C000804609F0F9FE8146EFF3118B4FF0200AE6
:10E6D0008AF31288BFF36F8F97F860404CB90146F8
:10E6E0005A464046FFF7AAFF8BF31188BFF36F8F9E
:10E6F0000BE0002387F8603056EA050309D18BF35D
:10E700001188BFF36F8F6FF00A04204603B0BDE895
:10E71000F08F5946CDE900650A4A0B48FFF72CFAFD
:10E720000446EFF311858AF31288BFF36F8F2A46F0
:10E7300049464046FFF782FF85F31188D6E700BFC0
:10E74000C4FB0020F4C90020601F012038B5034637
:10E75000EFF31185202282F31288BFF36F8FC1601F
:10E76000012181600068834206D185F31188BFF3DF
:10E770006F8F0024204638BDD0E9003213605A6004
:10E780000023C0E9003309F01AFF29460446024875
:10E79000FFF786FAEEE700BF601F01202DE9F04188
:10E7A00005460E46174609F09CFC30B9074B9B689E
:10E7B000D3F8A84014B9BDE8F081054C3B46324679
:10E7C00029462046BDE8F04109F077BFC4FB002090
:10E7D000A8CD002002460021014B024809F06DBF80
:10E7E0005B170300A8CD0020014BC0F8A83070478C
:10E7F000A8CD00200146024A0020FFF7CFBF00BF8E
:10E800005B17030007B5074B4FF48052009306498E
:10E810004FF0FF330548FEF7CDFE002003B05DF852
:10E8200004FB00BFCCAA0300A0D5012078EA002099
:10E830001FB514461A46094B05461B68D86854B9DB
:10E84000074B1C4600910749CDE901342B4600F0E7
:10E8500015F8F3F7EBFF044BF4E700BFFCC9002009
:10E860002DC60300C3FD0300B6FD0300024B0A469C
:10E870000146186809F091BFFCC900200EB403B529
:10E8800003AB0146054853F8042B0068019300F0E0
:10E890007DF902B05DF804EB03B07047FCC90020BD
:10E8A00038B50B4B04461D68EB6B53B9242000F0C0
:10E8B000B9F80246E86320B9064B39210648FFF74C
:10E8C000B7FFE96B2046BDE8384000F007B800BF4D
:10E8D000FCC90020F3FE03000AFF03002DE9F0410C
:10E8E0004C4A0C460023D0E90001EAF75DF9002A02
:10E8F0004FF4616100F52F20B7BF02F5A83200F692
:10E900006C2000F66B2002F5C072B2FBF1F301FB44
:10E9100013223C21A360B2FBF1F301FB13223E4919
:10E920006360C31C2260072293FBF2F2C2EBC202B7
:10E930009B1A55D50733A361A0F50E33A3F52C73AD
:10E9400093FBF1F1354B40F2B45C40F26D17642655
:10E9500003FB010048F6AC634FF00508B0FBF3F38E
:10E96000B0FBFCF203449B1A2D4AB0FBF2F29B1A57
:10E97000B3FBF7F2B3FBFCF3B2FBF6F5EB1A03447F
:10E98000992007FB123303EB830703F1010E0237D3
:10E99000B7FBF0FC00FB0CF00230B0FBF8F0AEEB84
:10E9A000000040F2F95E77458CBF6FF0090702273F
:10E9B00067444FF4C87C0CFB0121012F98BF013143
:10E9C000B3F5997F12D3A3F59973A1F26C71E3614A
:10E9D0000023E06020462362C4E90471BDE8F081B1
:10E9E0000028A361A8DB90FBF1F1ABE712F0030F65
:10E9F00002D106FB15255DB94FF4C875B2FBF5F6DB
:10EA000005FB1622B2FA82F252093B331344DCE7CB
:10EA10000122FAE780510100B13A02004FC5FDFF23
:10EA2000B03A0200024B0146186800F055B800BF2A
:10EA3000FCC90020024B0146186800F003B800BF73
:10EA4000FCC9002038B50546002941D051F8043CE6
:10EA50000C1F002BB8BFE41801F0B2FC1D4A13686C
:10EA600033B9636014602846BDE8384001F0AEBC9D
:10EA7000A34208D9206821188B4201BF19685B683E
:10EA800009182160EDE71A465B680BB1A342FAD979
:10EA900011685018A0420BD1206801445018116031
:10EAA0008342E0D118685B68084453601060DAE77D
:10EAB00002D90C232B60D6E7206821188B4202BFB5
:10EAC00019685B680918636008BF21605460CAE771
:10EAD00038BD00BF00FC0020F8B5CD1C064625F06F
:10EAE000030508350C2D38BF0C25002D01DBA9428C
:10EAF00003D90C2333600020F8BD01F061FC2149EB
:10EB00000A6814469CB9204F3B6823B92146304619
:10EB100000F0D4FC38602946304600F0CFFC431C9E
:10EB200023D10C233046336001F050FCE3E7236827
:10EB30005B1B17D40B2B03D923601C44256004E016
:10EB40006368A2420CBF0B605360304601F03EFC8C
:10EB500004F10B00231D20F00700C21A1CBF1B1A72
:10EB6000A350C9E722466468CCE7C41C24F0030420
:10EB7000A042E3D0211A304600F0A0FC0130DDD1E4
:10EB8000CFE700BF00FC0020FCFB00202DE9F04F88
:10EB90000D469DB014469846064618B183690BB9D8
:10EBA00001F00AF9874B9D421BD175686B6ED9073E
:10EBB00005D4AB899A0502D4A86D05F075F8AB8928
:10EBC0001B0701D52B69EBB92946304600F0FAFF47
:10EBD000C0B16B6EDC070ED54FF0FF301DB0BDE845
:10EBE000F08F794B9D4201D1B568DFE7774B9D42AD
:10EBF00008BFF568DAE7AB899805EDD4A86D05F094
:10EC000059F8E9E70023CDF80C804FF00109DFF84F
:10EC1000C081099320238DF8293030238DF82A30C4
:10EC200023469A4613F8012B0AB1252AF9D1BAEBEB
:10EC3000040B0BD05B4622462946304609F0D0FD36
:10EC4000013000F0A680099A5A4409929AF80030DF
:10EC5000002B00F09E8000234FF0FF320AF1010AE2
:10EC6000049307938DF853301A93CDE90523544646
:10EC70000522574814F8011B09F042FD049BD0B946
:10EC8000D90644BF20228DF853201A0744BF2B22F7
:10EC90008DF853209AF800202A2A14D0079A544657
:10ECA00000204FF00A0C214611F8013B303B092BA4
:10ECB0004AD970B914E0A0EB0800A24609FA00F0A6
:10ECC00018430490D3E7039A111D1268002A039198
:10ECD00001DB079204E0524243F0020307920493DF
:10ECE00023782E2B0AD163782A2B32D1039B02344E
:10ECF0001A1D1B6843EAE37303920593DFF8D4A05F
:10ED000003222178504609F0FBFC38B1A0EB0A0041
:10ED10004022049B013482401343049314F8011BE6
:10ED200006222D488DF8281009F0EAFC00283FD073
:10ED30002A4B1BBB039B073323F0070308330393C2
:10ED4000099B3B4409936BE70CFB02320C46012004
:10ED5000A9E7002301344FF00A0C19460593204619
:10ED600010F8012B303A092A03D9002BC6D005919F
:10ED7000C4E70CFB012104460123F0E703AB2A465C
:10ED800004A930460093164B00F02CF80746781C77
:10ED9000D6D16B6ED90705D4AB899A0502D4A86D7C
:10EDA00004F088FFAB895B063FF516AF099815E7BD
:10EDB00003AB2A4604A930460093094B00F048FAF9
:10EDC000E4E700BF40AB030020AB030000AB03004F
:10EDD0007EFF030084FF030088FF0300E5ED0200CF
:10EDE000E18703002DE9F04F91B00C4616461F460F
:10EDF000DDF86880054601F08DFA0368184608932F
:10EE0000E9F764FF002309900E93D8F8003094F8D6
:10EE100018A00733D4F800B023F0070303F1080269
:10EE2000C8F800204FF0FF32D3E9008929F00043F1
:10EE3000CDF828800B939D4BDDE90A01C4E91289C6
:10EE4000E9F754FE70BB4FF0FF32984BDDE90A0141
:10EE5000E9F72EFE30BB0022002340464946E9F781
:10EE60001DFE10B12D2384F84330914A914BBAF125
:10EE7000470F94BF9046984603234FF00009236143
:10EE80002BF00403236033460FAA2146284600973F
:10EE900009F058FD013040F099804FF0FF3011B07B
:10EEA000BDE8F08F42464B4640464946E9F71EFE14
:10EEB00040B14B46804A002BBCBF2D2384F8433021
:10EEC0007E4BD4E763685A1C29D1062363604BF458
:10EED000806300222846236006920EAACDE904A290
:10EEE0000DAA03920DF13302CDE901326368424667
:10EEF00000934B4609F086FCBAF1670F80460D99E6
:10EF000015D1CB1C3BDB6368994238DC0E9B9942E0
:10EF100055DB23682161D80745D54B1C42E00AF038
:10EF2000DF02472AD3D1002BD1D10123CEE7BAF19A
:10EF3000470F07D1C81C25DB63688B4222DB4FF0EB
:10EF4000670AE3E7BAF1650F1FD80139524604F1A9
:10EF500050000D9109F0BDFC0E9A81461318012A4C
:10EF6000236102DC2268D20701D5013323619DF8B9
:10EF70003330002B87D02D2384F8433083E74FF0C4
:10EF8000650AE2E74FF0450ADFE7BAF1660FBDD147
:10EF9000002963680BDD216113B92268D00702D50F
:10EFA00001330B4423614FF00009A165DFE713B97A
:10EFB0002268D20701D50233F4E70123F2E70029E2
:10EFC000D4BFC1F1020201221344EBE723685A05C2
:10EFD00007D42369424631462846B84701302BD131
:10EFE0005BE7BAF1650F40F2DC8000220023D4E930
:10EFF0001201E9F749FD002833D00123304A314698
:10F000002846B84701303FF448AFDDE90D384345A5
:10F0100002DB2368D8070FD531462846DDE90823EF
:10F02000B84701303FF439AF4FF0000908F1FF381D
:10F0300004F11A0AC84509DC23689B0700F1028124
:10F04000E0680F9B9842B8BF184628E70123524654
:10F0500031462846B84701303FF41FAF09F1010996
:10F06000E8E70D9B002B38DC0123154A3146284682
:10F07000B84701303FF411AFDDE90D3959EA030318
:10F0800002D12368D907D7D531462846DDE90823C0
:10F09000B84701303FF401AF4FF0000A04F11A0BFA
:10F0A0000D9B5B4253450DDC4B4693E7FFFFEF7F23
:10F0B0008FFF030088C1030093FF030097FF030045
:10F0C0005AE4030001235A4631462846B847013026
:10F0D0003FF4E3AE0AF1010AE2E7A36DDDF838A0E0
:10F0E0005345A8BF5346002B994636DC4FF0000B22
:10F0F00029EAE97904F11A02A36D0A93A3EB090343
:10F100005B4531DC0D9B9A453ADC2368DA0737D43E
:10F110000D9BAAEB03090A9BAAEB03039945A8BF21
:10F120009946B9F1000F33DC4FF0000829EAE9797C
:10F1300004F11A0B0D9BAAEB0303A3EB0903434550
:10F140007FF77AAF01235A4631462846B847013047
:10F150003FF4A3AE08F10108ECE7424631462846E9
:10F16000B8470130C2D198E60123314628460A92B9
:10F17000B84701303FF491AE0BF1010B0A9ABBE79F
:10F18000DDE9082331462846B8470130C0D184E67E
:10F190000A9A4B46314628464244B8470130C3D10B
:10F1A0007BE6DDF838A0BAF1010F01DCDB0736D5CC
:10F1B0000123424631462846B84701303FF46DAE40
:10F1C00031462846DDE90823B84701303FF465AEF3
:10F1D000002200230AF1FF3AD4E91201E9F754FCB6
:10F1E000C0B9534608F1010231462846B8470130FC
:10F1F0000CD152E601235A4631462846B847013021
:10F200003FF44BAE08F10108D045F3DB4B4604F167
:10F210005002E0E64FF0000804F11A0BF4E7012376
:10F220004246E1E701234A4631462846B8470130C5
:10F230003FF433AE08F10108E3680F995B1A4345C8
:10F24000F0DCFDE64FF0000804F11909F4E700BF17
:10F250002DE9FF470F7E914680460C46782F9A464F
:10F260000C9D01F1430207D8622F0AD8002F00F04D
:10F27000E080582F00F0BB8004F1420684F8427011
:10F280003AE0A7F16303152BF6D801A151F823F05A
:10F29000E9F20200FDF2020079F2020079F20200C6
:10F2A00079F2020079F20200FDF2020079F2020026
:10F2B00079F2020079F2020079F2020019F40200F8
:10F2C0008DF30200CFF3020079F2020079F202001E
:10F2D0003BF4020079F202008DF3020079F20200A1
:10F2E00079F20200D7F302002B6804F142061A1DDE
:10F2F0001B682A6084F842300123ABE02368296848
:10F300001F0601F10400286001D50D6803E05E06C8
:10F31000FBD5B1F90050002D61687ADA2D20002963
:10F32000A16084F843002DDA6D425E480A23164638
:10F33000B5FBF3F103FB1157C75D06F8017D2F46BE
:10F340000D46BB42F4D9082B0BD12368DF0708D543
:10F35000236961689942DEBF302306F8013C06F15B
:10F36000FF36921B22614B4603AA21464046CDF848
:10F3700000A009F0E7FA013071D14FF0FF3004B07E
:10F38000BDE8F08723F004032360CDE72B682068F5
:10F39000191D2960050601D51D6802E04106FBD54F
:10F3A0001D886F2F3F4814BF0A230823002184F8CB
:10F3B00043106668002EA660B9DB216821F00401C5
:10F3C0002160002DB3D1002EB1D11646BBE72368D2
:10F3D00043F0200323607827334884F84570296878
:10F3E00023680E1D2E601E0603D50D6804E02D480F
:10F3F000F3E75D06F9D50D88D90744BF43F0200334
:10F4000023600DB11023D1E7236823F0200323608C
:10F41000F8E724480A23CCE72B682668181D6169A1
:10F42000286035061B6801D5196002E07006FBD51F
:10F43000198000231646236195E72B6800211A1DC9
:10F440002A601E686268304609F05AF908B1801BCC
:10F45000606063682361002384F8433083E7236995
:10F46000324649464046D047013086D023689B0744
:10F4700014D4E068039B9842B8BF18467FE7012385
:10F48000324649464046D04701303FF476AF013519
:10F49000E36803995B1AAB42F1DCEAE7002504F16B
:10F4A0001906F5E79BFF0300ACFF0300024B0A4679
:10F4B0000146186809F079BFFCC9002038B500235F
:10F4C000054D044608462B60F3F79CF9431C02D116
:10F4D0002B6803B1236038BD04FC00200CB4184B2A
:10F4E00030B50C1E9DB01D6808DA8B234FF0FF303D
:10F4F0002B601DB0BDE8304002B070474FF402737E
:10F500000290069002A9ADF8143014BF04F1FF3345
:10F510002346209A2846049307934FF6FF73ADF8CD
:10F52000163021AB019301F029FB431CBCBF8B2398
:10F530002B60002CDDD0029B00221A70D9E700BF9F
:10F54000FCC900200EB430B59CB04FF401721FAC62
:10F55000ADF81420029054F8045B0690E9F7B6FB6E
:10F560000B4B2A46039002A90B93002307900F939D
:10F5700014934FF6FF730748ADF816302346006822
:10F58000019401F0F7FB1CB0BDE8304003B07047B8
:10F590004B8A0300FCC9002070B50A4405460E4E94
:10F5A000914201D1002011E015F8013B11F8014B07
:10F5B000F05C00F003000128305D00F0030008BF9C
:10F5C0002033012803D12034181BE9D070BD181B4B
:10F5D000FCD1002CE4D1F9E7F3FD03000A46014613
:10F5E0000248034B0068E9F773BF00BFFCC9002065
:10F5F00060CA0020242B2DE9F0478646904601D8AA
:10F60000012B06D104F058FB162303600020BDE84F
:10F61000F0870D4635482A4615F8014B065D16F071
:10F620000806F8D12D2C24D12C780126951C2BBB53
:10F63000302C30D00A2306F1004C00220CF1FF3CA4
:10F640001046BCFBF3F903FB19CAA4F13007092FDC
:10F6500028D83C46A34234DD571C07D081452DD322
:10F6600001D1A2452ADB00FB0340012215F8014B22
:10F67000EBE72B2C04BF2C78951CD8E7102BDAD1A4
:10F68000302CD8D12A7802F0DF02582AD3D16C78F6
:10F6900010230235CFE72B7803F0DF03582BF6D089
:10F6A0000823C8E7A4F14107192F01D8373CD1E757
:10F6B000A4F16107192F04D8573CCBE74FF0FF3274
:10F6C000D4E7531C08D122236046CEF80030B8F1AD
:10F6D000000F9CD0691E06E006B14042B8F1000F51
:10F6E00095D0002AF6D1C8F8001090E7F3FD03008A
:10F6F00013460A46014602480068FFF77BBF00BF79
:10F70000FCC900202DE9F04F904685B089461E4681
:10F710000D46454A02902B4615F8014B175D17F030
:10F720000807F8D12D2C41D12C7801279D1C002EE3
:10F7300041D1302C4CD00A2607F1004A07F1FF3B9B
:10F74000F31732460AF1FF3A584603935146E9F758
:10F750007BFA019200228E46844611461046A4F19F
:10F760003003092B05D9A4F14103192B37D8A4F193
:10F7700037039E423DDD541C15D084457EEB0102CB
:10F7800034D38E4508BF844502D1019A9A422DDBBD
:10F79000039A714300FB0211A6FB00020A441818E9
:10F7A00042EBE371012215F8014BD8E72B2C04BF83
:10F7B0002C789D1CBBE7102EBED1302CBCD12B78F1
:10F7C00003F0DF03582BB7D16C7810260235B3E76E
:10F7D0002B7803F0DF03582BF6D00826ACE7A4F112
:10F7E0006103192B05D8A4F15703C2E74FF0FF328C
:10F7F000D9E7531C0AD12223029A58465146136076
:10F80000B8F1000F0AD105B0BDE8F08F17B1404242
:10F8100061EB4101B8F1000FF5D00AB105F1FF39F4
:10F82000C8F80090EFE700BFF3FD030013460A4657
:10F83000014602480068FFF765BF00BFFCC9002011
:10F840002DE9F04386460D46354E284615F8014B06
:10F85000375D17F00807F8D12D2C26D12C78012719
:10F86000851C3BBB302C32D00A234FF0FF380026DA
:10F87000B8FBF3F803FB08F930466FEA0909A4F175
:10F88000300CBCF1090F29D86446A34237DDB6F12C
:10F89000FF3F07D080452FD301D1A1452CDB00FBD2
:10F8A0000340012615F8014BE9E72B2C04BF2C7807
:10F8B000851CD6E7102BD8D1302CD6D1287800F073
:10F8C000DF005828D1D16C7810230235CDE72B7892
:10F8D00003F0DF03582BF6D00823C6E7A4F1410C50
:10F8E000BCF1190F01D8373CCFE7A4F1610CBCF192
:10F8F000190F04D8573CC8E74FF0FF36D2E7731C06
:10F9000006D122233046CEF8003032B9BDE8F0836C
:10F9100007B14042002AF9D006B1691E1160F5E72F
:10F92000F3FD030013460A46014602480068FFF74C
:10F9300087BF00BFFCC900202DE9F74F91468A46DA
:10F940001E460D46494A01902B4615F8014B175D9E
:10F9500017F00807F8D12D2C43D12C7801279D1CD6
:10F96000002E43D1302C4ED00A264FEAE67B324699
:10F970004FF0FF304FF0FF315B46E9F765F9324653
:10F98000009088465B464FF0FF304FF0FF31E9F7BB
:10F990005BF9002318461946A4F1300CBCF1090F9D
:10F9A00038D86446A64246DDB3F1FF3F16D0009B2F
:10F9B000834278EB01033BD3009B884508BF834219
:10F9C00001D1A24234DB714300FB0B11A6FB000303
:10F9D000194420184FF0010341EBE47115F8014B75
:10F9E000DAE72B2C04BF2C789D1CB9E7102EBCD174
:10F9F000302CBAD12B7803F0DF03582BB5D16C78BB
:10FA000010260235B1E72B7803F0DF03582BF6D030
:10FA10000826AAE7A4F1410CBCF1190F01D8373C24
:10FA2000C0E7A4F1610CBCF1190F04D8573CB9E749
:10FA30004FF0FF33D2E75A1C0AD10199222218460F
:10FA40000A601946B9F1000F0AD103B0BDE8F08F82
:10FA500017B1404261EB4101B9F1000FF5D00BB194
:10FA600005F1FF3AC9F800A0EFE700BFF3FD03007E
:10FA700013460A46014602480068FFF75DBF00BF13
:10FA8000FCC9002007B5009313460A460146034807
:10FA9000006809F0C2F803B05DF804FBFCC900205F
:10FAA00070B51E469AB04FF40173044608461546D9
:10FAB000ADF80C3000910491E9F708F9094B2A469A
:10FAC0006946019009930023059020460D931293F7
:10FAD0004FF6FF73ADF80E30334601F04BF91AB014
:10FAE00070BD00BF4B8A030013460A460146024818
:10FAF0000068FFF7D5BF00BFFCC90020F8B50E466F
:10FB00001446054618B183690BB900F055F9214B2D
:10FB10009C4210D16C68A369A360A3891A0701D520
:10FB2000236993B92146284600F04CF868B14FF09C
:10FB3000FF373846F8BD184B9C4201D1AC68EAE764
:10FB4000164B9C4208BFEC68E5E72369F6B22068D3
:10FB50003746C01A6369834205DC2146284600F017
:10FB6000ADF80028E3D1A3680130013BA36023680E
:10FB70005A1C22601E706369834204D0A389DB078C
:10FB8000D7D50A2ED5D12146284600F097F800286F
:10FB9000CFD0CCE740AB030020AB030000AB0300A9
:10FBA00038B50446064D0846114600222A601A461A
:10FBB00004F0AAF9431C02D12B6803B1236038BDBD
:10FBC00004FC0020314B70B51D6806460C4625B17B
:10FBD000AB6913B9284600F0EFF82D4B9C420ED1CB
:10FBE0006C68B4F90C301A072CD4DD0611D4092244
:10FBF000326043F040034FF0FF30A3813DE0254BDE
:10FC00009C4201D1AC68ECE7234B9C4208BFEC68F6
:10FC1000E7E7580712D5616B41B104F144039942FB
:10FC200002D03046FEF70EFF00236363A38923F062
:10FC30002403A3810023636023692360A38943F025
:10FC40000803A38123694BB9A38903F42073B3F597
:10FC5000007F03D02146304600F072FBB4F90C302F
:10FC600013F001020AD00022A26062695242A2612E
:10FC7000226942B913F08000BBD170BD990758BF0B
:10FC80006269A260F4E70020F7E700BFFCC900202A
:10FC900040AB030020AB030000AB030038B50023EA
:10FCA000054D044608462B6004F029F9431C02D197
:10FCB0002B6803B1236038BD04FC002038B50B6904
:10FCC00005460C4613B90025284638BD18B183698E
:10FCD0000BB900F071F8144B9C421BD16C68B4F95D
:10FCE0000C30002BEFD0626ED00704D4990502D4FB
:10FCF000A06D03F0D9FF2846214609F046F8636E4F
:10FD00000546DA07E0D4A3899B05DDD4A06D03F096
:10FD1000D1FFD9E7054B9C4201D1AC68DFE7044B2A
:10FD20009C4208BFEC68DAE740AB030020AB03005D
:10FD300000AB0300002310B504468360818119469F
:10FD40004366C28108228361C0E90033C0E90433FD
:10FD50005C3008F01AFD054B24626362044BA36219
:10FD6000044BE362044B236310BD00BF298A0300E8
:10FD70004F8A0300878A0300AB8A0300014909F018
:10FD800099B800BFBDFC0200014803F08DBF00BF61
:10FD9000E4CD0020014803F08DBF00BFE4CD00207A
:10FDA000014803F081BF00BFF8CD0020014803F0F7
:10FDB00081BF00BFF8CD002010B50446FFF7F0FF6B
:10FDC000A3691BB1BDE81040FFF7F0BFC4E91233CF
:10FDD00023652046124B134A1B68A262A34204BF4C
:10FDE0000123A36100F020F86060204600F01CF8B9
:10FDF000A060204600F018F800220421E06060684E
:10FE0000FFF798FF01220921A068FFF793FF022264
:10FE10001221E068FFF78EFF0123A361D2E700BF44
:10FE2000D4AA03007DFD0200F8B50746FFF7ACFF3A
:10FE30001E4B1E68B36913B93046FFF7BDFF483645
:10FE4000D6E90134013B03D533680BB33668F7E7D5
:10FE5000B4F90C50D5B9164B04F158006566E3604F
:10FE600003F018FFFFF796FF0822294604F15C0013
:10FE70002560A561C4E90155C4E9045508F085FC75
:10FE8000C4E90D55C4E912552046F8BD6834D9E7D8
:10FE90000421384608F0F8FF044630600028D5D128
:10FEA000FFF778FF0C233B60EEE700BFD4AA030006
:10FEB0000100FFFF2DE9F04F8BB08B469046059374
:10FEC000AC4B02901B6818460393E8F7FFFE039BB8
:10FED0000190034413F8013C0693DBF800309A1CB0
:10FEE000174612F8010B3028FAD0FB1AA3F1020AC8
:10FEF00009F050F80446002838D1019A3846039991
:10FF000008F0ECFD0546002864D1019BF85CFE1862
:10FF100009F040F800285FD0334618781F460133B7
:10FF20003028FAD009F036F8B0FA80F435464FF0B0
:10FF3000010A64093A4616460132307809F02AF877
:10FF40000028F8D1019A3046039908F0C7FD80B91E
:10FF50004DB9019BF5182A4616460132307809F052
:10FF600019F80028F8D1AD1BAD0004E000242546A7
:10FF7000E0E7002DF7D1337803F0DF03502B38D1C1
:10FF800073782B2B2AD02D2B2CD0711C4FF000090D
:10FF9000087808F0FFFF431EDBB2182B29D8A0F128
:10FFA000100211F8010F08F0F5FF431EDBB2182B09
:10FFB0001BD9B9F1000F00D052421544CBF8001004
:10FFC000CCB1BAF1000F0CBF0626002630460BB0AC
:10FFD000BDE8F08F3E4625460124CCE74FF00009EE
:10FFE000B11CD5E74FF00109FAE70A2303FB020031
:10FFF000D5E73146E2E7F31B2146013B072B0ADC3C
:020000040003F7
:10000000029800F0E9F9044640B95B4B0246DE2154
:100010005A48FEF70DFC01315B10EFE74FF0000B83
:10002000019B00F11409C3F10103DA46CDF81090E9
:100030000893B74238D3049E504646F804ABA6EB6B
:100040000906B6102661760109F0D1F8D8F80070DB
:10005000361ABE4260DDF61B2046314609F084F9AF
:10006000824678B1731E4FF0010A591103F01F0246
:1000700059F821100AFA02F20A4203D0534542DC31
:100080004FF0020A35443146204608F032FFD8F8D6
:100090000830AB424EDA2146029800F0DDF9002329
:1000A000149AA326136091E7731E069A079316F815
:1000B000013C934217D0BBF1200F06D1049B43F8BB
:1000C00004AB4FF0000A0493D34616F8010C08F075
:1000D00061FF00F00F00079B00FA0BF00BF1040B1F
:1000E0004AEA000A0DE0731E089A1344BB42E2D3A9
:1000F0001846019A0399099308F0F0FC099B00281F
:10010000D9D11E4695E7B11E204609F02DF90028E9
:10011000B6D04FF0030AB5E709DABE1B21460298B4
:100120003246AD1B00F066FB044600F114094FF0A7
:10013000000AACE7D8F80430AB4270DD5D1BAF427B
:1001400035DCD8F80C30022B29D0032B2BD0012B17
:100150001CD1AF421AD1012F12D1D8F80430622637
:10016000059A136001232361C9F80030149B1C60B9
:100170002CE700BF60AB03003E0004004F0004000A
:10018000791E204609F0F0F80028E6D121460298B1
:1001900000F062F90023149A5026136016E7159BAD
:1001A000002BF3D1D9E7159B002BD6D1EEE76E1EBD
:1001B000BAF1000F30D126B13146204609F0D4F80B
:1001C00082467211012306F01F06294659F82220A3
:1001D0002046B3407F1B0226134218BF4AF0020A92
:1001E00008F087FED8F80450BAF1000F47D0D8F8CD
:1001F0000C30022B15D0032B17D0012B09D11AF08C
:10020000020F06D0D9F800304AEA030A1AF0010FAB
:100210000ED146F0100632E04FF0010AD1E7012678
:10022000E2E7159BC3F101031593159B002BF0D05A
:10023000D4F810B004F114034FF0000C4FEA8B0A0D
:1002400003EB8B01184653F8042BB2F1FF3F1BD090
:1002500001320260022E04F114033CD1D8F80020D0
:10026000013ABA4209D17911012207F01F0753F868
:10027000213002FA07F71F423AD146F02006149BBC
:100280001C60059B1D60A1E6994243F804CCD9D8B7
:10029000A3689B4517DB61680298013100F09CF868
:1002A000814618B91A4B02468421B1E6226904F14D
:1002B0000C010C300232920008F040FA21464C4604
:1002C000029800F0C9F823695A1C04EB83032261E9
:1002D00001225A61BEE722695A450BDD0121204601
:1002E00008F007FE0135D8F80830AB42FFF6D3AE70
:1002F0000126C2E717F01F07FAD05344C7F12007C1
:1003000053F8040C08F073FFB842E7DBF0E700BFD6
:100310003E0004000048704750CB002038B504462A
:10032000064D0846114600222A601A4603F0EFFDEA
:10033000431C02D12B6803B1236038BD04FC0020AC
:100340008B89F7B59D0706460C4607D504F1470390
:10035000236023610123636103B0F0BD01AB6A46F2
:1003600008F0EEFE009F054630463946FEF7B4FB26
:1003700048B9B4F90C309A05EED423F0030343F0E6
:100380000203A381E2E70D4BB362A389206043F02F
:100390008003A381019BC4E904075BB1B4F90E108B
:1003A000304600F0E1FF28B1A38923F0030343F0B6
:1003B0000103A381A3891D43A581CDE77DFD020033
:1003C000014803F071BC00BFD0CD0020014803F00C
:1003D00071BC00BFD0CD002070B5466A04460D4602
:1003E00076B91020FEF71EFB0246606220B9184B5A
:1003F00066211848FEF71CFAC0E901660660C6606F
:10040000666AF36883B1636ADB6853F82500B8B99C
:100410000121204601FA05F6721D920008F0BDF98F
:1004200060B1C0E901560EE021220421204608F007
:10043000B4F9636AF060DB68002BE4D1002070BD82
:10044000026843F825200023C0E90333F7E700BF23
:10045000F3FE0300D100040070B5466A05460C4661
:1004600076B91020FEF7DEFA0246686220B9094B21
:100470008A210948FEF7DCF9C0E901660660C6601A
:100480003CB16B6A6268DB6853F82210216043F864
:10049000224070BDF3FE0300D10004002DE9F041BD
:1004A00001F1140C07460C461E460D690020DCF8CD
:1004B0000030013099B2854202FB01614FEA1346D8
:1004C0004FEA114389B202FB063301EB03414FEAC5
:1004D00013464CF8041BEADC0EB3A368AB4219DCEC
:1004E000616838460131FFF777FF804628B9024638
:1004F0000C4BB5210C48FEF79BF9226904F10C0165
:100500000C300232920008F019F921464446384670
:10051000FFF7A2FF04EB850301355E6125612046EC
:10052000BDE8F0813E000400D10004002DE9F8434D
:1005300015461F46092208330C460646002193FB48
:10054000F2F301229A4209DB3046FFF745FF40B93A
:100550000246194BCE211948FEF76AF952000131C3
:10056000F0E7089B092D43614FF00103036116DD9D
:1005700004F109092C44C84618F8013B01460A2237
:100580003046303BFFF78AFFA045F5D1A5F10804BE
:100590004C442D1B6319BB4204DBBDE8F8830A34CD
:1005A0000925F6E714F8013B01460A223046303BA4
:1005B000FFF774FFEEE700BF3E000400D100040027
:1005C00010B50C460121FFF707FF024628B9054B7D
:1005D0004FF4A0710448FEF72BF901234461036135
:1005E00010BD00BF3E000400D10004002DE9F04F13
:1005F00014460A690F4685B023699A42A2BF234672
:100600000C461F46D4F810A0A368D7F81090616874
:100610000AEB0906B342B8BF0131FFF7DDFE30B97E
:100620000246454B40F25D114448FEF701F900F1E6
:100630001405002205EB86082B46434521D307F11C
:10064000140104F1140204F1150702EB8A0201EB14
:1006500089030293131B153B23F003030433BA42AF
:1006600038BF04230193029B03918B420CD8002EC8
:1006700003DD58F8043D002B5BD0066105B0BDE8F2
:10068000F08F43F8042BD8E7B1F800A0BAF1000FBF
:1006900024D004F1140EA9464FF0000C5EF8047B40
:1006A000D9F800301FFA87FB72459BB24FEA174713
:1006B0000AFB0B336344D9F800C04FEA1C4C0AFB19
:1006C00007C707EB13479BB24FEA174C43EA0743B0
:1006D00049F8043BE2D8019B45F803C0039B043171
:1006E000B3F80290B9F1000F21D02B6804F1140C7B
:1006F000AE464FF0000ABCF800B09BB2BEF80270E4
:1007000009FB0B77574443EA07434EF8043B5CF878
:10071000043B4FEA134ABEF80030624509FB0A3336
:1007200003EB17434FEA134AE5D8019FEB51043519
:1007300099E7013E9BE700BF3E000400D1000400A2
:100740002DE9F843154612F0030207460E4607D07E
:10075000013A254C002354F82220FFF79FFE06465D
:10076000AD103DD07C6A7CB91020FEF75BF90246E3
:10077000786228B91D4B4FF4D7711D48FEF758F821
:10078000C0E901440460C460D7F82480D8F8084068
:100790004CB940F271213846FFF712FF002304469E
:1007A000C8F8080003604FF00009EB070AD531468E
:1007B00022463846FFF71AFF8046314638464646FD
:1007C000FFF74AFE6D100BD0206838B9224621464B
:1007D0003846FFF70BFF2060C0F800900446E4E7BE
:1007E0003046BDE8F88300BF6CAB0300F3FE0300A6
:1007F000D10004002DE9F0470C46074691464FEA28
:10080000621A2369496803EB6218A36808F10106BC
:10081000B3420BDB3846FFF7DFFD054648B9024619
:10082000284B40F2D9112848FEF702F801315B004D
:10083000EEE7002300F1140100F1100218465345C1
:1008400033DB2AEAEA7A04F11403206919F01F095C
:1008500001EB8A0103EB800C2BD0C9F1200E8A46F4
:100860000022186800FA09F010434AF8040B53F804
:10087000042B9C4522FA0EF2F3D8ACEB040304F1EE
:100880001500153B23F003030433844538BF0423CC
:10089000CA500AB108F10206013E384621462E61CF
:1008A000FFF7DAFD2846BDE8F087013342F8040F70
:1008B000C5E7043953F8042B9C4541F8042FF9D8B7
:1008C000EAE700BF3E000400D10004002DE9F74F25
:1008D0008946064611461446484608F0D7FC051ED0
:1008E00012D129463046FFF777FD024628B9404B22
:1008F00040F232213F48FDF79BFF0123C0E9043558
:10090000104603B0BDE8F08FBCBF4B46A146304651
:10091000B8BF0125D9F80410B4BF1C460025FFF765
:100920005BFD024618B9324B4FF41071E2E7D9F87B
:10093000107004F1140E266900F1140BC56009F162
:10094000140509F110030EEB860605EB8708D9465E
:100950004FF0000C0193019B5EF8040B53F804AFB9
:1009600081B2764501931FFA8AF34FEA1040A3EB58
:100970000103C0EB1A40634400EB23409BB24FEAF3
:10098000204C43EA004349F8043BE4D8331B1534B8
:10099000153B23F003030433A64238BF04231D4450
:1009A0005B442C461E4644450ED308F10301491B07
:1009B000033D21F00301A84538BF00210B4453F843
:1009C000041D99B117619BE754F8041BE6461FFA12
:1009D00081FC080C7144F44489B200EB2C4041EADC
:1009E00000414FEA204C46F8041BDCE7013FE6E7F4
:1009F0003E000400D10004000E4B0B40A3F15073E5
:100A0000002B08DC5B42B3F1A07F4FEA235204DAEB
:100A10004FF400231341002208E0A2F114031E2B1F
:100A2000D6BF4FF000420122DA400023194610469B
:100A3000704700BF0000F07FF8B5026900F11406AE
:100A4000214F06EB820252F8044C151F204608F095
:100A5000CEFB0346C0F120000A2B086013DCAE4237
:100A6000C3F10B0C03F1150334BF52F8082C00221C
:100A700024FA0CFE04FA03F322FA0CF24EEA070100
:100A80001A431046F8BDAE4236BFA2F10805002257
:100A900052F8082C0B3B14D0C3F120079C40B54200
:100AA00022FA07F102FA03F244EA010444F07F510A
:100AB0008CBF55F8044C002441F44011FC40224303
:100AC000DFE744EA0701DCE70000F03F2DE973436C
:100AD000012190469946089EFFF77EFC044630B9F6
:100AE0000246244B40F20A312348FDF7A1FEC9F328
:100AF0000A55C9F313030DB143F480130193B8F100
:100B0000000324D06846009308F093FBDDE900124F
:100B1000D8B1C0F1200302FA03F3C2400B430192A3
:100B20006361019B002BA3610CBF012202222261A1
:100B3000ADB1A5F233450544C0F135003560099BE0
:100B40001860204602B0BDE870836161E9E701A842
:100B500008F06FFB019B203001226361E7E7A0F200
:100B6000324004EB82033060186908F040FBC0EBB0
:100B70004210E4E73E000400D10004002DE9F04FEC
:100B800098468B899DB007461B060D46144610D526
:100B90000B6973B94021FDF79FFF2860286130B9C8
:100BA0000C233B604FF0FF301DB0BDE8F08F4023B9
:100BB0006B610023CDF80C804FF00109DFF8A081B4
:100BC000099320238DF8293030238DF82A302346CD
:100BD0009A4613F8012B0AB1252AF9D1BAEB040B76
:100BE0000BD05B4622462946384608F003FC01300C
:100BF00000F0A780099A5A4409929AF80030002B15
:100C000000F09F8000234FF0FF320AF1010A0493A5
:100C100007938DF853301A93CDE9052354460522E6
:100C20004F4814F8011B07F06BFD049AD8B9D006A1
:100C300044BF20238DF85330110744BF2B238DF878
:100C400053309AF800302A2B15D0079A54460020CA
:100C50004FF00A0C214611F8013B303B092B4BD9D0
:100C6000B0B1079214E0A0EB0803A24609FA03F31F
:100C700013430493D2E7039B191D1B68002B0391B8
:100C8000BBBF5B4242F0020207930793B8BF0492D6
:100C900023782E2B0AD163782A2B32D1039B02347E
:100CA0001A1D1B6843EAE37303920593DFF8B4A0AF
:100CB00003222178504607F023FD38B1A0EB0A004B
:100CC0004022049B013482401343049314F8011B17
:100CD000062225488DF8281007F012FD002836D08E
:100CE000224B1BBB039B073323F0070308330393FB
:100CF000099B334409936AE70CFB02320C4601203E
:100D0000A8E7002301344FF00A0C1946059320464A
:100D100010F8012B303A092A03D9002BC6D00591CF
:100D2000C4E70CFB012104460123F0E703AB2A468C
:100D300004A9384600930E4BFEF754F8421C0646B1
:100D4000D6D1AB895B063FF52DAF09982CE703ABF5
:100D50002A4604A938460093054BFEF779FAEDE7D9
:100D60007EFF030084FF030088FF0300E5ED02001F
:100D7000F59303002DE9F0470C46ADF5227D0021E7
:100D800006460DF10408A74F0093CDF81881CDE970
:100D90004411A549A091A549A1911378002B00F019
:100DA0005C81F95C551C11F0080119D06368002BB7
:100DB0000FDD23681A78BA5C120701D42A46ECE7E3
:100DC000459A01330132236045926268013A6260BC
:100DD000ECE7A19B2146304698470028E9D0EDE793
:100DE000252B12D099466368002B40F3948022682B
:100DF00013784B4540F0318163680132013B22603A
:100E00006360459B01334593D8E741914391537803
:100E10002A2B04BF1023951C4FF00A0208BF4193F0
:100E2000A94619F8011BA1F13003092B1ED9DFF8DF
:100E300000A20322504607F063FC38B1A0EB0A0081
:100E40000123419A4D4683401343419315F8013BDA
:100E5000782B06D8572B10D8252BC3D056D8002B6B
:100E600064D0032347930A2342936AE0439B4D4691
:100E700002FB031130394391D2E7A3F15802202A33
:100E8000EFD801A151F822F0770F0300630E0300A1
:100E9000630E0300990F0300630E0300630E03004B
:100EA000630E0300630E0300630E0300630E030072
:100EB000630E0300AF0F0300950F0300130F030031
:100EC000130F0300130F0300630E0300890F0300C9
:100ED000630E0300630E0300630E0300630E030042
:100EE000BF0F0300910F0300330F0300630E0300D5
:100EF000630E0300BB0F0300630E0300950F030096
:100F0000630E0300630E0300770F0300453B022BC3
:100F1000A7D8052314E0A19B214630469847002816
:100F20003FF465AF4498002840F08F804FF0FF30C9
:100F30008FE0419B43F408734193102342930423B1
:100F400047936368002B4ADD419B590604D423680C
:100F50001A78BA5C120749D4479B022B58DC6B46BF
:100F6000224641A9304600F07DF8012875D00228BC
:100F70007FF424AFD6E7419A42F4007241921022E6
:100F80006E2B429202D9DAE7002342930323D7E77C
:100F90000823D3E70A22F3E72946404608F0DDFAA2
:100FA000419B054643F0400341930123C8E7419B21
:100FB00043F0400341930023C2E70223C0E7419876
:100FC000C3063FF5FBAE009B10F0010F459A03F1FD
:100FD000040100911B6814BF1A801A60EEE6A19B01
:100FE0002146304698470028AED09BE7459A01320B
:100FF00045926268013A002A626002DD0133236093
:10100000A5E7A19B21463046984700289FD089E755
:10101000042B0FDC6B46224641A9304600F07CF8D9
:10102000A3E700BFF3FD0300AB9403002195030089
:1010300084FF03000A4B002B3FF4C0AE6B462246F0
:1010400041A93046AFF300808FE7A3895B063FF5E7
:101050006DAF0DF5227DBDE8F0874498F9E700BF3C
:10106000000000002DE9F84315468A6880460C46CA
:1010700032B98A69002A14BF4FF0FF3201228A6018
:1010800022680027DFF88C90D1065FBF1A68111D17
:1010900019601668A06988B1012807D12B681A78F1
:1010A00063699B5C53B9002F31D022E0022820D124
:1010B0002B681B7819F803301B071AD423680137F3
:1010C000DA065EBF2B681B7806F8013B2A686B685E
:1010D0000132013B2A60A2686B60013AA26042B112
:1010E000002BD7DCD4F880312946404698470028A9
:1010F000D0D0236813F0100305D1E2680132E2601A
:10110000A26902B13370236900203B442361BDE82A
:10111000F88300BFF3FD03002DE9F04F984687B038
:10112000784B0C468246164627464FF0000B93E854
:10113000070003AB83E80700734BA169734A0329D7
:1011400008BF1A46A36801925A1EB2F5AE7F89BF46
:101150006FF4AE754FF0000903EB050940F25D1323
:1011600088BFA36057F81C3B43F450633D4623609F
:10117000316803AB0222097853F82B0007F0C0FA5C
:10118000002840D0BBF1010F12D162682AB9226851
:10119000082142F4007261602260226822F4A06299
:1011A0002260A268511EA160DAB94FF0020BDFE79E
:1011B000BBF1020F06D0A268511EA1608AB94FF0A0
:1011C000010BD5E7226802F4C061B1F5007F1FD1A1
:1011D00042F4807210212260A2686160511EA160F9
:1011E000B2B13268511C3160127805F8012B726877
:1011F000013A002A726006DCD4F88021314650465C
:101200009047002874D10BF1010BBBF1030FAFD154
:1012100063680BB90A23636063684FF0000B3C49B5
:101220006069C91A08F099F9A368226873B3316834
:10123000606991F800C010F80C0038B3BCF1300FB1
:1012400016D1100514D50BF1010BB9F1000F03D025
:10125000013309F1FF39A3607368013B002B736010
:101260000DDD336801333360A368013BA360DBE726
:1012700022F4106222600B7805F8013BECE7D4F809
:1012800080313146504698470028EDD02368D90573
:101290000DD5BD4209D905F1FF3915F8011CD4F867
:1012A0007C3132464D4650469847BD4228D0226890
:1012B00012F0100213D12A70394663685046019E1D
:1012C000B047D8F8003021681A1D11F0200FC8F877
:1012D00000201B680FD01860E3680133E360ED1B4A
:1012E000236900205D442B44236107B0BDE8F08FE3
:1012F0004FF0000BCAE7CA074CBF18801860EBE735
:101300000120F2E7409E0300138C0300178C0300BA
:101310005601040038B50446064D08461146002221
:101320002A601A4602F0EDFD431C02D12B6803B17E
:10133000236038BD04FC002000200149704700BF35
:101340000000F87F38B50023064D044608461146D4
:101350002B6002F0DEFD431C02D12B6803B1236039
:1013600038BD00BF04FC002038B50023054D0446FD
:1013700008462B6002F089FC431C02D12B6803B1A4
:10138000236038BD04FC0020704701F05CBA01F016
:1013900063BA0023EDF758BA836800EBC101B3F5D7
:1013A000004F2CBF51F8220031F81200704700EBBB
:1013B000C1018068B0F5004F2CBF41F8223021F800
:1013C00012307047012208B5FFF7E6FFD04008BD94
:1013D000836800EBC101B3F5004F08D34B681AB125
:1013E00043F001034B60704723F00103FAE74B8899
:1013F0001AB143F001034B80704723F00103FAE771
:1014000053000122FFF7D3BF8368B3F5004F34BF09
:1014100004230823C91A081AC0087047B0F5004F02
:1014200034BF04230823481C0833A0EBD300B0FAD0
:1014300080F0C0F11F0070472DE9F04117460322EC
:101440000E460446FFF7A8FF8642054607F104084A
:101450000AD10122E368BA4023EA0203E3600023D1
:1014600044F82830BDE8F081314602222046FFF7DB
:1014700093FF06462B4601460322204644F8285097
:10148000FFF795FF334629462046BDE8F04102228A
:10149000FFF78DBF70B50D4686680446FFF792FFD3
:1014A000B6F5004F014601D3012809D03046FFF7B9
:1014B000B5FF294602462046BDE87040FFF7BCBF95
:1014C00070BD2DE9F04705468068FFF7A7FF05EBE3
:1014D000800ADAF8109088460646B9F1000F1BD052
:1014E0000327DAF8104028462146FFF76BFF4045F6
:1014F00007D3324621462846FFF79EFF2046BDE827
:10150000F087032221462846FFF746FF013FCAF82D
:10151000100001D08145E4D14FF0FF34EB68013673
:10152000B4401C40EAD094FAA4F2B2FA82F2131D3D
:1015300055F82340DEE72DE9F04114460E460546F6
:10154000FFF740FFA4EB0608371B0744424631462D
:101550002846FFF755FF3A4621462846FFF750FF39
:101560004346002221462846FFF721FF2146284610
:10157000FFF728FF3B46211800222846BDE8F0412E
:10158000FFF715BF2DE9F041164604460F46FFF759
:1015900019FF314605462046FFF714FF05442A4649
:1015A00039462046FFF72CFF31462046FFF70AFF59
:1015B0002B46311800222046BDE8F041FFF7F7BE68
:1015C0002DE9F0410D4686680446FFF7FBFEB6F5AF
:1015D000004F014601D3012832D03046FFF71EFFED
:1015E00004EB80010E6996B90122E368824013433F
:1015F000E36002220D612B4629462046FFF7D7FE05
:10160000032229462046BDE8F041FFF7D0BE022262
:1016100031462046FFF7C0FE0746034629462046CE
:10162000FFF7C5FE0322334629462046FFF7BFFEDB
:1016300039462B462046FFF7BAFE02223146E1E743
:10164000BDE8F081F8B50C460546FFF7BBFE26184D
:10165000012231462846FFF79FFEC3070CD43146CE
:101660002846FFF717FF21462846FFF7ABFE214625
:1016700022182846FFF786FF002221462846FFF75A
:101680008BFE271A012239462846FFF785FE10EA0D
:10169000020613D139462846FFF7FCFE21463246A2
:1016A0002846FFF779FE2246211A2846FFF76AFFEF
:1016B000214632462846FFF76FFE241A2146284667
:1016C000BDE8F840FFF77CBF38B571B1056800226E
:1016D0002846FFF799FE044601462846FFF778FEA4
:1016E0002146BDE83840FFF7ADBF38BD70B506688C
:1016F00009B9002070BDB368B3EBD10FF9D9B3F5C8
:10170000004F34BF04230823CC1D1C44E4082146A9
:101710003046FFF7D6FE05460028EAD0014630469F
:10172000FFF750FEA04209D92C44294630462246F4
:10173000FFF701FF21463046FFF742FF3046012206
:101740002946FFF745FEB368B3F5004F34BF0423C5
:10175000082303EBC5031844CCE71146FFF7C6BFC7
:10176000B2F5802F2CBF082304232DE9F041002679
:10177000D21A8C18CD1D25F0070524F00704641B30
:10178000E408056021462046AC60EE60FFF746FEA7
:10179000421D9200013002F107074FEAD707314698
:1017A000A2F1100205F11000B8BF324606F0EDFFBD
:1017B0003A4631462846FFF723FE33463246314645
:1017C0002846FFF7F4FDA4EB07082846314601221E
:1017D000FFF7FEFD42463946FFF712FE3B46324612
:1017E00039462846FFF7E3FD21462846FFF708FE65
:1017F0004346324621462846FFF7D9FD2146284672
:101800000122FFF7E5FD3946BDE8F041FFF7D8BEFC
:101810002DE9F04706460D46174698462BB34FF084
:10182000000A98F8004093F80190DB78A40004EBDC
:10183000430498F802301C444444CA4509D339464D
:101840003046AC46D8F8042008F10803BDE8F0475C
:10185000604714F8013B0AF1010A204648F823408A
:10186000E7F734FA01300444E7E76FF01500BDE80C
:10187000F08770B5002502462846144614F8013B4F
:101880000BB9184609E098B18D4207D1702B04D0EE
:10189000A3F140023A2A0BD8002070BDA3F1400604
:1018A0003A2E05D853780135941C002BE9D000203E
:1018B000252B224608BF80F00100DEE7002070479C
:1018C00030B50C688B6814B14A689A4202DC013367
:1018D0008B6030BD013A9A4214BF05460025E5549D
:1018E0008B68F4E70FB407B504A951F8040B019114
:1018F00000F00BFF03B05DF804EB04B070470CB4CC
:1019000007B504AB53F8042B0193EBF717F903B0B9
:101910005DF804EB02B0704708B5FBF7A3FC0020AC
:1019200008BD08B5FBF7D8FC10F10B0F05D010F17E
:10193000100F08BF6FF0730008BD6FF07300FBE776
:10194000044608B5084611461A46A047FCF7E0FAD7
:10195000F0F700FC0020704708B502F0ADF916233F
:1019600003604FF0FF3008BD08461146F0F732BF64
:101970000CB4034607B504AA084652F8041BDB68FA
:101980000192984703B05DF804EB02B07047FBF793
:101990006FBBFBF7E5BBEBF7A1B907B500930023DD
:1019A000EBF736F903B05DF804FB07B500930123AC
:1019B000EBF72EF903B05DF804FB2DE9F041074683
:1019C000884615461E461446B44205D30EB1601B28
:1019D00008E02378002BFAD0414614F8010BB847F1
:1019E0000028F1DABDE8F08110B50369024613F072
:1019F000080009D11368D4689C429BBF0120126A79
:101A0000E31AD31A0B6010BD00231846FAE713B58A
:101A100001A90446FFF7E8FF20B1019BE268013B02
:101A200013440193206A019BC01A013802B010BD13
:101A300010B5044650182269236AD20702D5013B2B
:101A4000184010BD984228BFC01AFAE710B50446E6
:101A50000A46C168FFF7ECFF2369E06023F0080342
:101A6000236110BD38B50D46C2698B00016843F093
:101A70000203044642F8213001682A46FFF7D8FFE6
:101A8000E3686168984208BF2369206008BF43F09B
:101A900008032A46204608BF2361FFF7C9FF60609C
:101AA00038BD2DE9F74FC768C6699B4606EB87032B
:101AB000009316F82730044603F00303022B8846F0
:101AC00091464FF000030BD01360CBF80030236930
:101AD0009B0713D44FF0000A504603B0BDE8F08FC7
:101AE00056F8271013608908CBF80030EFD0FFF7C5
:101AF000ADFFE368A3604FF0010AEDE7A36906EBD1
:101B00008700984716F82720054612F0010AE1D011
:101B100012F002021FD0B8F1000F03D04146204658
:101B2000FFF7A0FF61682A462046FFF781FFD4E94E
:101B300002219142606006D12A462046FFF778FFD5
:101B40004FF0000AA060A2682260E260226942F0C1
:101B500008022261C0E7014620460192FFF776FFA6
:101B6000E368A360B8F1000F04D02168E369019A2B
:101B700043F8212005EB0802CBF80020216820461D
:101B8000FFF756FF2369206043F00803236116F82E
:101B900027306FF3000306F82730009BC9F80030A8
:101BA000A9E770B504461546FFF742FF2368834254
:101BB00005D12369216023F00803236170BDE26928
:101BC000AB0043F0020342F8213061682A46204608
:101BD000FFF72EFF6060F1E738B5036904465B0745
:101BE00006D5456AFFF713FF85422CBF6562606228
:101BF00038BD38B50D4604461C22002106F0C5FD4F
:101C00000022EB68A361AB6863612B68E3616B68DA
:101C1000626223622A6923B1591E194208BF42F049
:101C200001022261012204F128000021BDE83840B0
:101C300006F0D5B92DE9F04F002587B00093036A6F
:101C400004468B420E469246A9460395059539D324
:101C5000EFF3118B202383F31288BFF36F8F059A64
:101C6000D8462AB129462046FFF79BFF002305935B
:101C700004A92046FFF7B8FE04990746B1422AD3CB
:101C80002268E369204613F8221003EB820921F051
:101C9000030103F8221021683246FFF7C9FEE3680A
:101CA0002060984212D0002788F31188BFF36F8F0D
:101CB000039929B162690AB1204690470023039332
:101CC000002FC5D1484607B0BDE8F08F236943F027
:101CD00008032361E7E718B12046FFF7C3FEE3E7F7
:101CE000009B5AEA03021CD0019106F0FAF901990F
:101CF000B8B9BBF1000F14D187F31188BFF36F8F10
:101D00005246009B04F12800FBF7E6FAEFF3118836
:101D1000202383F31288BFF36F8FB0FA80F77F0917
:101D2000C2E7204605AB03AA2568FFF7BAFE0746BF
:101D3000BAE770B50446836908460D4698470246DF
:101D4000EFF31186202383F31288BFF36F8F2B7874
:101D5000204643F001032B706168FFF769FE606065
:101D60002046FFF739FF86F31188BFF36F8F70BDF0
:101D70002DE9F04104462027EFF3118687F31288FE
:101D8000BFF36F8F236913F0080FA36802D1626855
:101D9000934200D9226AD21AE16932B986F31188D6
:101DA000BFF36F8F4FF0000833E011F8232001EBF1
:101DB000830812F00300F1D0022803D151F8235018
:101DC000AD0805D1D00712D44046A369984705460F
:101DD000A1682A462046FFF72BFE2946A060204630
:101DE000FFF734FE86F31188BFF36F8FC4E742F02C
:101DF000020201F82320A3694046A56898472946B6
:101E000002462046FFF714FEA06086F31188BFF358
:101E10006F8F4046BDE8F081F8B5044683690846F7
:101E20000D4698470646EFF31187202383F3128867
:101E3000BFF36F8F2B786FF300032B7023699B0721
:101E400005D5E268E36903EB82039D421AD12B7842
:101E50006FF341032B70D4E90231994204D1324629
:101E60002046FFF7E5FDA06031462046FFF7EEFD76
:101E700087F31188BFF36F8F04F12800BDE8F840A5
:101E8000FBF7F0B92B6860F39F032B60F0E7EFF3EB
:101E90001181202383F31288BFF36F8F036913F03E
:101EA000080F836802D14268934200D9026AD31AAC
:101EB00081F31188BFF36F8F181E18BF0120704780
:101EC000A0F13003DBB2092B02D800200B70704761
:101ED000A0F16103052B02D85738C3B2F5E7A0F192
:101EE0004103052B01D83738F7E76FF0150070472D
:101EF000F7B5054601F0010000EB51069E424FEA9E
:101F0000510703D90026304603B0F0BD58B12878F8
:101F10000DF10701FFF7D4FF0028F3DB9DF8073030
:101F2000013502F8013B01351744BA42EBD015F8F0
:101F3000010C0DF10701FFF7C3FF0028E2DB9DF85C
:101F400007402401E4B2147015F8020BFFF7B8FF44
:101F50000028D7DB9DF807301C4402F8014BE4E76A
:101F600038B5EBF7F1FB05460C4601F0A5FE002362
:101F700003602146284638BD038B13F0070305D1C3
:101F80000368002B0CBF002003207047022B05D1F3
:101F9000408BB0FA80F0400980007047012B05D1DA
:101FA0000368002B0CBF00200520704700207047FD
:101FB00010B50C4600B111B96FF0150010BD081D29
:101FC00000F093F80028F9D1A368032BF6D9F3E7C2
:101FD0002DE9F0410D4607461946281D90461E463C
:101FE00000F097F8044638B1334642462946384651
:101FF000A446BDE8F0416047BDE8F08110B4EFF3BE
:102000001182202484F31288BFF36F8F416110BCCA
:102010000121EBF70DBC38B50C46054658B151B15E
:102020000B6843B14B6833B11C22002106F0ADFBB5
:1020300000202C6138BD6FF01500FBE770B5054638
:102040000E46FFF7B5FF041E14DBEFF311822023C9
:1020500083F31288BFF36F8F4FF6FF716B8B2C8B5E
:102060008B4204F0070407D182F31188BFF36F8F0E
:102070006FF00A04204670BD022C0CD101336B8333
:1020800082F31188BFF36F8F002322463146284622
:10209000FFF79EFFEEE7062C14D8DFE804F00413E8
:1020A0001313041A0400002333606B683BB9C5E9BD
:1020B0000066ACB902212846EBF7BAFBDAE71E60EE
:1020C0006E60F6E782F31188BFF36F8F6FF0040440
:1020D000D0E782F31188BFF36F8F6FF08504C9E7F3
:1020E00082F31188BFF36F8FC4E7034640B14268A3
:1020F00002F00302022A06D0032A04D0012A05D0E6
:102100006FF0150070471A68002AF9D00020986017
:10211000704710B54268034602F00302022A4FF0EE
:102120000004816007D0032A02D05C60002001E037
:1021300018685C6010BD18685C600028F6D0FCF779
:1021400005FBF3E770B506460C888888241A3069C9
:10215000A4B2844285B224BF641BA4B22D1BA8B2D2
:10216000984228BF18463368234413600B88034401
:102170000B8070BD70B4838985880669ED1AADB295
:10218000731B934228BF134670BC0A46011DFFF71C
:10219000D9BF70B40E460146C58831F80A3FEC1A23
:1021A000A3B2934228BF1346324670BCFFF7CABFA2
:1021B00010B54B880C88E41AA4B294420ED31A448A
:1021C00092B28B884A800A800069D21A92B2824207
:1021D00001D2002010BD03448B80FAE76FF0150098
:1021E000F8E72DE9F34106460F4615464FF0000883
:1021F0002A46304601A9FFF7BDFF044640B102461A
:102200003946019806F09AFA2D1BA0442744EFD1D5
:1022100042463046311DFFF7CBFF404602B0BDE8D5
:10222000F0812DE9F34107460E4615464FF00008B0
:102230002A46384601A9FFF7ACFF044648B12EB143
:1022400002460199304606F079FA26442D1BA04437
:10225000EED14246384607F10A01FFF7A9FF404692
:1022600002B0BDE8F081704770B4066884890D0C37
:1022700016FA81F105FB0411806A84682468A4467B
:1022800070BC60472DE9F0430646884617461C4659
:10229000C36A89B01D686D4205F020051CB920464F
:1022A00009B0BDE8F083AC42A14628BFA9466A4602
:1022B0004B4641463046FFF7D7FF0028F0D16B462A
:1022C000484502D1241A8044E8E713F8012BBA42AA
:1022D00001D10130F4E70120E2E70B6803F5803318
:1022E0000B60C0891A0CB0EB134F04BFA3EB024381
:1022F0000B60704700F0A7BA38B5828903680D0CEF
:10230000090C044602FB0131806A2D0401F045FCF2
:1023100050B9E26A29462046A3895279FFF7B2FFF5
:10232000002818BF6FF0050038BD014610B5072220
:102330000446FF20E9F7CCFFE07110BD0368012BD4
:1023400081BFC91801F1FF315B421940084670474F
:102350002DE9F0410C4605460821C06AFFF7EEFF63
:10236000072207462146FF206688B4F80480E9F773
:10237000AFFFE379834208D1A8894644C01BB0422D
:1023800094BF00200120BDE8F0810020FBE738B5B4
:1023900005460C46FFF7DCFFA0B1A08898B94FF6C0
:1023A000FF7322889A420DD10821E86AFFF7C6FF21
:1023B0006288AB899B1AB3FBF0F202FB1030B0FAD3
:1023C00080F0400938BD0020FCE7F7B504460D4613
:1023D000C06A0821FFF7B2FF082307462968204694
:1023E000FFF742FF0646002836D12B683B442B609E
:1023F000A28999B2D21B91422ED11A0C09BFE2894F
:10240000A3F5803102F1FF3203EB0241204608239D
:102410006A462960FFF728FFE8B9E36A5A796B46F4
:1024200013F8011B8A420CD101300828F8D16368E7
:1024300005E02B68BDF802201B0C1B0413442B6025
:102440000AE069462046FFF7A2FF0028F1D129469D
:102450002046EBF7FBFA0646304603B0F0BD2DE907
:10246000F043074690461E4689B01BB9002009B0CC
:10247000BDE8F0833C688389080C14FA81F100FB05
:102480000314FB6A1D686D4235400CD0B86A83683E
:102490002146D3F804902B46C8470028E7D1761B85
:1024A000E4D02C44A84432464146684606F046F93A
:1024B000FD6A0DEB06002A686979921B06F065F942
:1024C000B86A2B688268214655686A46A847CEE7F5
:1024D00010B50A46082341680446FFF7C0FF0821EB
:1024E0000246E06AFFF72AFF63681B1A6360104622
:1024F00010BD4FF6FF7313B500220446ADF800304F
:102500008DF8063083686846ADF80420ADF80230D7
:10251000FFF70BFF69462046FFF7DAFF02B010BD58
:102520002DE9F04F082195B00446C06AFFF706FF79
:102530000546636820461B0C1B0403A90393FFF7A1
:10254000CCFEDDF80CB0A68906AA5E44761B0823F3
:10255000314620460496FFF787FE021EC0F2A9808E
:10256000E36A06AA5979002312F8010B814240F070
:102570008F800133082BF7D1A36862682B449A42FD
:102580007ED259462046FFF7B7FE024691E0BDF8DD
:102590001A30360C36041E44049608AA204604A9B4
:1025A000DDF810A0FFF711FF0246002840F08180FF
:1025B000204608A9FFF7CCFE18B9019B9A45ECD13B
:1025C000DAE7636805930AAA204605A9059EFFF786
:1025D000FCFE024600286CD1BDF82820BDF8203052
:1025E0009A4227D06268059B9A42ECD15645E4D1C5
:1025F000BDF82430002BE0D0BDF822704FEA1A431A
:102600001B041F44A36808A8ADF82230FFF78DFE15
:10261000E36ABDF824901E68764206F02006B9F100
:10262000000F0ED1204608A9FFF752FF02460028EE
:10263000C3D03EE020460AA9FFF78AFE0028D1D089
:10264000D4E74E45B04628BFC8460CAA4346394693
:102650002046FFF709FE024658BB4346A1680CAA74
:102660002046FFF7FCFE41460246E06AFFF766FEA1
:10267000A3680344A360E2B9A9EB08094744CEE785
:102680002046FFF736FF024600283FF47AAF10E0FD
:10269000731B204606A90193FFF779FE00287FF4FB
:1026A00076AF204604A9EBF7D1F9024600283FF4A3
:1026B00074AF104615B0BDE8F08F00231A46EBF753
:1026C000FBBB13B500240094EBF7D0FC02B010BDA7
:1026D00003785B075FBF03684288C3F34A2303EBB9
:1026E00012105DBF173020F00700800800207047EF
:1026F0000020704703F015B80346D3E8EF0F421CE3
:10270000C3E8E12F0029F8D170471FB50023CDE9B8
:1027100002011A4619461846CDE90033ECF71CF9B8
:1027200005B05DF804FB0120EBF7DCBD002070472D
:1027300018B140680079EBF7EBBF4FF0FF30FAE7D4
:1027400038B504460D4643681146DA71ECF73EF899
:10275000012263681D6063685A71BDE83840EBF779
:10276000B3BD10B5436804465B7913B10021ECF7A3
:102770002DF8002263685A7110BD70B5D2E9013698
:102780009B1B8B420C4615460AD313680A4601462A
:10279000981905F0D3FF2046AB682344AB6070BDA9
:1027A0006FF01B00FBE770B50E4615461946044650
:1027B00018B9BDE87040EBF795BD33B1C2F34A23B9
:1027C0001030120D184405F0B9FFC4E90056204638
:1027D000BDE87040EBF742BF2DE9F3415F1C4FEAC3
:1027E0008708064608F1170020F0070080080C460D
:1027F0001546EBF7F3FD00238DF80470ADF80530B6
:102800008DF8073068B10346019AA8F1040143F836
:10281000102F2A46294452F8045B8A4243F8045F89
:10282000F9D100233146A20102F4E07242EA4822C3
:1028300022F07F4222F4700222F03F0202B0BDE893
:10284000F041FFF7B0BF07B50123019201AAFFF7DE
:10285000C3FF03B05DF804FB07B5CDE900230223F5
:102860006A46FFF7B9FF03B05DF804FB1FB5CDE979
:102870000123069B01AA03930323FFF7ADFF05B0D5
:102880005DF804FBF8B506460D4614461F4604B92C
:10289000F8BD214628463A46B047241A0544F6E7D3
:1028A00010B542680446D2E9002381680068FFF74A
:1028B000E9FF002263681A6010BD13B5002400947C
:1028C000EAF778FB02B010BD38B54B6805461A68C8
:1028D000CB680C469A4202D10846FFF7E1FF6368D5
:1028E000D3E8EF2F511CC3E8E01F0028F8D1A368FC
:1028F00000209D5438BD0A2838B504460D4602D143
:102900000D20FFF7E1FF29462046FFF7DDFF0020FD
:1029100038BD2DE9F043054687B008460E8891F88A
:1029200000900C46D1F808801746ECF76DF8011EB0
:10293000C6F38216C9F3C2091EDB4846EBF7A0FEB8
:102940000346214651F8102B6088C2F34A22002A20
:1029500001EB020408BF00210022C0F30B10CDE9F7
:102960000407CDE902142846414601960092ECF78F
:1029700077F807B0BDE8F0830023E2E7002908DB21
:102980008068884205D9401A904234BF0020012057
:10299000704700207047704770B516461A460546C6
:1029A0000C46FFF7EBFF48B16968E868214482688C
:1029B00014683246A446BDE8704060476FF01500C9
:1029C00070BD70B516461A4605460C46FFF7D6FF91
:1029D00048B16968E8682144826854683246A44670
:1029E000BDE8704060476FF0150070BD10B50B4634
:1029F0000446FFF7C3FF40B16168E068194483688B
:102A00009B682BB1BDE8104018476FF0150010BD52
:102A10006FF05700FBE708B5C0688368DB6898472C
:102A2000006808BDC068704708B5C0688368DB6887
:102A30009847407908BD2DE9F047894616469846E3
:102A4000044698B38268036913448269334493420D
:102A500030D80025D4E90170A6EB050A3F1ABA4523
:102A600015D2B54209D223685246184409EB050134
:102A700005F064FEA3685344A360B8F1000F1CD0B6
:102A8000A068A8B12046BDE8F047ECF7C5B92368B7
:102A90003A46184409EB050105F050FE63682046EC
:102AA000A360ECF7B9F918B93D44D3E76FF00D0016
:102AB000BDE8F0876FF00B00FAE74046F8E70069E1
:102AC000704770B50D461646044630B329B3202230
:102AD000002105F05AFE288811220221F0F7C4F9DE
:102AE0000028E06004DA01F0E7F80068404270BDB9
:102AF0003246294601F0F5FA0028E06802DA01F0D2
:102B0000EEFAF0E70121A36844F8330004EBC302B6
:102B10000B4491800020A360E9E76FF00D00E6E729
:102B200010B1C06801F0DBBA7047012008B5EAF7C0
:102B3000F5FD002008B5EAF7F1FD0B68834204BFFC
:102B400001230B71704710B504468EB06946012011
:102B500001F0E5F905A96846FBF7C0FE204605A986
:102B6000ECF78EFD00200EB010BD03785B075FBF51
:102B700003684288C3F34A2303EB12105DBF17308A
:102B800020F0070080080020704783689B6903B12C
:102B90001847704708B54368197311B11868FFF7F3
:102BA000F4FF002008BD10B540681C462430FFF734
:102BB00038FB2060002010BD10B5406850F8804BF5
:102BC00005F034FC2046FFF7E0FFA3685B6A0BB119
:102BD00020469847002010BD2DE9F04145681E466B
:102BE0002B7B0C46174693B101EB0208A04507D199
:102BF00037600120D5E9013198470020BDE8F08118
:102C0000286814F8011B83685B689847EEE705F1B4
:102C10001000FFF7E6FA0121306005F1B803D3E8B0
:102C2000EF2FC3E8E01F0028F9D1002AE5D128687A
:102C300083685B69002BE0D09847DEE70023826859
:102C400082F856308268A2F852308268A2F850307A
:102C50007047034610B5D3E8EF0F40EA0102C3E81E
:102C6000E42F002CF7D110BD034610B5D3E8EF0FC9
:102C700000EA0102C3E8E42F002CF7D110BDFAF7F7
:102C8000F7B973B50901856801F51F710446164649
:102C90000D446946284601AA05F00AFD009B23B1B0
:102CA000284605F002FD2046B04702B070BD0EB4C4
:102CB00003B503AA52F8041B0192EDF7B5FF02B069
:102CC0005DF804EB03B0704708B510B1E5F7FEFFFF
:102CD00080B208BD8B6820B903F51F700021FBF797
:102CE00035BD03F52B70F9E738B583680446D3F892
:102CF0007832DB071BD4C06900F044FD60680368CC
:102D00005B689847054620B9E06800F077FEA36845
:102D10001D75A3685B6C13B12946204698470022B5
:102D2000A368C3F82023FBF7F3F8EFF713FA6FF06B
:102D30000F05EEE700F51E7019B14FF40061FFF7C3
:102D400088BF6FF40061FFF78FBF00F51E7011B1EF
:102D50000421FFF77EBF6FF00401FFF785BF08B5C0
:102D600000F51D7029B10121FFF773FF00F001008C
:102D700008BD6FF00101FFF777FFF7E7FAF7F0B949
:102D8000002373B504460093204600F0F5FAE0698D
:102D900000F037FD05462046A668EEF7E9FAA3687D
:102DA00006F51F76B3F8503023B14FF4F6700021CA
:102DB00005F05CFA6946304601AA05F079FC15B1C8
:102DC000009B002BE0D002B070BD38B5836804468C
:102DD0001A7D012A2DD1D3F87822510408D5D3F8D1
:102DE0007422520704D40146DA6CC06900F0B3FCC7
:102DF000A06840F26762002300F54370FFF73FFFD1
:102E0000054618B16FF00F05284638BD0821204649
:102E1000EEF764F96069EDF745F82046EDF702FA40
:102E2000204600F0A7FBA06800F54370FFF7A6FF5F
:102E3000EAE76FF08505E7E7F8B5044680681F46C6
:102E4000037D0D46022B164607D0BDE8F8404FF42F
:102E5000805100F51E70FFF7FCBE40F26762002350
:102E600000F54370FFF70BFF58BBA368D3F8782237
:102E7000100508D49A6C32B9D3F87432990602D589
:102E8000204600F079FA3B4632462946204600F0BB
:102E9000D1FAA368D3F87822120508D49A6C32B913
:102EA000D3F874329B0602D52046EEF761FA6069CA
:102EB00000F091F8A068BDE8F84000F54370FFF716
:102EC0005DBFF8BD0CB407B504AB53F8042B0193F8
:102ED000FFF7B2FF03B05DF804EB02B070470EB429
:102EE00003B503AB53F8042B08210193FFF7A4FFAC
:102EF00002B05DF804EB03B070470EB403B503AB4A
:102F000053F8042B03210193FFF796FF02B05DF8FD
:102F100004EB03B070470EB403B503AB53F8042BB6
:102F200001210193FFF788FF02B05DF804EB03B0C5
:102F30007047F8B505460F46D1B10846FFF7C4FE05
:102F40000646A86840F26762002300F54370FFF769
:102F500096FE044618B16FF00F042046F8BD731CAE
:102F6000142BA86800D836B900F54370FFF706FFA8
:102F70006FF01504F1E7394605F0A8FDAB6883F85A
:102F80003C60A86800F54370FFF7F8FEE5E710B570
:102F90000446806840F26762002300F54370FFF743
:102FA0006EFE48B92046ECF76DFFA068BDE8104002
:102FB00000F54370FFF7E2BE10BD18B18368D3F887
:102FC000240370476FF0150070478368996409B94E
:102FD000FFF734BE704710B5026904468368126873
:102FE0000168C0689847002223691A6010BD38B58F
:102FF000CB6805461B7C0C46022B04D10A2802D163
:103000000D20FFF7F4FF236922681B68D55422695D
:1030100013680133136023691A6863689A4202D106
:103020002046FFF7D8FF002038BD08B510B1E5F7FE
:103030004DFE80B208BD10B5047B43892244B2FB2B
:10304000F3F0214403FB1022B1FBF3F003FB10105B
:10305000101A10BD10B5047B438921441019B0FB30
:10306000F3F0B1FBF3F1401A10BD30B5057B438995
:103070002944B1FBF3F403FB14112A44013101800C
:10308000B2FBF3F103FB11220134848001324C1CAA
:10309000C480428030BDF8B50E461146074615463D
:1030A00005F080FD0446E0B12846FFF7BEFFA742C9
:1030B000054607D214F8013C202B02BF0135ADB202
:1030C00004F1FF342046FFF7B0FF3388421C5B1B3E
:1030D000521B33802046611992B2BDE8F84005F0DA
:1030E0003ABBF8BD2DE9F0410F461646044686B0BE
:1030F00070B1034601AC00F110052246186859680A
:10310000083303C2AB421446F7D1186801AC106013
:103110004FF00008414632462046EDF779FE08F1AF
:103120000108054628B138462968E5F7C5FD00289D
:10313000F0D1284606B0BDE8F0812DE9F0471C46E5
:1031400000230F461646DDF820809DF8249023606A
:1031500023680546BB421BD256F8230000F0D8FC7A
:103160002368824618B1013328462360F0E74246BF
:10317000284656F82310FFF7B5FF48B123685A1CBC
:103180002260B9F1000FE3D08045E1D155462360BC
:103190002846BDE8F08773B5037804462D2B0D460D
:1031A000164606D16FF0150300253360284602B09D
:1031B00070BD00F081FD00232A46036001A920466E
:1031C000FCF7B0FB054600F077FD0368222B02D127
:1031D0006FF02103E8E700F06FFD0368002BE1D1F9
:1031E000019BA342DED01B78002BDFD0DAE70EB4C0
:1031F00003B503AA52F8041B0192EDF715FD02B0C6
:103200005DF804EB03B0704710B50446E5F75EFDCA
:10321000B4F8503013FA80F038B1638FB0FBF3F29A
:1032200003FB1200B0FA80F0400910BD38B5846885
:103230002046E5F74BFDD4F87452B4F85230C5F38C
:10324000400580B205FB0300638FB0FBF3F203FB84
:103250001200B0FA80F0400938BD10B50446FFF7FF
:10326000E5FF18B9A068FFF7CFFF20B16069BDE89E
:103270001040EDF787BE10BDF8B50546846804F12F
:103280003000B4F85020B4F85210FFF7EEFEA868F2
:10329000A78EE68EFFF7B8FF10B16869EDF772FEF2
:1032A000B74207D1218E638E2846C91ABDE8F8407F
:1032B000EDF784BEE18EA38E2846C91AEDF768FEAD
:1032C000F0E7F8B504460D468068B0F85210B0F843
:1032D000502030300D44FFF7C8FEA068ADB2B0F802
:1032E00052102A463030FFF7B5FE0746A0682A463E
:1032F000B0F852103030FFF79EFE06467942204665
:10330000EDF746FE31462046EDF758FEA368A3F8D8
:103310005250F8BD8368B3F85210494209B2FFF722
:10332000D0BF8368B3F85010B3F85230C91A09B24D
:10333000FFF7C7BF8368B3F852301BB14FF0FF31BE
:10334000FFF7BFBF70478368B3F85220B3F850301F
:103350009A4202D20121FFF7B4BF70478268B2F8E7
:103360005210A2F850108368B3F852201344002280
:1033700083F85620EDF7FABD10B504468068B0F822
:103380005020B0F852103030FFF76FFEA36820468F
:10339000198EC1F10101EDF711FEA3682046998E47
:1033A0000139EDF7F5FD2046BDE81040EDF7DEBD33
:1033B0002DE9F04105460F461446002686B084B933
:1033C00006B0BDE8F081D3F878229207FBD503F56B
:1033D0001E73D3E8EF1F21F00201C3E8E21F002AA9
:1033E000F7D1686822460368B919D3F80C806B4698
:1033F000C047009A1644A41A002AE0D1AB68197D90
:103400000329EED00229DED8012103F52B7301A890
:1034100005F018F94FF0FF324FF0FF33012101A8FA
:10342000FBF73CF9A86800F52B7005F03EF9D8E7EA
:10343000FFF7BEBFF7B51E4683681546D3F8742262
:103440000446D20613D593F83E208A420FD0DB8F74
:10345000ADF80430EDF742FE324629466069EDF7DB
:10346000E3FB204601A9EDF759FE03B0F0BD32465B
:103470002946606903B0BDE8F040EDF7D5BB0CB458
:1034800007B504AB53F8042B0193FFF7D3FF03B048
:103490005DF804EB02B070472DE9F04187680546FE
:1034A000B7F850608846B318FF2B144626DCB7F8EF
:1034B0005230F61A56331F44B6B2324639463819DE
:1034C00005F049F922464146384605F037F9AA6821
:1034D000B2F850302344A2F85030AB68B3F8502013
:1034E0001344002283F85620AB68D3F8741289077E
:1034F00006D4B3F852201444A3F85240BDE8F0813A
:1035000031462846BDE8F041EDF78ABEFFF7C4BF5B
:1035100038B505468068B0F85220B0F85040A41A7B
:10352000A4B29CB156321044411C224605F013F956
:10353000AA68611EB2F850302846013BA2F850300C
:1035400089B20122BDE83840EDF76ABE38BD10B53A
:1035500083680446B3F850205AB1B3F8523043B1EF
:103560004FF0FF31FFF7ADFE2046BDE81040FFF7FA
:10357000CFBF10BD002370B505464FF47A7492B0EA
:10358000019368684022036802A91E6901ABB04735
:10359000019B13B108B9013CF3D112B070BDF8B56D
:1035A000C3695E695F6883683046D3F87452FEF77A
:1035B000DFFBC5F30015044650B1014605F18E024C
:1035C0003846FFF7A6F930462146FEF725FC0120D4
:1035D000F8BD43681B68D3E90632D3E8EFCF8C44CB
:1035E000C3E8E0CF0028F8D19368D3E8EF0F084490
:1035F000C3E8E20F002AF8D170472DE9F04743688D
:1036000007461E680D46F369B268D3F81480D2F8F5
:1036100074429A68D3F804901279C4F30014012A12
:1036200003D0032A4ED0BDE8F087D8680B784FF05E
:10363000000A590740F2E7314FF4004C8E465146DC
:1036400058BF2B68E0FB0CE15CBFC3F34A246B88D6
:103650004FF47A725EBF04EB1314173424F007049E
:103660004FF0000370464CBF0024A408E5F7ECFAC5
:1036700002460B4640462146FEF7DCFA814628B951
:103680003846BDE8F0470121FFF7A3BF012CF7D969
:10369000294651F8043B0268C3F39D0363F39F027C
:1036A00040F8042B621E920005F048F84046494657
:1036B000FEF73FFBB06800F523705146BDE8F047C8
:1036C000FBF744B83046FFF757FE04F00AFD04F15B
:1036D0008E07044600B3EFF31184202383F312888E
:1036E000BFF36F8FB368D3F878321A051ED53A4608
:1036F00029464846FFF70DF9B368D3F878321B0521
:1037000002D43046EDF734FE04F0EBFC90B184F3C4
:103710001188BFF36F8F86E7B06800F543704FF0F4
:10372000FF324FF0FF33F9F7A3FCDBE73046FFF73A
:1037300023FEDCE7B06800F54370BDE8F047F9F719
:103740000FBD134610B50C460A4601461846FFF752
:103750006FFE204610BD70B504460D46D0E904103A
:103760001646FEF746FA324629462068FEF7E8FF7D
:10377000002263685B685D60A3681A600122A36829
:103780001A7170BD10B504460068FEF7EAFF022208
:10379000A3681A7110BD10B5436801211C686068E8
:1037A00003689B68984738BB0322E3699B681A71DA
:1037B000A36803F51E73D3E8EF1F41F40051C3E87B
:1037C000E21F002AF7D1A068B0F85020B0F85210DC
:1037D0003030FFF74AFC4FF0FF312046EDF7D8FBC1
:1037E000A3682046198E4942EDF7E8FB2046FFF713
:1037F000D6FE0028FAD110BDE069BDE81040FFF701
:10380000C1BF73B504460021036882685B681D6808
:10381000AB68D3F87432C3F30013D2E8EF6FC2E899
:10382000E01F0028F9D126B14BB931466068EBF7AB
:1038300085FA284602B0BDE87040FFF7B0BEAB681D
:103840002846DB8F0121ADF80430EDF747FC314607
:103850006068EBF773FA284601A9EDF75FFCE8E72B
:103860000EB403B503AA52F8041B0192EDF7DCF97C
:1038700002B05DF804EB03B0704700207047836925
:103880000020186070470EB403B503AA52F8041B59
:103890000192EDF7C9F902B05DF804EB03B070478F
:1038A00008B50168FFF745FB002008BD836803F5F4
:1038B0001D73D3E8EF1F21F02001C3E8E21F002AA7
:1038C000F7D100207047836803F51D73D3E8EF1F1D
:1038D00041F00801C3E8E21F002AF7D10020704739
:1038E000836803F51D73D3E8EF1F21F01001C3E8CF
:1038F000E21F002AF7D100207047836803F51D738B
:10390000D3E8EF1F21F00801C3E8E21F002AF7D136
:1039100000207047836803F51D73D3E8EF1F21F083
:103920000201C3E8E21F002AF7D100207047836834
:1039300003F51D73D3E8EF1F41F01001C3E8E21F48
:10394000002AF7D100207047836803F51D73D3E880
:10395000EF1F41F02001C3E8E21F002AF7D1002049
:103960007047836803F51D73D3E8EF1F41F0020130
:10397000C3E8E21F002AF7D10020704708B583682A
:10398000D3E900210A60516000211A89C3E90011BE
:103990005B8900681A440C32FEF743FC012008BD25
:1039A0000023C3607047F8B51F46034653F8044F21
:1039B00016469C4202D100203880F8BDC568B1B9D6
:1039C000002DF8D0AC4202D10023C360F3E76C684D
:1039D000C460002CEFD02289304604F10C0104F0C1
:1039E000ADFE0022238901203B80F254E5E7002D43
:1039F000EED08368AB42E7D02C68E9E738B50446DF
:103A0000051D6368AB4204D02046FFF7B7FF0028CE
:103A1000F7D138BD2DE9F04F02F10C050368C5F16F
:103A200000091B6909F003094D4485B09D42044615
:103A30001746019110D80023C3606AB1466800F1AF
:103A4000040AB2450BD05EB13389934208D106F126
:103A50000C0004F063FE18B905B0BDE8F08F1E46F7
:103A60004FF0000B23685989DA88914204BFC3E9FB
:103A700001BBC3F80CB0206883898288011DD21A6B
:103A8000036992B29B1AAB4228BF2B4603AAFEF7EA
:103A900059FB8542804628D9206883898288011D88
:103AA000D21A036992B29B1AAB4228BF2B4603AAD3
:103AB000FEF748FB854219D1738943447381A844BA
:103AC000039D3A4601992F81A5F80A9005F10C0053
:103AD00004F034FE63684246C5E9003A5D60206840
:103AE0006560011DFEF764FBB6E7E9D0206800229F
:103AF000011DFEF75DFB63689A45B3D02046FFF7D2
:103B00003DFFAFE7031DC0E901330023C3607047E9
:103B100010B5044628B1E5F7D9F8002380B29842E1
:103B200001D8002010BDE25C3F2A03D02A2A01D030
:103B30000133F4E70120F5E710B5044680684FF43F
:103B40008072002100F5AB7004F01FFEA068B0F891
:103B5000502000F1560100F5AB7004F0EFFDA068B5
:103B600000F5AB70EDF78EF9A46804F5AB70E5F7DE
:103B7000ADF80130A4F8540010BD10B504468068BB
:103B8000B0F8542000F5AB71563004F0D7FDA368AF
:103B9000B3F85420A3F8502010BD2DE9F0418768F8
:103BA0000446FB680D4616469847BB682BB1324663
:103BB00029462046BDE8F04118476FF05700BDE8A0
:103BC000F08101460068EDF71BBF08B5EDF788FFEF
:103BD000BDE80840EDF788BF0A460121FEF733BE75
:103BE0007047704700210120EDF70ABFD0F89C30E4
:103BF00083F30B88704761B662B680F31188BFF318
:103C00006F8F704772B6002383F31188BFF36F8FF5
:103C1000BFF34F8F30BF62B6BFF36F8F704772B67E
:103C2000002383F31188BFF36F8FBFF34F8F20BF43
:103C300080F31188BFF36F8F62B6704740E800F3DE
:103C400013F4803FD8B208BF6FF01500704730B54D
:103C50000C684B6885B00A894D890094013B24F0BB
:103C60001F04234402F01F0242EA451223F01F03FF
:103C700069468DF808200393EEF7C4FB05B030BD0C
:103C8000002070474FF0FF3070470228CCBF002063
:103C90000120704710B504461420FAF7C3FE2060D7
:103CA000BDE8104004F0FFB84FF0FF324FF0FF3393
:103CB000F9F7DEB9F9F754BAF8F7E0BF2DE9F04F9C
:103CC00085B08A4615460446029300283ED0002956
:103CD0003CD0002B00F00C810A46A046294618F87B
:103CE000010BEEF79FFE0346C0B23F280646177849
:103CF00027D013F0C00F0BD1C8B12A2837D02946DE
:103D00003846EEF78FFE864202F101022DD01DE00B
:103D10005B287AD05C28F2D1EB07F0D46078EEF71C
:103D200081FE10F0FF0618BF04F10208E7E7EC0679
:103D300001D52F2F02D0381E18BF012005B0BDE8D5
:103D4000F08F1FB12F2F03D1A8070DD50120F5E764
:103D50002E2F09D1690707D55245F7D0AB0703D5F8
:103D600012F8013C2F2BF1D001324446B5E76078C0
:103D7000EEF758FEC1B22A2918D02E2F09D16F07AD
:103D800007D55245E2D0AE0703D512F8013C2F2BE0
:103D9000DCD079B915F00200D0D0ED0600F1AA8090
:103DA0002F21104604F085FE0038C5E7294618F893
:103DB000010FDDE72F2908D1AC0706D5104604F026
:103DC00078FE02460028D0D1C0E71646029B25F0B7
:103DD000040A03F1FF3905F00207B34629469BF8B0
:103DE0000000EEF71FFE10F0FF0406F10106ADD053
:103DF0004B46524659464046FFF760FF01289DD189
:103E00002F2CEAD1002FE8D098E7002F9ED02F2F3B
:103E100001D1A8079AD43846EEF704FE63788146AC
:103E2000212B01D05E2B1DD101230234294614F829
:103E3000010B0193EEF7F6FDC6B25D2E15D04FF0E3
:103E4000000B2F2E48D05C2E07D1EB0708D4294653
:103E500014F8010BEEF7E6FDC6B2002E3FF476AF84
:103E6000234605E044460023E0E723464FF0000BDD
:103E700021782D2937D1294660780393EEF7D2FDBA
:103E800010F0FF00039B18D05D2816D05C2804F1C9
:103E900002030CD115F0010F09D1E31CA0780393A4
:103EA000EEF7C0FD10F0FF003FF450AF039B4E450E
:103EB00003DC4845A8BF4FF0010B1C46294614F807
:103EC000010BEEF7AFFDC6B25D2EBAD1019B5B458B
:103ED0003FF43CAF611C03D15B2F7FF437AF444606
:103EE000A046013241E74E4508BF4FF0010BE4E721
:103EF000032023E7084621E74023FFF7DFBEE8F76A
:103F00008FBF0023FDF749BD0023FDF74EBDE8F745
:103F1000D1BFE8F7B5BF00F0CFB800F053B8EEF767
:103F20001DBDE5F7B5B80CB4034607B504AA0846AD
:103F300052F8041BDB680192984703B05DF804EB6C
:103F400002B070472DE9F041141E05460E4613DB02
:103F50004FF4004740F2E73000214FF47A7200231B
:103F6000C4FB0701E4F770FE02460B4631462846C3
:103F7000BDE8F041EEF75ABE4FF0FF321346F5E7C9
:103F800007B501AB02F05DFB02280AD003280BD075
:103F900068B90198003818BF0120404203B05DF8AD
:103FA00004FB6FF01500F9E76FF08500F6E74FF0BE
:103FB000FF30F3E708B5F5F789FA002818BF6FF06E
:103FC0000D0008BD2DE9F14F80460D4616461F46EF
:103FD000EEF782FF40B13B4632462946404601B0EB
:103FE000BDE8F04FEEF784BF44210120FAF73EFC14
:103FF0000446386000285CD0B8F1000F26D06EB3BC
:10400000D6E902B9B9F1020F2ED04FF0060A4FF0EF
:1040100001094046E4F75AFE04F1240601463246FF
:10402000404600F0C5FA88B1B4F82480BBF1000F17
:1040300001D0D8450AD1D5B10A2200212846FBF784
:1040400057FB4FF6FE73421E9A4211D93868FAF7B1
:10405000F1FC00236FF001003B6027E04FF0060AFF
:104060004FF00109B346D4E74FF0110AD1E72846D3
:10407000B8F1010FC4E90289C4F810A005D0B8F165
:10408000020FE3D11823E66101E00823E661A36192
:1040900004F12C032362002384F82C3023600302F4
:1040A00043EA20230020E384A4F8248001B0BDE883
:1040B000F08F6FF00900F9E710B50446EEF70CFF3A
:1040C00020B12046BDE81040EEF71CBF2046BDE8F9
:1040D0001040FAF7AFBCF8F7CBBFF9F741B8E8F7F3
:1040E0009FBE73B50D461646694601AAE8F716FE4F
:1040F000044640B9FFF7E0FD09234FF0FF340360A9
:10410000204602B070BD009B9B691BB9FFF7D4FD30
:104110005F23F2E701984FF0FF324FF0FF33FFF7D4
:10412000DAFF009B3246294620469B6998470446A1
:104130000198FFF7D2FFE3E72DE9FF410D46164650
:1041400002A903AA1F46E8F7E9FD044648B9FFF7AC
:10415000B3FD09234FF0FF340360204604B0BDE8EF
:10416000F081029B5B6A1BB9FFF7A6FD5F23F1E7B5
:1041700003984FF0FF324FF0FF33FFF7ACFF0B9B7C
:10418000324601930A9B29460093029B2046D3F8AE
:1041900024803B46C04704460398FFF79EFFDCE7B8
:1041A00073B50D461646694601AAE8F7B7FD044601
:1041B00040B9FFF781FD09234FF0FF34036020462B
:1041C00002B070BD009B5B6B1BB9FFF775FD5F23F1
:1041D000F2E701984FF0FF324FF0FF33FFF77BFF1C
:1041E000009B3246294620465B6B9847044601985F
:1041F000FFF773FFE3E72DE9FF410D46164602A9DD
:1042000003AA1F46E8F78AFD044648B9FFF754FDA4
:1042100009234FF0FF340360204604B0BDE8F0816D
:10422000029B9B6A1BB9FFF747FD5F23F1E70398E9
:104230004FF0FF324FF0FF33FFF74DFF0B9B32463D
:1042400001930A9B29460093029B2046D3F82880BD
:104250003B46C04704460398FFF73FFFDCE708B53D
:10426000EEF7E4FFB0FA80F0400908BD2DE9FF4108
:104270000D46164602A903AA1F46E8F74FFD04465D
:1042800048B9FFF719FD09234FF0FF3403602046BA
:1042900004B0BDE8F081029B1B6B1BB9FFF70CFD5E
:1042A0005F23F1E703984FF0FF324FF0FF33FFF742
:1042B00012FF0A9B32460093029B2946D3F83080B6
:1042C00020463B46C04704460398FFF706FFDEE75B
:1042D00038B103682BB11B689B682BB15B681BB1BD
:1042E000184700239B68FFDE0020704708B5EEF7F3
:1042F000AFFDEEF73FFEEEF79BFE002008BD10B1CC
:10430000006800B14068704710B1006800B10068F3
:10431000704728B1006818B1C069003818BF012083
:10432000704738B1006828B10C30D0E8AF0F0841B1
:1043300000F00100704760B1036853B101220C33F3
:1043400002FA01F1D3E8EF0F0843C3E8E20F002AB5
:10435000F8D1704768B103685BB1012202FA01F13C
:10436000C9430C33D3E8EF0F0840C3E8E20F002A3B
:10437000F8D17047F8F77CBE4FF0FF324FF0FF33B3
:104380001430FFF7F7BF10B50346FFF7B8FF28B1A9
:10439000C2681AB1BDE810401846104710BD38B5C4
:1043A00003680021044693F82050FFF7BAFFD0B904
:1043B00002202368A3B383F82000236893F82030F9
:1043C00083422DD1062824D1062D29D0082120464C
:1043D000FFF7B1FF2046FFF79CFF08BB2046BDE872
:1043E0003840FFF7D0BF2046FFF78EFF03F09AFC5E
:1043F00068B109212046FFF794FF0028D8D00A2190
:104400002046FFF78EFFC0F10600C0B2D1E70320BF
:10441000CFE7062D04D108212046FFF79BFFD9E7FF
:1044200038BDF8F79DBE38B50546FFF7A5FF00215A
:104430002846FFF776FF10BB2846FFF760FF0446CB
:1044400080B1846874B12846FFF75EFF03F06AFC10
:10445000C0B12846FFF753FF0121836828469847DB
:10446000041E06DB28460021FFF765FF2846FFF7FC
:1044700096FF05F11400FFF7D4FF204638BD6FF01A
:104480007704F6E76FF00504F3E708B50346FFF796
:1044900040FF48B11846FFF737FF8368986818B1A6
:1044A0008047C31E5842584108BD10B50C0901F0A1
:1044B0000F0103B944B1092C85BFA2F10A03E41826
:1044C0003034E4B200F8014B0023092985BF0A3AD1
:1044D00089183031C9B2017000F8013F10BD1029B0
:1044E0002DE9F0479A4680460B460C46164628BFF3
:1044F0001023002586B0AB4243DC1D46BAF1000F05
:1045000045D02A463A21404604F0FAF88146A0B345
:10451000A0EB08039D42A8BF1D4641464FF000088E
:1045200001AF2A46384604F009F905F118036B4437
:1045300003F8148C01203946321DEEF777FE404512
:104540001BDB01233380BAF1000F2FD0013C641B29
:10455000224609EB0301384604F0F0F804F1180391
:104560000DEB03040A226946384604F8148CFBF765
:10457000D9F9009BBB420CD158B9002006B0BDE868
:10458000F08718F80520002AB8D00135B3E7D146E6
:10459000C3E79DF80420002AEFD01B78002BECD154
:1045A000B0F5803F83B2E8D25BBA73800120E5E7C3
:1045B00070B4A8B1A1B1037893B15B2B10D00446BD
:1045C00000230E1814F8015B25B13A2D08BF013302
:1045D000B442F7D1012B18BF002370BCFFF77FBF97
:1045E000002070BC7047D0E90032D21A012A06D9E7
:1045F00033F8022B52BA0A800360002070476FF034
:104600001500704710B5044600200860D4E9003258
:1046100093421CD21B78C0EBC00203F07F0393408F
:104620000A6801301A440A6023685A1C226093F910
:104630000030002B06DB0B68B3F1805F28BF6FF002
:10464000150010BD0428E1D16FF01500F9E76FF0F7
:104650000A00F6E738B50D461146D0E9003293421C
:1046600008D013F8012B2A700360FFF7CBFF00EA94
:10467000E07038BD6FF01500FBE770B5D1E900368A
:10468000B34202D16FF0150070BD1C4614F8015BF7
:10469000A6420C60F6D05C7802330B60547090F840
:1046A00086300020032B1CBF05F001031370EBE7DD
:1046B000F7B51D46089C1646A27D4B0003F0020389
:1046C00022F00302C1F34101134321722846A3756E
:1046D0000DF10601FFF787FFD8B9D5E90012BDF843
:1046E0000630521A9A4212DB636073B12A68226064
:1046F0001A442A60237A67686BB9BB1C9E4206D3B2
:104700000020F61AE060266103E02360F2E76FF014
:10471000150003B0F0BD284604F11401FFF763FF54
:104720000028F6D13B1DE9E7084608B51146FFF71A
:104730005AFF00EAE07008BDFFF7F6BFFFF7F4BFCD
:10474000FFF7F2BF10B50C4611462046FFF74BFFAE
:1047500040B9D4E900239B1A8B6023B122684A60D8
:104760001A44226010BD4860FCE708B508461146AF
:10477000FFF739FF002008BDD1E90032D21A012A23
:1047800081BF020A58701A70023386BF00200B6086
:104790006FF00B00704738B50546D1E9002340683B
:1047A0009B1A821C93420C460DD380B2FFF7E4FFA4
:1047B000D5E90012206803F0C1FF002023686A6871
:1047C0001344236038BD6FF00B00FBE7F0B51468AD
:1047D0000646641AB4F1805F2DD220460023C0093A
:1047E00003F10103FBD10133576803F0FF035D427E
:1047F000CB1ABB42136018BF4E5521461CBF013374
:104800001360D2E90036B34207D201F07F061E7072
:10481000C909136807D10133136013681D44234489
:1048200015605360F0BD1E7866F07F061E70136839
:1048300001331360E5E76FF07900F3E770B50646E2
:104840001446084669B11568114605351560FFF72D
:1048500093FF40B9224629463046BDE87040FFF735
:10486000B5BF6FF0150070BD2DE9F8438F7D0C7A50
:1048700007F001080D469146C7F340070CB18B8A3B
:1048800083B3D9F80060494605362846C9F8006068
:10489000FFF781FFB0B92B7AB3B9600000F00600D2
:1048A0002A69D9F80030384340EAC800134440F080
:1048B00030004A463146C9F8003000F03F00FFF7AB
:1048C00085FF40B1BDE8F8834946A88AFFF754FF49
:1048D0000028E2D0F6E7D9F804302A699B1AC9F813
:1048E0000430EFE76FF01500ECE740200988FFF790
:1048F000A5BF2DE9F843CB880E46154643B317688C
:10490000114605371760F088FFF736FF044608BBED
:104910004FF00C08B388A34206DC2A463946BDE8AE
:10492000F8438220FFF752BF08FB04F9306829469C
:104930004844FFF730FF80B933684B441A7AD5E911
:1049400000318B420BD003F8012B2B600134E1E7DF
:104950006FF015042046BDE8F8830446FAE76FF0CF
:104960000B04F7E7F8B50D46D1E90031CB1A9342B5
:10497000064601D30020F8BDD41A0F19D0E91D2333
:1049800013449F4213D8974211D300232246EEF7D7
:1049900029FE0028EFDB0DD0F369A0420344F36148
:1049A0006B6803446B60E5D26FF00A00E3E76FF0D9
:1049B0000B00E0E76FF07F00DDE770B5436FC26981
:1049C0008EB004930546134402220593284604A999
:1049D000FFF7C8FF041E2DDB6B6F03AA0DF10B015F
:1049E00004A80493FFF736FE10F10B0F04464FF0B6
:1049F0000102EBD000283FDB9DF80B6006F0F003CE
:104A0000302B1BD10222284604A9FFF7ABFF041E5E
:104A100010DB049B16F0060F1A88284652BA92B291
:104A20000CBF0232043204A9FFF79CFF00EAE074D5
:104A3000002C0ADA14F10B0F1ED11CE02846039A51
:104A400004A9FFF78FFF0446F2E79DF80B402022F0
:104A5000002106A8039E03F098FE04F0F003602BEB
:104A600076D017D8402B68D009D8202B32D0302BE5
:104A70004DD00023EB61002420460EB070BD502BBA
:104A8000F7D10423284607AA04A98DF81830FFF7A8
:104A900053FE5AE0B02B6DD00CD8702B61D0902B08
:104AA000E7D10723284607AA04A98DF81830FFF795
:104AB00049FE4AE0D02BDCD195F98730002BD2BFDC
:104AC000002303F1FF335BB285F8873009238DF8AB
:104AD00018300FE0284607AA04A9FFF7CEFD0446C8
:104AE000002833D19DF81D304BB9AB690D9043F0D0
:104AF0000403AB61284606A900F0ECF8B9E72846A4
:104B000006A90D936FF06E0400F0E4F8B4E70223F9
:104B10008DF8183007AB21460093324604AB284687
:104B2000FFF7C6FD04460B9B0D902B62284606A995
:104B300000F0D0F8002C9CDA9EE70323284607AA51
:104B400004A98DF81830FFF7EFFD04460D94EDE74A
:104B50000523284607AA04A98DF81830FFF7EEFDB3
:104B6000F3E70623284607AA04A98DF81830FFF7B3
:104B7000E7FDEAE70823284607AA04A98DF81830BC
:104B8000FFF7F3FDE1E72DE9F341002406460F4668
:104B90001546A046AC4201D300200DE0F06A002388
:104BA000CDE900882A1B3919FFF7C6FA031E06DA79
:104BB000FFF782F80068404202B0BDE8F0811C4473
:104BC000E8E72DE9F041002507462B460C46C96869
:104BD0008B4210D10026B046AE4216D2F86A0022AF
:104BE0002146FFF7DDFA031E0CDAFFF765F80068CF
:104BF0004042BDE8F081A26802EBC3025268013373
:104C00001544E5E71E44B54217D80020F1E71B1A0A
:104C1000C1F804800132E1689142DDD9A16801EB5D
:104C2000C20148689842F2D9C01A4860A06850F89A
:104C30003210194440F83210CEE70022EBE713B5EA
:104C4000C06A002483F00103CDE900449B01FFF713
:104C5000D2FA002803DAFFF72FF80068404202B0CA
:104C600010BD08B5C06AFFF73AFA002804DAFFF76A
:104C700023F80068404208BD0020FCE738B5044630
:104C80000D46D0F880200021C06F03F07EFDE36F59
:104C90002B60D4F8802013446B6038BD08B503F056
:104CA00072FB4FF47A72A0FB020302FB0133C00BCC
:104CB00040EA434008BD4FF0FF324FF0FF33F8F7B2
:104CC000D7B910F0040F0CBF6FF07F0000207047C1
:104CD000F8F746BA38B5036F04460D4653B1FFF7EF
:104CE000F7FF20462946236F98472046BDE8384005
:104CF000FFF7E1BF38BD70B588B004460D461646D3
:104D0000EEF77EFC0021C4E90511C4E907115EB18C
:104D10001C22684603F039FD0123694620468DF8C0
:104D200000300795FFF7D6FF08B070BD38B50546CF
:104D3000EEF740FC041E06DA012221462846FFF762
:104D4000DAFF204638BDFFF7A9FF00246861F8E7C5
:104D50002DE9F0410F4690461E46054628B3FFF761
:104D6000AAFF2C6ABCB144452246334628BF4246BE
:104D700039462846EEF736FC044616B910F10B0FFB
:104D800009D0002C0DDC08BF6FF07F040122214602
:104D90002846FFF7B0FF2846FFF79AFF2046BDE8F8
:104DA000F0812B6A1B1B2B62F5E76FF01504F5E70A
:104DB00010B5044690B19022002103F0E6FC204695
:104DC00003F071F8042384F8863094F888306FF388
:104DD000410384F888301E23A4F8843010BD37B511
:104DE000054600283AD0436DC3B3FFF764FFEB6F6D
:104DF0008BB36B6F7BB32846EEF7D2FB041E24DB2C
:104E000069462846FFF73AFFAB69694643F002035B
:104E10002846AB61EEF7E2FA041E13DBDDE900126F
:104E20002846521AEEF7C6FB041E0BDBFFF736FFCF
:104E30000024686185F887402846FFF749FF20462F
:104E400003B030BD2846EEF7DBFB0023C5E9053390
:104E5000C5E90733F0E76FF00B04F6E76FF01504D0
:104E6000EDE770B50E4605468EB000283CD000290F
:104E70003AD0FFF720FF284601A9FFF7FFFEA869F7
:104E8000FFF71FFF041E24DB3146284601AAFFF767
:104E9000EBFC041E1DDB019A029B03929B1A1C2251
:104EA0000493F3680021059333690DEB0200069328
:104EB00003F06BFC03AB09930223284607A90A936E
:104EC000EEF784FB041E0ADA012221462846FFF78A
:104ED00012FF2846FFF7FCFE20460EB070BDFFF71C
:104EE000DDFE00246861F4E76FF01504F4E773B5A4
:104EF0000E460546F8B1F1B1FFF7DDFE28466946DA
:104F0000FFF7BCFEA869FFF7DCFE041E0DDB6A4656
:104F100031462846FFF7E9FC041E06DBDDE90012F6
:104F20002846521AFFF702FF04462846FFF7D0FE34
:104F3000204602B070BD6FF01504F9E773B50E4658
:104F4000054620B3FFF7B7FE28466946FFF796FEF1
:104F5000A869FFF7B6FE041E13DB6A4631462846F1
:104F6000EEF7BEFA041E0CDBDDE900122846521AE9
:104F7000FFF7DCFE041E04DB012200212846FFF7B8
:104F8000BAFE2846FFF7A4FE204602B070BD6FF0BF
:104F90001504F9E773B50E460546F8B1F1B1FFF710
:104FA0008AFE28466946FFF769FEA869FFF789FE71
:104FB000041E0DDB6A4631462846FFF79AFC041EA4
:104FC00006DBDDE900122846521AFFF7AFFE044661
:104FD0002846FFF77DFE204602B070BD6FF0150435
:104FE000F9E737B5054618B3FFF765FE2846694669
:104FF000FFF744FEA869FFF764FE041E12DB684653
:10500000EEF780FA041E0DDBDDE900122846521A85
:10501000FFF78CFE044695F987307F2B1CBF0133C8
:1050200085F887302846FFF753FE204603B030BD91
:105030006FF01504F9E738B50446F0B1FFF73BFE11
:105040006569FFF72BFE401B06D52046FFF740FEA3
:105050006FF00A05284638BDB4F88430002BF4D030
:105060004FF47A7253438342EFD82046FFF7B9FFDB
:1050700005462046FFF72CFEECE76FF01505E9E743
:1050800038B50546D8B1FFF716FEAB699B0710D5BA
:105090002B6A8BB92846FFF790FC041E04DA012224
:1050A00021462846FFF727FE2846FFF711FE204637
:1050B00038BD6FF07F04F7E76FF00F04F4E76FF08F
:1050C0001504F4E70123FFF743BE2DE9F341002463
:1050D00006460F461546A046AC4201D300200DE01F
:1050E000F06A0023CDE900882A1B3919FFF724F85C
:1050F000031E06DAFEF7E0FD0068404202B0BDE89C
:10510000F0811C44E8E72DE9F041002507462B46D5
:105110000C46C9688B4210D10026B046AE4216D26A
:10512000F86A00222146FFF73BF8031E0CDAFEF76F
:10513000C3FD00684042BDE8F081A26802EBC302F3
:10514000526801331544E5E71E44B54217D80020E4
:10515000F1E71B1AC1F804800132E1689142DDD900
:10516000A16801EBC20148689842F2D9C01A4860B0
:10517000A06850F83210194440F83210CEE70022EF
:10518000EBE713B5C06A002483F00103CDE90044C6
:105190009B01FFF730F8002803DAFEF78DFD006869
:1051A000404202B010BD08B5C06AFEF798FF002863
:1051B00004DAFEF781FD0068404208BD0020FCE7EC
:1051C0000C220369C9B201FB0233186C00F007001E
:1051D000704770B5C9B20369EFF31185202484F3D9
:1051E0001288BFF36F8F0C2606FB0134246C14F079
:1051F000C00408D0A24206D085F31188BFF36F8F98
:105200004FF0FF3070BD012271430B441A6485F3E7
:105210001188BFF36F8F43680B445B689847002089
:10522000F0E78022FFF7D5BFF8B5069F0469C9B241
:10523000EFF31186202585F31288BFF36F8F0C25BD
:1052400069430C44256C05F0070CBCF1010F0BD130
:10525000276486F31188BFF36F8FC4E90E23436878
:105260005B5898470020F8BD05F0C005AF4286F3B3
:105270001188BFF36F8F0CBF6FF077004FF0FF30D6
:10528000F1E713B580240094FFF7CEFF02B010BD04
:1052900010B41C240069CBB203FB0400002110BC35
:1052A00010470020F4F78EBF002001F0CABA104664
:1052B000F7F7D8BF084608B51146F4F77BF9002880
:1052C00018BF6FF0040008BD08B501F0B8F9002858
:1052D00018BF6FF0040008BDF7B51C460023164642
:1052E00082682360A3600D465369694601AA984706
:1052F000019B5A1E01921BB96FF0150003B0F0BD5F
:105300000098A26847682168676085B9B31AD0F829
:1053100000C0634528BF634603FB07111A442160A0
:10532000A26002689A4206D808300090E0E76B1A43
:10533000B3FBF7F3EBE70020E0E713460022FFF7AB
:10534000CBBF10B50C4601F0DAFA0023C4E9000324
:10535000184610BD38B505460C4601F0D0FA002DB0
:1053600007DBA84205D9401B84428CBF00200120E6
:1053700038BD0020FCE770B50C461946204616469D
:105380001D46FFF7E7FF28B929462046BDE87040D3
:10539000EEF7A0BB5DB1B4F5C03F2A4621463046CA
:1053A00003DABDE87040FEF7EBBD03F0C7F900205B
:1053B00070BD436800205B681B690B6070474368E1
:1053C00002EA01005B6821EA020198600020D960CE
:1053D0007047436800205B6899607047436800200D
:1053E0005B68D960704743685A68536821EA0300D4
:1053F0000B4090600020D360704710B50369586877
:10540000F8B1884219D19C680868A142586000D15F
:105410009860002008602AB15A680A609A6859604A
:1054200002B99960002010E0814206D1086820602E
:1054300098688142EDD19C60EBE704460068002843
:10544000F2D1002AE8D16FF0150010BD30B54368E5
:105450001360057A446804EBC504A34202D36FF0DD
:10546000010030BD5C798C4201D00833F0E70020A8
:10547000F7E743681B68D3F88004C3F880047047DB
:1054800042681368D3F8100150B10020D269127835
:105490000A70C3F81001D3F8102101221A60704776
:1054A0004FF0FF307047002A0FDD42681368D3F8D1
:1054B000100158B10020C3F81001D3F810010120E9
:1054C000D26912780A70186070470020704710B5D2
:1054D000436819680369EFF31182202080F3128872
:1054E000BFF36F8F00241868847301201B68D87382
:1054F0004FF48003C1F8043382F31188BFF36F8F38
:1055000010BD012103691A68917300221B68DA73C8
:105510007047026903461168C87B40B15B681B682D
:10552000D3F8580118B100230B61136898897047AC
:1055300043681B68D3F81001003818BF012070477A
:10554000102243681B68C3F8042370471022436885
:105550001B68C3F8082370474FF4007243681B6848
:10556000C3F8042370474FF4007243681B68C3F804
:105570000823704738B5436804461D68D5F80433DE
:105580005B0205D4D5F8040310F0100006D138BD35
:10559000FFF7BFFF0028F5D00120F8E72046FFF70E
:1055A000C7FF003818BF0120F1E7012070470369E9
:1055B000186801601B685A60704702680346D2F899
:1055C000580140B95B68DB0706D4D2F820010038E7
:1055D00018BF012070470120704710B4436802696A
:1055E0001B68D3F80413C90517D5D3F82011A1B14E
:1055F000EFF31181202484F31288BFF36F8FD3F867
:10560000204134B10024C3F82041D3F820410124C3
:10561000DC6081F31188BFF36F8F1168D3F85841B4
:1056200071B17CB100240C611168C97B19B94FF4C8
:105630008001C3F8081311688C7B1CB100238B73A5
:1056400010BC7047D3F8241121B10021C3F82411F4
:10565000D3F8243112681368002BF1D0516810BCC4
:10566000184713B501AA0446FFF7F0FE002805DB32
:10567000019B226819791868EEF778FC02B010BD1A
:105680002DE9F04106690546336801279C891033EE
:105690009442A8BF1446D3E8EF2F002A03D1C3E8F1
:1056A000E07F0028F7D10CBF3B4600232BD13368A5
:1056B0002246986803F042F8EFF31188202383F321
:1056C0001288BFF36F8F69680846FFF776FF32686C
:1056D00040B90446106188F31188BFF36F8F2046EC
:1056E000BDE8F0810B689268C3F844250022C3F836
:1056F0004845C3F82021D3F82011C3F85821D3F826
:1057000058219F60E7E71C46E9E7002200F15003BB
:105710009B009BB203F1804303F5A8331A601B681A
:10572000704708B5EEF734FE08BD02F0F6BA10B5C2
:105730000446FEF7C1FA046010BD02F0D2BCF7F7D0
:1057400091BD4B1C70B5054617D021EAE1744FF4AA
:10575000004640F2E73000214FF47A720023C4FB88
:105760000601E3F771FA02460B462846F7F7B4FD47
:10577000002818BF6FF00A0070BD4FF0FF321346CB
:10578000F3E7F7F7EDBC4B1C70B5054617D021EADF
:10579000E1744FF4004640F2E73000214FF47A7292
:1057A0000023C4FB0601E3F74FFA02460B462846E6
:1057B000F7F75EFC002818BF6FF00A0070BD4FF0CD
:1057C000FF321346F3E7002070472DE9F0411446FD
:1057D000002286B001290D461E46CDE90422DDF8DF
:1057E000308007680AD1192C13D1FEF765FA5F23C0
:1057F00003604FF0FF3006B0BDE8F0812146284637
:1058000003AAEFF76BF900281EDAFEF755FA6D23AD
:10581000EEE72146284603AAEFF760F90028F4DBFB
:10582000143C012C07D836B14FF008083268B36831
:105830000492059304AE334629463846039ACDF8C0
:105840000080F6F77FFCD6E7B5F58D7FF3D10C2C01
:1058500008BF4FF00408EEE72DE9F0411D46002394
:105860008AB00F461446CDE9043308230668214662
:1058700038460DEB0302DDF840800393EFF72EF975
:10588000002809DAFEF718FA6D234FF0FF3603609F
:1058900030460AB0BDE8F081012F1CD1A4F11403F9
:1058A000012B18D803AA04AB304600923946029A5D
:1058B000F6F722FD06460028EAD1012FE8D1042C94
:1058C0000CD128680028E3D0FFF731FFFEF7F4F988
:1058D00003682B60DCE742462B46E5E7143C012CCD
:1058E000D6D8D8F80040049B102C28BF1024CDE94E
:1058F0000630059B2246284606A9089302F01EFFA3
:10590000C8F80040C4E7006801F0DDBB38B50446C4
:1059100004B938BDE069256802F0E7FE204602F0D0
:10592000E4FE2C46F4E7F7F7A3BBF7F719BC2DE923
:10593000F04389B00546D0E900900E4617469846D8
:10594000109C08B1FFF7F1FFA4B9CDE9004443462C
:105950003A463146484601F07DFC0446686828B165
:105960004FF0FF324FF0FF33FFF7DDFF204609B065
:10597000BDE8F0832388012B0BD1ADF808306368B4
:10598000628803930823ADF80A2001936B440093C7
:10599000DDE7022B18D16288ADF80830ADF80A2097
:1059A000231D0DF10C0C04F1140E624618685968A1
:1059B000083303C273459446F7D1237D8DF81C301C
:1059C0001623019302ABE2E7FEF776F96A234FF064
:1059D000FF340360C2E7002307B5CDE90033FFF7CA
:1059E000A6FF03B05DF804FB2DE9F04F06464068C2
:1059F0008BB00C46DDE914579046994608B1FFF785
:105A000094FFD6F800A005B1AFB900232146CDE937
:105A1000003342464B46504601F05CFD0446706838
:105A200028B14FF0FF324FF0FF33FFF77CFF2046E5
:105A30000BB0BDE8F08F4FF0160B04AB5A460021B7
:105A4000184602F0A2FE03AACDE9000221464B4609
:105A500042465046CDF80CB001F03CFD041EDEDBA2
:105A6000BDF81020012A0AD1039B082BD7D1BDF81D
:105A700012102A80059A69806A603B60CFE7022A8B
:105A8000CDD1039B162BCAD1BDF812300DF1140CE9
:105A90006B802B460DF1240E23F8042B624603CABB
:105AA000724518605960944603F10803F6D19DF8D9
:105AB00024302B751823E0E7002307B5CDE9003328
:105AC000FFF792FF03B05DF804FB38B505460068A8
:105AD000F6F704FB044610B92846EFF787F920468D
:105AE00038BD2DE9F04F14460E4600218BB0054617
:105AF000202202A81F46019102F047FE5CB16368B4
:105B00000293E3680493A368039323690593236ACC
:105B100003B1089302AC31462246284601ABF5F7A3
:105B2000BBFF064648B9804681464FF0180A019DE2
:105B3000386035B9019801F07DF930460BB0BDE809
:105B4000F08F4420F8F746FE044600284FD0C0F8F6
:105B50000090C0F820902B684360AB68C3606B680E
:105B60008360EB680361D5F804B0BBF1010F15D178
:105B70000820F8F72FFEE061002835D00823A36144
:105B80006B695A88A0F800B042805B684360B8F146
:105B9000000F2FD13C60A046ED69CAE7BBF1020FB0
:105BA00009D002F0A2FD6FF005063868FFF7AEFEDF
:105BB00000233B60BEE71820F8F70CFEE06198B1C7
:105BC000C4F818A06A695388111D4380034602F186
:105BD000140C23F804BB51F804EB614543F804EBC3
:105BE000F9D1137D0375D2E7204602F07EFD6FF0F8
:105BF0000906DAE7C8F80040CDE7F0B50A880B4699
:105C0000012A066887B00DD1ADF800200822498826
:105C10005B68ADF8021001936946304601F00AFA5C
:105C200007B0F0BD022A15D14988ADF80020ADF8C3
:105C300002101A1D01AD03F114072C4610685168BB
:105C4000083203C4BA422546F7D11B7D16228DF8CF
:105C50001430E1E7FEF730F86A2303604FF0FF30BD
:105C6000DEE7F0B5056808880B46012887B00DD13E
:105C70004A884B68ADF802200822ADF80000019375
:105C80006946284601F037F907B0F0BD022815D162
:105C90004A88ADF80000ADF8022001AE0A1D01F1FE
:105CA0001407344610685168083203C4BA422646C5
:105CB000F7D11B7D16228DF81430E1E7284607B096
:105CC000BDE8F04001F017B903780D2B07D14378F8
:105CD0000A2B04D18078003818BF012070470020BB
:105CE00070472DE9FF419846002305460E461746AA
:105CF000CDE901330393002A6ED0EFF7ADFA0446E5
:105D000088B9AB68013B99429CBF2B68C5E901305B
:105D1000284601A9EFF7B4FAAB680446013B9E425E
:105D200005D90028F4D0204604B0BDE8F081002851
:105D3000F9D19DF80C30052B06D0082B0CBF6FF065
:105D40003C046FF05E04EEE7FDF7B6FFB8F1050F17
:105D50000460019813D103782D2B02D16FF0210438
:105D6000E1E70A222146F9F783FE06460D46FDF7D4
:105D7000A3FF0368222BF1D0C7E90065D3E70A220D
:105D80002146F9F753FD08F1FF3805460E46B8F1F4
:105D9000030F03D8DFE808F00D10141810F50043C6
:105DA00041F10006B3F5803F76F10006D6D23D8082
:105DB000B9E7B0F5803FF7E710F1004341F1000685
:105DC000002ECBD13D60AEE7FDF776FF0368222BB6
:105DD000C4D0C7E90056A6E76FF01504A3E72DE984
:105DE000F0431F46002385B0054689461646CDE997
:105DF00001339DF830800393002A40D0002F3ED01D
:105E0000EFF72AFA044688B9AB68013B99429CBF78
:105E10002B68C5E90130284601A9EFF731FAAB68D4
:105E20000446013B994505D90028F4D0204605B029
:105E3000BDE8F0830028F9D19DF80C30013B082B18
:105E400020D8DFE803F0080808081F080805080044
:105E50006FF03C04EAE7029DB8F1000F03D0019B0C
:105E600033603D60E2E73A686B1C9A420DD32A46E4
:105E70003046019902F062FC06F80580F1E76FF008
:105E80001504D3E76FF05E04D0E76FF00B04CDE7A5
:105E90007FB5002306460D46CDE901330393A1B13A
:105EA000EFF7DAF9044668B9304601A9EFF7E8F9E7
:105EB0000028F9D0B3682B60431D03D010F10B0FFD
:105EC00018BF0446204604B070BD6FF01504F9E712
:105ED0000223FFF706BF13B500240094FFF77FFFEE
:105EE00002B010BD0B7830B5412B22D017D8252B2E
:105EF00003D003F0F703232B13D14B785A2B15D87B
:105F0000402B02D8303B092B0BD84B1C5C785D1C16
:105F10003A2C37D02DD8303C092C2ED901E0612BFA
:105F200007D00023C0E90033836030BD613B192BEB
:105F3000EAE74B7803F0DF03542BF2D18B788D1C0A
:105F4000233BDBB2082B0DD840F2051424FA03F3EF
:105F5000DB0707D5CB785A2B1CD8402B1FD8303BFA
:105F6000092B1CD902B115606D1A0160456003232D
:105F7000DAE75A2C03D8402CD3D92B46C6E7613C2C
:105F8000192CCAE7023342B95B1A013B4360016036
:105F90000423C9E7613B192BE3E71360F4E7CB1C4B
:105FA0005C785D1C3F2C1CD012D8392C03D82F2CC8
:105FB000D8D92B46F4E73D2CD4D19C783F2C18D16E
:105FC000033302BB5B1A023B436001600123ABE772
:105FD0005A2C02D8402CC5D0EBE7613C192CE8D9EB
:105FE000C0E702336AB95B1A013B436001600223D8
:105FF0009AE7023302B113605B1A013B0160436010
:10600000B5E71360EFE71360DCE730B50B78203BB2
:10601000192B47D8DFE803F00D4620464646464692
:106020004146464B6B4B46467687878787878787EF
:1060300087874C784B1C223C172C33D8DFE804F0C0
:10604000453232323232483232515851323263752F
:1060500075757575757575754B1C497811B3222961
:1060600065D01C4614F8011FE1B12229FAD1194666
:1060700023465C782C2C14BF5D1C9D1C15F8014C2C
:1060800002B115605B1A43600623016003722C2C79
:1060900014BF00230123437208E04B7813B1283B5F
:1060A000012B46D80023C0E90033836030BD4B7814
:1060B000313B082BF6D80B46013111F8014F2C2C3F
:1060C0004ED0303C092CF8D921E08B1C8978C5E7EB
:1060D0008D78292DE6D0282D01F10204E2D055BBA0
:1060E000E0E78C78313C082CDCD80231E5E70B4640
:1060F0000AB1591C11600360002343604FF484739C
:106100000381D3E70B465C78591C2C2C28D00C4615
:1061100011F8015C02B11160E41A036005234460C8
:1061200003722C2DB4E70B46C7E71946C5E719469D
:106130009FE70B464C1C6578282DB3D0292D01D044
:106140000134CCE7A578A11C2C2D0CD00C4614F8FA
:10615000015C02B11460C91A036041600723DFE7E4
:106160000C460131D4E70334F1E708B5EFF756FAEE
:10617000002008BD0120EFF7E5BB08B50120EFF7CF
:10618000A7FC002818BF6FF00D0008BD08B504205B
:10619000EFF79EFC002818BF6FF00D0008BD08B592
:1061A0000020EFF795FC002818BF6FF00D0008BD28
:1061B000EFF79ABBEFF78CBD0A460221FCF743BB11
:1061C000FCF741BB08B5F0F7D1F8002008BDF0F7A7
:1061D00009B903780BB1F0F7FDBB704708B500F0C3
:1061E0002EFA48B1002383F31188BFF36F8F042385
:1061F000184602DF6FF0040008BD70B50546006860
:106200000E4602F0CFFC044630B13046E2F75EFDA8
:10621000044400202C6070BD6FF01500FBE7FCF714
:106220001BBB2DE9F341002506460F461446A84640
:106230000CB920460DE0002322463046CDE9008807
:106240007919FDF779FF031E06DAFDF735FD0068C1
:10625000404202B0BDE8F0811D44E41AE8E7431C67
:1062600007B50DD00023CDE90033FDF7C4FF0028AA
:1062700003DAFDF721FD0068404203B05DF804FB3E
:106280006FF01500F9E7F6F7F3BE1FB50023019391
:1062900003930123024601A88DF804300291904730
:1062A00005B05DF804FB1FB50023CDE9013303936E
:1062B0000323024601A88DF80430904705B05DF82D
:1062C00004FBD0F83C311B691847F6F749BFF8B515
:1062D00004460D4600F516764FF0FF33174630465C
:1062E0004FF0FF32FFF7CFFF94F86C32AB4206D08D
:1062F000013504D03046BDE8F840FFF7E6BF84F82A
:106300006C72F7E770B504460D4600F516764FF04F
:10631000FF3230464FF0FF33FFF7B5FF94F86C4281
:106320003046631B5C425C41FFF7CFFF204670BDE7
:1063300010B504210446FFF7E5FFC8B1637E7BB9C1
:106340002046FFF7BEFF94F8383113B92068FFF7F5
:10635000AAFF01222046BDE810400421FFF7B7BF85
:1063600094F8383113B92068FFF79DFF0322F1E755
:1063700010BD38B5044618B300F5167528464FF021
:10638000FF324FF0FF33FFF77EFF02212046FFF779
:10639000B9FF50B904212046FFF7B4FF28B92846B9
:1063A000FFF793FF4FF0FF3038BD05224FF0FF316C
:1063B0002046FFF78CFF2846FFF787FF0020F3E712
:1063C0006FF01500F0E7F8B50E460546B0B1A9B17B
:1063D0000021FFF797FF044698B905F516774FF0AF
:1063E000FF324FF0FF333846FFF74DFFD5F82C3121
:1063F00038463360FFF769FF2046F8BD6FF015009F
:10640000FBE74FF0FF30F8E7F8B50E460546B0B1B0
:10641000A9B10021FFF776FF044698B905F5167774
:106420004FF0FF324FF0FF333846FFF72CFFD5F81F
:10643000303138463360FFF748FF2046F8BD6FF033
:106440001500FBE74FF0FF30F8E708B5D0F85831FA
:10645000013303D000F5AC70F0F722FC002008BD3A
:1064600070B504461546D0F840610021342200F58D
:10647000A07002F08AF9C4F8406129462046BDE8C0
:106480007040F1F7CFB9D0F85831013303D000F59F
:10649000AC70F0F705BC0023C0F86631C0F86A3173
:1064A0006FF008007047034610B5D3E8EF0F40EADD
:1064B0000102C3E8E42F002CF7D110BD034610B54C
:1064C000D3E8EF0F00EA0102C3E8E42F002CF7D174
:1064D00010BD012805D0022805D030B90220F1F7FF
:1064E0001FBD0320FBE70420F9E770471FB5872491
:1064F0000294079C01949DF818400094F1F7A2FFC4
:1065000004B010BD1FB5069C0392CDE90034D343FF
:1065100003AADB0FFFF7EAFF04B010BD13460A46DB
:106520000121FCF799B90130012801D8F2F77EBBAF
:106530006FF00100704703465A6B00233C309A42CB
:1065400000D17047C16801330844F8E70A460121C9
:10655000FCF779B900B589B006AB02930823039321
:1065600001AB049304230791CDE9053004AA184632
:1065700002A9F2F7F9FF0228019B09D003280AD0EB
:1065800060B9181E18BF0120404209B05DF804FB35
:106590006FF01500F9E76FF08500F6E74FF0FF3078
:1065A000F3E78068183820F007001038704738B5D6
:1065B00015460C4661B15AB1FCF736FA214625441E
:1065C00011F8013B834203D1A942F9D1012038BD22
:1065D0000020FCE738B50C4601231146224605464B
:1065E000FCF7DAF900280FDB012221462846FFF7E5
:1065F000DEFF38B92378012B14BF022301230020CA
:10660000237038BD0323FAE70120FAE707B5012319
:106610008DF8042001AAF2F75FFE03B05DF804FBD9
:1066200081680122183921F00701FFF7EFBF826866
:10663000183A22F00702FFF7CDBF00207047002074
:10664000704710B588B01C4605AB01930C2302932C
:106650000423CDE90612CDE904300DEB030103AAB2
:106660000020CDF80CD0F2F77FFF009B236008B02C
:1066700010BD002110B50A460446635CA3F130004A
:10668000092807D8303A032903EB02000FD0020192
:106690000131F2E7A3F14100052801D8373AF2E7CA
:1066A000A3F16100052801D8573AECE7002010BD9E
:1066B00010B528B1016881B1D0E901329A4205D301
:1066C00010BD8C5C202CFBD8013282608268934222
:1066D000F7D8F5D1013B8360F2E70846F0E738B51B
:1066E000044638B1006828B1A5682844E2F7EEFAFC
:1066F0000544A56038BD70B50446B0B10068A0B1CE
:10670000626812B1A3689A420FD900290DDBA5680F
:1067100029444B1C9A4201D3284407E0226922B93C
:10672000B3F1804F03D3002B0EDA002070BD8E1C16
:10673000236A63B1314698470546B0B9E3692068DA
:106740009847C4E90055F0E76FF00046F0E730469F
:10675000A369984705460028F0D0A2682168013255
:1067600001F0ECFFE36920689847C4E90056A0688F
:10677000D2E789B188B181420ED0836823B98160A4
:10678000C1E90031012070475B68002BFAD0196025
:106790004B6083685960F5E700207047034610B5E9
:1067A00028209847044618B12822002101F0EDFF67
:1067B000204610BD00231A46F3F7A4BB0021F3F7CF
:1067C00033BB0022F3F7CEB870B505460E4610462F
:1067D0001946E2F749FE00230246044631462846A0
:1067E000F3F714F9054618B92046F3F767FB2C4672
:1067F000204670BD70B5054610460E46F3F7EEFB19
:1068000000230246044631462846F3F7FFF80546C2
:1068100018B92046F3F752FB2C46204670BD20B134
:10682000007BA0F110035842584170477047004761
:1068300001F073BA40F00040C1F88000C2F8800057
:106840007047F3F73DBCF7B51646DDE90847019000
:1068500001A81D46F3F754FD019BB6F1000C18BFCB
:106860004FF0010C00EB83000B1E18BF0123002D1D
:1068700043EA4C0314BF4FF00C0C4FF0000C002CFB
:1068800043EA0C0314BF4FF4E06C4FF0000C002FF0
:1068900043EA0C0314BF4FF4403C4FF0000CD0F817
:1068A000002243EA0C0322EA030301B109780EB186
:1068B0003678760019430DB12D78AD0031430CB117
:1068C0002478240229430FB13F783F040C433C4312
:1068D000C0F8004203B0F0BD1FB50DF10F030193E6
:1068E00000238DF80F101A4619460093FFF7ABFFEF
:1068F00005B05DF804FBF3F7B7BDF3F795BD4FF4B2
:10690000801070474FF4805070474FF4807070478C
:10691000002070470020704700207047002070471B
:1069200000207047F4F7D6B9022904D0042906D014
:10693000012900D17047806808B1EEF77BB8704735
:10694000F4F7ECB9002210B50468944200D110BDF0
:1069500000EBC2014B68013223F0FF0343F0030355
:106960004B60F2E70420F4F795B80420F4F79AB8E6
:1069700008B5F4F75DF8BDE80840F6F711B938B589
:1069800004460025031D2268AA4201D8002319E00D
:106990004FF00002D3E8CF0F032804D1C3E8CC2F77
:1069A000BCF1000FF6D102D008330135EBE701EB63
:1069B000851318464022002101F0E7FE034604EB50
:1069C000C504A060184638BD0830704770B506464B
:1069D0000D4621B9F4F7A8F990B9002070BD08461A
:1069E000EEF720F804460028F7D03046F4F79CF97B
:1069F00038B92046EEF71EF80120EDF7E9FFECE785
:106A00002C460661C56040F8084FE7E740EA0141BF
:106A1000104640F8081DF4F799B9F4F791B9F4F766
:106A200089B9EDF7FFBF08B5EEF704F8BDE80840F7
:106A30000120EDF7CDBF0429F8B50546174603D070
:106A4000102910D000240CE00820EDF7DDFF0446EB
:106A50000028F7D0002343600123478003802B6880
:106A600043602046F8BD1620EDF7CEFF044600280F
:106A7000E8D0061D12220021304601F086FE0223D6
:106A800023802B46678005F1100253F8041B9342C4
:106A900046F8041BF9D1E4E7134609B911607047C1
:106AA0000A88012A02D0022A07D070471A68082AE9
:106AB00028BF08221A6001F041BE1A68162A28BFB2
:106AC0001622F7E708B5F4F747FF40B100F11C03C1
:106AD000D3E8EF1F0131C3E8E21F002AF8D108BD57
:106AE000006808B1F4F7C8BE704737B500250368E1
:106AF00004460093838F6846ADF80650ADF8043025
:106B000000F0C8FD38B1A36B6846984794F83E3052
:106B10000BB1A563E56303B030BD4068003818BF12
:106B20000120704700230B60836813B9C0E901118D
:106B3000704719608160704738B505460C46F4F718
:106B40000BF9AA68236894426B6008BFAB6000230E
:106B50002046236000F050F9BDE83840F4F702B950
:106B6000406870470069431E5842584170470069A9
:106B7000831E5842584170470069C31E584258410D
:106B800070474069B0F5817F05D040F21113C31AF8
:106B90005842584170470120704790F82000C0F3D8
:106BA0004000704790F82000C0F38000704790F8D4
:106BB0002000C0F3C0007047006C00F00100704777
:106BC00090F8200000F0010070470369012B05D107
:106BD0008069A0F1800358425841704700207047F7
:106BE00090F82000C0097047836933F0800314BF18
:106BF00001200020704790F82000C0F3401070473B
:106C0000806B003818BF0120704790F83400431E95
:106C100058425841704708B590F82030014613F0AB
:106C200001020BD1FFF7E0FF28B90846FFF7CDFFBF
:106C300080F00100C2B202F0010008BD0022FAE7B4
:106C400070B504460D4616462046FFF7E4FF70B1C6
:106C500055B1284600F0BFF848B931460220EDF79B
:106C6000BBFD0028F0D070BD6368002BF5D000207C
:106C7000F9E74068003818BF0120704790F82200FB
:106C8000003818BF0120704710B50446FFF7ACFF6D
:106C900094F82010C1F3401340EA0302236982F004
:106CA0000102012B14BF0123C1F38003D2B220469D
:106CB0001A40FFF766FF48B1C1F300112046FFF705
:106CC00084FF0A4080F00100104010BD0121F5E76B
:106CD00010B50C46F4F740FE28B190F8203064F36C
:106CE000861380F8203010BD10B50C46F4F734FE42
:106CF00028B190F8213064F3000380F8213010BDF2
:106D0000D0E9092353EA020109D04FF47A71B3FBA9
:106D1000F1F001FB02000128B8BF012070474FF0DD
:106D2000FF307047D0E90B2353EA020109D04FF43A
:106D30007A71B3FBF1F001FB02000128B8BF01201A
:106D400070474FF0FF307047013802288CBF002099
:106D500001207047013802288CBF002001207047B5
:106D60000388012B03D0022B06D00120704708298D
:106D700014BF0020012070471629F9E7FF2818D01A
:106D800007DC06280ED0112811D0B0FA80F0400997
:106D90007047B0F5817F05D040F21113984206D0BC
:106DA00000207047012914BF0020012070470229EC
:106DB000F9E70329F7E7C368012B03D0022B07D0BB
:106DC000012070470888012814BF00200120704767
:106DD00008880228F8E700B10068003818BF0120D1
:106DE000704700B100687047438940681844704795
:106DF00002894089101A704710B504464068FFF7B1
:106E00000CFEE06808B1EDF707FE2046BDE8104033
:106E1000EDF702BE10B50446206800B910BD6268E7
:106E200003689042236008BF6360FFF7E5FFF3E764
:106E300000F02ABD10B5044660B1406908B1EDF715
:106E4000EBFDA06908B1EDF7E7FD2046BDE8104075
:106E5000EDF7E2BD10BD7FB504460E461546F3F7CB
:106E600039FF38B90120FEF762FC4FF0FF331846B6
:106E700004B070BD631E012B01D96A20F3E716B17F
:106E800075B91620EFE7002DFBD129461C20FFF72E
:106E90009DFD044670B1057545758575C57513E092
:106EA000012C09D1042DECD100211C20FFF78EFD0F
:106EB000044618B96920D6E7102DF4E745612A4643
:106EC0003146183001F03AFC214647F20F0001AA82
:106ED000F5F7D0FC03460028C9D0C4E710B5044636
:106EE00000F0D0FC23684360A36983602046BDE8BE
:106EF000104000F0C9BC73B506460C461546FFF7B6
:106F0000E1FD019050B90920FEF711FC4FF0FF346C
:106F100001A8FFF7E5FD204602B070BDFFF764FE53
:106F200010B1019B9869EFE70198FFF73BFE08B1AC
:106F30007F20E9E70198FFF730FE08B17820E3E70A
:106F40000CB90E20E0E721460198FFF734FF08B99D
:106F50006A20D9E729462046FFF702FF08B9162024
:106F6000D2E70198FFF728FE054620B1019B5D6935
:106F7000113D18BF012500211C20FFF727FD024607
:106F800008B96920C0E706612388012B11D0022BC4
:106F900018D00199042091F8203043F0020381F8C1
:106FA000203047F20201D560FFF730FDDDB17720D8
:106FB000AAE763888382042383750023C37563680B
:106FC0008361E6E7638800F11801838210238375EB
:106FD0000023C375231D143453F8040BA34241F856
:106FE000040BF9D1D5E70198FFF79CFE00900198BA
:106FF000FFF7D3FD20B90198846984B1204683E767
:1070000069460220EDF7E8FB10F10B0F05D00028D0
:10701000EDD00028B8BF404276E7742074E7FFF750
:10702000B0FD00283FF474AFDDE90010F5F794FAE5
:1070300004466DE730B585B005460C46F4F78CFC88
:1070400038B90920FEF773FB4FF0FF33184605B03F
:1070500030BD0CB90E20F5E72146FFF7ACFE08B9AC
:107060006A20EFE700211C20FFF7B0FC014608B9B9
:107070006920E7E705612388012B0AD0022B11D094
:1070800047F2050001AAF5F7F5FB03460028DDD01D
:10709000D8E763888382042383750023C3756368FC
:1070A0008361EDE7638800F1180283821023837502
:1070B0000023C375231D143453F8040BA34242F874
:1070C000040BF9D1DCE730B585B005460C46F4F782
:1070D00043FC38B90920FEF72AFB4FF0FF3318466E
:1070E00005B030BDFFF73EFD08B95F20F3E7002192
:1070F0000C20FFF76BFC014608B96920EBE724EA96
:10710000E4740561446101AA47F20800F5F7B2FB97
:1071100003460028E3D0DEE7F0B595B007460D46FC
:107120001446FFF7CFFC019050B90920FEF7FFFA93
:107130004FF0FF3401A8FFF7D3FC204615B0F0BD97
:1071400015B11CB90E20F1E7002CFBD1FFF70AFDA9
:1071500008B95F20EAE70198FFF72EFD28B10198F2
:10716000FFF78CFD08B90B20E0E70198FFF7C8FD99
:1071700000900198FFF724FD50B10198FFF77EFDC4
:107180000028D2D0F4F7B4FB064680B91720CDE72B
:107190000198FFF773FD0028EFD169460220EDF753
:1071A0001BFB0028E5D00028B8BF4042BEE7002105
:1071B0000820FFF70BFC014620B93046F4F7DEFB50
:1071C0006920B3E70761039675B17CB10BAB47F259
:1071D0000C0002AA0493F5F74DFB074640B1304678
:1071E000F4F7CCFB3846A1E72B46F0E72346EEE761
:1071F0003DB134B1BDF83E30042B04D0102B15D076
:107200002760346896E701232768ADF81430082F0B
:1072100028BF0827BDF83C30ADF81630109B069308
:107220003A46284605A901F089FAE9E70223ADF8B4
:107230001430BDF83C3006AFADF8163014ABADF8E5
:10724000280013E90F0087E80F002768162F28BFD2
:107250001627E5E72DE9F04F89B016461D46129F27
:107260000390019103F0400803F4007BF4F774FBF2
:10727000044638B90920FEF75AFA4FF0FF3009B03A
:10728000BDE8F08F35F4107305D1B8F1000F11D0BF
:10729000BBF1000F01D05F20EDE7FFF743FD049045
:1072A0002046FFF789FCA8B9B8F1000818BF4FF0D5
:1072B000010805E0FFF736FD0490BBF1000FEFD0A9
:1072C0002046FFF7A2FC40B12046FFF78DFC68B1D5
:1072D000A069D0E74FF00108F2E72046FFF784FCF1
:1072E0000028F5D12046FFF770FCF0E72046FFF7B5
:1072F0003EFC00284CD02046FFF754FC002847D124
:107300000FB97920B7E72046FFF731FC00284AD1B2
:107310002046FFF731FC002845D147F206092046F8
:10732000FFF720FC40B12046FFF72BFC20B1B6F55B
:10733000006F28BF4FF40066FFF771FBB04207D221
:107340002046FFF70FFC002844D0FFF768FB0646F5
:1073500047F2060399450CBF0E2322230025029312
:107360002046FFF748FC18B12046FFF754FC98BBB5
:1073700031460298FFF72AFB824600283BD10120C4
:1073800004A9EDF729FA90BBB8F1000FF0D026E080
:107390002046FFF7ECFB20B92046FFF7EDFB002865
:1073A000BBD0002FB9D039462046FFF704FD08B9FD
:1073B0006A2060E738461399FFF7D2FC08B9162017
:1073C00059E72046FFF7DDFB08B17F2053E747F27E
:1073D0000709A4E77A204EE7B8F1000F01D00B208F
:1073E00049E7022004A9EDF7F7F90028B8D00028F2
:1073F000B8BF40423FE7039B0361019B23B1324684
:107400001946006801F09AF994F8340020B1F5F7B4
:1074100025FA002284F83420BBF1000F0ED0049D21
:1074200040F040006B1C1FD04FF47A7295FBF2F5D0
:10743000ADB2B5F5167F28BF4FF4167547F20702B7
:107440009145CAF8140034D1AAF82C503A88012A80
:107450000DD0022A18D05146484605AAF5F70AFA77
:10746000034648BB06980AE74FF41675E6E77A88A4
:10747000AAF8182004228AF81A2000228AF81B2071
:107480007A68CAF81C20E6E77A880AF11C01AAF893
:10749000182010228AF81A20002207F114008AF816
:1074A0001B203A1D52F804CB824241F804CBF9D19B
:1074B000D1E7AAF81850CEE70C2806DC0A2807DD29
:1074C000B8F1000F3FF44CAF89E78C283FF4D3AEFE
:1074D0001846D0E62DE9F74F8946DDE90C7A1546C6
:1074E0001E4603F48078FFF7EDFA019058B90920A1
:1074F000FEF71DF94FF0FF3701A8FFF7F1FA384604
:1075000003B0BDE8F08F36F4A17301D05F20EFE740
:1075100027B1BAF1000F04D10E20E9E7BAF1000F4C
:10752000FAD1FFF71FFB28B10198FFF73BFB08B921
:107530008020DDE70198B8F1000F16D1FFF73CFB82
:1075400008B9730611D50198FFF7E7FA68B90198F1
:10755000FFF74AFB48B90198FFF737FB28B90198B4
:10756000FFF72EFB08B90B20C2E70198FFF7C8FB15
:107570006A46009000210198FFF762FB18B10028CD
:10758000B8BF4042B4E70198FFF7C7FA88B901983D
:10759000FFF71BFB002876D10198FFF711FB0028AD
:1075A000A5D10198FFF720FB0028A3D0019B986983
:1075B0009EE70198FFF7D4FA044627B1C168524606
:1075C0003846FFF769FA002706F0020A2046FFF75F
:1075D0000FFCA8421DD82046FFF70AFC0646002EE5
:1075E0008AD02046FFF700FC09EB070B0146324624
:1075F000584601F0A3F801983744FFF7B8FA50B1A4
:10760000BAF1000F7FF478AF21460198FFF794FAA2
:1076100072E72E46E3E70198FFF7AEFA0028EFD1B4
:10762000BAF1000F14D0B5423FF466AFB8F1000FC5
:1076300004D06A4621460198FFF702FB2046AD1BA5
:10764000FFF7CFFB04460028C0D1002F9FD053E79F
:107650006389204633446381FFF7CAFB18B921468A
:107660000198FFF769FAB5423FF446AFAD1BB8F198
:10767000000F04D06A4600210198FFF7E1FA019853
:10768000FFF76EFADEE7002736E708B5F4F78EF964
:10769000002008BD38B504460068F4F75DF90546DA
:1076A00028B90120E38843F02003E38038BDFFF7C9
:1076B00087FA0028F5D12846FFF796FAF8B1E38853
:1076C00043F00803E380A388DA0707D52846FFF7CD
:1076D000D0FAE8B1E38843F00103E380A3885B07B5
:1076E00007D52846FFF7D0FA18B1E38843F0040322
:1076F000E380B4F90600003818BF0120D6E7284619
:10770000FFF763FA0028DED0E38843F01003D9E7DF
:107710002846FFF7B3FA0028DCD12846FFF755FAD0
:107720000028D7D1DAE738B50D461446F4F714F936
:1077300028B90920FDF7FBFF4FF0FF3006E0032DCD
:1077400003D0042D03D01620F4E7006C38BD012CC3
:10775000F9D804640020F9E7431F002B03D8DFE8C1
:1077600003F00100032070477047FF2816D005DCA6
:10777000062817D0112813D048B17047B0F5817F83
:1077800010D040F21113984208BF0220704701291F
:1077900008D08B1E5942594148007047002070475D
:1077A0000220704701207047292811D00ADC0128E7
:1077B00010D0062810D0002808BF042018BF4FF0B2
:1077C000FF307047B0F58D7F08D0B0F5007FF5E74A
:1077D0000620704708207047012070474FF48070E2
:1077E0007047192812D9A0F164030C2B04D940F07A
:1077F0003A4040F42D0070476B3805283ED8DFE84A
:1078000000F01D3F031D1D3B47207047013818281D
:107810000ED8DFE800F00F11131517191B1D1F17E5
:107820002123192527272129352B13132D132F0049
:10783000002070470C207047692070470B2070476C
:107840007220704780207047162070477020704764
:10785000782070477F2070477120704768207047FC
:1078600074207047732070478C2070470D2070473C
:1078700076207047092070475F2070476F2070475F
:107880007A207047C06870474269C3681A607047C1
:1078900008B5034624301AB95A624260002008BD78
:1078A000082A28BF082200F049FFF7E708B5034679
:1078B0002C301AB9DA624260002008BD082A28BFBD
:1078C000082200F03BFFF7E738B504460D4639B112
:1078D000082A0BD01620FDF72AFF4FF0FF3038BDE5
:1078E000002AF7D18263C2630020F8E7F3F734FA85
:1078F00095E8030004F1380383E803002046FFF70E
:10790000F4F8F3F72FFAEFE773B5044608680D466D
:107910001646F4F7A3FF002801DB042E06D016203C
:10792000FDF705FF4FF0FF3002B070BD2B68204619
:1079300084F83430FFF769F900230028F4D0CDE94A
:1079400000331A4619462068FFF784FCECE708B5B7
:1079500009B1042A05D01620FDF7E9FE4FF0FF30EB
:1079600006E00B782BB1012BF5D180F848300020D0
:1079700008BD0223F9E710B5541E1B2C02D812F0E3
:10798000030405D01620FDF7D2FE4FF0FF3010BDE6
:10799000930880F84B304C3000F0D0FE2046F6E7DC
:1079A00008B509B1042A05D01620FDF7C0FE4FF036
:1079B000FF3008BD0B78003B18BF012380F8493029
:1079C0000020F6E708B509B1042A05D01620FDF716
:1079D000AEFE4FF0FF3008BD0B6880F84A30002043
:1079E000F9E770B5054614460E4631B9A2B1162026
:1079F000FDF79DFE4FF0FF3070BD002AF7D0406CC0
:107A000018B1EDF709F800236B64601CECF7FCFF7C
:107A1000686440B96920EBE7406C10B1ECF7FCFFFB
:107A20006C640020E8E72246314600F087FE002221
:107A30006B6C1A55F5E710B5134612680446042A14
:107A400028BF042208461A6004F1180100F076FEEF
:107A50000020A06110BD10B5134612680446082A24
:107A600028BF082208461A6004F1240100F066FECF
:107A7000002010BD10B5134612680446082A28BF1E
:107A8000082208461A6004F12C0100F057FE00207D
:107A900010BD37B505460024134695F84820084622
:107AA000012A18BF224601921A6801A9042A28BF98
:107AB00004221A6000F042FE204603B030BD13B528
:107AC0000446134694F84920084601921A6801A911
:107AD000042A28BF04221A6000F030FE002002B001
:107AE00010BD13B50446134694F84A200846019287
:107AF0001A6801A9042A28BF04221A6000F01EFE99
:107B0000002002B010BD10B504460846114694F896
:107B10004B309A000B689A4228BF1A460A6004F15B
:107B20004C0100F00BFE002010BDF8B5456C0E4670
:107B30001446176875B12846E1F7C8F80130B84215
:107B4000024628BF3A4629463046226000F0F6FD3C
:107B50000020F8BD3A462946304600F016FE256062
:107B6000F6E713B50446F3F7B5F878B18CB1002108
:107B70000420FEF72BFF014670B16A460920F4F796
:107B8000C1FF08B9019B236002B010BD4FF0FF3068
:107B9000FAE76FF00D00F7E76FF00B00F4E713B5AD
:107BA0000446F3F797F878B18CB100210420FEF772
:107BB0000DFF014670B16A460220F4F7A3FF08B931
:107BC000019B236002B010BD4FF0FF30FAE76FF069
:107BD0000D00F7E76FF00B00F4E713B50446F3F779
:107BE00079F868B17CB100210420FEF7EFFE014670
:107BF00060B16A4601200194F4F784FF02B010BD21
:107C00004FF0FF30FAE76FF00D00F7E76FF00B0071
:107C1000F4E773B506460D46F3F75CF898B1AEB1DC
:107C2000BDB129460420FEF7D1FE0446A0B12A4684
:107C30003146006800F082FD6A4621460420F4F7D0
:107C400061FF02B070BD4FF0FF30FAE76FF00D003A
:107C5000F7E76FF01500F4E76FF00B00F1E707B5F9
:107C6000F3F738F860B100210420FEF7AFFE0146BB
:107C700048B16A460520F4F745FF03B05DF804FB00
:107C80004FF0FF30F9E76FF00B00F6E707B5F3F7B9
:107C900021F860B100210420FEF798FE014648B1AA
:107CA0006A460820F4F72EFF03B05DF804FB4FF09E
:107CB000FF30F9E76FF00B00F6E770B504460E46AB
:107CC00000F025F80546206808B1FEF7A6FE48F248
:107CD00002039E4218D048F209039E4214D048F293
:107CE00001039E420BD16B684BB104F1140204F105
:107CF000380152F8040B8A4243F8040BF9D12046AC
:107D0000BDE8704000F005B863696B60F7E7C068D4
:107D100070470269C3681A60704708B1EBF78EB804
:107D20007047704740B1C368587810F001001EBF1B
:107D30001878B0FA80F040097047EFF311832023E0
:107D400083F31288BFF36F8FFEE710B543690446D3
:107D500033B90020E268537843F00103537010BD3B
:107D600098470028F5D00028B8BF4042FF28A8BF98
:107D7000FF20E3681870EDE700F007BD00F0DEBCFF
:107D80002DE9F04F054689B0DDE9126805924346BA
:107D9000324606A80F4605F1140A00F0F6FADDE9AE
:107DA0000634CDE90234EFF311844FF0200989F352
:107DB0001288BFF36F8F05F10C0B39462846059AE0
:107DC000149B984730B184F31188BFF36F8F09B0CB
:107DD000BDE8F08F56EA0806F5D0DDE9022306A8D3
:107DE00000F0F7FADDE906685A4621465046CDE92B
:107DF0000068F5F7C1FEEFF3118489F31288BFF331
:107E00006F8FDAE710B400F10C04C0E9034410BC32
:107E1000F9F7A6BC38B50446EFF31185202383F3A8
:107E20001288BFF36F8FF9F74FFC04F10C0000F0DC
:107E30000AFA30B1294604F11400BDE83840F5F7DC
:107E40002FBF85F31188BFF36F8F38BD41698368F9
:107E500043EA010212F003020FD1C2600269013A43
:107E600001FB023382689A4201D900207047C26840
:107E70001A604269C3609B1AF4E76FF015007047FF
:107E8000202408B5EFF3118384F31288BFF36F8FBA
:107E9000FBF7B8FEF6E790F90E308B4201D0F5F70C
:107EA0008DBE0020704703460020C3E90033C3E9BC
:107EB00002007047D0E9003213605A600023427B11
:107EC000C0E9003322F002024273836070472DE95B
:107ED000F843914604460D469DF8202000F108071E
:107EE000EFF31186202181F31288BFF36F8F02B167
:107EF0004568D4F80880474518D0B8F1000F15D070
:107F00004046FFF7D7FF08F1180000F010FA0023F1
:107F10004046C8F8B030C8F8109000F035F938463F
:107F20003146F5F7BDFE0020BDE8F883A3B1082077
:107F3000F6F760FC002838D00122C0F804900260F7
:107F4000016801F003015DB922680A4302606268BA
:107F500020606AB960600BE04846C9F80030EFE77E
:107F60002A68032A16D80160616869B9C4E900006B
:107F7000042104F1100000F074FB0028CFD186F337
:107F80001188BFF36F8FCFE70A6802F00302024344
:107F90000A60DFE722F003020A4302602A6802F067
:107FA000030240EA02032B60E2E76FF00B00E6E712
:107FB00010B5044630B10268930703D0446809B194
:107FC00000F093FB204610BD012307B5009300236A
:107FD0000A461946FFF77BFF03B05DF804FB5AB170
:107FE0008A4209D300F11003C0E90212C0E900007F
:107FF000C0E90433002070476FF01500704701237B
:1080000002688B4022EA0303036022FA01F000F0C9
:108010000100704710B5032104460C30FFF7EFFF55
:1080200030B104F1100000F082F9B0FA80F040099C
:1080300010BD20B10022C430114600F03EB9704797
:1080400073B50446EFF31185202383F31288BFF341
:108050006F8F0023A0F11006032104380193FFF76E
:10806000CEFF28B1A369304601A90193F5F740FA84
:1080700085F31188BFF36F8F02B070BD13B5019007
:108080000846EFF31184202383F31288BFF36F8F28
:1080900001A9F5F72DFA84F31188BFF36F8F02B0B1
:1080A00010BD10B5FFF7EAFF041E08DDEFF31180E5
:1080B000202383F31288BFF36F8FF5F721FE20464C
:1080C00010BD38B530220D460021044600F05DFB9E
:1080D0004FF480736560E36038BDC0E900000020A4
:1080E0007047EFF30580003818BF012070477830E3
:1080F0007047002310B58B4202D10020136010BDE1
:10810000C45CAA2CF9D10133F5E70A46D0E927016E
:10811000FFF7EFBFD0E9003213605A600023C0E9D7
:108120000033704708B5FFF7F5FF437B23F00203E8
:1081300043730023836008BD38B504460D46F5F748
:1081400023FC637B43F002036373E5B1A5602B68F6
:108150009D4209D16B68C4E900531C606C6012E059
:108160006A689A42F6D01B68002BF3D094F90E206F
:1081700093F90E108A42F3D09142F1DD5A68C4E9B6
:10818000003214605C6038BD10B5EFF31184202319
:1081900083F31288BFF36F8FF5F7B4FB84F3118874
:1081A000BFF36F8F10BD08B5EFF31181202282F36A
:1081B0001288BFF36F8F83680BB1FFF7B3FF81F3B2
:1081C0001188BFF36F8F08BD014610B5EFF311841E
:1081D000202383F31288BFF36F8F437B13F0280FA4
:1081E0000AD183680BB1FFF79DFF4B7B084623F054
:1081F00004034B73F5F786FB84F31188BFF36F8F8D
:1082000010BD01211838FFF7DFBF08B50346EFF3B3
:108210001181202282F31288BFF36F8F006883429E
:1082200007D008B1FFF77EFF81F31188BFF36F8F8E
:1082300008BD0020F8E710B5FFF7B5FFBDE8104016
:10824000183000F074B838B5054604680020AC4218
:1082500000D138BD002CFCD02046FFF7ECFF2046B3
:10826000FFF792FF2C680120A542F1E738B50446DC
:108270000D46F5F7EDFDB5F1FF3F08BFB4F1FF3F47
:108280000246204618D000204FF47A7447F6FF7358
:108290000146C2FB0431B3F5004F71F100020BD36C
:1082A0006FF400429A4243F6FF728A4132BF6FF088
:1082B0000040D80B40EA414038BD38B5EFF3118596
:1082C000202383F31288BFF36F8F0468A04213D07A
:1082D000A4B1C4F8B01022612046FFF723FF04F1D7
:1082E000180000F024F82046F5F70CFB012085F378
:1082F0001188BFF36F8F38BD0020F8E72046F6E7FE
:1083000008B50246F5F7BAFF70B1D0E904319B1AFF
:1083100061EBE272B3F1004F72F1000104DA002A5E
:10832000ACBF1846002008BD6FF00040FBE70246D6
:1083300038B5EFF31185202383F31288BFF36F8FD5
:108340000368CBB1F5F79AFF04461046F5F7A8FF8E
:1083500000224FF000438442C0E9042306D1F5F720
:1083600095FFFFF7CDFF0021ECF776F9002085F3AC
:108370001188BFF36F8F38BD6FF01500F7E708B5B0
:10838000F6F79AF808BDF6F797B8B3F1FF3F08BFC4
:10839000B2F1FF3F70B504461D46164613D01A438E
:1083A00015D06FF001024FF0FF33921B63EB050114
:1083B000002904DAF6F780F8821941EB0501C4E9D7
:1083C0000021204670BD4FF0FF321146F7E7002232
:1083D000FBE7B3F1FF3F08BFB2F1FF3FF8B5074637
:1083E00016461C4610D054EA020311D0F6F764F882
:1083F000B0420A46A14103460AD2F31A64EB0204D2
:10840000C7E900343846F8BD4FF0FF331C46F7E7A4
:108410000023FBE70023C0E9081200F11802C0E9BD
:108420000622C0E9003303634363704710B5044676
:10843000FFF77DFFA8B9636A0BB12046984704F1A6
:108440001800FFF7E2FE60B1FFF79EFEEFF3118028
:10845000202383F31288BFF36F8FBDE81040F5F738
:108460004FBC10BD70B5D0E90034984209D044B17A
:10847000A568EDB115F9526C12F9525CB54208D0FD
:1084800007DDC1E900042160416010E0A342F8D09B
:108490001B68002BF5D09A6862B112F9522CAA42DF
:1084A000F4D0F3DD5A68C1E900321160596070BD43
:1084B000AB7BFFDE937BFCE72DE9F84F00250F46F1
:1084C0001446984601462E464FF0200AA946BD4262
:1084D00002DB3046BDE8F88FEFF3118B8AF3128888
:1084E000BFF36F8F4B7B03F03F03082B09D853B1C9
:1084F000013B072B07D8DFE803F0281C06220606FD
:10850000062E102B2DD0B8F1000F3BD12378002B75
:1085100038D04B7B03F03F03082B3AD8002B3AD0DE
:10852000013B072B37D8DFE803F03F3936393636C1
:1085300036420B699B68002BE5D0022317E00B69DC
:108540001B68002BDFD0042311E00B699B68002B14
:10855000D9D001230BE00B691B6A002BD3D0102369
:1085600005E00B69DA895B899A42CCD02023CA687E
:10857000C1F80890C2F38630034363F39432CA60B3
:1085800084F800908BF31188BFF36F8F013514319D
:108590009DE7102B0FD08C600136F3E72246086967
:1085A0001030FFF75FFFF6E722460869F9E7086930
:1085B00022462430F5E7086922462C30F1E72DE900
:1085C000F041846805460E46D4B16378012B22D170
:1085D00014F8533C9A0711D5A4F160073846FFF709
:1085E0002AFE082E0CBF6FF003030023236514F846
:1085F000533CDB0602D13846FFF7C6FD002323704B
:108600000020EB68A860C3F38632164366F3943308
:10861000EB60BDE8F081022BF0D12378002BEDD088
:1086200054F8048CB8F1000FE8D004F11400FFF7FF
:108630007EFE0023A4F1140739464046E362FFF7AB
:108640001DFDDBE710B500245205090201F47C5141
:1086500002F400120A43017B84600A43C0E9032349
:1086600010BD38B5EFF31185202383F31288BFF3D3
:108670006F8F0468A04211D0D4E9003213605A60B1
:1086800000232046C4E90033FFF799FF85F31188E2
:10869000BFF36F8F201E18BF012038BD0024F5E7FF
:1086A0000023C0E9000083607047002383607047A7
:1086B00083680B60C36813607047043270B504466A
:1086C0000ED2EFF31185202686F31288BFF36F8F49
:1086D00041F00401984785F31188BFF36F8F08B903
:1086E000002070BD40F8044BFBE720B1011F50F89B
:1086F000040CFFF78FBB70470A220021F6F7F8BF82
:10870000C9B20346024410B59342184601D1002075
:1087100003E0047801338C42F6D110BD01390244E4
:1087200010B5904201D1002005E0037811F8014F07
:10873000A34201D0181B10BD0130F2E70A44431ECA
:10874000914200D1704710B511F8014B914203F8E6
:10875000014FF9D110BD884210B501EB020402D9D6
:108760008442234607D8431EA14208D011F8012BAA
:1087700003F8012FF8E7024401468A4200D110BDF8
:1087800013F8014D02F8014DF7E702440346934206
:1087900000D1704703F8011BF9E738B502FB01F57A
:1087A0002946F6F799F9044618B12A460021FFF741
:1087B000ECFF204638BD9368013B002B936010B45A
:1087C00007DA9469A34201DB0A2902D110BCF7F74A
:1087D00095B91368581C10600846197010BC704792
:1087E000F8B506460F461446D518AC4201D1002014
:1087F00007E03A4614F8011B3046FFF7DCFF431C44
:10880000F3D1F8BD2DE9F04F89B0002B1D46144679
:10881000BABF03F1004314460023149ABCBF1D469F
:108820002D23DDE91598DDE9126B28F0200A13707D
:10883000BAF1460F05D0BAF1450F00D10136022337
:1088400000E0032307AA049206AACDE90036CDE989
:1088500002922B462246E1F737FCB8F1670F074634
:1088600019D11BF0010F0ED007EB060800220023E0
:1088700020462946E0F708F908B1CDF81C803022DF
:10888000079B434521D3079B3846179ADB1B136090
:1088900009B0BDE8F08FB8F1470FE2D0BAF1460F4A
:1088A00000EB0608E2D10378302B0AD10022002326
:1088B00020462946E0F7E8F818B9C6F10106C9F8DC
:1088C0000060D9F800309844D0E7591C07911A701D
:1088D000D6E7F7B500290270BABF49422D232B23F2
:1088E0000929437028DD0DF107030A271D461A46A2
:1088F000013BB1FBF7F607FB1614303402F8014CCC
:108900000C463146632CF2DC3031941E03F8011C16
:10891000411C2346AB420AD30DF109039B1AAC421A
:1089200088BF002302330344181A03B0F0BD13F8C4
:10893000016B01F8016FEDE7302330318370031DC7
:10894000C170F1E72DE9F047164698468A68074658
:108950000B690C46DDF820909342B8BF1346336094
:1089600091F843200AB1013333602368990642BF6E
:10897000336802333360256815F0060506D104F12B
:10898000190AE36832689B1AAB422BDC94F8433037
:108990002268003B18BF0123920630D404F1430241
:1089A00041463846C847013023D023681A3454F86A
:1089B0000A2C03F00603042B0ABF54F80E5C0025B2
:1089C00033684FF0000608BFED1A54F8123C08BF98
:1089D00025EAE5759342C4BF9B1AED18B5421AD13A
:1089E000002008E00123524641463846C84701307E
:1089F00003D14FF0FF30BDE8F0870135C1E7E11842
:108A00005A1C30200233224481F8430094F8451068
:108A100082F84310C2E70123224641463846C84740
:108A20000130E6D00136D9E710B50C46B1F90E1089
:108A3000F8F770FC0028ABBF636DA3891B1823F403
:108A40008053ACBF6365A38110BD002070472DE942
:108A5000F0411F468B8905460C46DB05164605D5B9
:108A600002230022B1F90E10F7F758FCA389324611
:108A7000B4F90E10284623F48053A3813B46BDE889
:108A8000F041F7F78DB810B50C46B1F90E10F7F7B5
:108A900045FC431CA38915BF606523F4805343F450
:108AA0008053A38118BFA38110BDB1F90E10F7F751
:108AB000F5B8C9B20346184613F8012B12B18A4221
:108AC000F9D17047002918BF00207047034611F8FC
:108AD000012B03F8012B002AF9D1704710B56AB1B8
:108AE0000139841810F8012B11F8013F9A4203D183
:108AF000A04201D0002AF5D1D01A10BD1046FCE7E3
:108B00000139034610B532B111F8014F013A03F8AB
:108B1000014B002CF7D11A440021934200D110BD23
:108B200003F8011BF9E70246014410B58A421346D7
:108B300003D01C780132002CF8D1181A10BD70B582
:108B40000E461446054611463046FFF7ECFF8442B8
:108B5000034601D8325C32B921463246284600F03D
:108B600026FB044610B90024204670BD421B00219C
:108B70002846FFF7C5FD0028F5D1F5E738B50346CF
:108B80000C4669B9BDE83840FFF793BF431C054662
:108B900021461846FFF78DFF0028F7D1284638BD3B
:108BA0000025F5E70A7870B56AB970BD9A4209D117
:108BB0000C46054614F8013F002BF6D015F8016F5E
:108BC0009E42F7D001300378002BEFD11846ECE736
:108BD0002DE9F04190460F46F7F70EFF04460D468B
:108BE000B8F1000F11D0C7F30A53C3F16B03002B88
:108BF0000BDD1B05002403F17F55224605F54015CA
:108C00002B46DFF7D9FC04460D4620462946BDE831
:108C1000F081F6F7EFBCF6F713BE30B514469BB003
:108C200005461A46002C05DA8B2303604FF0FF300F
:108C30001BB030BD4FF40273009104916946ADF84A
:108C40000C3014BF04F1FF332346029305934FF613
:108C5000FF73ADF80E301E9BF7F790FF431CBCBFAF
:108C60008B232B60002CE3D0009B00221A70DFE7DF
:108C70002DE9F74F036907460C69A342C0F28380D0
:108C8000013C00F1140501F11408A30055F824205B
:108C900008EB8409009305EB8403019358F8243012
:108CA00001339A42B2FBF3F631D34FF0000AC446C7
:108CB000AE46D3465CF8043B98B2E1454FEA134315
:108CC00006FB00A04FEA104280B206FB0323DEF849
:108CD000002092B24FEA134AA2EB00029BB2DEF8E8
:108CE00000005A44C3EB224392B203EB104342EA22
:108CF00003424FEA234B4EF8042BDBD2009BEB5888
:108D00002BB9019B043B9D421A4630D33C61384647
:108D100000F0BCFA002826DB2946002058F8042B76
:108D2000D1F800C01FFA82FEC1451FFA8CF34FEA4A
:108D30001242A3EB0E030344C2EB23429BB202EBAD
:108D40001C4243EA02434FEA224041F8043BE5D289
:108D500055F8242005EB840322B9043B9D421A46B2
:108D60000BD33C610136304603B0BDE8F08F12688A
:108D7000043B002ACAD1013CC5E71268043B002A23
:108D8000EFD1013CEAE70020EEE7B1F90C20F8B59D
:108D9000170705460C4656D44B68002B02DC0B6CBB
:108DA000002B3DDDE66A002E3AD0002312F48052FB
:108DB0002F68216A2B6025D0626DA389580705D5DD
:108DC0006368D21A636B0BB1236CD21A216A002339
:108DD000E66A2846B047411C24D00023636023691B
:108DE0002360A389DA0400D56065616B2F60B9B197
:108DF00004F14403994202D02846F5F723FE0023EC
:108E000063630DE001232846B047461C0246D4D1D7
:108E10002B68002BD1D01D2B01D0162B29D12F6010
:108E200000202DE02A68B4F90C3042B11D2A01D08F
:108E3000162A20D10023636023692360D5E762608E
:108E400022692260CEE70F69002FE9D093070E68F0
:108E50000F600CBF4B690023F61B8B60002EDFDD1B
:108E600033463A46216A2846D4F828C0E04700280D
:108E700007DCB4F90C3043F040034FF0FF30A3811E
:108E8000F8BD0744361AE9E770B568234D1E0E4653
:108E90005D4305F17401F5F71FFE044640B1002162
:108EA00005F16802C0E900160C30A060FFF76DFC08
:108EB000204670BD2DE9F8430646884600F1480477
:108EC0000027D4E90195B9F1010905D52468002CE2
:108ED000F7D13846BDE8F883AB89012B07D9B5F93E
:108EE0000E30013303D029463046C047074368356A
:108EF000E9E703694A11B3EB611F2DE9F04304DC94
:108F0000002303610023436131E000F1140411F0F8
:108F10001F0104EB830604EB82050CD100F110075E
:108F20002946B14231D39B1AEA1E9B00964238BFB4
:108F30000023234415E054F82270C1F1200805F104
:108F4000040EA146CF407645F44612D89A1A013550
:108F50009200043AAE4238BF0022A318A75007B1CE
:108F600004331A1BA3424FEAA2020261CAD0BDE831
:108F7000F083DCF800C00CFA08FC4CEA070749F85B
:108F8000047B5EF8047BCF40DDE751F804CB47F863
:108F900004CFC6E7A0F13003092B02D82038C0B2B5
:108FA0007047A0F16103052B01D84738F7E7A0F11E
:108FB0004103052B01D82738F1E700207047C2F1A3
:108FC0000802920070B5C2F120064368046803FAF3
:108FD00006F5D3402C43046040F8043F8842F4D3A4
:108FE00070BD0368013330B511F8014B14B903604B
:108FF000012030BD13F8012BA2F14105192D98BFB6
:109000002032A242F0D00020F3E70B6801682DE97E
:10901000F04F5E1113F01F034FF0000587B002EB15
:10902000860682469046AB4618BF043601930295E9
:10903000371F46F8045CB9463C464B1C4A780393FC
:1090400042B3104605910492FFF7A4FF002851D1C6
:10905000049A0599202A18D8029B9B4513DD4C459C
:1090600006D2072D04DC2A4649462046FFF7A7FF13
:10907000444551D90023A4F10409CDF808B044F8BF
:10908000043C1D464C460399D7E7292A56D10231A4
:10909000CAF80010BBF1000F50D04C4506D2072D86
:1090A00004DC2A4649462046FFF789FF444535D966
:1090B000A8F10402234653F8041B9F4242F8041F00
:1090C000F9D23B1B033E0134002223F00303043397
:1090D000B44288BF0423434443F8042B9F42FBD28D
:1090E0003B681BB9474527D101233B60052007B0EA
:1090F000BDE8F08F01350BF1010B082D05DD44456E
:10910000C1D90023043C01252360226800F00F0030
:1091100040EA02102060B6E70825B4E7019B002B67
:10912000DED0C3F120034FF0FF32DA4056F8043CA2
:10913000134046F8043CD3E7043FD1E70420D6E7C8
:1091400070B50C46B1F90E1096B0154600291E46B2
:109150000CDAA389002113F0800F14BF40234FF4D1
:109160008063002031602B6016B070BD6A46F8F74E
:10917000E9F80028EDDB019901F47041A1F50053F5
:10918000594259414FF48063EBE782B001B901A91C
:1091900042B14BB113780B601278101E18BF01203A
:1091A00002B070471046FBE76FF00100F8E72DE9C9
:1091B000F0419BB1C91A1778044603F1FF3C014402
:1091C0008C42204601D9002008E005780134BD42D8
:1091D000F6D10CEB0405D618A54201D1BDE8F0810B
:1091E00015F8018D16F801EDF045F5D0E8E7B0F57A
:1091F000803F034636BF030400201020B3F1807F78
:109200003CBF1B020830B3F1805F3CBF1B01043040
:10921000B3F1804F03D3002B0ADB013070479B0072
:1092200001D5023070475B0001D503307047202024
:1092300070470368024613F007000BD0D90721D40A
:10924000980747BF5B0801209B0802204CBF1360B2
:109250001360704799B209B91B0C1020D9B209B933
:1092600008301B0A190704BF1B090430990704BF03
:109270009B080230D90703D45B0800F1010003D03A
:1092800013607047002070472020704703460A692A
:109290000069801A30B50ED11433143103EB820407
:1092A00001EB820154F8045D51F8042D954203D07E
:1092B00005D24FF0FF3030BDA342F3D3FBE70120CE
:1092C000F9E72DE9F04F85B0CDE9001002A9F7F7D5
:1092D000B3FB8B4606460F46009803A9F7F7ACFB95
:1092E000019B89460D4619690446009B30461B695F
:1092F000C91ADDE902329B1A03EB4113002BDBBFD5
:10930000C3EB03332A463A4602EB0359C8BF02EBCC
:10931000035B22464B465946DFF778FA05B0BDE8B5
:10932000F08F013902F11403491170B5013114694C
:10933000051F00EB810103EB8404A3420CD3A31AA5
:109340001132113B23F00303A24288BF00231844CB
:109350000023884205D370BD53F8046B45F8046FB1
:10936000EBE740F8043BF4E700F114024B1100690D
:10937000984210B511DB0ADD11F01F0107D052F839
:10938000234024FA01F000FA01F18C420BD102EBE8
:109390008303934203D8002010BD0346F7E753F838
:1093A000041D0029F5D00120F6E7F8B5074615465B
:1093B0000C4621B91146BDE8F840F5F78DBB22B93E
:1093C000F5F740FB00242046F8BD00F043F9A84221
:1093D000F9D229463846F5F77FFB06460028F1D03A
:1093E00021462A46FFF7AAF9214638463446F5F7C2
:1093F00029FBE8E72DE9F0471F468E6882460C46B8
:10940000BE4290460B682DD8B1F90C2012F4906F33
:1094100026D06569096905EB4505A3EB01097B1CAD
:1094200005EBD5754B446D109D4238BF1D46530565
:1094300027D52946F5F750FB064660B34A46216911
:10944000FFF77CF9A38923F4906343F08003A381A1
:1094500026614E446561A5EB090526603E46A56080
:10946000BE4200D93E46324641462068FFF773F9B6
:10947000A36800209B1BA360236833442360BDE8DE
:10948000F0872A46FFF791FF06460028E0D12169C0
:109490005046F5F7D7FA0C234FF0FF30CAF80030EA
:1094A000A38943F04003A381E9E738B54B1C144678
:1094B00003D14FF0FF35284638BD9389CDB223F054
:1094C000200393815368526B8AB1A26B9A4208DDE4
:1094D00023685A1E226003F8015C636801336360ED
:1094E000E9E7214600F072F80028F1D0E1E72169B0
:1094F000226841B1914206D212F8011CA94202D160
:10950000013A2260EAE7C4E90F2304F144036363EC
:109510000323A363234603F8465F23600123DEE7AA
:1095200010B50C46496B69B104F14403994201D06E
:10953000F5F788FA0020236C6063636013B1E36B76
:10954000236010BD23694FF0FF3023600023636068
:10955000A38943F02003A381F3E770B50B78044699
:1095600001385E2B04F1FF0513BF4A1C8A1C4B789F
:10957000002108BF012100F8011FA842FBD10BB94F
:10958000501E70BD81F001011046E154024612F8F0
:10959000015B2D2D05D05D2D16D0002DF1D02B4671
:1095A000F2E746785D2EFAD0B342F8DC02301A4674
:1095B00001329642A154FBDCF21A5D1C013AB3421F
:1095C000A8BF0022AB18E1E71046DAE72DE9F04129
:1095D0000C46496B04F1440399421AD14FF480615F
:1095E000F5F77AFA18B94FF0FF30BDE8F0814FF483
:1095F0008063606300F2FD30A36394F846308370AB
:1096000094F84530437094F8443003702060002093
:10961000EBE7A66B77003A46FFF7C7FE0546002842
:10962000E1D000EB0608014632464046FFF786F8D7
:10963000C4F80080C4E90D57E9E70346084641B184
:10964000FF2A04D98A224FF0FF301A6070470120A8
:109650000A70704751F8043C181F002BBCBF0B5810
:10966000C0187047A6F6FD7F0100000049280200DF
:1096700000000000B92B020000000000D92B0200FE
:1096800000000000F92B0200000000002D2E020057
:1096900000000000498F02000000000000000000F0
:1096A000709703000DD00200000000004DD00200B2
:1096B000000000000000000094970300000000007C
:1096C000B897030000000000DC9703006D3A020029
:1096D00000000000F944020000000000A9E10100C0
:1096E00000000000B9470200000000000000000078
:1096F0004C970300813C0300000000003B66030020
:109700000000000005E8020000000000000000006A
:1097100000980300DD61030000000000C5FC0100AB
:1097200000000000ED42030000000000A98E0200CE
:109730000000000005510200000000006B61030002
:1097400000000000C56103000000000087DC03008A
:109750000000000054C900206ECC00206CF30020F3
:109760000D4C02000000000000000000000000009E
:109770000CDB0300E8A60300709A030064CC002011
:1097800088F1002001380200000000000000000005
:10979000DCA60300D3DB03002CA703004C9A0300D4
:1097A0006ACC0020FCF10020113E02000000000005
:1097B0000000000020A7030037DB030000000000CA
:1097C0002C9A030066CC002000000000C952030060
:1097D000000000000000000000A703000CDC0300F4
:1097E00050A703008C9A03006CCC002030C90020E5
:1097F0009D410200000000000000000044A703009B
:10980000A1DB030000000000349A030068CC0020B4
:1098100000000000FD3A020000000000000000000F
:109820000CA7030000000000E53B0300000000005F
:10983000E53B030000000000E53B030000000000E2
:10984000E53B030000000000E53B03007DA20200B1
:109850002F68030000000000E53B0300000000004B
:10986000E53B0300DC970300DB550300000000002C
:10987000E53B030000000000E53B030000000000A2
:10988000E53B030000000000E53B03000000000092
:10989000E53B030000000000E53B03000000000082
:1098A000E53B030000000000E53B03000000000072
:1098B000E53B030000000000E53B03000000000062
:1098C000E53B030000000000E53B03000000000052
:1098D0008945020000000000E53B03000000000095
:1098E000E53B030000000000E53B03000000000032
:1098F000E53B030000000000E53B03000000000022
:10990000E53B030000000000E53B03000000000011
:10991000E53B030000000000E53B03000000000001
:10992000E53B030000000000E53B030000000000F1
:10993000E53B030000000000E53B030000000000E1
:10994000E53B030000000000E53B030000000000D1
:10995000E53B030000000000E53B030000000000C1
:10996000E53B030000000000E53B030000000000B1
:10997000E53B0300B5AA02002F68030000000000C9
:10998000E53B030000000000E53B03000000000091
:10999000E53B030000000000E53B03000000000081
:1099A000E53B030000000000E53B030075A8020052
:1099B0002F68030000000000E53B030000000000EA
:1099C000E53B030000000000E53B03000000000051
:1099D000E53B030000000000E53B03000000000041
:1099E000E53B030000000000E53B03000000000031
:1099F000E53B030000000000E53B03000000000021
:109A0000E53B030000000000E53B03000000000010
:109A1000E53B030000000000E53B03000000000000
:109A2000E53B030000000000E53B0300B5520300E6
:109A30000000000077530300BD3B0200253B0200FD
:109A4000CD3A020043530300BD3A0200913C0200AC
:109A5000B3530300BF530300D3530300DD5303008C
:109A6000E7530300593E0200FB53030000000000CF
:109A70005938020023520300835203000000000003
:109A8000C1510300000000000000000081540300E9
:109A9000E94002007354030081560300A7540300F9
:109AA000CF54030003550300135503004155030031
:109AB0004D5503001355030031550300595503005C
:109AC0006755030075550300AB550300AF55030000
:109AD0000000000001000000314C02005D4F020058
:109AE000A4C203000300000016DD03000300000011
:109AF00014BF03000300000029DB03000300000083
:109B000047BC0300030000002FBE03000300000059
:109B1000D6E603000300000060F903000300000024
:109B20008FF40300030000002EF90300030000007F
:109B3000ACF7030003000000E1F4030003000000A1
:109B400033EE0300030000001FD5030003000000F4
:109B5000B1C2030003000000C9DB030003000000E2
:109B600023F403000300000044F40300030000009A
:109B700031F4030003000000D9DA03000300000001
:109B80006CC003000300000050DA03000300000073
:109B90007BC00300030000007FC00300030000003F
:109BA000B8DD03000300000017AD03000300000050
:109BB000DCDA03000400000029FC030003000000BD
:109BC00048EA0300030000007FE6030003000000F2
:109BD000C8D9030003000000BEDA03000300000040
:109BE000C6DA03000300000058DC03000300000095
:109BF00078FD03000300000057DA030003000000B3
:109C000061DA030003000000A3DA03000300000090
:109C10007CDA03000300000089DA0300030000007F
:109C200095DA0300030000006DDA03000300000072
:109C300026CC0300030000002CCC0300030000002E
:109C4000D5DA0300030000001CDC03000300000061
:109C5000ABDA0300030000009CA20300E8EF002041
:109C600040CC03000000000037CC0300E8C800200F
:109C70006CEC0020C4C800200200000020A20300F9
:109C800068EC002034A203005CCD00202CCC030043
:109C900080D50020602A012008A3030004A003004F
:109CA00074A1030034A10300C8A1030088A203002B
:109CB000E0A20300E0A003001CA803001CA3030013
:109CC000CCA20300B8A20300F4A20300000000002D
:109CD0000000000000000000000000000000000084
:109CE000E8C20300EFC2030000000000B1F1010070
:109CF00000000000E3C40300EDC403000000000006
:109D000035F20100030000000CC5030013C5030079
:109D1000F4A003002B2B0300000000001EC303006F
:109D200024C3030000000000CDF101000200000088
:109D3000A4DA03003FC503006C9D0300000000008F
:109D400000000000AAC30300B1C30300000000002C
:109D5000A98F01000101000008C4030010C4030022
:109D6000000000001DF201000000000000000000E3
:109D700000000000000000000000000000000000E3
:109D800011C8030016C80300000000004DF50100D3
:109D9000020000002EC6030033C6030000000000CE
:109DA000D9F2010000000000B0C70300B7C70300EC
:109DB00000000000F1F4010002000000D4C603001E
:109DC000DBC6030000000000C5F301000000000036
:109DD0004DC7030055C703000000000095F40100C3
:109DE0000200000000000000000000000000000071
:109DF0000000000000000000FFFFFFFFFFFFFFFF6B
:109E0000DEE61E28EAAC45B8025B0000DEE61E284E
:109E10004CBBCE8F025B000039B80200BDC402000B
:109E2000EDC90200196903002169030011690300EB
:109E30008B76030031CA02001D6903001569030017
:109E40005801040014DB03005B010400756E6B6EA7
:109E50006F776E00000000000000000000000000AE
:109E60000000000000000000000000001B5B4A0032
:109E7000001B5B4800001B5B324A00001B5B4A0072
:109E8000001B5B6D00001B3700001B3800001B5BD4
:109E90003F336C00001B5B4800001B5B324A000034
:109EA0001B3700001B38000000000000000000000D
:109EB00000000000000000000000000000000000A2
:109EC0000338FDD870470000BC89D897B2D29C3CBB
:109ED00033A7A8D523F649393DA7F444FD0FA53291
:109EE0009D978CCF08BA5B25436FAC642806681138
:109EF0000080E03779C34143176E05B5B5B8934686
:109F0000F5F93FE9034F384D321D30F94877825A51
:109F10003CBF737FDD4F1575000000000000F03F6F
:109F20000000000000002440000000000000594034
:109F30000000000000408F40000000000088C34087
:109F400000000000006AF8400000000080842E41FC
:109F500000000000D01263410000000084D7974148
:109F60000000000065CDCD41000000205FA002424E
:109F7000000000E876483742000000A2941A6D42C3
:109F8000000040E59C30A2420000901EC4BCD642B6
:109F900000003426F56B0C430080E03779C3414361
:109FA00000A0D8855734764300C84E676DC1AB43D7
:109FB000003D9160E458E143408CB5781DAF1544F5
:109FC00050EFE2D6E41A4B4492D54D06CFF08044D0
:109FD000F64AE1C7022DB544B49DD9794378EA44E5
:109FE0008FAF03001100000000000000E5AF030088
:109FF00011000000000000003FB303000D0000004E
:10A0000000000000A2BD0300A7BD030018A00300CC
:10A0100000000000000000001CA00300C3BD0300FE
:10A02000C9BD030000000000ADBF01000200000038
:10A03000CCE70300E8BD03000000000055BF0100AD
:10A0400002000000FEBD030007BE03000000000088
:10A05000FDBE0100020000001DBE030022BE030081
:10A06000000000009DBE0100010000003BBE030097
:10A0700041BE03000000000005C001000100000017
:10A0800000000000000000000000000000000000D0
:10A0900000000000551903006919030000000000CA
:10A0A0005919030040D100200001000027270300B8
:10A0B000D1260300020000000000000070C1030070
:10A0C00078C1030000000000000000000000000054
:10A0D00080C1030084C1030088C103008CC1030058
:10A0E000BBC20300C2C20300CC9C030000000000FE
:10A0F00000000000F8A003001BC5030020C50300FA
:10A10000000000002B2B0300000000002DC5030001
:10A1100032C5030000000000332B030000000000E4
:10A12000000000000000000000000000000000002F
:10A13000000000008CB003006AC8030048A10300BF
:10A1400000000000000000004CA103002EC6030028
:10A150007AC8030000000000A9F50100000000001B
:10A1600000000000000000000000000000000000EF
:10A17000000000005EAD03003DC9030088A103009C
:10A1800000000000000000008CA1030082F1030029
:10A190004BC903000000000045F70100000000006B
:10A1A00096F403005BC9030000000000472B030086
:10A1B000000000000000000000000000000000009F
:10A1C0000000000000000000C4CA0300CBCA030066
:10A1D000DCA1030051F8010002020000E0A103002D
:10A1E0008DCB030092CB03000000000015F90100A5
:10A1F000050200002CF40300CACB0300000000009D
:10A20000EDFB010002010000000000000000000062
:10A210000000000000000000000000003A00000004
:10A220003E0201201E00000031340300689C030040
:10A23000BCC80020589C030060A20300D4EF00209B
:10A24000640000004CA2030094EF002038D60020E8
:10A2500080000000000000006B2B030002000000E3
:10A2600043370300DCEF00203E0201201E00000007
:10A27000FDFC0100B92B0300952B0300D92B030033
:10A28000A72B03000000000058CF030021CF0300DC
:10A29000000000002D0A020001000000FB35030051
:10A2A000D3350300973703000000000000000000D2
:10A2B000000000000000000015D003001CD00300C7
:10A2C00000000000B91602000100000046D00300A3
:10A2D0004DD0030030A30300591702000101000014
:10A2E000F2D00300FAD0030000000000791602004B
:10A2F000010000000BD1030011D103005CA3030097
:10A3000000000000000000003BBE030037D1030046
:10A3100000000000251702000100000045D10300E5
:10A3200049D10300000000007B380300000000005A
:10A3300034A303006CD1030074D1030000000000BB
:10A34000DD15020001000000000000000000000018
:10A3500000000000000000000000000060A30300F7
:10A36000B8D10300C1D10300000000001D16020097
:10A3700001000000DED10300EDD1030000A40300C2
:10A3800000000000000000009DD20300A4D20300E2
:10A3900040A503000000000000000000BBD2030045
:10A3A000C1D2030000A5030000000000000000006F
:10A3B000D8D20300DFD20300C0A4030000000000D5
:10A3C00000000000EED20300F3D2030080A40300DB
:10A3D000D51602000101000006D303000CD30300D0
:10A3E00040A4030000000000000000000000000086
:10A3F000000000000000000000000000000000005D
:10A4000004A403001ED3030028D3030000000000AF
:10A41000FB3803000100000060D3030067D3030092
:10A4200000000000C7380300010000000000000029
:10A43000000000000000000000000000000000001C
:10A4400044A403009ED30300A4D303000000000033
:10A450007F380300010000001DBE0300D2D30300BB
:10A4600000000000091602000100000000000000CA
:10A4700000000000000000000000000000000000DC
:10A4800084A4030014DF0300FED3030000000000D7
:10A4900015390300010000000DC403003DD4030082
:10A4A000000000006339030001000000000000000C
:10A4B000000000000000000000000000000000009C
:10A4C000C4A4030014DF030050D403000000000004
:10A4D00069160200010000000DC4030060D40300EF
:10A4E00000000000A138030001000000000000008F
:10A4F000000000000000000000000000000000005C
:10A5000004A5030014DF03006FD403000000000063
:10A51000AD380300010000000DC4030087D4030020
:10A5200000000000493903000100000000000000A5
:10A53000000000000000000000000000000000001B
:10A5400044A5030014DF03009ED4030000000000B4
:10A55000E1380300010000000DC40300B6D403007D
:10A56000000000002F39030001000000000000007F
:10A5700000000000000000000000000000000000DB
:10A580000E000000000000000000000000C00000FD
:10A59000009803000100000000C00000004000001F
:10A5A000009803000200000000000100000200000B
:10A5B00000980300030000000000010000000700F5
:10A5C000009803000400000000000100008000006B
:10A5D00000980300050000000002010000FE0600D4
:10A5E000009803000600000000020100007E000049
:10A5F00000980300070000000080010000800600B2
:10A6000000980300080000000080010000800600A0
:10A610000098030009000000000008000000070087
:10A62000009803000A00000000000F0000800000F6
:10A63000009803000B00000000800F000060000085
:10A64000009803000C00000000800F000060000074
:10A65000009803000D00000000E00F000020000043
:10A660000098030080C500200000000006000100E3
:10A670000200000078A603000000000038DA0300A2
:10A6800002000000E0FF0F0068C5002040DA030070
:10A6900021000000E0FF032000DB030004000000B5
:10A6A00005DB03000600000029350200874B03008C
:10A6B000C34B03003F4C0300634C030015360200FC
:10A6C000CB5003000751030083510300A75103003F
:10A6D000893702005937020000000000E0A603009D
:10A6E0000100000017DB0300E1380200CD37020053
:10A6F0001DDB0300A3520300A952030023DB030068
:10A7000004A70300010000003FDB030010A70300C3
:10A7100001000000B8DB03000400000000FF00009F
:10A7200024A7030001000000DFDB0300FFFFFFFFA1
:10A7300000258440000000000000000000100340DD
:10A740000000000048A703000100000016DC030021
:10A7500000800040010000000000000070A703001E
:10A760000000D601000000009F0201209E0201208F
:10A77000008000407CA703000100000084A70300C4
:10A78000040000001B0000000E0000021A06000179
:10A790000F06000300800020E8040000E884002089
:10A7A0000020000068A5002000200000000000003C
:10A7B0000000000001000000DD500200F946020028
:10A7C000E35A03000D590300B95A0300D759030097
:10A7D000CB5A0300514E020000000000FB5B030057
:10A7E000635C030007590300F94F02002F5903006F
:10A7F000E959030059580300CB570300994C020054
:10A8000000000000000000000000000021DD030047
:10A8100026DD03002EDD03003ADD0300ADDE03007C
:10A82000B1DE030030A803000000000000000000BB
:10A8300034A80300C2DE0300C9DE030000000000EC
:10A840004155020000000000E7DE0300EFDE0300D8
:10A850000000000021550200000000000EDF030090
:10A8600018DF030000000000015502000000000096
:10A8700000000000000000000000000000000000D8
:10A880000000000020E3030032E3030044E3030080
:10A8900051E3030062E3030072E303007CE303007F
:10A8A0008FE30300A2E30300B5E303000000000010
:10A8B00056E403005CE4030062E4030068E4030080
:10A8C0006EE4030074E403007AE40300D3E70300BA
:10A8D000DEE70300DEEC030016EB0300E5EC03000B
:10A8E000C9780200616403004B640300F978020038
:10A8F0008764030069790200998C0200998D020037
:10A90000B58D0200D98D020027650300298E020053
:10A9100085890200858A0200AD8A02005D8B0200F3
:10A92000918B0200E98B0200030000000900000087
:10A93000B1B7020045BD020000000000BB7C03006F
:10A94000B5C802003DCB020021DD030026DD030077
:10A950002EDD03003ADD03000000000200000001CC
:10A9600000000004000000080000001004100000B7
:10A970000170000004700000FFFFFFFFFFFFFFFFFA
:10A98000FFFFFFFFFFFFFFFFFFFFFFFFFFFFFFFFD7
:10A99000FFFFFFFFFFFFFFFF0370000002700000DA
:10A9A00005700000067000000870000009700000CB
:10A9B0000A700000FFFFFFFFFFFFFFFFFFFFFFFF29
:10A9C000FFFFFFFFFFFFFFFFFFFFFFFFFFFFFFFF97
:10A9D000FFFFFFFFFFFFFFFFFFFFFFFF0180000002
:10A9E0001040000010600000113000001230000024
:10A9F000FFFFFFFFFFFFFFFFFFFFFFFFFFFFFFFF67
:10AA0000FFFFFFFF10300000FFFFFFFFFFFFFFFF12
:10AA1000FFFFFFFFFFFFFFFFFFFFFFFFFFFFFFFF46
:10AA2000FFFFFFFFFFFFFFFFFFFFFFFFFFFFFFFF36
:10AA3000FFFFFFFFFFFFFFFFFFFFFFFFFFFFFFFF26
:10AA400006500000FFFFFFFFFFFFFFFFFFFFFFFFBC
:10AA5000FFFFFFFFFFFFFFFFFFFFFFFF2060000082
:10AA600029FD030037FD03004BFD03005AFD0300E1
:10AA700066FD03006C9603006C960300D4960300F9
:10AA8000DC960300349703004C9703007DFD030020
:10AA9000010005009EFD03000200070083FD030086
:10AAA000040008008CFD03000800040091FD030071
:10AAB00010000900BBF00300200008009BFD03000C
:10AAC00040000A00A6FD030080000600ADFD030063
:10AAD0000001000000CA002034000000CEFBFFFF90
:10AAE000CB03000001000000000000003500000062
:10AAF000CEFBFFFFCB0300000100000000000000C0
:10AB00000000000000000000000000000000000045
:10AB10000000000000000000000000000000000035
:10AB20000000000000000000000000000000000025
:10AB30000000000000000000000000000000000015
:10AB40000000000000000000000000000000000005
:10AB500000000000000000000000000000000000F5
:10AB600071F303002DC6030030CC00200500000067
:10AB7000190000007D00000077C295F360D2EF7FDE
:10AB80003552500F2CB67980EAFF7AFFF4FF436C00
:10AB90006F75642063616C6C6261636B00507562F9
:10ABA0006C69736820696E74657276616C00426CC2
:10ABB000796E6B204D5154542053616D706C652E2D
:10ABC00020426F6172643A202573202046573A2054
:10ABD000257320204275696C643A20257320257303
:10ABE000006E726639313531646B00322E302E3092
:10ABF000004D617220333020323032360032323A2A
:10AC000034303A313600427574746F6E20475049C3
:10AC10004F206E6F74207265616479004661696CC3
:10AC2000656420746F20696E697420637265646561
:10AC30006E7469616C732073746F726167652E2026
:10AC4000286572723A20256929004661696C65643D
:10AC500020746F20696E6974206D6F64656D206C5F
:10AC600069622E20286572723A2025692900556E86
:10AC700061626C6520746F207365742063616C6C15
:10AC80006261636B2E204572723A20256900436F22
:10AC90006E6E656374696E6720746F2063656C6C9B
:10ACA000756C6172206E6574776F726BE280A600BE
:10ACB0004661696C656420746F20636F6E6E6563B6
:10ACC000742E204572723A20256900427574746FA3
:10ACD0006E207072657373656400556E61626C6599
:10ACE00020746F207075626C69736820627574746B
:10ACF0006F6E2E204572723A20256900556E616292
:10AD00006C6520746F207075626C6973682E2045C5
:10AD100072723A202569006D61696E004F544120BE
:10AD200070726F67726573733A2025642525004F32
:10AD3000544120646F776E6C6F616420636F6D7037
:10AD40006C65746520E28093207265626F6F746930
:10AD50006E6720746F206170706C7920757064610B
:10AD60007465004F544120646F776E6C6F6164208E
:10AD70006572726F7220286361757365202564297E
:10AD8000004F544120646F776E6C6F616420636183
:10AD90006E63656C6C6564004F5441206E6F74691E
:10ADA0006669636174696F6E207265636569766553
:10ADB00064004E6F204F54412055524C20666F75F1
:10ADC0006E6420696E207061796C6F6164004F540D
:10ADD000412055524C3A2025730068747470733AC0
:10ADE0002F2F00687474703A2F2F004661696C65CC
:10ADF0006420746F207061727365204F5441205538
:10AE0000524C0068747470733A2F2F257300666F6C
:10AE100074615F646F776E6C6F61645F737461728D
:10AE2000742829206661696C65643A202564004DA8
:10AE300051545420434F4E4E41434B20E2809320C7
:10AE4000636F6E6E656374656420746F20426C7905
:10AE50006E6B005375627363726962696E6720740A
:10AE60006F20426C796E6B20646F776E6C696E6BCD
:10AE700020746F70696373004661696C6564207447
:10AE80006F2063726561746520646576696365200F
:10AE9000696E666F204A534F4E00746D706C004DA2
:10AEA000617220333020323032362032323A343040
:10AEB0003A3137006275696C640072786275666653
:10AEC000004661696C656420746F20736572696106
:10AED0006C6973652064657669636520696E666F69
:10AEE000005055424C49534820E286922025730079
:10AEF00044657669636520696E666F207075626C63
:10AF0000697368206661696C65643A202564004D48
:10AF100051545420434F4E4E41434B206572726F43
:10AF2000723A202564004D51545420646973636F54
:10AF30006E6E65637465642028726573756C743D0C
:10AF4000256429004D5154542053554241434B2010
:10AF50002869643D257529004661696C6564207423
:10AF60006F2072656164204D515454207061796C7A
:10AF70006F61643A202564005055424C4953482083
:10AF8000E2869020746F7069633D252E2A730064F9
:10AF90006F776E6C696E6B2F72656469726563742E
:10AFA00000496E76616C69642072656469726563DC
:10AFB00074207061796C6F616420286C656E3D252A
:10AFC0007A75290042726F6B6572207265646972CE
:10AFD0006563742072657175657374656420E286BB
:10AFE0009220257300646F776E6C696E6B2F6F749F
:10AFF000612F6A736F6E00646F776E6C696E6B2F72
:10B0000064732F00446F776E6C696E6B204453201D
:10B01000746F7069633D252E2A732076616C7565A7
:10B020003D252E2A73005265636F6E6E65637469E9
:10B030006E6720696E20256473E280A600526573F6
:10B040006F6C76696E67204D5154542062726F6B3D
:10B0500065723A2025730067657461646472696E75
:10B06000666F2829206661696C65643A2025642032
:10B07000286572726E6F3D2564290042726F6B65A0
:10B080007220E286922025733A2575006465766900
:10B09000636500436F6E6E656374696E6720746FDD
:10B0A00020426C796E6B204D5154542025733A2503
:10B0B0006420E280A6006D7174745F636F6E6E65CC
:10B0C00063742829206661696C65643A20256400F0
:10B0D0004D51545420636F6E6E6563742074696DB6
:10B0E000656F7574007A736F636B5F706F6C6C283B
:10B0F00029206661696C65643A202564006D71746D
:10B10000745F696E7075742829206661696C656466
:10B110003A202564006D7174745F6C697665282926
:10B12000206661696C65643A202564004F544120B3
:10B13000696E2070726F677265737320E28093206E
:10B14000736B697070696E67207075626C69736883
:10B15000004E6F7420636F6E6E6563746564207457
:10B160006F20426C796E6B2C20736B697070696E06
:10B1700067207075626C697368005055424C495382
:10B180004820E28692202573203D202573006D71B2
:10B1900074745F7075626C697368282920666169D0
:10B1A0006C65643A202564004E6F7420636F6E6E88
:10B1B000656374656420746F20426C796E6B2C201B
:10B1C000736B697070696E6720627574746F6E203E
:10B1D0007075626C69736800253034642D253032D7
:10B1E000642D2530326420253032643A25303264B3
:10B1F0003A25303264005055424C49534820E2868B
:10B2000092202573203D2025732028627574746F69
:10B210006E207072657373656429004661696C65A0
:10B220006420746F20636865636B20666F722063AF
:10B23000657274696669636174653A2025640043C8
:10B2400065727469666963617465206D61746368B1
:10B25000004365727469666963617465206D697322
:10B260006D6174636820E280932072652D70726F47
:10B27000766973696F6E696E67004661696C6564B3
:10B2800020746F2064656C657465206F6C64206346
:10B29000657274696669636174653A20256400505B
:10B2A000726F766973696F6E696E672043412063C0
:10B2B0006572746966696361746520746F206D6F6F
:10B2C00064656D004661696C656420746F207072FE
:10B2D0006F766973696F6E206365727469666963FE
:10B2E0006174653A20256400436572746966696318
:10B2F0006174652070726F766973696F6E696E67CD
:10B30000206661696C65643A20256400666F74612B
:10B310005F646F776E6C6F61645F696E6974282912
:10B32000206661696C65643A202564006D717474EF
:10B330005F706F6C6C00696E666F2F6D6375006473
:10B340006F776E6C696E6B2F64732F230064732F9D
:10B3500056320064732F5631002D2D2D2D2D424570
:10B3600047494E2043455254494649434154452D8F
:10B370002D2D2D2D0A4D494946617A434341314FC8
:10B38000674177494241674952414949517A3744B7
:10B3900053514F4E5A5247506775324F4369774168
:10B3A000774451594A4B6F5A496876634E4151452B
:10B3B0004C425141770A547A454C4D416B474131DB
:10B3C000554542684D4356564D784B54416E426741
:10B3D0004E5642416F5449456C7564475679626DCB
:10B3E000563049464E6C5933567961585235494664
:10B3F0004A6C633256680A636D4E6F4945647962E0
:10B400003356774D525577457759445651514445F7
:10B4100077784A55314A4849464A766233516757E8
:10B420004445774868634E4D5455774E6A41304DD8
:10B430005445774E444D340A5768634E4D7A5577DC
:10B440004E6A41304D5445774E444D34576A425010
:10B450004D517377435159445651514745774A5698
:10B46000557A45704D4363474131554543684D67B3
:10B47000535735305A584A750A5A585167553256FB
:10B480006A64584A7064486B67556D567A5A5746D5
:10B49000795932676752334A766458417846544145
:10B4A0005442674E5642414D5444456C54556B636B
:10B4B00067556D3976644342590A4D544343416997
:10B4C00049774451594A4B6F5A496876634E415106
:10B4D00045424251414467674950414443434167B3
:10B4E0006F4367674942414B336F4A485030464487
:10B4F000667A6D353472567967630A6837376374D4
:10B500003938346B497875504F5A586F486A3364EC
:10B51000634B692F7656716276594154796A62336A
:10B520006D6947624553547472466A2F5251536194
:10B5300037386630756F786D79462B0A30544D3840
:10B54000756B6A3133586E6673376A2F4576456876
:10B550006D6B7642696F5A786155706D5A6D79508E
:10B56000666A7877763630704967627A354D446D11
:10B57000674B376953342B336D5836550A41352F95
:10B5800054523564386D55676A552B6734726B3881
:10B590004B62344D7530556C586A49423074746F43
:10B5A000763044694E65774E7749527431386A4136
:10B5B000382B6F2B753364706A712B73570A5438AC
:10B5C0004B4F4555742B7A77766F2F3756334C7621
:10B5D0005379653072675442496C4448434E41790F
:10B5E0006D6734564D6B3742505A37686D2F454C56
:10B5F0004E4B6A442B4A6F324652337179480A42A5
:10B60000355430593348734C754A7657356942344E
:10B61000596C634E486C73647538376B474A3535DF
:10B6200074756B6D69386D7864415134513765328A
:10B6300052434F4676753339366A33782B55430A71
:10B64000423569504E676956352B49336C67303245
:10B65000645A3737446E4B78485A7538412F6C4AD4
:10B6600042646942335157304B745A4236617742D3
:10B670006470554B44396A6631623053487A557666
:10B680000A4B42647330706A4271416C6B643235AC
:10B69000484E37724F72466C65614A312F63746150
:10B6A0004A78515A424B54355A5074306D3953547C
:10B6B0004A456164616F307841483061686D625716
:10B6C0006E0A4F6C4675686A756566584B6E4567BD
:10B6D00056345765302B5558675643774F506A6438
:10B6E00041764262492B65306F6353334D46457650
:10B6F0007A4736754251453378446B33537A796EC5
:10B70000546E0A6A683842434E4177314674784E27
:10B71000725148757345774D467849743449376D91
:10B720004B5A39594971696F796D437A4C71396750
:10B730007751626F6F4D4451614857426645627759
:10B740007262770A714879474F30616F534371498C
:10B7500033486161647238666171553947592F7297
:10B760004F504E6B3373677244516F6F2F2F666269
:10B770003468564331434C514A3133686566345915
:10B78000353343490A7255376D3259733678743000
:10B790006E5557372F764754314D304E5041674DD7
:10B7A000424141476A516A42414D41344741315516
:10B7B00064447745422F77514541774942426A4177
:10B7C0005042674E560A48524D42416638454254EF
:10B7D00041444151482F4D423047413155644467FF
:10B7E00051574242523574466E6D6537626C354131
:10B7F000467A674169497942705939756D62626A62
:10B80000414E42676B710A686B6947397730424134
:10B8100051734641414F4341674541565239597131
:10B8200062797971464451444C4859476D6B674A77
:10B83000796B4972474631584970752B494C6C6198
:10B84000532F56396C5A4C0A7562687A45466E54C5
:10B85000495A642B353078782B374C53594B303557
:10B86000714176714679465768664651446C6E72EE
:10B870007A75425A3662724A46652B476E592B4595
:10B880006750626B365A47510A3342656259687491
:10B890004638476156306E787677756F3737782F30
:10B8A00050793961754A2F4770734D69752F58313A
:10B8B0002B6D766F69424F762F32582F716B537311
:10B8C000697352634F6A2F4B4B0A4E46745932507C
:10B8D0007742795653357543624D696F677A69557A
:10B8E000777468447943332B3657567757364C4C28
:10B8F0007633784C6648546A7543766A4849496E8F
:10B900004E7A6B744843674B51350A4F52417A491E
:10B91000344A4D504A2B47736C575948623470680B
:10B920006F77696D353769617A74584F6F4A77540C
:10B9300064774A78346E4C4367644E624F68646A39
:10B94000736E767A717648753755720A546B58570C
:10B950005374416D7A4F567979676871705A586A95
:10B9600046614833704F334A4C462B6C2B2F2B7358
:10B970004B41497576746437752B4E786535415760
:10B9800030776465526C4E384E7764430A6A4E5085
:10B99000456C707A566D625571344A5561674569D8
:10B9A0007554446B487A73784870464B564B3771E0
:10B9B000342B3633534D314E393552314E62645744
:10B9C0006873636443622B5A414A7A56630A6F79FB
:10B9D00069334234336E6A544F5135794F662B3197
:10B9E0004363655778473162515673355A756670AF
:10B9F000734D6C6A71345569302F316C76682B77D2
:10BA00006A436850346B714B4F4A327178710A3413
:10BA10005267717361684459567654483977376A6A
:10BA20005862794C65694E646438584D327739559F
:10BA30002F7437793046662F397969304745343469
:10BA40005A61347246324C4E396431315450410A95
:10BA50006D5247756E554842636E574576674A4248
:10BA6000516C396E4A456955305A736E7667632F4B
:10BA7000756268506758525234587133375A306A79
:10BA80003472376731536745457A77784135376483
:10BA90000A656D795078676359786E2F6552343432
:10BAA0002F4B4A344542732B6C564452337665799A
:10BAB0004A6D2B6B585139396232312F2B6A6835F8
:10BAC000586F7331416E58356949747265474363E5
:10BAD0003D0A2D2D2D2D2D454E44204345525449D0
:10BAE0004649434154452D2D2D2D2D00286E6F7450
:10BAF0002073657429005365727665723A202020A0
:10BB000020202025730A0054656D706C61746520D7
:10BB100049443A2025730A004175746820746F6B9C
:10BB2000656E3A202025730A0055736167653A20D7
:10BB3000637265642074656D706C617465203C741B
:10BB4000656D706C6174652D69643E0A0054656DA5
:10BB5000706C6174652049442073617665643A2095
:10BB600025730A0055736167653A20637265642026
:10BB7000736572766572203C686F73743E0A005379
:10BB800065727665722073617665643A2025730A62
:10BB90000055736167653A206372656420746F6B4A
:10BBA000656E203C617574682D746F6B656E3E0A1E
:10BBB000004175746820746F6B656E2073617665E3
:10BBC000642E0A0043726564656E7469616C73204B
:10BBD000636C65617265642E205265626F6F746973
:10BBE0006E67E280A60A00286E6F6E6529004661C6
:10BBF000696C656420746F206F70656E2073746F5C
:10BC00007261676520706172746974696F6E3A2041
:10BC1000256400466C6173682064657669636520FD
:10BC20006E6F74207265616479006E76735F6D6FFC
:10BC3000756E742829206661696C65643A202564F4
:10BC400000626C796E6B2E636C6F7564004E6F20B2
:10BC50006175746820746F6B656E2073746F7265A4
:10BC6000642E20557365207368656C6C20746F209A
:10BC700070726F766973696F6E3A00202063726527
:10BC80006420746F6B656E203C796F75722D6175E1
:10BC900074682D746F6B656E3E002020637265645E
:10BCA00020736572766572203C686F73743E202045
:10BCB00020202020286F7074696F6E616C2C2064C6
:10BCC000656661756C743A202573290020206372C3
:10BCD00065642074656D706C617465203C69643EB8
:10BCE000202020202020286F7074696F6E616C29DD
:10BCF000002020637265642073686F772020202005
:10BD000020202020202020202020202873686F77EA
:10BD10002063757272656E742076616C7565732927
:10BD20000020206372656420636C656172202020AE
:10BD300020202020202020202020202865726173D0
:10BD40006520616C6C2063726564656E7469616CFA
:10BD500073290043726564656E7469616C73206C4D
:10BD60006F616465643A0020205365727665723AAB
:10BD7000202020202020257300202054656D706C29
:10BD80006174652049443A20257300202041757470
:10BD90006820746F6B656E3A2020252E3873E28020
:10BDA000A6006372656400426C796E6B20637265F5
:10BDB00064656E7469616C206D616E6167656D6547
:10BDC0006E7400746F6B656E0053657420426C79FD
:10BDD0006E6B206175746820746F6B656E202872BD
:10BDE00065626F6F7473290053657420426C796EBD
:10BDF0006B2073657276657220686F73740074656A
:10BE00006D706C6174650053657420426C796E6B63
:10BE10002074656D706C6174652049440073686FAF
:10BE2000770053686F772063757272656E74206354
:10BE3000726564656E7469616C7300636C656172D0
:10BE400000457261736520616C6C20637265646586
:10BE50006E7469616C7320287265626F6F747329E8
:10BE60000000070E091C1B1215383F363124232A07
:10BE70002D28756E7369676E656429206368617229
:10BE8000202A207573656420666F72202525702036
:10BE9000617267756D656E742E2049742773207208
:10BEA00065636F6D6D656E64656420746F2063619A
:10BEB000737420697420746F20766F6964202A205F
:10BEC00062656361757365206974206D61792063B3
:10BED00061757365206D69736265686176696F72FB
:10BEE00020696E206365727461696E20636F6E668F
:10BEF000696775726174696F6E732E20537472690D
:10BF00006E673A2225732220617267756D656E74C3
:10BF10003A25640063627072696E74665F70616373
:10BF20006B61676500286E696C29004661696C6504
:10BF30006420746F207265626F6F743A2073706949
:10BF40006E6E696E6720656E646C6573736C792EB6
:10BF50002E2E0A004E5653206E6F7420696E69743F
:10BF600069616C697A656400436F756C64206E6FFB
:10BF700074206F627461696E20666C6173682070F2
:10BF80006172616D657465727300556E7375707062
:10BF90006F7274656420777269746520626C6F6378
:10BFA0006B2073697A6500556E61626C6520746FF1
:10BFB00020676574207061676520696E666F00494F
:10BFC0006E76616C696420736563746F7220736947
:10BFD0007A6500436F6E66696775726174696F6E2A
:10BFE000206572726F72202D20736563746F7220EA
:10BFF000636F756E7400474320446F6E65206D61FA
:10C00000726B657220666F756E64004E6F204743D9
:10C0100020446F6E65206D61726B657220666F756E
:10C020006E643A2072657374617274696E6720671A
:10C030006300256420536563746F7273206F6620FC
:10C04000256420627974657300616C6C6F6320777E
:10C0500072613A2025642C20257800646174612087
:10C060007772613A2025642C2025780066735F6E14
:10C070007673006C6F6767696E67006C6F67006C42
:10C080006F675F6D676D74004D65737361676520E1
:10C090002822257322292064726F707065642062E3
:10C0A000656361757365206974206578636565648F
:10C0B000732073697A65206C696D69746174696F46
:10C0C0006E2028257529004D6573736167652064AE
:10C0D000726F707065642062656361757365206955
:10C0E0007420657863656564732073697A65206C74
:10C0F000696D69746174696F6E2028257529001B4C
:10C100005B306D00257320005B2530386C755D2039
:10C11000005B253032753A253032753A253032755C
:10C120002E253033752C253033755D200025732F77
:10C13000003C25733E200025733A200025303278DC
:10C140002000202020007C00206D657373616765EE
:10C15000732064726F70706564202D2D2D0D0A1B85
:10C160005B306D001B5B313B33316D2D2D2D20007D
:10C170001B5B313B33316D001B5B313B33336D0057
:10C180006572720077726E00696E660064626700A5
:10C190004572726F72202564207768696C6520672C
:10C1A000657474696E67207061676520696E666F7B
:10C1B000004572726F72202564207768696C652073
:10C1C00065726173696E6720706167650073747270
:10C1D00065616D5F666C6173685F666F72776172CF
:10C1E000645F65726173652025642072616E6765A6
:10C1F0003D30782530387A7800666C6173685F77F7
:10C2000072697465206572726F72202564206F6692
:10C21000667365743D30782530387A7800666C61D5
:10C2200073682072656164206661696C65643A2098
:10C2300025640063616C6C6261636B206661696C8C
:10C2400065643A20256400427566666572207369EC
:10C250007A65206973206E6F7420616C69676E6502
:10C260006420746F206D696E696D616C20777269EE
:10C2700074652D626C6F636B2D73697A6500496E0E
:10C28000636F727265637420706172616D6574654D
:10C29000720053697A6520697320696E636F7272E8
:10C2A0006563740053545245414D5F464C415348B9
:10C2B00000666C6173685F696D67006B65726E65BF
:10C2C0006C004B65726E656C20636F6D6D616E64A2
:10C2D00073006379636C65733A2025752068772055
:10C2E0006379636C65730A006379636C6573004BF3
:10C2F00065726E656C206379636C65732E00556E94
:10C3000061626C6520746F20706172736520696E64
:10C310007075742028657272202564290A00736C78
:10C32000656570006D7300557074696D653A202500
:10C330006C6C75206D730A002D70002D2D70726568
:10C3400074747900556E737570706F7274656420C3
:10C350006F7074696F6E3A2025730A007570746986
:10C360006D653A20256C6C7520646179732C2025ED
:10C370006C6C7520686F7572732C20256C6C752041
:10C380006D696E757465732C20256C6C75207365F2
:10C39000636F6E64732C20256C6C75206D696C6CFA
:10C3A000697365636F6E64730A00757074696D6597
:10C3B000004B65726E656C20757074696D652E201A
:10C3C00043616E2062652063616C6C6564207769EF
:10C3D000746820746865202D70206F72202D2D7078
:10C3E0007265747479206F7074696F6E7300342E87
:10C3F000312E3939005A657068797220766572730A
:10C40000696F6E2025730A0076657273696F6E001E
:10C410004B65726E656C2076657273696F6E2E0067
:10C420005468697320636F6D6D616E642069732059
:10C4300064657072656361746564206173206974FA
:10C440002069732061206475706C69636174652E66
:10C450002055736520276C6F6720656E61626C657F
:10C460002720636F6D6D616E642066726F6D206C46
:10C470006F6767696E6720636F6D6D616E647320AF
:10C480007365742E0A00556E61626C6520746F20AE
:10C490007061727365206C6F672073657665726971
:10C4A00074792028657272202564290A00496E7605
:10C4B000616C6964206C6F67206C6576656C3A20EE
:10C4C00025640A00556E61626C6520746F20666990
:10C4D0006E64206C6F6720736F757263653A2025F8
:10C4E000730A006C6F675F6C6576656C003C6D6FFE
:10C4F00064756C65206E616D653E203C7365766584
:10C50000726974792028302D34293E007265626F7B
:10C510006F74005265626F6F742E00636F6C6400FD
:10C52000436F6C64207265626F6F742E0077617266
:10C530006D005761726D207265626F6F742E004BD3
:10C5400065726E656C20746872656164732E005349
:10C5500063686564756C65723A2025752073696E31
:10C560006365206C6173742063616C6C0A005468AD
:10C5700072656164733A0A004E410025732570208C
:10C58000252D3130730A00096F7074696F6E733A2C
:10C5900020307825782C207072696F726974793A2E
:10C5A0002025642074696D656F75743A20256C6C64
:10C5B000640A000973746174653A2025732C206540
:10C5C0006E7472793A2025700A00556E61626C654E
:10C5D00020746F2064657465726D696E6520756E78
:10C5E0007573656420737461636B2073697A652069
:10C5F000282564290A0A0009737461636B20736932
:10C600007A6520257A752C20756E757365642025F2
:10C610007A752C20757361676520257A75202F2027
:10C62000257A7520282575202525290A0A006C6998
:10C630007374004C697374206B65726E656C207442
:10C640006872656164732E0025702049525120255F
:10C65000303264202573287265616C2073697A65B5
:10C660002025347A75293A09756E7573656420251D
:10C67000347A750975736167652025347A75202FC2
:10C680002025347A75202825327A75202525290A17
:10C6900000257020252D33327320287265616C20AF
:10C6A00073697A652025347A75293A09756E757330
:10C6B00065642025347A75097573616765202534B2
:10C6C0007A75202F2025347A75202825327520256B
:10C6D00025290A00737461636B73004C69737420BD
:10C6E0007468726561647320737461636B20757321
:10C6F0006167652E00546872656164204944202595
:10C7000070206973206E6F742076616C69640A0012
:10C710004572726F723A5368656C6C20746872650A
:10C7200061642063616E6E6F74206265207375733F
:10C7300070656E6465640A005468726561642025E2
:10C74000702073757370656E6465640A0073757329
:10C7500070656E64006B65726E656C2074687265DE
:10C7600061642073757370656E64203C74687265D3
:10C7700061645F69643E004572726F723A53686526
:10C780006C6C207468726561642063616E6E6F7496
:10C7900020626520726573756D65640A0054687265
:10C7A00065616420257020726573756D65640A008B
:10C7B000726573756D65006B65726E656C2074686B
:10C7C0007265616420726573756D65203C74687272
:10C7D0006561645F69643E004572726F723A5368C6
:10C7E000656C6C207468726561642063616E6E6F45
:10C7F00074206265206B696C6C65640A000A2054C1
:10C800006872656164202570206B696C6C65640AD0
:10C81000006B696C6C006B65726E656C207468727D
:10C82000656164206B696C6C203C7468726561643E
:10C830005F69643E005245414459004449534142B6
:10C840004C454400646576696365733A0A005B256C
:10C85000705D002D2025730020204454206E6F64ED
:10C8600065206C6162656C733A0044657669636546
:10C8700020636F6D6D616E6473004C697374206327
:10C880006F6E666967757265642064657669636555
:10C89000730025642D253032752D25303275202505
:10C8A0003032753A253032753A253032752055547C
:10C8B000430A00496E76616C696420686F75720A7C
:10C8C00000496E76616C6964206D696E7574650AE5
:10C8D00000496E76616C6964207365636F6E640AEB
:10C8E00000496E76616C6964206D6F6E74680A0031
:10C8F000496E76616C6964206461790A00466169F9
:10C900006C656420746F2063616C63756C61746521
:10C91000207365636F6E64732073696E6365204571
:10C92000706F63680A00436F756C64206E6F7420CB
:10C9300073657420646174652025640A0044617421
:10C940006520636F6D6D616E6473005B592D6D2D95
:10C95000645D203C483A4D3A533E005B6E6F6E6515
:10C960005D005573696E6720646174612077696446
:10C9700074682025640A00496E636F72726563747F
:10C9800020646174612077696474680A005265618B
:10C99000642076616C756520307825780A005772BE
:10C9A0006974696E672076616C75652030782578CA
:10C9B0000A00696E76616C69642061646472202784
:10C9C0002573270A00696E76616C69642073697A41
:10C9D0006520272573270A00696E76616C696420DB
:10C9E000776964746820272573270A00613A733ACF
:10C9F000773A00272D61203C616464726573733E51
:10CA000027206973206D616E6461746F72790A000A
:10CA1000272D73203C73697A653E27206973206D4A
:10CA2000616E6461746F72790A006465766D656D1C
:10CA3000206C6F616420737570706F7274732073F3
:10CA4000657474696E6720627970617373206F6EAC
:10CA500020612073696E676C6520696E7374616E06
:10CA600063652E0A004C6F6164696E672E2E2E0A74
:10CA70007072657373206374726C2D7820637472A6
:10CA80006C2D7120746F206573636170650A004EB0
:10CA9000756D626572206F662062797465732072AD
:10CAA0006561643A2025640A002D2D002D6500552E
:10CAB0006E6B6E6F776E206F7074696F6E202225BB
:10CAC00073220A006465766D656D00526561642F9E
:10CAD000777269746520706879736963616C206D21
:10CAE000656D6F72790A55736167653A0A526561BF
:10CAF00064206D656D6F7279206174206164647269
:10CB00006573732077697468206F7074696F6E61E4
:10CB10006C2077696474683A0A6465766D656D2087
:10CB20003C616464726573733E205B3C7769647436
:10CB3000683E5D0A5772697465206D656D6F727924
:10CB4000206174206164647265737320776974680E
:10CB5000206D616E6461746F7279207769647468A6
:10CB600020616E642076616C75653A0A6465766D45
:10CB7000656D203C616464726573733E203C776927
:10CB80006474683E203C76616C75653E0064756D2A
:10CB9000700055736167653A0A6465766D656D204E
:10CBA00064756D70202D61203C61646472657373DF
:10CBB0003E202D73203C73697A653E205B2D7720E3
:10CBC0003C77696474683E5D0A0055736167653A35
:10CBD0000A6465766D656D206C6F6164205B6F70B3
:10CBE00074696F6E735D205B616464726573735DFD
:10CBF0000A4F7074696F6E733A0A2D65096C697417
:10CC0000746C652D656E6469616E20706172736508
:10CC10000052582072696E672062756666657220E0
:10CC200066756C6C2E007368656C6C2E7368656C31
:10CC30006C5F7561727400756172743A7E242000B5
:10CC40007368656C6C5F756172745F6261636B655C
:10CC50006E6400537562636F6D6D616E64733A0A42
:10CC6000006E6F74207465726D696E617465643AEC
:10CC70002025630A00506C656173652073706563DD
:10CC8000696679206120737562636F6D6D616E6492
:10CC90002E0A004572726F723A2072657175657363
:10CCA000746564206D756C7469706C652066756E52
:10CCB0006374696F6E20657865637574696F6E73F0
:10CCC0000A003A20636F6D6D616E64206E6F742090
:10CCD000666F756E6400546F6F206D616E792061B0
:10CCE0007267756D656E747320696E207468652057
:10CCF000636F6D6D616E642E0A0025733A20777242
:10CD00006F6E6720706172616D6574657220636F0C
:10CD1000756E740A005741524E494E473A204120E1
:10CD20007072696E742072657175657374207761B5
:10CD300073206465746563746564206F6E206E6F24
:10CD40007420616374697665207368656C6C206219
:10CD500061636B656E642E0A000A257325730053A8
:10CD600068656C6C20746872656164206572726FAE
:10CD7000723A20256400506C65617365207072659D
:10CD8000737320746865203C5461623E2062757440
:10CD9000746F6E20746F2073656520616C6C206108
:10CDA0007661696C61626C6520636F6D6D616E6444
:10CDB000732E0A00596F752063616E20616C736F6A
:10CDC0002075736520746865203C5461623E206262
:10CDD0007574746F6E20746F2070726F6D70742034
:10CDE0006F72206175746F2D636F6D706C65746503
:10CDF00020616C6C20636F6D6D616E6473206F7267
:10CE00002069747320737562636F6D6D616E6473F6
:10CE10002E0A00596F752063616E20747279207438
:10CE20006F2063616C6C20636F6D6D616E64732045
:10CE300077697468203C2D683E206F72203C2D2D50
:10CE400068656C703E20706172616D6574657220FA
:10CE5000666F72206D6F726520696E666F726D61AC
:10CE600074696F6E2E0A000A5368656C6C207375C6
:10CE700070706F72747320666F6C6C6F77696E6719
:10CE8000206D6574612D6B6579733A0A20204374B7
:10CE9000726C202B202861206B65792066726F6D83
:10CEA0003A206162636465666B6C6E707577290AFF
:10CEB0002020416C7420202B202861206B65792074
:10CEC00066726F6D3A206266290A506C65617365FF
:10CED00020726566657220746F207368656C6C20C3
:10CEE000646F63756D656E746174696F6E20666FD3
:10CEF00072206D6F72652064657461696C732E0AAF
:10CF0000000A417661696C61626C6520636F6D6DCA
:10CF1000616E64733A0A00253038583A20007C0A62
:10CF2000005072696E7473207468652068656C7057
:10CF3000206D6573736167652E001B5B2564256337
:10CF4000001B5B313B3325646D001B5B34303325A4
:10CF5000646D002D68002D2D68656C7000202D20FB
:10CF6000002020004C6F7374206C6F67733A20258B
:10CF70006C750A00416374697665207368656C6C32
:10CF8000206261636B656E64733A0A00202025326B
:10CF9000642E203A257320282573290A005B253347
:10CFA000645D2025730A0020756E6B6E6F776E20AE
:10CFB000706172616D657465723A200025733A255F
:10CFC0007325730A004563686F2073746174757309
:10CFD0003A2025730A004E6F20726573706F6E736E
:10CFE000652066726F6D20746865207465726D6966
:10CFF0006E616C2C20617373756D656420383078B8
:10D0000032342073637265656E2073697A650A0035
:10D010001B5B366E0072657476616C005072696ECF
:10D02000742072657475726E2076616C7565206F00
:10D0300066206D6F737420726563656E7420636F14
:10D040006D6D616E6400726573697A6500436F6E21
:10D05000736F6C652067657473207465726D696E9B
:10D06000616C2073637265656E2073697A65206FE9
:10D070007220617373756D65732064656661756C8C
:10D080007420696E20636173652074686520726521
:10D0900061646F7574206661696C732E2049742019
:10D0A0006D75737420626520657865637574656459
:10D0B0002061667465722065616368207465726DB5
:10D0C000696E616C207769647468206368616E675B
:10D0D0006520746F20656E7375726520636F727260
:10D0E000656374207465787420646973706C617909
:10D0F0002E00686973746F727900436F6D6D616E95
:10D100006420686973746F72792E007368656C6C43
:10D110000055736566756C2C206E6F7420556E69B2
:10D12000782D6C696B65207368656C6C20636F6D1E
:10D130006D616E64732E00436C656172207363725F
:10D1400065656E2E0072656D0049676E6F726520B1
:10D150006C696E657320626567696E6E696E6720C3
:10D1600077697468202772656D20270064656661A1
:10D17000756C7400417373756D6520383020636879
:10D180006172732073637265656E20776964746879
:10D1900020616E642073656E642074686973207307
:10D1A000657474696E6720746F2074686520746597
:10D1B000726D696E616C2E006261636B656E647383
:10D1C000004C6973742061637469766520736865C7
:10D1D0006C6C206261636B656E64732E0A00626121
:10D1E000636B73706163655F6D6F646500546F6737
:10D1F000676C65206261636B7370616365206B654A
:10D2000079206D6F64652E0A536F6D6520746572A9
:10D210006D696E616C7320617265206E6F7420732E
:10D22000656E64696E6720736570617261746520F4
:10D2300065736361706520636F646520666F72203B
:10D240006261636B737061636520616E6420646505
:10D250006C65746520627574746F6E2E20546869F5
:10D260007320636F6D6D616E6420666F72636573AA
:10D27000207368656C6C20746F20696E74657270C1
:10D280007265742064656C657465206B65792061D6
:10D2900073206261636B73706163652E00636F6CF2
:10D2A0006F727300546F67676C6520636F6C6F7289
:10D2B00065642073796E7461782E00767431303035
:10D2C00000546F67676C6520767431303020636F6F
:10D2D0006D6D616E64732E0070726F6D70740054AA
:10D2E0006F67676C652070726F6D70742E00656378
:10D2F000686F00546F67676C65207368656C6C209D
:10D300006563686F2E007374617473005368656C95
:10D310006C20737461746973746963732E00626145
:10D32000636B73706163650053657420646966663E
:10D330006572656E742065736361706520636F64E8
:10D340006520666F72206261636B73706163652034
:10D35000616E642064656C657465206B65792E0070
:10D3600064656C657465005365742074686520732A
:10D37000616D652065736361706520636F6465200E
:10D38000666F72206261636B737061636520616EAA
:10D39000642064656C657465206B65792E00726528
:10D3A000736574005265736574207368656C6C20D6
:10D3B0007374617469737469637320666F72207427
:10D3C0006865204C6F67676572206D6F64756C656A
:10D3D0002E00476574207368656C6C2073746174EB
:10D3E00069737469637320666F7220746865204C7A
:10D3F0006F67676572206D6F64756C652E00446998
:10D400007361626C65207368656C6C206563686F1E
:10D410002E2045646974696E67206B65797320619D
:10D420006E64206D6574612D6B6579732061726522
:10D43000206E6F742068616E646C656400456E6177
:10D44000626C65207368656C6C206563686F2E0084
:10D4500044697361626C652070726F6D70742E0028
:10D46000456E61626C652070726F6D70742E004441
:10D47000697361626C6520767431303020636F6D42
:10D480006D616E64732E00456E61626C652076740A
:10D4900031303020636F6D6D616E64732E004469AE
:10D4A0007361626C6520636F6C6F72656420737961
:10D4B0006E7461782E00456E61626C6520636F6CDE
:10D4C0006F7265642073796E7461782E00436F6D9E
:10D4D0006D616E6420627566666572206973207482
:10D4E0006F6F2073686F727420746F20657870613D
:10D4F0006E6420616C6C20636F6D6D616E6473206F
:10D500006D61746368696E672077696C64636172CA
:10D5100064207061747465726E3A2025730A006627
:10D520006C617368002A2A2A20426F6F74696E67E3
:10D53000204D79204170706C69636174696F6E2051
:10D5400076322E302E302D376531613434666438B2
:10D55000353639202A2A2A0A002A2A2A20557369B0
:10D560006E67206E524620436F6E6E656374205363
:10D57000444B2076332E312E312D6532613937669A
:10D58000653235373861202A2A2A0A002A2A2A20B9
:10D590005573696E67205A6570687972204F532001
:10D5A00076342E312E39392D66663866306335373C
:10D5B00039656562202A2A2A0A0072302F61313AC1
:10D5C0002020307825303878202072312F61323A8F
:10D5D0002020307825303878202072322F61333A7D
:10D5E00020203078253038780072332F61343A208B
:10D5F00020307825303878207231322F69703A2007
:10D6000020307825303878207231342F6C723A20EF
:10D61000203078253038780020787073723A2020D6
:10D62000307825303878004661756C74696E6720F3
:10D63000696E737472756374696F6E20616464726D
:10D6400065737320287231352F7063293A20307842
:10D650002530387800556E68616E646C65642049C9
:10D6600052516E3A202564002A2A2A2A2A204D5037
:10D6700055204641554C54202A2A2A2A2A00202087
:10D68000537461636B696E67206572726F722028D4
:10D69000636F6E746578742061726561206D69676F
:10D6A0006874206265206E6F742076616C696429ED
:10D6B000002020556E737461636B696E672065721C
:10D6C000726F72002020446174612041636365734E
:10D6D000732056696F6C6174696F6E0020204D4D28
:10D6E00046415220416464726573733A2030782554
:10D6F00078002020496E737472756374696F6E20B0
:10D700004163636573732056696F6C6174696F6EF2
:10D71000002020466C6F6174696E672D706F696EB2
:10D7200074206C617A7920737461746520707265FD
:10D73000736572766174696F6E206572726F7200C4
:10D740002A2A2A2A2A205553414745204641554C2A
:10D7500054202A2A2A2A2A002020446976697369DB
:10D760006F6E206279207A65726F002020556E619D
:10D770006C69676E6564206D656D6F727920616399
:10D7800063657373002020537461636B206F76654B
:10D7900072666C6F772028636F6E74657874206191
:10D7A000726561206E6F742076616C696429002057
:10D7B000204E6F20636F70726F636573736F72209A
:10D7C000696E737472756374696F6E73002020499B
:10D7D0006C6C6567616C206C6F6164206F662045BE
:10D7E00058435F52455455524E20696E746F205015
:10D7F00043002020496C6C6567616C20757365205F
:10D800006F66207468652045505352002020417493
:10D8100074656D707420746F2065786563757465C8
:10D8200020756E646566696E656420696E737472D6
:10D83000756374696F6E002A2A2A2A2A204255537A
:10D84000204641554C54202A2A2A2A2A00202053B7
:10D850007461636B696E67206572726F720020205D
:10D8600050726563697365206461746120627573C9
:10D87000206572726F72002020424641522041643E
:10D8800064726573733A2030782578002020496DE2
:10D890007072656369736520646174612062757379
:10D8A000206572726F72002020496E737472756306
:10D8B00074696F6E20627573206572726F720052A8
:10D8C0006573657276656420457863657074696F09
:10D8D0006E20280053707572696F757320696E74BD
:10D8E0006572727570742028495251200045786322
:10D8F000657074696F6E206F636375727265642002
:10D90000696E205365637572652053746174650098
:10D910002A2A2A2A2A2048415244204641554C545A
:10D92000202A2A2A2A2A002020427573206661753F
:10D930006C74206F6E20766563746F722074616200
:10D940006C65207265616400202044656275672003
:10D950006576656E740020204661756C7420657371
:10D9600063616C6174696F6E202873656520626500
:10D970006C6F772900415243485F455843455054E6
:10D98000207769746820726561736F6E2025780A4C
:10D99000002A2A2A2A2A204465627567206D6F6E44
:10D9A00069746F7220657863657074696F6E202A80
:10D9B0002A2A2A2A002A2A2A2A2A2025732025648C
:10D9C00029202A2A2A2A2A006D7075004661696C6E
:10D9D000656420746F20616C6C6F63617465206E88
:10D9E0006577204D505520726567696F6E202575EB
:10D9F0000A00506172746974696F6E2025753A204F
:10DA000073616E69747920636865636B2066616910
:10DA10006C65642E00496E76616C696420756E6475
:10DA200065726C79696E6720726567696F6E2069CF
:10DA30006E64657820257500464C4153485F300080
:10DA40005352414D5F300061626F727428290A00A1
:10DA50006765746F707400706F7369785F656E7658
:10DA600000706F7369785F74696D657200707468B7
:10DA7000726561645F72776C6F636B00707468725B
:10DA80006561645F636F6E64007074687265616481
:10DA90005F6B657900707468726561645F6D757441
:10DAA00065780070746872656164007873695F738B
:10DAB000696E676C655F70726F63657373006E6526
:10DAC000745F627566006E65745F6275665F736928
:10DAD0006D706C6500736F63006673006D637562D3
:10DAE0006F6F745F646675007A657068797200772D
:10DAF0006C616E2564006E6574256400E000C000F2
:10DB00004D515454004D514973647000636C6F6300
:10DB10006B403530303000636C6F636B0068666358
:10DB20006C6B006C66636C6B00636C6F636B5F6344
:10DB30006F6E74726F6C007073612D726E6700701F
:10DB400073615F726E6700696E76616C69642061F3
:10DB50006464726573733A2030782530386C783A93
:10DB6000257A7500756E616C69676E656420616405
:10DB700064726573733A2030782530386C783A25B2
:10DB80007A75006E6F7420776F72642D616C6967AF
:10DB90006E65643A2030782530386C783A257A758D
:10DBA00000666C6173682D636F6E74726F6C6C6568
:10DBB0007240333930303000666C6173685F636F78
:10DBC0006E74726F6C6C657200666C6173685F6E08
:10DBD0007266006770696F403834323530300067E4
:10DBE00070696F3000000102030405060746616991
:10DBF0006C656420746F20616C6C6F636174652068
:10DC0000505049204368616E6E656C007561727496
:10DC10004038303030007561727430007561727454
:10DC20005F6E7266785F7561727465004D6F6465D2
:10DC30006D206C69627261727920696E69746961C4
:10DC40006C697A6174696F6E206661696C65642CB9
:10DC500020657272202564006E72665F6D6F646568
:10DC60006D004D6F64656D206C6962726172792020
:10DC7000646964206E6F7420696E697469616C698F
:10DC80007A653A202564006E726639785F736F6337
:10DC90006B6574004D6F64656D20686173206372FD
:10DCA00061736865642C20726561736F6E203078D3
:10DCB00025782C2050433A20307825780046616939
:10DCC0006C656420746F20686F6F6B2074686520CA
:10DCD00064697370617463682066756E6374696FDC
:10DCE0006E2C20657272202564004E6F206865617D
:10DCF0007020737061636520666F7220696E636F58
:10DD00006D696E67206E6F74696669636174696FAF
:10DD10006E3A2025730061745F6D6F6E69746F7267
:10DD2000004F4B0D0A004552524F520D0A002B4333
:10DD30004D45204552524F523A002B434D532045FA
:10DD400052524F523A004E554C4C20617320612084
:10DD500068616E646C65722072656365697665647E
:10DD60003A204E6F7468696E6720746F2062652078
:10DD7000646F6E652E0A5468652068616E646C6518
:10DD8000722063616E2062652064657265676973E5
:10DD90007465726564207573696E67206C74655F65
:10DDA0006C635F646572656769737465725F6861EF
:10DDB0006E646C65722829006C74655F6C63004644
:10DDC00061696C656420746F207365742073797366
:10DDD00074656D206D6F646520616E64206D6F6485
:10DDE0006520707265666572656E63652C2065726C
:10DDF000722025640041542525464541434F4E4637
:10DE00003D302C332C2564004D6F64656D206C69AA
:10DE1000627261727920696E6974206572726F72C4
:10DE20003A2025642C206C74655F6C63206E6F74DF
:10DE300020696E697469616C697A65640045727203
:10DE40006F723A206C74655F6C635F706F77657298
:10DE50005F6F666628292072657475726E6564202E
:10DE600025640A004572726F723A206C74655F6CAB
:10DE7000635F6F66666C696E6528292072657475CC
:10DE8000726E65642025640A004572726F723A20D2
:10DE90006C74655F6C635F6E6F726D616C282920B6
:10DEA00072657475726E65642025640A006C746511
:10DEB000004C5445204C696E6B20636F6E74726F1A
:10DEC0006C006E6F726D616C0053656E64207468D7
:10DED00065206D6F64656D20746F206E6F726D616B
:10DEE0006C206D6F6465006F66666C696E650053CB
:10DEF000656E6420746865206D6F64656D20746F55
:10DF0000206F66666C696E65206D6F646500706F6A
:10DF10007765725F6F66660053656E64207468652E
:10DF2000206D6F64656D20746F20706F776572204F
:10DF30006F6666206D6F646500436F756C64206E5C
:10DF40006F74206765742072656769737472617499
:10DF5000696F6E207374617475732C206572726FB3
:10DF6000723A20256400436F756C64206E6F7420D4
:10DF700067657420434552454720706172616D208A
:10DF8000636F756E742C20706F74656E7469616C4C
:10DF90006C79206D616C666F726D6564206E6F7454
:10DFA000696669636174696F6E2C206572726F7245
:10DFB0003A20256400526567697374726174696FF1
:10DFC0006E2072656A65637465642C20454D4D2032
:10DFD00063617573653A2025642C2043656C6C2061
:10DFE00049443A2025642C20547261636B696E6742
:10DFF00020617265613A2025642C204C5445206DC7
:10E000006F64653A202564004661696C656420741C
:10E010006F207061727365206E6F746966696361E9
:10E0200074696F6E20286572726F72202564293AB8
:10E0300020257300556E6B6E6F776E206E6574775A
:10E040006F726B20726567697374726174696F6E49
:10E05000207374617475733A20256400556E6B6E7D
:10E060006F776E204C5445206D6F64653A202564AF
:10E07000002B43455245473A20252A752C256875C3
:10E080002C252A5B5E2C5D2C222578222C00415405
:10E090002B43455245473F00436F6E6E65637420C6
:10E0A000616C726561647920696E2070726F67724D
:10E0B000657373004661696C656420746F206765E1
:10E0C000742063757272656E74207265676973740B
:10E0D000726174696F6E20737461747573004E653C
:10E0E00074776F726B20636F6E6E656374696F6EA9
:10E0F00020617474656D70742074696D6564206F3F
:10E1000075740041542B43455245473D35004661E7
:10E11000696C656420746F207375627363726962E1
:10E120006520746F204345524547206E6F746966C1
:10E1300069636174696F6E732C206572726F723AD5
:10E14000202564002B4345524547002B4346554E3E
:10E150003A202568750041542B4346554E3F0041F7
:10E160005420636F6D6D616E64206661696C6564D7
:10E170002C206E72665F6D6F64656D5F61745F7396
:10E1800063616E6628292072657475726E656420FD
:10E190006572726F723A202564004661696C65642D
:10E1A00020746F20656E61626C65206E6F746966A5
:10E1B00069636174696F6E732C206572726F723A55
:10E1C00020256400496E76616C69642066756E6313
:10E1D00074696F6E616C206D6F64653A2025640010
:10E1E00041542B4346554E3D2564004661696C659C
:10E1F0006420746F207365742066756E6374696F34
:10E200006E616C206D6F64652E20506C6561736566
:10E2100020636865636B205853595354454D4D4FE7
:10E2200044452E00436F756C64206E6F74206765E3
:10E2300074207369676E616C6C696E67206D6F64C2
:10E24000652C206572726F723A20256400496E76E3
:10E25000616C6964207369676E616C6C696E6720BC
:10E260006D6F64653A2025640043616E27742070E9
:10E2700061727365207369676E616C6C696E67208B
:10E280006D6F64652C206572726F723A2025640090
:10E290004661696C656420746F20656E61626C65AF
:10E2A00020525243206E6F74696669636174696FAE
:10E2B0006E7320282B4353434F4E292C20657272D6
:10E2C0006F72202564002B4353434F4E0041542B63
:10E2D0004353434F4E3D310043616E2774207061BC
:10E2E000727365206D6F64656D206576656E742050
:10E2F0006E6F74696669636174696F6E2C206572F4
:10E30000726F723A20256400415425254D444D45D5
:10E31000563D3200415425254D444D45563D310072
:10E320005345415243482053544154555320310DD5
:10E330000A005345415243482053544154555320F9
:10E34000320D0A005245534554204C4F4F500D0A90
:10E35000004D452042415454455259204C4F570DD1
:10E360000A004D45204F5645524845415445440DFD
:10E370000A004E4F20494D45490D0A005052414375
:10E38000482043452D4C4556454C20300D0A005041
:10E39000524143482043452D4C4556454C20310DB4
:10E3A0000A0050524143482043452D4C4556454CA8
:10E3B00020320D0A0050524143482043452D4C4520
:10E3C00056454C20330D0A00254D444D4556004915
:10E3D0006E76616C69642073797374656D206D6FFE
:10E3E0006465207265717565737465643A2025648F
:10E3F00000496E76616C6964204C544520707265EA
:10E40000666572656E6365207265717565737465A6
:10E41000643A2025640041542525585359535445E6
:10E420004D4D4F44453D25732C256300436F756C5E
:10E4300064206E6F742073656E6420415420636F96
:10E440006D6D616E642C206572726F723A20256466
:10E45000003031323334312C302C3000302C312C20
:10E460003000302C302C3100312C302C3100302C4D
:10E47000312C3100312C312C3000312C312C310039
:10E48000312E312E312E31004661696C6564207465
:10E490006F207365742066616C6C6261636B2044ED
:10E4A0004E5320616464726573732C206572722010
:10E4B0002564002573206973206E6F7420612076B7
:10E4C000616C696420444E532073657276657220D6
:10E4D000616464726573730050686F6E6520666175
:10E4E000696C757265004D656D6F72792066616942
:10E4F0006C75726500496E636F727265637420702B
:10E500006172616D657465727320696E20636F6DF1
:10E510006D616E640053797374656D206572726FFE
:10E5200072004B6579206E6F7420666F756E6400A3
:10E530004B657920616363657373207265667573DB
:10E540006564004B65792073746F72616765206D37
:10E55000656D6F72792066756C6C004E6F7420610A
:10E560006C6C6F776564207768656E204C5445202D
:10E57000636F6E6E656374696F6E2069732061638B
:10E5800074697665004B657920616C7265616479A8
:10E590002065786973747300496E76616C696420D4
:10E5A000636F6E74656E74004E6F7420616C6C6F77
:10E5B000776564207768656E20706F776572206F6D
:10E5C0006666207761726E696E6720697320616389
:10E5D0007469766500556E7472616E736C617465F2
:10E5E0006420434D45206572726F7220256400419E
:10E5F000542B434D45453D2564002B434D45453A3D
:10E600002025640041542B434D45453F0046616938
:10E610006C656420746F207265747269657665201C
:10E62000434D4545207374617475732C2065727277
:10E630002025640041542525434D4E473D322C256D
:10E64000752C25640041542525434D4E473D302C03
:10E6500025752C25642C22252E2A73220041542551
:10E6600025434D4E473D332C25752C2564004154E0
:10E670002525434D4E473D312C25752C2564006DD5
:10E680006F64656D5F6B65795F6D676D740054686D
:10E69000652070617373656420696E20706F696EA8
:10E6A0007465722063616E6E6F74206265204E55D2
:10E6B0004C4C0056616C69642074696D65206E6F06
:10E6C000742063757272656E746C7920617661690D
:10E6D0006C61626C6500646174655F74696D65008E
:10E6E000636C6F636B5F67657474696D65206661E9
:10E6F000696C65642C206572726E6F2025640064FD
:10E700006174655F74696D655F776F726B5F7100CF
:10E71000436F756C64206E6F742073657420737919
:10E720007374656D2074696D652C202564004661E5
:10E73000696C65642067657474696E67204C544524
:10E74000206E6574776F726B20726567697374727F
:10E750006174696F6E207374617475732C206572B7
:10E76000726F723A2025640031323300676574613C
:10E77000646472696E666F2C206572726F723A20E3
:10E78000256400736E74705F696E69742C20657205
:10E79000726F723A20256400736E74705F717565D4
:10E7A00072792C206572726F723A20256400446978
:10E7B00064206E6F74206765742074696D652066CF
:10E7C000726F6D20616E79204E54502073657276A1
:10E7D0006572006E74702E75696F2E6E6F007469AD
:10E7E0006D652E676F6F676C652E636F6D004154AA
:10E7F00025255854494D453D310053756273637268
:10E800006962696E6720746F206D6F64656D204169
:10E810005425255854494D45206E6F7469666963C7
:10E820006174696F6E73206661696C65642C206524
:10E8300072723D25640025255854494D45206E6F60
:10E8400074696669636174696F6E20646F65736E65
:10E85000277420636F6E7461696E20272C273A201D
:10E8600025730025255854494D45206E6F746966FF
:10E8700069636174696F6E20746F6F2073686F7263
:10E88000743A2025730025255854494D45206E6F54
:10E8900074696669636174696F6E20646F65736E15
:10E8A000277420636F6E7461696E202722272061B0
:10E8B0006674657220272C273A2025730054696DF1
:10E8C000652076616C7565206465636F64696E6749
:10E8D000206661696C65642066726F6D202525581D
:10E8E00054494D45206E6F74696669636174696F40
:10E8F0006E20287265743D2564293A202573002B0B
:10E9000043434C4B3A202225752F25752F25752C16
:10E9100025753A25753A257525640041542B4343E6
:10E920004C4B3F00446964206E6F7420676574200F
:10E9300074696D652066726F6D2063656C6C756CB3
:10E940006172206E6574776F726B20286572726FCA
:10E95000723A202564292E2054686973206D6179EC
:10E96000206265206E6F726D616C20617320736F21
:10E970006D652063656C6C756C6172206E65747773
:10E980006F726B7320646F6E27742070726F76697C
:10E990006465206974206F722074696D65206D61F3
:10E9A00079206E6F7420626520617661696C6162A6
:10E9B0006C65207965742E0041542B43434C4B3DCC
:10E9C00022253032752F253032752F253032752CA7
:10E9D000253032753A253032753A25303275252B7F
:10E9E000303364220053657474696E67206D6F6400
:10E9F000656D2074696D65206661696C65642C20A5
:10EA0000256400255854494D45004661696C65648C
:10EA100020746F2073657420636F6E66696775720A
:10EA20006174696F6E20286572723A20256429002E
:10EA300041542558434F4558303D312C312C313508
:10EA400036352C31353836006D6F64656D5F616E1B
:10EA500074656E6E6100556E6B6E6F776E00466109
:10EA6000696C656420746F207265736F6C766520C5
:10EA7000686F73746E616D65202573206F6E20253D
:10EA8000732C20657272202564004661696C656490
:10EA900020746F20636C6F736520736F636B657494
:10EAA0002C206572726E6F20256400486F7374208D
:10EAB0006C6F6F6B7570206661696C656420666F42
:10EAC0007220686F73746E616D652025732C2065EC
:10EAD000727220256400486F7374206C6F6F6B75C1
:10EAE00070206661696C656420666F7220686F7360
:10EAF000746E616D65202573206F6E2049507636E7
:10EB00002028657272202564292C20617474656D3B
:10EB10007074696E672049507634004661696C658F
:10EB20006420746F2063726561746520736F636B1A
:10EB300065742C206572726E6F2025640042696EC8
:10EB400064696E6720746F2050444E2049443A2017
:10EB50002564004661696C656420746F2062696E8B
:10EB60006420736F636B657420746F2050444E2073
:10EB700049442025642C206572722025640046617A
:10EB8000696C656420746F2073657475702070659E
:10EB9000657220766572696669636174696F6E2C4F
:10EBA000206572726E6F2025640053657474696EFF
:10EBB0006720757020544C532063726564656E74D1
:10EBC00069616C732C207365632074616720636FC7
:10EBD000756E74202575004661696C656420746FDC
:10EBE00020736574757020736F636B657420736533
:10EBF00063757269747920746167206C6973742C11
:10EC0000206572726E6F202564004661696C6564D0
:10EC100020746F20736574757020544C5320686F96
:10EC200073746E616D6520282573292C20657272BE
:10EC30006E6F202564004661696C656420746F20E6
:10EC4000656E61626C6520544C535F44544C535F55
:10EC50004349443A20256400436F6E6E65637469CE
:10EC60006E6720746F202573004661696C656420AF
:10EC7000746F20636F6E6E656374206F6E204950F1
:10EC800076362028657272202564292C20617474E0
:10EC9000656D7074696E672049507634004661690D
:10ECA0006C656420746F20636F6E6E6563742C20D6
:10ECB000657272202564004661696C656420746F1A
:10ECC0002073657420736F636B65742074696D6560
:10ECD0006F75742C206572726E6F20256400556EFE
:10ECE000737065630049507636004661696C6564EF
:10ECF00020746F207265636F6E6E6563742C20657F
:10ED0000727220256400446F776E6C6F61642063BB
:10ED10006F6D706C65746500496E76616C69642016
:10ED200073746172742073746174653A2025640091
:10ED30004661696C656420746F2070617273652030
:10ED4000686F73746E616D65004661696C656420FF
:10ED5000746F20706172736520686F73746E616D7B
:10ED6000652C20657272202564004661696C6564BB
:10ED700020746F2070617273652066696C656E61C6
:10ED80006D652C206572722025642C2075726C20B4
:10ED900025730050726F746F636F6C206E6F7420F8
:10EDA00073706563696669656420666F7220257398
:10EDB0002C20617474656D7074696E672025730012
:10EDC00050726F746F636F6C206E6F7420666F7516
:10EDD0006E6420666F72202573004661696C6564FD
:10EDE00020746F20696E697469616C697A6520743A
:10EDF00072616E73706F72742C206572722025645C
:10EE000000446F776E6C6F616465642025752F25F3
:10EE100075206279746573202825642525290044AE
:10EE20006F776E6C6F6164656420257520627974FC
:10EE3000657300646F776E6C6F6164657200446F18
:10EE4000776E6C6F616420636C69656E74206275A7
:10EE500066666572206973206E6F74206C617267DC
:10EE60006520656E6F75676820746F2070617273BE
:10EE7000652075726C0025732F2573004E6F20730B
:10EE800065637572697479207461672070726F763A
:10EE90006964656420666F7220544C532F44544C4F
:10EEA00053004661696C656420746F20736574203B
:10EEB0006874747020726563762074696D656F750F
:10EEC000742C206572722025640052616E67652083
:10EED0006F76657272696465203E20544C53206DD4
:10EEE00061782072616E67652C2073657474696E39
:10EEF0006720746F20544C53206D61782072616ECE
:10EF0000676500474554202F257320485454502FDF
:10EF1000312E310D0A486F73743A2025730D0A5251
:10EF2000616E67653A2062797465733D25752D259C
:10EF3000750D0A436F6E6E656374696F6E3A206B70
:10EF40006565702D616C6976650D0A0D0A0047458F
:10EF500054202F257320485454502F312E310D0A40
:10EF6000486F73743A2025730D0A52616E67653AD3
:10EF70002062797465733D25752D0D0A436F6E6EA1
:10EF8000656374696F6E3A206B6565702D616C699D
:10EF900076650D0A0D0A00474554202F2573204839
:10EFA0005454502F312E310D0A486F73743A202576
:10EFB000730D0A436F6E6E656374696F6E3A206BF2
:10EFC0006565702D616C6976650D0A0D0A004361F7
:10EFD0006E6E6F74206372656174652047455420BE
:10EFE000726571756573742C206275666665722032
:10EFF000746F6F20736D616C6C004661696C656441
:10F0000020746F2073656E642048545450207265DC
:10F0100071756573742C206572726E6F20256400A3
:10F02000687474702F312E3120000D0A6C6F63618B
:10F0300074696F6E3A005265736F75726365206D07
:10F040006F76656420746F202573004661696C6576
:10F050006420746F2070617273652070726F746FBA
:10F06000636F6C2C206572722025642C2075726C85
:10F07000202573004661696C656420746F2070619F
:10F0800072736520686F73746E616D652C20657294
:10F09000722025642C2075726C202573004D6178D8
:10F0A000696D756D207265646972656374696F6EF0
:10F0B0007320726561636865642C2061626F72748D
:10F0C000696E67000D0A636F6E74656E742D7261F0
:10F0D0006E6765000D0A636F6E74656E742D6C65E6
:10F0E0006E677468000D0A636F6E6E656374696F96
:10F0F0006E3A20636C6F7365005065657220636CB7
:10F100006F73656420636F6E6E656374696F6E2CD8
:10F110002077696C6C2072652D636F6E6E65637409
:10F120000053657276657220726573706F6E7365D9
:10F13000206D616C666F726D65643A2073746174E2
:10F14000757320636F6465206E6F7420666F756ED3
:10F150006400556E65787065637465642048545426
:10F160005020726573706F6E736520636F646520E5
:10F17000256C640046696C652073697A65206E6F42
:10F18000742073657400436F756C64206E6F742017
:10F1900070617273652048545450206865616465DD
:10F1A00072206C696E65732066726F6D2073657274
:10F1B00076657220283E202564290025732066612B
:10F1C000696C656420746F20676574206F66667370
:10F1D00065742077697468206572726F7220256487
:10F1E000002573206661696C656420746F207374F8
:10F1F00061727420646F776E6C6F616420776974DC
:10F2000068206572726F7220256400446F776E6C9F
:10F210006F6164696E672066726F6D206F666673DA
:10F2200065743A203078257800556E6B6E6F776E76
:10F2300020696D616765207479706500464F54419F
:10F2400020696D616765207479706520256420648C
:10F250006F6573206E6F74206D61746368206578CC
:10F260007065637465642074797065202564004955
:10F270006D61676520746F6F2062696700646675F1
:10F280005F7461726765745F696E6974206572721C
:10F290006F7220256400556E61626C6520746F206A
:10F2A0007265736574204446552074617267657495
:10F2B0002C206572723A202564004661696C656491
:10F2C00020746F2072652D696E697469616C697A4A
:10F2D00065207461726765742C206572723A20250E
:10F2E000640052656675736520667261676D656E50
:10F2F000742C20726573746172742077697468204D
:10F300006F666673657400496D6167652072656636
:10F3100075736564006466755F7461726765745FB8
:10F320007772697465206572726F7220256400645B
:10F3300066755F7461726765745F646F6E65206582
:10F3400072726F723A20256400446F776E6C6F6141
:10F350006420736F636B6574206572726F722E2008
:10F3600025642072657472696573206C6566742EFD
:10F370002E2E00446F776E6C6F616465722065722B
:10F38000726F72206576656E7420256400556E611B
:10F39000626C6520746F206465696E697469616C64
:10F3A000697A65207265736F757263657320757312
:10F3B0006564206279206466755F74617267657444
:10F3C0002E002573206661696C656420746F20735C
:10F3D0006574204D4355626F6F7420666C6173686D
:10F3E0002062756666657220256400666F74615FD1
:10F3F000646F776E6C6F61645F696E6974006765D6
:10F40000745F66726F6D5F6F666673657400646FBC
:10F41000776E6C6F61645F776974685F6F6666733F
:10F42000657400666F74615F646F776E6C6F6164A2
:10F4300000666F74615F646F776E6C6F61645F7597
:10F4400074696C00666F74615F646F776E6C6F6176
:10F45000645F64656C74615F6D6F64656D004E6FB1
:10F4600020737570706F7274656420696D61676573
:10F47000207479706520666F756E6400556E6162E8
:10F480006C6520746F20636C65616E2075702064FC
:10F4900066755F7461726765740073747265616D1F
:10F4A0005F666C6173685F696E6974206661696C20
:10F4B0006564202865727220256429007374726562
:10F4C000616D5F666C6173685F62756666657265C3
:10F4D000645F7772697465206572726F722025644B
:10F4E000006466755F7461726765745F73747265DA
:10F4F000616D0044656C6574696E67206669726D44
:10F500007761726520696D6167652C207468697325
:10F510002063616E2074616B65207365766572612E
:10F520006C206D696E75746573004661696C656405
:10F5300020746F2064656C657465206261636B750F
:10F54000702C206572726F72202564004572726F94
:10F550007220647572696E672065726173652C2014
:10F560006572726F72202564004D6F64656D204670
:10F57000572064656C65746520636F6D706C65748D
:10F5800065004669726D7761726520766572736990
:10F590006F6E2072657175657374206661696C6544
:10F5A000642C206572726F72202564004D6F646553
:10F5B0006D206669726D7761726520766572736918
:10F5C0006F6E3A202573004661696C656420746F24
:10F5D0002072657472696576652073697A65206F3B
:10F5E00066206D6F64656D204446552061726561CB
:10F5F0002C206572726F72202564005265717565EA
:10F60000737465642066696C6520746F6F2062692D
:10F610006720746F2066697420696E20666C617360
:10F6200068202564203E202564004661696C65647D
:10F6300020746F207265747269657665206F6666E6
:10F6400073657420696E20736372617463682061EE
:10F650007265612C206572726F72202564004661AC
:10F66000696C656420746F207265616479206D6FC8
:10F6700064656D20666F72206669726D7761726570
:10F680002075706461746520726563656976616C6C
:10F690002C206572726F7220256400577269746540
:10F6A000206661696C65642C206D6F64656D206CEB
:10F6B000696272617279206572726F7220256400CE
:10F6C0005772697465206661696C65642C206D6F82
:10F6D00064656D206572726F7220256400466169F1
:10F6E0006C656420746F2073746F70204D465520D4
:10F6F000616E642072656C65617365207265736FFD
:10F7000075726365732C206572726F7220256400B8
:10F710004D6F64656D206669726D776172652075E5
:10F72000706772616465207363686564756C696E87
:10F7300067206661696C65642C20696E636F6D700B
:10F740006C6574652064617461004D6F64656D2043
:10F750006669726D77617265207570677261646544
:10F76000207363686564756C696E67206661696C97
:10F7700065642C206572726F722025640053636883
:10F780006564756C696E67206D6F64656D20666970
:10F79000726D776172652075706772616465206152
:10F7A00074206E65787420626F6F74006466755F94
:10F7B0007461726765745F6D6F64656D5F64656CBD
:10F7C0007461004D4355426F6F7420696D616765C8
:10F7D0002D256420757067726164652073636865A8
:10F7E00064756C65642E205265736574206465765B
:10F7F00069636520746F206170706C7900626F6F4F
:10F80000745F726571756573745F7570677261643A
:10F810006520666F7220696D6167652D25642065BE
:10F8200072726F72202564004D697373696E672070
:10F8300073747265616D5F6275662C2063616C6CB8
:10F8400020272E2E7365745F6275662720626566B9
:10F850006F726520272E2E696E697400526571756E
:10F8600065737465642066696C6520746F6F2062CF
:10F87000696720746F2066697420696E20666C6108
:10F88000736820257A75203E2030782578004661FF
:10F89000696C656420746F2067657420646576699F
:10F8A000636520666F72206172656120272573276A
:10F8B00000226D6375626F6F745F7365636F6E6452
:10F8C00061727922004D4355424F4F5430006466B7
:10F8D000755F7461726765745F73747265616D5F83
:10F8E000696E6974206661696C65642025640064D2
:10F8F00066755F7461726765745F73747265616D5C
:10F900005F646F6E65206572726F72202564004DB2
:10F910004355426F6F7420696D616765207570672C
:10F92000726164652061626F727465642E00646642
:10F93000755F7461726765745F6D6375626F6F7414
:10F94000004572726F72202564207768696C6520AB
:10F95000666C617474656E696E67207061676500BE
:10F960006466755F73747265616D5F666C617474F3
:10F97000656E004552524F523A2043616E6E6F746D
:10F980002066756C66696C6C204558545F4150491F
:10F9900020726571756573742E0D0A005741524EC1
:10F9A000494E473A204F7074696F6E616C2045581C
:10F9B000545F4150492072657175657374206E6F94
:10F9C000742066756C66696C6C65642E0D0A005453
:10F9D000462D4D206E6F6E2D7365637572652063C5
:10F9E000616C6C6261636B20696E697469616C69DA
:10F9F0007A6174696F6E206661696C65642C20653C
:10FA000072726F723A202564002A2A2A2A2A205309
:10FA10004543555245204641554C54202A2A2A2A0E
:10FA20002A002020416464726573733A203078257F
:10FA300078002020496E76616C696420656E74726E
:10FA40007920706F696E74002020496E76616C6950
:10FA50006420696E74656772697479207369676E72
:10FA60006174757265002020496E76616C6964204E
:10FA7000657863657074696F6E2072657475726EF7
:10FA80000020204174747269627574696F6E20750C
:10FA90006E69742076696F6C6174696F6E002020E6
:10FAA000496E76616C6964207472616E7369746901
:10FAB0006F6E0020204C617A792073746174652028
:10FAC000707265736572766174696F6E0020204C88
:10FAD000617A79207374617465206572726F720047
:10FAE0002A2A2A2A2A2053505520494E5445525238
:10FAF000555054202A2A2A2A2A002020536563754B
:10FB0000726974792076696F6C6174696F6E2066B2
:10FB10006F722074686520666C617368206D656D16
:10FB20006F7279207370616365002020536563757F
:10FB3000726974792076696F6C6174696F6E206682
:10FB40006F72207468652052414D206D656D6F7233
:10FB50007920737061636500202053656375726955
:10FB600074792076696F6C6174696F6E206F6E2096
:10FB70006F6E65206F72207365766572616C2070A0
:10FB800065726970686572616C732E0057455354D5
:10FB90005F544F504449522F626F6F746C6F6164B1
:10FBA00065722F6D6375626F6F742F626F6F742F44
:10FBB000626F6F747574696C2F7372632F626F6FED
:10FBC000747574696C5F7075626C69632E6300286C
:10FBD000696D6167655F6E756D29203C20307846E0
:10FBE0000028737761705F7479706529203C20303C
:10FBF000784600626F6F745F7365745F6E657874CA
:10FC000000626F6F745F77726974655F737761709C
:10FC10005F696E666F00626F6F745F77726974659B
:10FC20005F747261696C6572006D6375626F6F7489
:10FC30005F7574696C007525303478002222006E7F
:10FC4000756C6C0025312E31356700256C670025F9
:10FC5000312E3137670066616C73650074727565AB
:10FC600000EFBBBF0041542B4346554E3D0070642E
:10FC70006E003031323334353637383941424344FF
:10FC800045460030313233343536373839616263B6
:10FC90006465660030313233343536373839000028
:10FCA00001020548616C74696E672073797374652D
:10FCB0006D00556E6B6E6F776E206572726F72009D
:10FCC000756E6B6E6F776E003E3E3E205A45504813
:10FCD000595220464154414C204552524F52202502
:10FCE000643A202573206F6E204350552025640010
:10FCF0004661756C7420647572696E6720696E74F4
:10FD00006572727570742068616E646C696E670AE2
:10FD10000043757272656E74207468726561643A2E
:10FD200020257020282573290043505520657863CD
:10FD3000657074696F6E00556E68616E646C6564A1
:10FD400020696E7465727275707400537461636BB0
:10FD5000206F766572666C6F77004B65726E656CAE
:10FD6000206F6F7073004B65726E656C2070616EF2
:10FD700069630069646C65006F73002B0064756DC6
:10FD80006D7900736C656570696E670064656164A8
:10FD90000073757370656E64656400737573706568
:10FDA0006E64696E6700717565756564007379735B
:10FDB000776F726B71002C2066756E6374696F6E5D
:10FDC0003A2000617373657274696F6E2022257327
:10FDD00022206661696C65643A2066696C65202240
:10FDE0002573222C206C696E65202564257325738C
:10FDF0000A00002020202020202020202828282839
:10FE000028202020202020202020202020202020EA
:10FE1000202020881010101010101010101010103A
:10FE2000101010040404040404040404041010104A
:10FE300010101010414141414141010101010101F6
:10FE40000101010101010101010101010101101084
:10FE500010101010424242424242020202020202CA
:10FE60000202020202020202020202020202101056
:10FE70001010200000000000000000000000000042
:10FE80000000000000000000000000000000000072
:10FE90000000000000000000000000000000000062
:10FEA0000000000000000000000000000000000052
:10FEB0000000000000000000000000000000000042
:10FEC0000000000000000000000000000000000032
:10FED0000000000000000000000000000000000022
:10FEE0000000000000000000000000000000000012
:10FEF0000000005245454E54206D616C6C6F6320CC
:10FF0000737563636565646564002F5F5F772F5F5A
:10FF100074656D702F776F726B73706163652F629C
:10FF200075696C642F2E6275696C642F484F535449
:10FF30002D7838365F36342D7736342D6D696E67FF
:10FF40007733322F61726D2D7A65706879722D6505
:10FF50006162692F7372632F6E65776C69622D6EB3
:10FF6000616E6F2F6E65776C69622F6C6962632FAB
:10FF700074696D652F676D74696D652E6300232D3F
:10FF8000302B2000686C4C00656667454647004989
:10FF90004E46004E414E006E616E003031323334B9
:10FFA00035363738394142434445460030313233E3
:10FFB00034353637383961626364656600496E6688
:10FFC000696E697479004E614E002F5F5F772F5F15
:10FFD00074656D702F776F726B73706163652F62DC
:10FFE00075696C642F2E6275696C642F484F535489
:10FFF0002D7838365F36342D7736342D6D696E673F
:020000040004F6
:100000007733322F61726D2D7A65706879722D6544
:100010006162692F7372632F6E65776C69622D6EF2
:10002000616E6F2F6E65776C69622F6C6962632FEA
:100030007374646C69622F64746F612E6300426133
:100040006C6C6F6320737563636565646564002F12
:100050005F5F772F5F74656D702F776F726B737052
:100060006163652F6275696C642F2E6275696C64BB
:100070002F484F53542D7838365F36342D77363429
:100080002D6D696E677733322F61726D2D7A6570D1
:100090006879722D656162692F7372632F6E65775F
:1000A0006C69622D6E616E6F2F6E65776C69622F61
:1000B0006C6962632F7374646C69622F6764746F18
:1000C000612D6765746865782E6300504F534958F9
:1000D000002F5F5F772F5F74656D702F776F726B86
:1000E00073706163652F6275696C642F2E62756928
:1000F0006C642F484F53542D7838365F36342D7743
:1001000036342D6D696E677733322F61726D2D7ABB
:1001100065706879722D656162692F7372632F6EE5
:1001200065776C69622D6E616E6F2F6E65776C6995
:10013000622F6C6962632F7374646C69622F6D70D7
:100140007265632E6300412D46612D66383930316A
:100150003233343536375D002B2D007858000000DF
:100160001D67020000000000198602000000000068
:10017000B94A020000000000416A020000000000CD
:10018000DD5402000000000000800100E0A8030030
:10019000FFFFFFFFFFFFFFFFFFFFFFFFFFFFFFFF6F
:1001A000FFFFFFFFFFFFFFFF0000000019650200D7
:1001B000000000000001000000000000000000003E
:1001C000000000000000000000000000000000002F
:1001D00000000000000000002A000000BD1803001D
:1001E0000000000094A0030001000000C4C500202E
:1001F000C4C5002000000000000000000E00000048
:10020000D8C50020D8C50020000000000000000074
:100210000000000094A0030001000000F4C50020CD
:10022000F4C5002000000000000000000E000000E7
:1002300008C6002008C600200000000000000000E2
:100240000000000094A003000100000024C600206C
:1002500024C6002000000000000000000E00000086
:1002600038C6002038C60020000000000000000052
:10027000000000000000000000000000000000007E
:10028000000000000000000000000000000000006E
:10029000000000000000000000000000000000005E
:1002A000000000000000000000000000000000004E
:1002B000000000000000000000000000000000003E
:1002C000000000000000000000000000000000002E
:1002D000000000000000000000000000000000001E
:1002E000000000000000000000000000000000000E
:1002F00000000000000000000000000000000000FE
:1003000000000000000000000000000000000000ED
:1003100000000000000000000000000000000000DD
:1003200000000000000000000000000000000000CD
:1003300000000000000000000000000000000000BD
:1003400000000000000000000000000000000000AD
:10035000000000000000000000000000000000009D
:10036000000000000000000000000000000000008D
:10037000000000000000000000000000000000007D
:10038000000000000000000000000000000000006D
:10039000000000000000000000000000000000005D
:1003A000000000000000000000000000000000004D
:1003B000000000000000000000000000000000003D
:1003C000000000000000000000000000000000002D
:1003D000000000000000000000000000000000001D
:1003E000000000000000000000000000000000000D
:1003F00000000000000000000000000000000000FD
:1004000000000000000000000000000000000000EC
:1004100000000000000000000000000000000000DC
:1004200000000000000000000000000000000000CC
:1004300000000000000000000000000000000000BC
:1004400000000000000000000000000000000000AC
:10045000000000000000000000000000000000009C
:10046000000000000000000000000000000000008C
:10047000000000000000000000000000000000007C
:10048000000000000000000000000000000000006C
:10049000000000000000000000000000000000005C
:1004A000000000000000000000000000000000004C
:1004B000000000000000000000000000000000003C
:1004C000000000000000000000000000000000002C
:1004D000000000000000000000000000000000001C
:1004E000F12603000000000001000000D4C8002035
:1004F000000000000000000000000000A0E5012056
:1005000000000000000000000000000000020000E9
:1005100070A2030038D8002084A50300853C0300A6
:1005200001000000010000000000000000000000C9
:10053000000000002DC603000100000001000000C3
:1005400018C9002018C9002020C9002020C9002097
:1005500028C9002028C9002040C900200000000050
:10056000000000000000000000000000000000008B
:10057000A00201202000000000000000194E02002F
:10058000C75703000000000000000000F551020002
:1005900000000000000000006300000000000000F8
:1005A000ED6602000000000000000000D58002009F
:1005B0004E17012000080000FFFFFFFFFFFFFFFFB5
:1005C00025EA020035EA0200ADF4020000700140A5
:1005D00000000000FFFF00003F000000FFFF0000E0
:1005E0003F000000FF00000071AF020071AD02008B
:1005F00095AF02007DAD020081B2020001B00200A1
:1006000049B20200716903006B6903006569030068
:1006100090020000ECC90020ECC90020F4C90020C1
:10062000F4C9002000CA00200000000040AB030015
:1006300020AB030000AB030000000000000000003E
:1006400000000000000000000000000000000000AA
:10065000000000000000000000000000000000009A
:10066000000000000000000000000000000000008A
:10067000000000000000000000000000000000007A
:100680000000000000000000430000000000000027
:10069000000000000000000000000000000000005A
:1006A0000000000000000000430000000000000007
:1006B000000000000000000000000000000000003A
:1006C00000000000000000004300000000000000E7
:1006D000000000000000000000000000000000001A
:1006E00000000000000000004300000000000000C7
:1006F00000000000000000000000000000000000FA
:1007000000000000000000004300000000000000A6
:1007100000000000000000000000000000000000D9
:100720000000000000000000430000000000000086
:1007300000000000000000000000000000000000B9
:100740000000000000000000430000000000000066
:100750000000000000000000000000000000000099
:1007600000000000000000003B9603008B91030096
:1007700000000000F2FD030071F303002DC603002A
:100780002DC603002DC603002DC603002DC6030091
:100790002DC603002DC603002DC603002DC6030081
:1007A000FFFFFFFFFFFFFFFFFFFFFFFFFFFF000057
:1007B00001004153434949000000000000000000CF
:1007C0000000000000000000000000000000000029
:1007D00000004153434949000000000000000000B0
:1007E0000000000000000000000000000000000009
:1007F00000000000010001626C6E6B696E66006DA6
:10080000637500322E302E300066772D7479706556
:1008100000544D504C35596C755337625459006231
:1008200075696C64004D617220333020323032368D
:100830002032323A34303A313600626C796E6B00D5
:10084000302E312E30006877006E726639313531C6
:10085000646B000000010487FF00000044E1030016
:100860004D56020000000000C6E203007D5B02005E
:1008700000000000C8E30300415C0200000000002B
:1008800003EA0300396702000000000000000000D6
:100890000000000000000000000000000000000058
:1008A0000000000000000000000000000000000048
:1008B0000000000000000000000000000000000038
:1008C0000000000000000000000000000000000028
:1008D0000000000000000000000000000000000018
:1008E0000000000000000000000000000000000008
:1008F00000000000000000000000000000000000F8
:1009000000000000000000000000000000000000E7
:1009100000000000000000000000000000000000D7
:1009200000000000000000000000000000000000C7
:1009300000000000000000000000000000000000B7
:1009400000000000000000000000000000000000A7
:100950000000000000000000000000000000000097
:100960000000000000000000000000000000000087
:100970000000000000000000000000000000000077
:100980000000000000000000000000000000000067
:100990000000000000000000000000000000000057
:1009A000E9E4020000000000000000000000000078
:1009B00088CD002088CD002041AD0100000000005E
:1009C0000000000000000000000000000000000027
:1009D00000000000A0550120008000000000000081
:1009E0000000000000000000603201200001000053
:1009F0000000000000000000D0CD0020D0CD00207D
:100A000000000000000000000E000000E4CD002007
:100A1000E4CD002000000000000000000E000000F7
:100A2000F8CD0020F8CD00200000000000000000FC
:100A30000E0000000CCE00200CCE002000000000B4
:100A4000000000000E00000020CE002020CE00207C
:100A500000000000000000000E00000034CE002066
:100A600034CE002000000000000000000E00000056
:100A700048CE002048CE002000000000000000000A
:100A80000E0000005CCE00205CCE002000000000C4
:100A9000000000000E00000070CE002070CE00208C
:100AA00000000000000000000E00000084CE0020C6
:100AB00084CE002000000000000000000E000000B6
:100AC00098CE002098CE002000000000000000001A
:100AD0000E000000ACCE0020ACCE002000000000D4
:100AE00001000000BCCE0020BCCE0020C4CE0020FF
:100AF000C4CE00200000000001000000D4CE002081
:100B0000D4CE0020DCCE0020DCCE0020000000008F
:100B100001000000ECCE0020ECCE0020F4CE00203E
:100B2000F4CE0020000000000100000004CF0020EF
:100B300004CF00200CCF00200CCF002000000000CC
:100B4000010000001CCF00201CCF002024CF00207B
:100B500024CF0020010000000100000034CF00205D
:100B600034CF0020000000000000000044CF00202F
:100B700044CF00204CCF00204CCF002094CF002049
:100B80000000000000000000000000000000000065
:100B90000000000000000000000000000000000055
:100BA0000000000000000000000000000000000045
:100BB0000000000000000000000000004C9703004F
:100BC000B8CF00200000000000020000000000007C
:100BD0000000000000050000000000000000000010
:100BE0000000000000000000D142030000000000EF
:100BF0000000000015E015E00769980010002000D3
:100C00004632307F372B2ABF0DCE12E5F78641C31F
:100C1000BBCD0A22EF5D340242E8DA87FB6FFF3773
:100C200001002000E30466F6B8470C1F29070B17E4
:100C3000F1E2D3E94D445E3F608087FDC711E4389F
:100C40002BB538B6220048003046022100B00E9283
:100C5000AA8BBDFDA466FB107B7A221F86FFE1EA0A
:100C60009E8C1AF53D4C16C7D9B1D43BF802210031
:100C7000928DE47C694D7555DC89F2119DAF25D9C3
:100C80008D2BB20B265D13C5D4CB71B9F264CC09A0
:00000001FF
